model,short,query_id,qlang,origin,auc_all,auc_same,auc_cross,margin_cross,norm_score_cross
google/embeddinggemma-300m,embeddinggemma,EP-4633662-A1_en_q_en,en,original,0.7567567567567568,0.7567567567567568,,,
google/embeddinggemma-300m,embeddinggemma,EP-4630509-A1_fr_q_fr,fr,original,0.9448897795591181,1.0,0.8897795591182365,-0.33364986091405696,0.14973003439878332
google/embeddinggemma-300m,embeddinggemma,EP-4634248-A1_en_q_es,es,synthetic,0.8778778778778779,,0.8778778778778779,-0.5776714268324717,0.21259602321445992
google/embeddinggemma-300m,embeddinggemma,EP-4634187-A1_en_q_es,es,synthetic,0.9584168336673347,,0.9584168336673347,-0.32844725191663954,0.39270130261603026
google/embeddinggemma-300m,embeddinggemma,EP-4634142-A1_fr_q_fr,fr,original,0.6768537074148296,0.6953907815631263,0.658316633266533,-0.7990935757511693,0.03753868562684937
google/embeddinggemma-300m,embeddinggemma,EP-4633645-A1_fr_q_fr,fr,original,0.970440881763527,0.9759519038076152,0.9649298597194389,-0.39887842607679586,0.41715038326326165
google/embeddinggemma-300m,embeddinggemma,EP-4633622-A2_en_q_de,de,synthetic,1.0,,1.0,0.2013471668784465,0.8165741171581867
google/embeddinggemma-300m,embeddinggemma,EP-4634601-A1_en_q_en,en,original,0.995991983967936,0.9969939879759518,0.9949899799599198,-0.28383620866792136,0.5320640459002449
google/embeddinggemma-300m,embeddinggemma,EP-4630626-A1_de_q_de,de,original,1.0,1.0,1.0,0.13092060687507254,0.8672300335325642
google/embeddinggemma-300m,embeddinggemma,EP-4630600-A1_de_q_en,en,synthetic,0.8171342685370742,,0.8171342685370742,-0.6299997804706708,0.14017195679557198
google/embeddinggemma-300m,embeddinggemma,EP-4633632-A1_en_q_es,es,synthetic,0.9923102641257104,,0.9923102641257104,-0.11937621121537657,0.7110984515616461
google/embeddinggemma-300m,embeddinggemma,EP-4634136-A1_en_q_es,es,synthetic,0.6658316633266533,,0.6658316633266533,-0.591792135548965,0.0636326293194317
google/embeddinggemma-300m,embeddinggemma,EP-4634157-A1_en_q_de,de,synthetic,0.8707414829659319,,0.8707414829659319,-0.5794409503843465,0.2063393523595059
google/embeddinggemma-300m,embeddinggemma,EP-4634111-A1_en_q_de,de,synthetic,0.779058116232465,,0.779058116232465,-0.6631864371475756,0.10285089691978268
google/embeddinggemma-300m,embeddinggemma,EP-4634596-A1_en_q_es,es,synthetic,0.6688376753507014,,0.6688376753507014,-0.745332351066859,0.03965966707455941
google/embeddinggemma-300m,embeddinggemma,EP-4634139-A1_en_q_es,es,synthetic,0.998997995991984,,0.998997995991984,-0.07393108020493629,0.7647338970291547
google/embeddinggemma-300m,embeddinggemma,WO-2025153617-A3_de_q_en,en,synthetic,0.9228456913827655,,0.9228456913827655,-0.48871333342275025,0.28136594957152783
google/embeddinggemma-300m,embeddinggemma,EP-4634251-A1_en_q_es,es,synthetic,0.02902902902902904,,0.02902902902902904,-0.9927983146817151,-0.20627365779216003
google/embeddinggemma-300m,embeddinggemma,EP-4634426-A1_en_q_es,es,synthetic,0.874958207957205,,0.874958207957205,-0.5781246041196887,0.20499624999297977
google/embeddinggemma-300m,embeddinggemma,EP-4634729-A1_en_q_de,de,synthetic,1.0,,1.0,0.38753593692883753,0.8641635517154107
google/embeddinggemma-300m,embeddinggemma,EP-4626569-A1_de_q_en,en,synthetic,0.8782565130260521,,0.8782565130260521,-0.1825898876404494,0.3656511843912546
google/embeddinggemma-300m,embeddinggemma,EP-4634394-A2_en_q_es,es,synthetic,0.9989979959919841,,0.9989979959919841,0.013957708694966016,0.7979924501045644
google/embeddinggemma-300m,embeddinggemma,EP-4634424-A1_en_q_es,es,synthetic,0.9328657314629258,,0.9328657314629258,-0.46821343029463536,0.32447779745977573
google/embeddinggemma-300m,embeddinggemma,EP-4634337-A1_en_q_en,en,original,0.9889779559118236,0.9949899799599199,0.9829659318637275,-0.17041765356793376,0.5500549929752785
google/embeddinggemma-300m,embeddinggemma,EP-4634128-A1_en_q_en,en,original,1.0,1.0,1.0,0.06185314873030749,0.7373471344528725
google/embeddinggemma-300m,embeddinggemma,EP-4633896-A1_en_q_en,en,original,0.8767535070140281,0.998997995991984,0.7545090180360721,-0.8060511552260808,0.05821140535897685
google/embeddinggemma-300m,embeddinggemma,WO-2025215091-A1_fr_q_fr,fr,original,0.999498997995992,0.9989979959919839,0.9999999999999999,0.04220504998298182,0.8533117137498365
google/embeddinggemma-300m,embeddinggemma,EP-4633599-A1_fr_q_fr,fr,original,0.9969939879759518,0.998997995991984,0.9949899799599198,-0.3114198793332652,0.56324217443306
google/embeddinggemma-300m,embeddinggemma,EP-4633656-A1_fr_q_fr,fr,original,0.6606606606606606,0.6606606606606606,,,
google/embeddinggemma-300m,embeddinggemma,WO-2025208167-A1_de_q_de,de,original,0.20620620620620622,0.20620620620620622,,,
google/embeddinggemma-300m,embeddinggemma,EP-4634396-A1_fr_q_fr,fr,original,1.0,1.0,1.0,0.44255167198790124,0.8526286876110367
google/embeddinggemma-300m,embeddinggemma,EP-4633893-A1_fr_q_fr,fr,original,0.9589178356713427,0.9979959919839679,0.9198396793587175,-0.4662953323766205,0.32015940035642526
google/embeddinggemma-300m,embeddinggemma,EP-4633462-A1_en_q_en,en,original,1.0,1.0,1.0,0.016223239041832628,0.791831086454359
google/embeddinggemma-300m,embeddinggemma,EP-4633386-A1_en_q_en,en,original,0.8381763527054108,0.8867735470941884,0.7895791583166333,-0.7597459233978004,0.09020916311196542
google/embeddinggemma-300m,embeddinggemma,EP-4633970-A1_fr_q_fr,fr,original,0.9919839679358716,0.9969939879759518,0.9869739478957916,-0.3888791212151325,0.48863044051364385
google/embeddinggemma-300m,embeddinggemma,EP-4633415-A1_en_q_en,en,original,0.9954909819639279,1.0,0.9909819639278558,-0.09938486663037543,0.6315068951184897
google/embeddinggemma-300m,embeddinggemma,EP-4633415-A1_en_q_de,de,synthetic,1.0,,1.0,0.11784011393894368,0.8806924836421246
google/embeddinggemma-300m,embeddinggemma,EP-4633415-A1_fr_q_fr,fr,original,0.8782565130260522,0.8987975951903807,0.8577154308617235,-0.6084700986900639,0.18890444334105802
google/embeddinggemma-300m,embeddinggemma,EP-4633415-A1_en_q_es,es,synthetic,1.0,,1.0,0.38663705348880256,0.8003305014376065
google/embeddinggemma-300m,embeddinggemma,EP-4633950-A1_en_q_en,en,original,0.9819639278557114,0.9779559118236473,0.9859719438877755,-0.2541227745431293,0.46147169730704307
google/embeddinggemma-300m,embeddinggemma,EP-4633950-A1_en_q_de,de,synthetic,0.6332665330661322,,0.6332665330661322,-0.6971005234749131,0.057524800553952316
google/embeddinggemma-300m,embeddinggemma,EP-4633950-A1_fr_q_fr,fr,original,0.6402805611222445,0.9889779559118236,0.29158316633266534,-0.9248689672522957,-0.11369982196772267
google/embeddinggemma-300m,embeddinggemma,EP-4633950-A1_en_q_es,es,synthetic,0.6663326653306614,,0.6663326653306614,-0.6861256339260293,0.06148798945176592
google/embeddinggemma-300m,embeddinggemma,EP-4634629-A1_en_q_en,en,original,0.6315613507188231,0.9307923771313942,0.4819458375125376,-0.8588511373584318,-0.05226640775931026
google/embeddinggemma-300m,embeddinggemma,EP-4634629-A1_de_q_de,de,original,0.6278836509528586,0.8625877632898696,0.5105315947843531,-0.7728773024153508,-0.043314156676824415
google/embeddinggemma-300m,embeddinggemma,EP-4634629-A1_fr_q_fr,fr,original,0.7680360721442886,0.9559118236472945,0.5801603206412825,-0.8494293602552587,-0.01355463830456529
google/embeddinggemma-300m,embeddinggemma,EP-4634629-A1_en_q_es,es,synthetic,0.6987629555332664,,0.6987629555332664,-0.7022804054054054,0.06005868346405581
google/embeddinggemma-300m,embeddinggemma,EP-4633582-A1_en_q_es,es,synthetic,0.998997995991984,,0.998997995991984,-0.04460696997003318,0.7256510380302927
google/embeddinggemma-300m,embeddinggemma,EP-4634165-A1_en_q_es,es,synthetic,0.9999999999999999,,0.9999999999999999,0.17007889133242585,0.8723081220212618
google/embeddinggemma-300m,embeddinggemma,EP-4633677-A1_en_q_de,de,synthetic,0.9413827655310621,,0.9413827655310621,-0.3309596640143206,0.4266596012297831
google/embeddinggemma-300m,embeddinggemma,EP-4634246-A1_en_q_en,en,original,1.0,1.0,1.0,0.08411089045675459,0.6429026634305868
google/embeddinggemma-300m,embeddinggemma,EP-4634120-A1_en_q_de,de,synthetic,0.9869739478957915,,0.9869739478957915,-0.2229361085735338,0.5303155608911798
google/embeddinggemma-300m,embeddinggemma,EP-4633638-A1_en_q_en,en,original,0.9999999999999999,1.0,1.0,0.23746550489295912,0.839772618381665
google/embeddinggemma-300m,embeddinggemma,EP-4633389-A1_en_q_en,en,original,1.0,1.0,1.0,0.39774436265537516,0.795431027508838
google/embeddinggemma-300m,embeddinggemma,WO-2025209629-A1_de_q_es,es,synthetic,1.0,,1.0,0.10645569125294901,0.9227893556752338
google/embeddinggemma-300m,embeddinggemma,EP-4634132-A2_en_q_en,en,original,0.9859719438877756,0.9919839679358717,0.9799599198396793,-0.36933533549355885,0.4661950313335122
google/embeddinggemma-300m,embeddinggemma,EP-4634914-A1_en_q_es,es,synthetic,0.9994989979959921,,0.9994989979959921,0.0312515287765785,0.8551622152213147
google/embeddinggemma-300m,embeddinggemma,EP-4634285-A1_en_q_de,de,synthetic,0.99749498997996,,0.99749498997996,0.313766955132714,0.672747067007618
google/embeddinggemma-300m,embeddinggemma,EP-4634122-A1_fr_q_fr,fr,original,0.9428857715430862,0.9689378757515031,0.9168336673346694,-0.3635805587953366,0.3567216547772779
google/embeddinggemma-300m,embeddinggemma,EP-4634365-A1_fr_q_fr,fr,original,1.0,1.0,1.0,0.4416691777993548,0.7952687285487146
google/embeddinggemma-300m,embeddinggemma,WO-2025214709-A1_de_q_es,es,synthetic,0.9949899799599198,,0.9949899799599198,-0.18816423409380767,0.6177874027777814
google/embeddinggemma-300m,embeddinggemma,EP-4633426-A2_en_q_es,es,synthetic,1.0,,1.0,0.4204633021796125,0.85075131056661
google/embeddinggemma-300m,embeddinggemma,EP-4630604-A1_de_q_es,es,synthetic,0.9934869739478958,,0.9934869739478958,-0.0863815193328976,0.6738722446786147
google/embeddinggemma-300m,embeddinggemma,EP-4634118-A1_en_q_es,es,synthetic,0.998997995991984,,0.998997995991984,-0.04731137974155913,0.8005944392713342
google/embeddinggemma-300m,embeddinggemma,EP-4634404-A1_en_q_de,de,synthetic,0.9989979959919839,,0.9989979959919839,-0.013379197804439332,0.7766060427640381
google/embeddinggemma-300m,embeddinggemma,EP-4633465-A1_en_q_de,de,synthetic,0.998997995991984,,0.998997995991984,0.09619855827515018,0.7885563006609005
google/embeddinggemma-300m,embeddinggemma,EP-4633680-A1_en_q_es,es,synthetic,1.0,,1.0,0.2484204754566187,0.8088185576218546
google/embeddinggemma-300m,embeddinggemma,WO-2025201606-A1_de_q_es,es,synthetic,0.997995991983968,,0.997995991983968,-0.15803654784742718,0.7212630682484564
google/embeddinggemma-300m,embeddinggemma,EP-4634435-A1_en_q_de,de,synthetic,1.0,,1.0,0.1590803063253162,0.7997128370960787
google/embeddinggemma-300m,embeddinggemma,EP-4634143-A1_en_q_de,de,synthetic,0.9987474949899801,,0.9987474949899801,0.0,0.8140320353989668
google/embeddinggemma-300m,embeddinggemma,EP-4634411-A1_en_q_de,de,synthetic,0.7870741482965932,,0.7870741482965932,-0.7821643732379341,0.07019287659384917
google/embeddinggemma-300m,embeddinggemma,EP-4634287-A1_en_q_es,es,synthetic,0.8980274155800735,,0.8980274155800735,-0.22446233102750696,0.4056139497086507
google/embeddinggemma-300m,embeddinggemma,EP-4633627-A1_en_q_de,de,synthetic,1.0,,1.0,0.19531691493930692,0.88319843081357
google/embeddinggemma-300m,embeddinggemma,EP-4633670-A1_fr_q_fr,fr,original,1.0,1.0,1.0,0.2446861189400906,0.8302550914949571
google/embeddinggemma-300m,embeddinggemma,WO-2025202163-A1_fr_q_fr,fr,original,0.998496993987976,0.9999999999999999,0.996993987975952,-0.15966361816540411,0.6060859698751433
google/embeddinggemma-300m,embeddinggemma,WO-2025214852-A1_fr_q_fr,fr,original,0.9594188376753507,0.9649298597194389,0.9539078156312626,-0.40221438945925275,0.4102588119920868
google/embeddinggemma-300m,embeddinggemma,WO-2025214996-A1_fr_q_fr,fr,original,0.9839679358717435,0.9979959919839679,0.969939879759519,-0.5424986140321544,0.332364418203614
google/embeddinggemma-300m,embeddinggemma,EP-4630123-A1_de_q_de,de,original,0.9974949899799599,1.0,0.9949899799599198,-0.1289492231789907,0.5983074766577253
google/embeddinggemma-300m,embeddinggemma,EP-4634646-A1_en_q_en,en,original,1.0,0.9999999999999999,0.9999999999999999,0.4215140389645791,0.771598128309306
google/embeddinggemma-300m,embeddinggemma,EP-4634294-A1_en_q_en,en,original,0.9969939879759518,0.9999999999999999,0.9939879759519037,-0.20325479602363872,0.6039024486169323
google/embeddinggemma-300m,embeddinggemma,EP-4634436-A1_fr_q_fr,fr,original,0.9979959919839679,0.998997995991984,0.9969939879759518,-0.07726096413469717,0.7512359827642817
google/embeddinggemma-300m,embeddinggemma,WO-2025215167-A1_de_q_de,de,original,0.998496993987976,1.0,0.996993987975952,-0.17872385532489435,0.622089333009564
google/embeddinggemma-300m,embeddinggemma,EP-4626962-A1_de_q_en,en,synthetic,0.9994989979959918,,0.9994989979959918,0.03671877274182754,0.7779278523279489
google/embeddinggemma-300m,embeddinggemma,EP-4626962-A1_de_q_de,de,original,0.9979959919839679,0.9989979959919839,0.9969939879759518,-0.11892572343540969,0.7379490992223676
google/embeddinggemma-300m,embeddinggemma,EP-4626962-A1_fr_q_fr,fr,original,0.9894789579158316,1.0,0.9789579158316634,-0.33549110255392656,0.43493855208728094
google/embeddinggemma-300m,embeddinggemma,EP-4626962-A1_de_q_es,es,synthetic,0.9979959919839679,,0.9979959919839679,-0.1652490886998784,0.6630368322998936
google/embeddinggemma-300m,embeddinggemma,WO-2025201936-A1_fr_q_fr,fr,original,0.9153306613226453,1.0,0.8306613226452906,-0.5029857236031596,0.18200905761083763
google/embeddinggemma-300m,embeddinggemma,WO-2025201936-A1_de_q_es,es,synthetic,0.9804609218436874,,0.9804609218436874,-0.31490031990732964,0.4404558788738726
google/embeddinggemma-300m,embeddinggemma,EP-4634597-A1_en_q_en,en,original,0.9784569138276553,0.9899799599198397,0.966933867735471,-0.49993273708009495,0.35238211920001683
google/embeddinggemma-300m,embeddinggemma,EP-4634597-A1_en_q_de,de,synthetic,0.9994989979959921,,0.9994989979959921,0.09972308787402664,0.8233283509875157
google/embeddinggemma-300m,embeddinggemma,EP-4634597-A1_fr_q_fr,fr,original,0.9994989979959921,1.0,0.998997995991984,-0.034799617579195245,0.5904953358436243
google/embeddinggemma-300m,embeddinggemma,EP-4634597-A1_en_q_es,es,synthetic,0.9864729458917836,,0.9864729458917836,-0.33724001383299324,0.48169399805391006
google/embeddinggemma-300m,embeddinggemma,EP-4634381-A1_en_q_zh,zh,synthetic,0.7860721442885772,,0.7860721442885772,-0.6393207720552447,0.12443428175011667
google/embeddinggemma-300m,embeddinggemma,EP-4627024-A1_de_q_zh,zh,synthetic,0.4964964964964965,,0.4964964964964965,-0.8724653632399808,-0.0423012953628159
google/embeddinggemma-300m,embeddinggemma,EP-4634926-A1_en_q_zh,zh,synthetic,0.9343687374749499,,0.9343687374749499,-0.4804399220012771,0.2816188030681175
google/embeddinggemma-300m,embeddinggemma,EP-4633863-A2_en_q_zh,zh,synthetic,0.9913072550986293,,0.9913072550986293,-0.01231807330338736,0.6557960971407489
google/embeddinggemma-300m,embeddinggemma,EP-4633797-A1_en_q_zh,zh,synthetic,1.0,,1.0,0.35034565098831133,0.8901469751111376
google/embeddinggemma-300m,embeddinggemma,EP-4633777-A1_en_q_zh,zh,synthetic,0.998246492985972,,0.998246492985972,-0.03257371903602892,0.8386688170870408
google/embeddinggemma-300m,embeddinggemma,EP-4633621-A1_en_q_zh,zh,synthetic,0.9894789579158317,,0.9894789579158317,-0.2617533587121664,0.5914212940810178
google/embeddinggemma-300m,embeddinggemma,EP-4634723-A1_en_q_zh,zh,synthetic,0.7359719438877755,,0.7359719438877755,-0.681382957181785,0.06649287049455724
google/embeddinggemma-300m,embeddinggemma,EP-4633581-A1_en_q_zh,zh,synthetic,0.8106212424849699,,0.8106212424849699,-0.5388961420707451,0.1643092027829758
google/embeddinggemma-300m,embeddinggemma,EP-4634416-A1_en_q_zh,zh,synthetic,0.8792585170340681,,0.8792585170340681,-0.27278418242820257,0.3136593505500708
google/embeddinggemma-300m,embeddinggemma,EP-4634305-A1_en_q_zh,zh,synthetic,1.0,,1.0,0.5259343343454199,0.8771944065322707
google/embeddinggemma-300m,embeddinggemma,EP-4633531-A1_en_q_zh,zh,synthetic,0.9994989979959921,,0.9994989979959921,0.010073733443058152,0.8287799168226079
google/embeddinggemma-300m,embeddinggemma,EP-4634333-A1_en_q_zh,zh,synthetic,0.9964929859719439,,0.9964929859719439,-0.29242059977223833,0.4942588015527513
google/embeddinggemma-300m,embeddinggemma,EP-4634212-A1_en_q_zh,zh,synthetic,0.999498997995992,,0.999498997995992,0.005298630938943984,0.8254075096261091
google/embeddinggemma-300m,embeddinggemma,EP-4629959-A1_de_q_zh,zh,synthetic,0.996993987975952,,0.996993987975952,-0.10308254510042142,0.7457968785333242
google/embeddinggemma-300m,embeddinggemma,EP-4627881-A1_de_q_zh,zh,synthetic,0.9989979959919839,,0.9989979959919839,-0.021603151990027276,0.7486045849601444
google/embeddinggemma-300m,embeddinggemma,EP-4633576-A1_en_q_zh,zh,synthetic,0.9228456913827656,,0.9228456913827656,-0.3194460443149683,0.32742729726859615
google/embeddinggemma-300m,embeddinggemma,EP-4633742-A2_en_q_zh,zh,synthetic,0.9979959919839679,,0.9979959919839679,-0.009358644823634974,0.7475718647973845
google/embeddinggemma-300m,embeddinggemma,EP-4633791-A1_en_q_zh,zh,synthetic,0.99874749498998,,0.99874749498998,-0.01736772359079212,0.8944648023056627
google/embeddinggemma-300m,embeddinggemma,EP-4634111-A1_fr_q_fr,fr,original,0.7620240480961924,0.9549098196392786,0.5691382765531062,-0.7821281263712153,-0.02731147683695586
google/embeddinggemma-300m,embeddinggemma,EP-4633622-A2_en_q_es,es,synthetic,1.0,,1.0,0.2450374822128417,0.8198120422635993
google/embeddinggemma-300m,embeddinggemma,EP-4634187-A1_en_q_es_120,es,synthetic,0.9919839679358718,,0.9919839679358718,-0.14169122451717328,0.6070009566099358
google/embeddinggemma-300m,embeddinggemma,EP-4634139-A1_fr_q_fr,fr,original,1.0,1.0,1.0,0.03260469474142112,0.7337607839614713
google/embeddinggemma-300m,embeddinggemma,EP-4634136-A1_en_q_en,en,original,0.7299599198396794,0.7555110220440882,0.7044088176352705,-0.7906819951875574,0.03371201235162378
google/embeddinggemma-300m,embeddinggemma,EP-4634136-A1_en_q_de,de,synthetic,0.9223446893787575,,0.9223446893787575,-0.49195824740486416,0.2697237568792894
google/embeddinggemma-300m,embeddinggemma,EP-4634136-A1_fr_q_fr,fr,original,0.8592184368737475,0.9919839679358717,0.7264529058116233,-0.7360587576816757,0.0689288819111276
google/embeddinggemma-300m,embeddinggemma,EP-4634136-A1_en_q_es_125,es,synthetic,0.6628256513026052,,0.6628256513026052,-0.7831081910264033,0.026529558413552704
google/embeddinggemma-300m,embeddinggemma,EP-4634248-A1_en_q_en,en,original,0.998496993987976,1.0,0.9969939879759518,-0.2094334679921136,0.5341559492573641
google/embeddinggemma-300m,embeddinggemma,EP-4634142-A1_en_q_es,es,synthetic,0.998328318288198,,0.998328318288198,0.015869264672866402,0.7441524473375618
google/embeddinggemma-300m,embeddinggemma,WO-2025214812-A1_de_q_es,es,synthetic,0.9979959919839679,,0.9979959919839679,-0.04252657075814032,0.7292590916753742
google/embeddinggemma-300m,embeddinggemma,EP-4633662-A1_en_q_de,de,synthetic,0.9874749498997997,,0.9874749498997997,0.046839351254835696,0.614804781917769
google/embeddinggemma-300m,embeddinggemma,WO-2025153617-A3_de_q_de,de,original,0.9989979959919839,0.9994989979959918,0.998496993987976,-0.13006001319661917,0.7718717667987482
google/embeddinggemma-300m,embeddinggemma,EP-4634596-A1_en_q_en,en,original,1.0,1.0,1.0,0.18985141458598434,0.6351304884788178
google/embeddinggemma-300m,embeddinggemma,EP-4634596-A1_en_q_de,de,synthetic,0.999498997995992,,0.999498997995992,0.12567213659702328,0.7564848894054244
google/embeddinggemma-300m,embeddinggemma,EP-4634596-A1_fr_q_fr,fr,original,1.0,1.0,1.0,0.1732556698475648,0.6742349536148807
google/embeddinggemma-300m,embeddinggemma,EP-4634596-A1_en_q_es_135,es,synthetic,0.998997995991984,,0.998997995991984,0.09073092581863165,0.8141530818931761
BAAI/bge-m3,bge-m3,EP-4633662-A1_en_q_en,en,original,0.844188376753507,0.997995991983968,0.6903807615230462,-0.7943139642348935,0.03988250680950309
BAAI/bge-m3,bge-m3,EP-4630509-A1_fr_q_fr,fr,original,0.9138276553106213,1.0,0.8276553106212425,-0.572765023762894,0.07432260502096748
BAAI/bge-m3,bge-m3,EP-4634248-A1_en_q_es,es,synthetic,0.25701402805611223,,0.25701402805611223,-0.9173253307409448,-0.16779056655091296
BAAI/bge-m3,bge-m3,EP-4634187-A1_en_q_es,es,synthetic,0.9934869739478958,,0.9934869739478958,-0.08466238608119335,0.6706294438800671
BAAI/bge-m3,bge-m3,EP-4634142-A1_fr_q_fr,fr,original,0.13113113113113117,0.13113113113113117,,,
BAAI/bge-m3,bge-m3,EP-4633768-A2_en_q_es,es,synthetic,0.4799599198396794,,0.4799599198396794,-0.5827116334525635,0.03831978383611043
BAAI/bge-m3,bge-m3,EP-4633645-A1_fr_q_fr,fr,original,0.9594188376753506,0.9318637274549098,0.9869739478957915,-0.3670041740228456,0.45781580582156023
BAAI/bge-m3,bge-m3,EP-4633622-A2_en_q_de,de,synthetic,1.0,,1.0,0.4475388099349788,0.8638183154116884
BAAI/bge-m3,bge-m3,EP-4634601-A1_en_q_en,en,original,0.872745490981964,0.9919839679358716,0.7535070140280561,-0.6235426977114962,0.12940276707132656
BAAI/bge-m3,bge-m3,EP-4630626-A1_de_q_de,de,original,0.9989979959919839,0.9989979959919839,0.9989979959919839,-0.2632126477310805,0.6356270891496157
BAAI/bge-m3,bge-m3,EP-4630600-A1_de_q_en,en,synthetic,0.6526526526526526,,0.6526526526526526,-0.8208557796959387,0.016973965936584772
BAAI/bge-m3,bge-m3,EP-4633632-A1_en_q_es,es,synthetic,0.9518555667001003,,0.9518555667001003,-0.2734393109422086,0.3791470072020336
BAAI/bge-m3,bge-m3,EP-4634136-A1_en_q_es,es,synthetic,0.6206206206206206,,0.6206206206206206,-0.7780436577184714,0.011856755866620636
BAAI/bge-m3,bge-m3,EP-4634157-A1_en_q_de,de,synthetic,0.9213426853707416,,0.9213426853707416,-0.41535757280334407,0.3229281182916944
BAAI/bge-m3,bge-m3,EP-4634111-A1_en_q_de,de,synthetic,0.4804609218436874,,0.4804609218436874,-0.7775598948219552,-0.038253042212319024
BAAI/bge-m3,bge-m3,EP-4634596-A1_en_q_es,es,synthetic,0.20390781563126253,,0.20390781563126253,-0.9304916758437519,-0.12963062875118614
BAAI/bge-m3,bge-m3,EP-4634139-A1_en_q_es,es,synthetic,0.999498997995992,,0.999498997995992,0.3057813760543815,0.7370814149697312
BAAI/bge-m3,bge-m3,WO-2025153617-A3_de_q_en,en,synthetic,0.5671342685370742,,0.5671342685370742,-0.6756672511202028,0.016359607974959972
BAAI/bge-m3,bge-m3,EP-4634251-A1_en_q_es,es,synthetic,0.16216216216216217,,0.16216216216216217,-0.9624716020108757,-0.14223445920569314
BAAI/bge-m3,bge-m3,EP-4634426-A1_en_q_es,es,synthetic,0.9033767970578401,,0.9033767970578401,-0.350161788498309,0.28450457761478776
BAAI/bge-m3,bge-m3,EP-4634729-A1_en_q_de,de,synthetic,0.999498997995992,,0.999498997995992,0.12769801620022295,0.7999677873475038
BAAI/bge-m3,bge-m3,EP-4626569-A1_de_q_en,en,synthetic,0.8206412825651302,,0.8206412825651302,-0.3709060642923247,0.25847049406159417
BAAI/bge-m3,bge-m3,EP-4634394-A2_en_q_es,es,synthetic,1.0,,1.0,0.05040314206200157,0.8578232186775514
BAAI/bge-m3,bge-m3,EP-4634424-A1_en_q_es,es,synthetic,0.9894789579158316,,0.9894789579158316,-0.04466746651966677,0.6411635245587642
BAAI/bge-m3,bge-m3,EP-4633602-A1_en_q_de,de,synthetic,0.6726726726726726,,0.6726726726726726,-0.7738449628488655,0.0380724462241474
BAAI/bge-m3,bge-m3,EP-4634337-A1_en_q_en,en,original,0.9744488977955912,0.9919839679358717,0.9569138276553106,-0.4317269076305221,0.3606165561015778
BAAI/bge-m3,bge-m3,EP-4634128-A1_en_q_en,en,original,0.962962962962963,0.962962962962963,,,
BAAI/bge-m3,bge-m3,EP-4633896-A1_en_q_en,en,original,0.9629629629629629,0.9629629629629629,,,
BAAI/bge-m3,bge-m3,WO-2025215091-A1_fr_q_fr,fr,original,0.9278557114228457,0.8917835671342685,0.9639278557114229,-0.4894265406600378,0.34759079455028574
BAAI/bge-m3,bge-m3,EP-4633599-A1_fr_q_fr,fr,original,0.9969939879759518,0.9969939879759518,0.9969939879759518,-0.1609781654005576,0.6635486329300668
BAAI/bge-m3,bge-m3,EP-4633656-A1_fr_q_fr,fr,original,0.9624624624624624,,0.9624624624624624,-0.38242601049408764,0.4302176659944663
BAAI/bge-m3,bge-m3,EP-4634396-A1_fr_q_fr,fr,original,0.9999999999999999,1.0,1.0,0.5183497066536196,0.9180867862307762
BAAI/bge-m3,bge-m3,EP-4633893-A1_fr_q_fr,fr,original,0.8967935871743488,0.9769539078156312,0.8166332665330662,-0.6734041084792142,0.14542097980911858
BAAI/bge-m3,bge-m3,EP-4633462-A1_en_q_en,en,original,0.9994989979959921,1.0,0.998997995991984,-0.14930295926933426,0.6864535289126552
BAAI/bge-m3,bge-m3,EP-4633386-A1_en_q_en,en,original,0.936372745490982,0.9949899799599199,0.8777555110220441,-0.7504723749449489,0.12788730083446107
BAAI/bge-m3,bge-m3,EP-4633970-A1_fr_q_fr,fr,original,0.9884769539078156,0.9939879759519039,0.9829659318637274,-0.5447253522967922,0.32783101825497296
BAAI/bge-m3,bge-m3,EP-4633415-A1_en_q_en,en,original,0.5756513026052104,0.9919839679358717,0.1593186372745491,-0.9773122426302373,-0.11296505685401803
BAAI/bge-m3,bge-m3,EP-4633415-A1_en_q_de,de,synthetic,0.9849699398797596,,0.9849699398797596,-0.5082390555828822,0.32885404492101683
BAAI/bge-m3,bge-m3,EP-4633415-A1_fr_q_fr,fr,original,0.7767767767767768,,0.7767767767767768,-0.7362926853288033,0.09709060933301983
BAAI/bge-m3,bge-m3,EP-4633415-A1_en_q_es,es,synthetic,0.9974949899799599,,0.9974949899799599,0.04499964796877967,0.7151189316262654
BAAI/bge-m3,bge-m3,EP-4633950-A1_en_q_en,en,original,0.6753507014028057,0.9839679358717436,0.36673346693386777,-0.8763390899409025,-0.11787791340611345
BAAI/bge-m3,bge-m3,EP-4633950-A1_en_q_es,es,synthetic,0.9169169169169169,,0.9169169169169169,-0.7087880496054113,0.16964599887373305
BAAI/bge-m3,bge-m3,EP-4634629-A1_en_q_en,en,original,0.8688688688688689,0.8688688688688689,,,
BAAI/bge-m3,bge-m3,EP-4634629-A1_de_q_de,de,original,0.8178178178178178,0.8178178178178178,,,
BAAI/bge-m3,bge-m3,EP-4634629-A1_fr_q_fr,fr,original,0.968968968968969,0.968968968968969,,,
BAAI/bge-m3,bge-m3,EP-4634629-A1_en_q_es,es,synthetic,0.6673353393513874,,0.6673353393513874,-0.7641244468150716,0.025772345107808767
BAAI/bge-m3,bge-m3,EP-4633582-A1_en_q_es,es,synthetic,0.9789579158316634,,0.9789579158316634,-0.1903623226074755,0.5513757968413084
BAAI/bge-m3,bge-m3,EP-4634165-A1_en_q_es,es,synthetic,1.0,,1.0,0.3527116336222644,0.8714372760998073
BAAI/bge-m3,bge-m3,EP-4633677-A1_en_q_de,de,synthetic,0.9313627254509018,,0.9313627254509018,-0.4568160815267613,0.2914519320032876
BAAI/bge-m3,bge-m3,EP-4634246-A1_en_q_en,en,original,0.99749498997996,0.996993987975952,0.9979959919839679,-0.06106623325166373,0.7560595643251022
BAAI/bge-m3,bge-m3,EP-4634120-A1_en_q_de,de,synthetic,0.7900801603206412,,0.7900801603206412,-0.23832114115531375,0.2770334269476352
BAAI/bge-m3,bge-m3,EP-4633638-A1_en_q_en,en,original,1.0,1.0,1.0,0.42176851851851815,0.8734648092481259
BAAI/bge-m3,bge-m3,EP-4633389-A1_en_q_en,en,original,1.0,1.0,1.0,0.3192260611823227,0.6248127694771863
BAAI/bge-m3,bge-m3,WO-2025209629-A1_de_q_es,es,synthetic,1.0,,1.0,0.1798788985200256,0.9192475540283163
BAAI/bge-m3,bge-m3,EP-4634132-A2_en_q_en,en,original,0.8707414829659318,0.9839679358717435,0.7575150300601203,-0.7730988395788958,0.07203413971954536
BAAI/bge-m3,bge-m3,EP-4634914-A1_en_q_es,es,synthetic,0.9634268537074148,,0.9634268537074148,-0.24503957603380797,0.4532365694682715
BAAI/bge-m3,bge-m3,EP-4634285-A1_en_q_de,de,synthetic,0.9233466933867736,,0.9233466933867736,-0.22051547477015904,0.38803482464965006
BAAI/bge-m3,bge-m3,EP-4634122-A1_fr_q_fr,fr,original,0.9308617234468938,0.9759519038076152,0.8857715430861723,-0.5783967022834513,0.22294241354651587
BAAI/bge-m3,bge-m3,EP-4634365-A1_fr_q_fr,fr,original,1.0,1.0,1.0,0.4020817986183215,0.6792892393293598
BAAI/bge-m3,bge-m3,WO-2025214709-A1_de_q_es,es,synthetic,0.9569138276553106,,0.9569138276553106,-0.48396833865651234,0.3390428269620378
BAAI/bge-m3,bge-m3,EP-4633426-A2_en_q_es,es,synthetic,0.9986626546305583,,0.9986626546305583,0.2760347864376928,0.6675873981845721
BAAI/bge-m3,bge-m3,EP-4630604-A1_de_q_es,es,synthetic,0.9899799599198397,,0.9899799599198397,-0.2146657944252987,0.5608687447799683
BAAI/bge-m3,bge-m3,EP-4634118-A1_en_q_es,es,synthetic,0.999498997995992,,0.999498997995992,0.2366682469528511,0.7364309894927878
BAAI/bge-m3,bge-m3,EP-4634404-A1_en_q_de,de,synthetic,1.0,,1.0,0.1917230386439629,0.7692160686611802
BAAI/bge-m3,bge-m3,EP-4633465-A1_en_q_de,de,synthetic,1.0,,1.0,0.1966841715126906,0.852722337024466
BAAI/bge-m3,bge-m3,EP-4633680-A1_en_q_es,es,synthetic,0.9994989979959921,,0.9994989979959921,0.2411776108000867,0.7454303210939398
BAAI/bge-m3,bge-m3,WO-2025201606-A1_de_q_es,es,synthetic,0.9989979959919839,,0.9989979959919839,-0.0259569404109443,0.8295868709710179
BAAI/bge-m3,bge-m3,EP-4634435-A1_en_q_de,de,synthetic,0.9974949899799599,,0.9974949899799599,-0.1224415328739683,0.6787091459998171
BAAI/bge-m3,bge-m3,EP-4634143-A1_en_q_de,de,synthetic,0.9837174348697395,,0.9837174348697395,-0.2628019151700697,0.45018228258307147
BAAI/bge-m3,bge-m3,EP-4634411-A1_en_q_de,de,synthetic,0.8642284569138275,,0.8642284569138275,-0.5722978245151867,0.17475903034835638
BAAI/bge-m3,bge-m3,EP-4634287-A1_en_q_es,es,synthetic,0.7645290581162325,,0.7645290581162325,-0.7977624357414257,0.05321243599773082
BAAI/bge-m3,bge-m3,EP-4633627-A1_en_q_de,de,synthetic,1.0,,1.0,0.3494732169486118,0.8459712484889185
BAAI/bge-m3,bge-m3,EP-4633670-A1_fr_q_fr,fr,original,1.0,1.0,1.0,0.17472336517597467,0.7574408137224865
BAAI/bge-m3,bge-m3,WO-2025202163-A1_fr_q_fr,fr,original,1.0,1.0,1.0,0.00049953888718103,0.5926316108238608
BAAI/bge-m3,bge-m3,WO-2025214852-A1_fr_q_fr,fr,original,0.9524048096192386,0.996993987975952,0.9078156312625251,-0.6023374856416374,0.23551560626075455
BAAI/bge-m3,bge-m3,WO-2025214996-A1_fr_q_fr,fr,original,0.3777555110220441,0.750501002004008,0.00501002004008011,-0.9993793706293708,-0.15132361751475049
BAAI/bge-m3,bge-m3,EP-4630123-A1_de_q_de,de,original,0.9949899799599198,0.998997995991984,0.9909819639278556,-0.26650323067303266,0.5595594730795341
BAAI/bge-m3,bge-m3,EP-4634646-A1_en_q_en,en,original,1.0,1.0,1.0,0.2776422473775716,0.5593482793859926
BAAI/bge-m3,bge-m3,EP-4634294-A1_en_q_en,en,original,0.996993987975952,0.998997995991984,0.9949899799599198,-0.3131756272401435,0.5465303510246299
BAAI/bge-m3,bge-m3,EP-4634436-A1_fr_q_fr,fr,original,0.9979959919839679,0.9979959919839679,0.9979959919839679,-0.1367346392635407,0.6889386981520316
BAAI/bge-m3,bge-m3,WO-2025215167-A1_de_q_de,de,original,0.9994989979959921,1.0,0.998997995991984,-0.03279814998348179,0.5950154686644511
BAAI/bge-m3,bge-m3,EP-4626962-A1_de_q_en,en,synthetic,0.9974949899799599,,0.9974949899799599,0.01898962205291759,0.7309777156752896
BAAI/bge-m3,bge-m3,EP-4626962-A1_de_q_de,de,original,0.999498997995992,0.9989979959919839,1.0,0.004389653696900035,0.8486076885744399
BAAI/bge-m3,bge-m3,EP-4626962-A1_fr_q_fr,fr,original,0.8927855711422845,0.9869739478957916,0.7985971943887775,-0.7157147685028722,0.11535886914078242
BAAI/bge-m3,bge-m3,EP-4626962-A1_de_q_es,es,synthetic,0.9979959919839679,,0.9979959919839679,-0.017594925143251935,0.7466435095662206
BAAI/bge-m3,bge-m3,WO-2025201936-A1_de_q_en,en,synthetic,0.37537537537537535,,0.37537537537537535,-0.916801917272134,-0.07532504822689402
BAAI/bge-m3,bge-m3,WO-2025201936-A1_fr_q_fr,fr,original,0.998496993987976,1.0,0.996993987975952,-0.23057521067637105,0.35147328568037206
BAAI/bge-m3,bge-m3,WO-2025201936-A1_de_q_es,es,synthetic,0.8544589178356713,,0.8544589178356713,-0.13427936656421227,0.3674118918044556
BAAI/bge-m3,bge-m3,EP-4634597-A1_en_q_en,en,original,0.6678356713426854,0.966933867735471,0.36873747494989983,-0.9086825949451194,-0.08795844894491316
BAAI/bge-m3,bge-m3,EP-4634597-A1_en_q_de,de,synthetic,0.9959919839679359,,0.9959919839679359,-0.1577772320332212,0.6416372444083692
BAAI/bge-m3,bge-m3,EP-4634597-A1_fr_q_fr,fr,original,0.998997995991984,1.0,0.9979959919839679,-0.08778083762196122,0.7301595252910024
BAAI/bge-m3,bge-m3,EP-4634597-A1_en_q_es,es,synthetic,0.998997995991984,,0.998997995991984,-0.0033405199962499937,0.8190048191861249
BAAI/bge-m3,bge-m3,EP-4634381-A1_en_q_zh,zh,synthetic,0.8699899799599199,,0.8699899799599199,-0.3108104434809793,0.28790848206327446
BAAI/bge-m3,bge-m3,EP-4634926-A1_en_q_zh,zh,synthetic,0.8707414829659318,,0.8707414829659318,-0.5857683982683983,0.1956055113620246
BAAI/bge-m3,bge-m3,EP-4633863-A2_en_q_zh,zh,synthetic,0.9916415914409896,,0.9916415914409896,-0.11007473931649701,0.6018732392101274
BAAI/bge-m3,bge-m3,EP-4633797-A1_en_q_zh,zh,synthetic,1.0,,1.0,0.17734625235642326,0.8265787317430937
BAAI/bge-m3,bge-m3,EP-4633777-A1_en_q_zh,zh,synthetic,0.9982464929859719,,0.9982464929859719,-0.022924118036990446,0.7479211951390594
BAAI/bge-m3,bge-m3,EP-4633621-A1_en_q_zh,zh,synthetic,0.998997995991984,,0.998997995991984,0.025216441719542983,0.7525296190388013
BAAI/bge-m3,bge-m3,EP-4634723-A1_en_q_zh,zh,synthetic,0.6442885771543087,,0.6442885771543087,-0.526824650958385,0.08877252154828616
BAAI/bge-m3,bge-m3,EP-4633581-A1_en_q_zh,zh,synthetic,0.40040040040040037,,0.40040040040040037,-0.9264722182635822,-0.07419017040887751
BAAI/bge-m3,bge-m3,EP-4634416-A1_en_q_zh,zh,synthetic,0.9974949899799599,,0.9974949899799599,-0.15503497092778307,0.6281366981033788
BAAI/bge-m3,bge-m3,EP-4634305-A1_en_q_zh,zh,synthetic,1.0,,1.0,0.5831153327328441,0.8300444955194202
BAAI/bge-m3,bge-m3,EP-4633531-A1_en_q_zh,zh,synthetic,0.9939879759519038,,0.9939879759519038,-0.10725283937105963,0.6255211361709693
BAAI/bge-m3,bge-m3,EP-4634333-A1_en_q_zh,zh,synthetic,0.9193386773547095,,0.9193386773547095,-0.62870703855711,0.18071821673332386
BAAI/bge-m3,bge-m3,EP-4634212-A1_en_q_zh,zh,synthetic,0.9994989979959921,,0.9994989979959921,0.0018333045314180456,0.8419873640874946
BAAI/bge-m3,bge-m3,EP-4629959-A1_de_q_zh,zh,synthetic,0.7605210420841684,,0.7605210420841684,-0.5849099099099098,0.12283085991803383
BAAI/bge-m3,bge-m3,EP-4627881-A1_de_q_zh,zh,synthetic,0.9804609218436874,,0.9804609218436874,-0.3284911872942086,0.428308573373748
BAAI/bge-m3,bge-m3,EP-4633576-A1_en_q_zh,zh,synthetic,0.5696392785571143,,0.5696392785571143,-0.7439777557949896,-0.001687025094222922
BAAI/bge-m3,bge-m3,EP-4633742-A2_en_q_zh,zh,synthetic,0.9974949899799599,,0.9974949899799599,0.023353627845080837,0.7225699546039982
BAAI/bge-m3,bge-m3,EP-4633791-A1_en_q_zh,zh,synthetic,0.9972444889779559,,0.9972444889779559,0.0,0.6792445773168244
BAAI/bge-m3,bge-m3,EP-4634111-A1_fr_q_fr,fr,original,0.7960921843687375,0.8416833667334669,0.750501002004008,-0.7049540757749714,0.09612139894024535
BAAI/bge-m3,bge-m3,EP-4633622-A2_en_q_es,es,synthetic,0.9999999999999999,,0.9999999999999999,0.4411168605224689,0.8621433110955523
BAAI/bge-m3,bge-m3,EP-4634187-A1_en_q_es_120,es,synthetic,1.0,,1.0,0.2455444339314665,0.8136543658171046
BAAI/bge-m3,bge-m3,EP-4634139-A1_fr_q_fr,fr,original,1.0,1.0,1.0,0.03758716432462203,0.5561440296501949
BAAI/bge-m3,bge-m3,EP-4634136-A1_en_q_en,en,original,0.7274549098196393,0.8236472945891784,0.6312625250501002,-0.8047658663501434,0.008888397884489094
BAAI/bge-m3,bge-m3,EP-4634136-A1_en_q_de,de,synthetic,0.8748748748748748,,0.8748748748748748,-0.7672298673668011,0.11550597607702298
BAAI/bge-m3,bge-m3,EP-4634136-A1_fr_q_fr,fr,original,0.9493987975951904,0.998997995991984,0.8997995991983968,-0.6544804771448579,0.19123647410727093
BAAI/bge-m3,bge-m3,EP-4634248-A1_en_q_en,en,original,0.9964929859719438,1.0,0.9929859719438878,-0.5067188464343827,0.36140189354002106
BAAI/bge-m3,bge-m3,EP-4634142-A1_en_q_es,es,synthetic,0.9893012370444667,,0.9893012370444667,0.0378610610303421,0.6848541744506735
BAAI/bge-m3,bge-m3,WO-2025214812-A1_de_q_es,es,synthetic,0.9984969939879759,,0.9984969939879759,0.05101189339177841,0.8149213262601488
BAAI/bge-m3,bge-m3,EP-4633662-A1_en_q_de,de,synthetic,0.8787575150300602,,0.8787575150300602,-0.3707504516649698,0.2730748958597115
BAAI/bge-m3,bge-m3,WO-2025153617-A3_de_q_de,de,original,0.9924849699398797,0.9994989979959921,0.9854709418837675,-0.5854045676084481,0.30986468589298416
BAAI/bge-m3,bge-m3,EP-4634596-A1_en_q_en,en,original,1.0,1.0,1.0,0.20797594142259385,0.5813991826050985
BAAI/bge-m3,bge-m3,EP-4634596-A1_en_q_de,de,synthetic,0.99749498997996,,0.99749498997996,0.11450697031606745,0.7143243117047703
BAAI/bge-m3,bge-m3,EP-4634596-A1_fr_q_fr,fr,original,1.0,1.0,1.0,0.21299963645408848,0.8553009686083479
BAAI/bge-m3,bge-m3,EP-4634596-A1_en_q_es_135,es,synthetic,0.9974949899799598,,0.9974949899799598,0.15231935771632465,0.7125933089339062
Qwen/Qwen3-Embedding-0.6B,qwen3-0.6B,EP-4633662-A1_en_q_en,en,original,0.5556112224448898,0.9769539078156313,0.13426853707414832,-0.9734048491368374,-0.13694982039830944
Qwen/Qwen3-Embedding-0.6B,qwen3-0.6B,EP-4630509-A1_fr_q_fr,fr,original,1.0,1.0,,,
Qwen/Qwen3-Embedding-0.6B,qwen3-0.6B,EP-4634248-A1_en_q_es,es,synthetic,0.2940881763527054,,0.2940881763527054,-0.8561814603055583,-0.1399101136005253
Qwen/Qwen3-Embedding-0.6B,qwen3-0.6B,EP-4634187-A1_en_q_es,es,synthetic,0.99749498997996,,0.99749498997996,-0.3821880443850796,0.47891630913974803
Qwen/Qwen3-Embedding-0.6B,qwen3-0.6B,EP-4634142-A1_fr_q_fr,fr,original,0.45390781563126253,0.6713426853707415,0.23647294589178358,-0.9757397034345952,-0.08352882132770723
Qwen/Qwen3-Embedding-0.6B,qwen3-0.6B,EP-4633768-A2_en_q_es,es,synthetic,0.964964964964965,,0.964964964964965,-0.43838672091617725,0.38304129430222145
Qwen/Qwen3-Embedding-0.6B,qwen3-0.6B,EP-4633645-A1_fr_q_fr,fr,original,0.9323647294589178,0.9719438877755512,0.8927855711422846,-0.6590435442180379,0.18467182610712704
Qwen/Qwen3-Embedding-0.6B,qwen3-0.6B,EP-4633622-A2_en_q_de,de,synthetic,1.0,,1.0,0.4835788590233451,0.858946147574556
Qwen/Qwen3-Embedding-0.6B,qwen3-0.6B,EP-4634601-A1_en_q_en,en,original,0.935370741482966,0.9979959919839679,0.872745490981964,-0.6806206442153325,0.16875901414462288
Qwen/Qwen3-Embedding-0.6B,qwen3-0.6B,EP-4630626-A1_de_q_de,de,original,1.0,1.0,1.0,0.36128803106256907,0.894678798098623
Qwen/Qwen3-Embedding-0.6B,qwen3-0.6B,EP-4630600-A1_de_q_en,en,synthetic,0.8391783567134269,,0.8391783567134269,-0.5800502629946758,0.15966484750857685
Qwen/Qwen3-Embedding-0.6B,qwen3-0.6B,EP-4633632-A1_en_q_es,es,synthetic,0.9525242393848211,,0.9525242393848211,-0.43897998313577846,0.3622726331556796
Qwen/Qwen3-Embedding-0.6B,qwen3-0.6B,EP-4634136-A1_en_q_es,es,synthetic,0.7820641282565131,,0.7820641282565131,-0.6833954374084215,0.10839119147960517
Qwen/Qwen3-Embedding-0.6B,qwen3-0.6B,EP-4634157-A1_en_q_de,de,synthetic,0.3533533533533534,,0.3533533533533534,-0.9218912953069516,-0.08613744426790276
Qwen/Qwen3-Embedding-0.6B,qwen3-0.6B,EP-4630574-A1_de_q_en,en,synthetic,0.8486973947895792,,0.8486973947895792,-0.6785832406265973,0.1308657364038037
Qwen/Qwen3-Embedding-0.6B,qwen3-0.6B,EP-4634111-A1_en_q_de,de,synthetic,0.7630260521042085,,0.7630260521042085,-0.7638554747903635,0.07513235148126378
Qwen/Qwen3-Embedding-0.6B,qwen3-0.6B,EP-4634596-A1_en_q_es,es,synthetic,0.6047094188376754,,0.6047094188376754,-0.8213817637146602,-0.01021385948223325
Qwen/Qwen3-Embedding-0.6B,qwen3-0.6B,EP-4634139-A1_en_q_es,es,synthetic,1.0,,1.0,0.3244006122235445,0.8564535101432106
Qwen/Qwen3-Embedding-0.6B,qwen3-0.6B,WO-2025153617-A3_de_q_en,en,synthetic,0.8071142284569138,,0.8071142284569138,-0.676514298934589,0.11335974094303237
Qwen/Qwen3-Embedding-0.6B,qwen3-0.6B,EP-4634251-A1_en_q_es,es,synthetic,0.6773654296221999,,0.6773654296221999,-0.680813198870656,0.04846662502572306
Qwen/Qwen3-Embedding-0.6B,qwen3-0.6B,EP-4634426-A1_en_q_es,es,synthetic,0.9796054831160147,,0.9796054831160147,-0.24160196865006114,0.45426820399406737
Qwen/Qwen3-Embedding-0.6B,qwen3-0.6B,EP-4634729-A1_en_q_de,de,synthetic,1.0,,1.0,0.2841800974393549,0.8802215213631059
Qwen/Qwen3-Embedding-0.6B,qwen3-0.6B,EP-4626569-A1_de_q_en,en,synthetic,0.9619238476953907,,0.9619238476953907,-0.42164111812443633,0.3432374460616701
Qwen/Qwen3-Embedding-0.6B,qwen3-0.6B,EP-4634394-A2_en_q_es,es,synthetic,0.9934869739478959,,0.9934869739478959,0.12096934608075921,0.6611418560045565
Qwen/Qwen3-Embedding-0.6B,qwen3-0.6B,EP-4634424-A1_en_q_es,es,synthetic,0.9493987975951904,,0.9493987975951904,-0.41096374062037383,0.3574361634398436
Qwen/Qwen3-Embedding-0.6B,qwen3-0.6B,EP-4634337-A1_en_q_en,en,original,0.937374749498998,0.908817635270541,0.9659318637274549,-0.40226698752561624,0.395966642684098
Qwen/Qwen3-Embedding-0.6B,qwen3-0.6B,EP-4634128-A1_en_q_en,en,original,0.8818818818818819,0.8818818818818819,,,
Qwen/Qwen3-Embedding-0.6B,qwen3-0.6B,EP-4633896-A1_en_q_en,en,original,0.4494494494494494,0.4494494494494494,,,
Qwen/Qwen3-Embedding-0.6B,qwen3-0.6B,WO-2025215091-A1_fr_q_fr,fr,original,0.7845691382765532,0.996993987975952,0.5721442885771544,-0.8863085871890527,-0.02524919980162947
Qwen/Qwen3-Embedding-0.6B,qwen3-0.6B,EP-4633599-A1_fr_q_fr,fr,original,0.9944889779559118,1.0,0.9889779559118236,-0.36785953453384546,0.452705781256759
Qwen/Qwen3-Embedding-0.6B,qwen3-0.6B,EP-4633656-A1_fr_q_fr,fr,original,0.8218218218218217,0.8218218218218217,,,
Qwen/Qwen3-Embedding-0.6B,qwen3-0.6B,WO-2025208167-A1_de_q_de,de,original,0.2552552552552553,,0.2552552552552553,-0.9515917560396564,-0.10678402793450971
Qwen/Qwen3-Embedding-0.6B,qwen3-0.6B,EP-4634396-A1_fr_q_fr,fr,original,0.9999999999999999,1.0,1.0,0.05895107126998199,0.5696981113926343
Qwen/Qwen3-Embedding-0.6B,qwen3-0.6B,EP-4633893-A1_fr_q_fr,fr,original,0.9759519038076152,0.9919839679358717,0.9599198396793587,-0.43086101825045203,0.40195584950992513
Qwen/Qwen3-Embedding-0.6B,qwen3-0.6B,EP-4633462-A1_en_q_en,en,original,0.998496993987976,0.998997995991984,0.997995991983968,-0.21087072793386546,0.6641041386103709
Qwen/Qwen3-Embedding-0.6B,qwen3-0.6B,EP-4633386-A1_en_q_en,en,original,0.9468937875751503,1.0,0.8937875751503006,-0.6234132660215954,0.21186544172344104
Qwen/Qwen3-Embedding-0.6B,qwen3-0.6B,EP-4633970-A1_fr_q_fr,fr,original,0.6638276553106212,0.9839679358717435,0.34368737474949895,-0.932455134654531,-0.08999874852069635
Qwen/Qwen3-Embedding-0.6B,qwen3-0.6B,EP-4633415-A1_en_q_en,en,original,0.9999999999999999,0.9999999999999999,0.9999999999999999,0.06888122248560799,0.8199504060186065
Qwen/Qwen3-Embedding-0.6B,qwen3-0.6B,EP-4633415-A1_en_q_de,de,synthetic,0.9979959919839679,,0.9979959919839679,0.025475343374416353,0.7180521325793425
Qwen/Qwen3-Embedding-0.6B,qwen3-0.6B,EP-4633415-A1_fr_q_fr,fr,original,0.8952905811623247,0.9839679358717436,0.8066132264529058,-0.7432128431923924,0.1010053749300329
Qwen/Qwen3-Embedding-0.6B,qwen3-0.6B,EP-4633415-A1_en_q_es,es,synthetic,1.0,,1.0,0.18512982657851887,0.79268861763001
Qwen/Qwen3-Embedding-0.6B,qwen3-0.6B,EP-4633950-A1_en_q_en,en,original,0.8922845691382765,0.9849699398797594,0.7995991983967936,-0.5755649215032206,0.17091950079787666
Qwen/Qwen3-Embedding-0.6B,qwen3-0.6B,EP-4633950-A1_en_q_de,de,synthetic,0.6116116116116116,,0.6116116116116116,-0.8459542578387359,-0.010274348723922713
Qwen/Qwen3-Embedding-0.6B,qwen3-0.6B,EP-4633950-A1_fr_q_fr,fr,original,0.8758758758758759,0.8758758758758759,,,
Qwen/Qwen3-Embedding-0.6B,qwen3-0.6B,EP-4633950-A1_en_q_es,es,synthetic,0.39039039039039036,,0.39039039039039036,-0.9315136563464594,-0.0749345126625081
Qwen/Qwen3-Embedding-0.6B,qwen3-0.6B,EP-4634629-A1_en_q_en,en,original,0.8578578578578578,0.8578578578578578,,,
Qwen/Qwen3-Embedding-0.6B,qwen3-0.6B,EP-4634629-A1_fr_q_fr,fr,original,0.48548548548548554,0.48548548548548554,,,
Qwen/Qwen3-Embedding-0.6B,qwen3-0.6B,EP-4634629-A1_en_q_es,es,synthetic,0.14579158316633267,,0.14579158316633267,-0.952771347082589,-0.13104644738633647
Qwen/Qwen3-Embedding-0.6B,qwen3-0.6B,EP-4633582-A1_en_q_es,es,synthetic,0.9859719438877756,,0.9859719438877756,-0.14046802010228246,0.5639301760997253
Qwen/Qwen3-Embedding-0.6B,qwen3-0.6B,EP-4634165-A1_en_q_es,es,synthetic,1.0,,1.0,0.1747941717195939,0.8817666020724036
Qwen/Qwen3-Embedding-0.6B,qwen3-0.6B,EP-4633677-A1_en_q_de,de,synthetic,0.953953953953954,,0.953953953953954,-0.3964012227019192,0.39493263155696606
Qwen/Qwen3-Embedding-0.6B,qwen3-0.6B,EP-4634246-A1_en_q_en,en,original,0.99749498997996,0.9949899799599199,1.0,0.027459388651684728,0.823164399226471
Qwen/Qwen3-Embedding-0.6B,qwen3-0.6B,EP-4634120-A1_en_q_de,de,synthetic,0.9524048096192385,,0.9524048096192385,-0.24991324228877076,0.4375712813341793
Qwen/Qwen3-Embedding-0.6B,qwen3-0.6B,EP-4633638-A1_en_q_en,en,original,1.0,1.0,1.0,0.15747941246956573,0.7873641189303171
Qwen/Qwen3-Embedding-0.6B,qwen3-0.6B,EP-4633389-A1_en_q_en,en,original,0.9999999999999999,1.0,1.0,0.29394844323834657,0.6150778265399998
Qwen/Qwen3-Embedding-0.6B,qwen3-0.6B,WO-2025209629-A1_de_q_es,es,synthetic,0.9999999999999999,,0.9999999999999999,0.21055413185383196,0.9379599334059412
Qwen/Qwen3-Embedding-0.6B,qwen3-0.6B,EP-4634132-A2_en_q_en,en,original,0.996993987975952,0.996993987975952,0.996993987975952,-0.25848130382338924,0.5668447501190491
Qwen/Qwen3-Embedding-0.6B,qwen3-0.6B,EP-4634914-A1_en_q_es,es,synthetic,0.996993987975952,,0.996993987975952,0.10538058092170069,0.7089871551094518
Qwen/Qwen3-Embedding-0.6B,qwen3-0.6B,EP-4634285-A1_en_q_de,de,synthetic,0.9979959919839679,,0.9979959919839679,0.3215344252995815,0.6519089184064321
Qwen/Qwen3-Embedding-0.6B,qwen3-0.6B,EP-4634122-A1_fr_q_fr,fr,original,0.8091182364729459,0.9559118236472947,0.6623246492985971,-0.6866054838129618,0.05086890886554303
Qwen/Qwen3-Embedding-0.6B,qwen3-0.6B,EP-4634365-A1_fr_q_fr,fr,original,1.0,1.0,1.0,0.3546542237869601,0.7526872712779076
Qwen/Qwen3-Embedding-0.6B,qwen3-0.6B,WO-2025214709-A1_de_q_es,es,synthetic,0.9293587174348698,,0.9293587174348698,-0.5202259939333594,0.2768242298847355
Qwen/Qwen3-Embedding-0.6B,qwen3-0.6B,EP-4633426-A2_en_q_es,es,synthetic,0.9999999999999999,,0.9999999999999999,0.18018927634949786,0.7980075113203757
Qwen/Qwen3-Embedding-0.6B,qwen3-0.6B,EP-4630604-A1_de_q_es,es,synthetic,0.9939879759519037,,0.9939879759519037,-0.32975540462556047,0.5231936594812563
Qwen/Qwen3-Embedding-0.6B,qwen3-0.6B,EP-4634118-A1_en_q_es,es,synthetic,0.9979959919839679,,0.9979959919839679,-0.36387614726161494,0.5049039734493029
Qwen/Qwen3-Embedding-0.6B,qwen3-0.6B,EP-4634404-A1_en_q_de,de,synthetic,0.9999999999999999,,0.9999999999999999,0.23668848399080147,0.7776989716603246
Qwen/Qwen3-Embedding-0.6B,qwen3-0.6B,EP-4633465-A1_en_q_de,de,synthetic,0.998496993987976,,0.998496993987976,-0.013785033500047556,0.8589874246936824
Qwen/Qwen3-Embedding-0.6B,qwen3-0.6B,EP-4633680-A1_en_q_es,es,synthetic,0.9994989979959921,,0.9994989979959921,0.04147288293247808,0.7820756882317573
Qwen/Qwen3-Embedding-0.6B,qwen3-0.6B,WO-2025201606-A1_de_q_es,es,synthetic,1.0,,1.0,0.19760608092390655,0.8279653784930601
Qwen/Qwen3-Embedding-0.6B,qwen3-0.6B,EP-4634435-A1_en_q_de,de,synthetic,0.9914829659318638,,0.9914829659318638,-0.17126934314468165,0.6305253023089787
Qwen/Qwen3-Embedding-0.6B,qwen3-0.6B,EP-4634143-A1_en_q_de,de,synthetic,0.9807114228456913,,0.9807114228456913,-0.21914820945324606,0.4910721208582006
Qwen/Qwen3-Embedding-0.6B,qwen3-0.6B,EP-4634411-A1_en_q_de,de,synthetic,0.29208416833667333,,0.29208416833667333,-0.828803538987365,-0.10602189506644719
Qwen/Qwen3-Embedding-0.6B,qwen3-0.6B,EP-4634287-A1_en_q_es,es,synthetic,0.6700100300902708,,0.6700100300902708,-0.163390366225347,0.25856169437538423
Qwen/Qwen3-Embedding-0.6B,qwen3-0.6B,EP-4633627-A1_en_q_de,de,synthetic,0.9999999999999999,,0.9999999999999999,0.1437650635915311,0.8950141795450194
Qwen/Qwen3-Embedding-0.6B,qwen3-0.6B,EP-4633670-A1_fr_q_fr,fr,original,1.0,1.0,1.0,0.2504282160383901,0.7591867235238547
Qwen/Qwen3-Embedding-0.6B,qwen3-0.6B,WO-2025202163-A1_fr_q_fr,fr,original,0.9989979959919839,1.0,0.9979959919839678,-0.059329330122747596,0.7085632044195148
Qwen/Qwen3-Embedding-0.6B,qwen3-0.6B,WO-2025214852-A1_fr_q_fr,fr,original,0.967935871743487,0.9639278557114229,0.9719438877755512,-0.35350502847911486,0.46497635824660666
Qwen/Qwen3-Embedding-0.6B,qwen3-0.6B,WO-2025214996-A1_fr_q_fr,fr,original,0.9539539539539539,0.9539539539539539,,,
Qwen/Qwen3-Embedding-0.6B,qwen3-0.6B,EP-4630123-A1_de_q_de,de,original,0.998496993987976,1.0,0.996993987975952,-0.3144898148243456,0.5246891452512132
Qwen/Qwen3-Embedding-0.6B,qwen3-0.6B,EP-4634646-A1_en_q_en,en,original,0.9999999999999999,1.0,1.0,0.49097323852146935,0.885297228412995
Qwen/Qwen3-Embedding-0.6B,qwen3-0.6B,EP-4634294-A1_en_q_en,en,original,0.9979959919839679,0.9989979959919839,0.9969939879759518,-0.1976995420501288,0.6551943106122674
Qwen/Qwen3-Embedding-0.6B,qwen3-0.6B,EP-4634436-A1_fr_q_fr,fr,original,0.9909819639278556,0.9989979959919839,0.9829659318637274,-0.4340516211858841,0.41072225510314814
Qwen/Qwen3-Embedding-0.6B,qwen3-0.6B,EP-4633761-A1_en_q_en,en,original,0.46446446446446443,,0.46446446446446443,-0.8481754914532574,-0.0579138330591838
Qwen/Qwen3-Embedding-0.6B,qwen3-0.6B,WO-2025215167-A1_de_q_de,de,original,0.9979959919839679,1.0,0.9959919839679359,-0.17265139606257945,0.5531858912075218
Qwen/Qwen3-Embedding-0.6B,qwen3-0.6B,EP-4626962-A1_de_q_en,en,synthetic,0.9974949899799598,,0.9974949899799598,0.1394895743478389,0.694268942815383
Qwen/Qwen3-Embedding-0.6B,qwen3-0.6B,EP-4626962-A1_de_q_de,de,original,0.9929859719438877,0.9929859719438877,0.9929859719438877,-0.2511888914498598,0.5962578329623551
Qwen/Qwen3-Embedding-0.6B,qwen3-0.6B,EP-4626962-A1_fr_q_fr,fr,original,0.9118236472945892,0.9809619238476953,0.842685370741483,-0.6886768932605148,0.13777322029032396
Qwen/Qwen3-Embedding-0.6B,qwen3-0.6B,EP-4626962-A1_de_q_es,es,synthetic,0.9974949899799599,,0.9974949899799599,0.04527602586443261,0.7352780633579654
Qwen/Qwen3-Embedding-0.6B,qwen3-0.6B,WO-2025201936-A1_de_q_en,en,synthetic,0.46543086172344694,,0.46543086172344694,-0.8548982798375743,-0.06861942506843254
Qwen/Qwen3-Embedding-0.6B,qwen3-0.6B,WO-2025201936-A1_fr_q_fr,fr,original,0.909819639278557,0.998997995991984,0.8206412825651302,-0.73221608463627,0.11531857648449227
Qwen/Qwen3-Embedding-0.6B,qwen3-0.6B,WO-2025201936-A1_de_q_es,es,synthetic,0.9834669338677354,,0.9834669338677354,-0.45109203275319915,0.357479990024571
Qwen/Qwen3-Embedding-0.6B,qwen3-0.6B,EP-4634597-A1_en_q_en,en,original,0.9138276553106213,0.9649298597194389,0.8627254509018036,-0.6901947389356807,0.15292628025979832
Qwen/Qwen3-Embedding-0.6B,qwen3-0.6B,EP-4634597-A1_en_q_de,de,synthetic,0.9929859719438878,,0.9929859719438878,-0.18244743434036773,0.6044008276154552
Qwen/Qwen3-Embedding-0.6B,qwen3-0.6B,EP-4634597-A1_fr_q_fr,fr,original,0.9824649298597194,1.0,0.9649298597194388,-0.4151953993363185,0.320961407979786
Qwen/Qwen3-Embedding-0.6B,qwen3-0.6B,EP-4634597-A1_en_q_es,es,synthetic,0.972945891783567,,0.972945891783567,-0.36008841561097144,0.4021268266339467
Qwen/Qwen3-Embedding-0.6B,qwen3-0.6B,EP-4634381-A1_en_q_zh,zh,synthetic,0.9644288577154309,,0.9644288577154309,-0.5341358910783418,0.296436624608563
Qwen/Qwen3-Embedding-0.6B,qwen3-0.6B,EP-4627024-A1_de_q_zh,zh,synthetic,0.564629258517034,,0.564629258517034,-0.533998595605146,0.06502924484257527
Qwen/Qwen3-Embedding-0.6B,qwen3-0.6B,EP-4634926-A1_en_q_zh,zh,synthetic,0.935370741482966,,0.935370741482966,-0.407770832107889,0.34344600798489056
Qwen/Qwen3-Embedding-0.6B,qwen3-0.6B,EP-4633863-A2_en_q_zh,zh,synthetic,0.906385824139084,,0.906385824139084,-0.6705988507716896,0.15532211929922501
Qwen/Qwen3-Embedding-0.6B,qwen3-0.6B,EP-4633797-A1_en_q_zh,zh,synthetic,1.0,,1.0,0.49247922062409494,0.8527342026477847
Qwen/Qwen3-Embedding-0.6B,qwen3-0.6B,EP-4633777-A1_en_q_zh,zh,synthetic,0.99874749498998,,0.99874749498998,0.0,0.8396822478102953
Qwen/Qwen3-Embedding-0.6B,qwen3-0.6B,EP-4633621-A1_en_q_zh,zh,synthetic,0.9964929859719438,,0.9964929859719438,-0.013742930060865192,0.7200726295268977
Qwen/Qwen3-Embedding-0.6B,qwen3-0.6B,EP-4634723-A1_en_q_zh,zh,synthetic,0.6708416833667334,,0.6708416833667334,-0.7843489291115775,0.026943573442440246
Qwen/Qwen3-Embedding-0.6B,qwen3-0.6B,EP-4633581-A1_en_q_zh,zh,synthetic,0.8897795591182365,,0.8897795591182365,-0.596081296334,0.20198757095973296
Qwen/Qwen3-Embedding-0.6B,qwen3-0.6B,EP-4634416-A1_en_q_zh,zh,synthetic,0.9874749498997996,,0.9874749498997996,-0.2471228092943139,0.4816843150503509
Qwen/Qwen3-Embedding-0.6B,qwen3-0.6B,EP-4634305-A1_en_q_zh,zh,synthetic,1.0,,1.0,0.47634371143638216,0.8970398062470007
Qwen/Qwen3-Embedding-0.6B,qwen3-0.6B,EP-4633531-A1_en_q_zh,zh,synthetic,1.0,,1.0,0.003727783334615672,0.8422979297056835
Qwen/Qwen3-Embedding-0.6B,qwen3-0.6B,EP-4634333-A1_en_q_zh,zh,synthetic,0.969438877755511,,0.969438877755511,-0.5730226567906296,0.2668180056450396
Qwen/Qwen3-Embedding-0.6B,qwen3-0.6B,EP-4634212-A1_en_q_zh,zh,synthetic,0.999498997995992,,0.999498997995992,0.005742374232384143,0.784986277507842
Qwen/Qwen3-Embedding-0.6B,qwen3-0.6B,EP-4629959-A1_de_q_zh,zh,synthetic,0.9063126252505009,,0.9063126252505009,-0.6058424883054332,0.20292151748380455
Qwen/Qwen3-Embedding-0.6B,qwen3-0.6B,EP-4627881-A1_de_q_zh,zh,synthetic,0.999498997995992,,0.999498997995992,0.06609041504232632,0.81826228484403
Qwen/Qwen3-Embedding-0.6B,qwen3-0.6B,EP-4633576-A1_en_q_zh,zh,synthetic,0.6382765531062123,,0.6382765531062123,-0.653922854176911,0.044216084283885626
Qwen/Qwen3-Embedding-0.6B,qwen3-0.6B,EP-4633742-A2_en_q_zh,zh,synthetic,0.9904809619238477,,0.9904809619238477,-0.16980008355778387,0.5216564002606311
Qwen/Qwen3-Embedding-0.6B,qwen3-0.6B,EP-4633791-A1_en_q_zh,zh,synthetic,0.999749498997996,,0.999749498997996,0.08367207033972304,0.8732970462316979
Qwen/Qwen3-Embedding-0.6B,qwen3-0.6B,EP-4630574-A1_fr_q_fr,fr,original,0.7054108216432865,0.8517034068136273,0.5591182364729459,-0.854527036179774,-0.027864942387204154
Qwen/Qwen3-Embedding-0.6B,qwen3-0.6B,EP-4634111-A1_fr_q_fr,fr,original,0.7389779559118237,0.9378757515030061,0.5400801603206412,-0.8216873919130364,-0.04067587534452921
Qwen/Qwen3-Embedding-0.6B,qwen3-0.6B,EP-4633622-A2_en_q_es,es,synthetic,0.9999999999999999,,0.9999999999999999,0.5333321760163414,0.8764159368974188
Qwen/Qwen3-Embedding-0.6B,qwen3-0.6B,EP-4634187-A1_en_q_es_120,es,synthetic,0.9934869739478958,,0.9934869739478958,-0.17237904388998082,0.6218340230969458
Qwen/Qwen3-Embedding-0.6B,qwen3-0.6B,EP-4634139-A1_fr_q_fr,fr,original,1.0,1.0,1.0,0.1203756409681067,0.6818852865527264
Qwen/Qwen3-Embedding-0.6B,qwen3-0.6B,EP-4634136-A1_en_q_en,en,original,0.6092184368737474,0.7014028056112225,0.5170340681362726,-0.8786954429348833,-0.06660914469519513
Qwen/Qwen3-Embedding-0.6B,qwen3-0.6B,EP-4634136-A1_en_q_de,de,synthetic,0.8767535070140281,,0.8767535070140281,-0.6871081984045179,0.13340373096461042
Qwen/Qwen3-Embedding-0.6B,qwen3-0.6B,EP-4634136-A1_fr_q_fr,fr,original,0.6633266533066132,0.996993987975952,0.3296593186372746,-0.927518741267846,-0.08677782319708455
Qwen/Qwen3-Embedding-0.6B,qwen3-0.6B,EP-4634136-A1_en_q_es_125,es,synthetic,0.7379759519038076,,0.7379759519038076,-0.7107811933838003,0.07035242127434499
Qwen/Qwen3-Embedding-0.6B,qwen3-0.6B,EP-4634248-A1_en_q_en,en,original,0.9984969939879761,1.0,0.996993987975952,-0.20382975860655975,0.5550524230058688
Qwen/Qwen3-Embedding-0.6B,qwen3-0.6B,EP-4634142-A1_en_q_es,es,synthetic,0.9943162821798729,,0.9943162821798729,0.04301087798824222,0.6590017365616359
Qwen/Qwen3-Embedding-0.6B,qwen3-0.6B,WO-2025214812-A1_de_q_es,es,synthetic,0.997995991983968,,0.997995991983968,-0.16426875522637646,0.6855916355767324
Qwen/Qwen3-Embedding-0.6B,qwen3-0.6B,EP-4633662-A1_en_q_de,de,synthetic,0.9118236472945892,,0.9118236472945892,-0.3628628997579647,0.313623992176113
Qwen/Qwen3-Embedding-0.6B,qwen3-0.6B,WO-2025153617-A3_de_q_de,de,original,0.998997995991984,0.9994989979959921,0.998496993987976,-0.26130436825536046,0.6468394131599613
Qwen/Qwen3-Embedding-0.6B,qwen3-0.6B,EP-4634596-A1_en_q_en,en,original,0.9974949899799599,1.0,0.9949899799599198,-0.09365814809690468,0.3885195855631919
Qwen/Qwen3-Embedding-0.6B,qwen3-0.6B,EP-4634596-A1_en_q_de,de,synthetic,1.0,,1.0,0.30037790443881845,0.7801017876142743
Qwen/Qwen3-Embedding-0.6B,qwen3-0.6B,EP-4634596-A1_fr_q_fr,fr,original,0.9849699398797596,0.9979959919839679,0.9719438877755512,-0.43037816838924736,0.38808314694182994
Qwen/Qwen3-Embedding-0.6B,qwen3-0.6B,EP-4634596-A1_en_q_es_135,es,synthetic,0.9949899799599198,,0.9949899799599198,-0.016173200191863087,0.7478321226240039
nomic-ai/nomic-embed-text-v2-moe,nomic-v2-moe,EP-4633662-A1_en_q_en,en,original,0.9754509018036072,0.9989979959919839,0.9519038076152304,-0.4351215192200044,0.369275265292518
nomic-ai/nomic-embed-text-v2-moe,nomic-v2-moe,EP-4630509-A1_fr_q_fr,fr,original,0.9348697394789579,1.0,0.8697394789579159,-0.44164775950085083,0.09453267946367297
nomic-ai/nomic-embed-text-v2-moe,nomic-v2-moe,EP-4634248-A1_en_q_es,es,synthetic,0.6648296593186374,,0.6648296593186374,-0.7116106276743036,0.03988789627795593
nomic-ai/nomic-embed-text-v2-moe,nomic-v2-moe,EP-4634187-A1_en_q_es,es,synthetic,0.9859719438877755,,0.9859719438877755,-0.053352272089288735,0.5851350912561829
nomic-ai/nomic-embed-text-v2-moe,nomic-v2-moe,EP-4634142-A1_fr_q_fr,fr,original,0.6623246492985972,0.6733466933867736,0.6513026052104208,-0.8377544117743643,0.010591683093632514
nomic-ai/nomic-embed-text-v2-moe,nomic-v2-moe,EP-4633768-A2_en_q_es,es,synthetic,0.9559559559559558,,0.9559559559559558,-0.47593231225674243,0.34468779093598434
nomic-ai/nomic-embed-text-v2-moe,nomic-v2-moe,EP-4633645-A1_fr_q_fr,fr,original,0.967434869739479,0.9569138276553106,0.9779559118236473,-0.3983446129176788,0.42107287180298275
nomic-ai/nomic-embed-text-v2-moe,nomic-v2-moe,EP-4633622-A2_en_q_de,de,synthetic,1.0,,1.0,0.4237593857182584,0.8294743010106362
nomic-ai/nomic-embed-text-v2-moe,nomic-v2-moe,EP-4634601-A1_en_q_en,en,original,0.9108216432865731,0.9989979959919839,0.8226452905811623,-0.7272393309905526,0.11840455706419532
nomic-ai/nomic-embed-text-v2-moe,nomic-v2-moe,EP-4630626-A1_de_q_de,de,original,0.996993987975952,1.0,0.9939879759519038,-0.20448161113271962,0.43860796632520543
nomic-ai/nomic-embed-text-v2-moe,nomic-v2-moe,EP-4630600-A1_de_q_en,en,synthetic,0.5756513026052104,,0.5756513026052104,-0.8501856726755883,-0.009627370288035305
nomic-ai/nomic-embed-text-v2-moe,nomic-v2-moe,EP-4633632-A1_en_q_es,es,synthetic,0.9695753928452022,,0.9695753928452022,-0.3177909745568522,0.4993185203161472
nomic-ai/nomic-embed-text-v2-moe,nomic-v2-moe,EP-4634136-A1_en_q_es,es,synthetic,0.3163163163163163,,0.3163163163163163,-0.9263987480526438,-0.09797109158446834
nomic-ai/nomic-embed-text-v2-moe,nomic-v2-moe,EP-4634157-A1_en_q_de,de,synthetic,0.9168336673346694,,0.9168336673346694,-0.4064199321095478,0.31888191404395266
nomic-ai/nomic-embed-text-v2-moe,nomic-v2-moe,EP-4634111-A1_en_q_de,de,synthetic,0.6136136136136137,,0.6136136136136137,-0.8736484462517593,-0.006529042285973971
nomic-ai/nomic-embed-text-v2-moe,nomic-v2-moe,EP-4634596-A1_en_q_es,es,synthetic,0.717935871743487,,0.717935871743487,-0.6288275516501782,0.08044992697908555
nomic-ai/nomic-embed-text-v2-moe,nomic-v2-moe,EP-4634139-A1_en_q_es,es,synthetic,1.0,,1.0,0.23231810428894403,0.8225749702087183
nomic-ai/nomic-embed-text-v2-moe,nomic-v2-moe,WO-2025153617-A3_de_q_en,en,synthetic,0.6062124248496994,,0.6062124248496994,-0.7041727582846005,0.020815748211823457
nomic-ai/nomic-embed-text-v2-moe,nomic-v2-moe,EP-4634426-A1_en_q_es,es,synthetic,0.7027749916415914,,0.7027749916415914,-0.763032605427861,0.042908170063042116
nomic-ai/nomic-embed-text-v2-moe,nomic-v2-moe,EP-4634729-A1_en_q_de,de,synthetic,1.0,,1.0,0.3249078626819322,0.8570862198066721
nomic-ai/nomic-embed-text-v2-moe,nomic-v2-moe,EP-4626569-A1_de_q_en,en,synthetic,0.8797595190380763,,0.8797595190380763,-0.46130132187397843,0.23253140562657987
nomic-ai/nomic-embed-text-v2-moe,nomic-v2-moe,EP-4634394-A2_en_q_es,es,synthetic,1.0,,1.0,0.14520481821971631,0.8147621306197096
nomic-ai/nomic-embed-text-v2-moe,nomic-v2-moe,EP-4634424-A1_en_q_es,es,synthetic,0.9498997995991985,,0.9498997995991985,-0.3960047527105303,0.36369360335602646
nomic-ai/nomic-embed-text-v2-moe,nomic-v2-moe,EP-4633602-A1_en_q_de,de,synthetic,0.2492492492492493,,0.2492492492492493,-0.955991510838463,-0.0861601710887415
nomic-ai/nomic-embed-text-v2-moe,nomic-v2-moe,EP-4634337-A1_en_q_en,en,original,0.9784569138276553,0.9989979959919839,0.9579158316633267,-0.2971494040595771,0.45016975245657104
nomic-ai/nomic-embed-text-v2-moe,nomic-v2-moe,EP-4634128-A1_en_q_en,en,original,0.9989989989989989,0.9989989989989989,,,
nomic-ai/nomic-embed-text-v2-moe,nomic-v2-moe,EP-4633896-A1_en_q_en,en,original,0.996996996996997,0.996996996996997,,,
nomic-ai/nomic-embed-text-v2-moe,nomic-v2-moe,WO-2025215091-A1_fr_q_fr,fr,original,0.7655310621242485,0.6342685370741483,0.8967935871743486,-0.669582112330155,0.18046047144272204
nomic-ai/nomic-embed-text-v2-moe,nomic-v2-moe,EP-4633599-A1_fr_q_fr,fr,original,1.0,1.0,1.0,0.01582644414145426,0.7144788532900185
nomic-ai/nomic-embed-text-v2-moe,nomic-v2-moe,EP-4633656-A1_fr_q_fr,fr,original,0.9716933867735472,0.9468937875751503,0.9964929859719439,-0.16236485367527018,0.6781046419413861
nomic-ai/nomic-embed-text-v2-moe,nomic-v2-moe,EP-4634396-A1_fr_q_fr,fr,original,1.0,1.0,1.0,0.49890406215349004,0.8567820463938516
nomic-ai/nomic-embed-text-v2-moe,nomic-v2-moe,EP-4633893-A1_fr_q_fr,fr,original,0.9924849699398798,0.998997995991984,0.9859719438877756,-0.28903330956504025,0.5459808646528057
nomic-ai/nomic-embed-text-v2-moe,nomic-v2-moe,EP-4633462-A1_en_q_en,en,original,0.9994989979959921,1.0,0.998997995991984,-0.2812014129212074,0.561576067897892
nomic-ai/nomic-embed-text-v2-moe,nomic-v2-moe,EP-4633386-A1_en_q_en,en,original,0.9564128256513026,0.9839679358717435,0.9288577154308617,-0.6914661280234595,0.18518609366504446
nomic-ai/nomic-embed-text-v2-moe,nomic-v2-moe,EP-4633970-A1_fr_q_fr,fr,original,0.9749498997995991,1.0,0.9498997995991983,-0.6230684615787545,0.23873655612761116
nomic-ai/nomic-embed-text-v2-moe,nomic-v2-moe,EP-4633415-A1_en_q_en,en,original,0.9944889779559118,0.9979959919839679,0.9909819639278558,-0.40709522720971975,0.47108235234787205
nomic-ai/nomic-embed-text-v2-moe,nomic-v2-moe,EP-4633415-A1_en_q_de,de,synthetic,0.9488977955911825,,0.9488977955911825,-0.3082214137769364,0.36396611167842796
nomic-ai/nomic-embed-text-v2-moe,nomic-v2-moe,EP-4633415-A1_fr_q_fr,fr,original,0.9323647294589178,0.969939879759519,0.8947895791583166,-0.6989431776500795,0.1627261392512375
nomic-ai/nomic-embed-text-v2-moe,nomic-v2-moe,EP-4633415-A1_en_q_es,es,synthetic,1.0,,1.0,0.2958994241575132,0.7973213988186001
nomic-ai/nomic-embed-text-v2-moe,nomic-v2-moe,EP-4633950-A1_en_q_en,en,original,0.7354709418837676,0.9909819639278558,0.47995991983967934,-0.880500986193294,-0.06031232484693242
nomic-ai/nomic-embed-text-v2-moe,nomic-v2-moe,EP-4633950-A1_en_q_de,de,synthetic,0.11311311311311312,,0.11311311311311312,-0.9762445329693289,-0.1452010274195971
nomic-ai/nomic-embed-text-v2-moe,nomic-v2-moe,EP-4633950-A1_fr_q_fr,fr,original,0.4404404404404404,0.4404404404404404,,,
nomic-ai/nomic-embed-text-v2-moe,nomic-v2-moe,EP-4633950-A1_en_q_es,es,synthetic,0.780060120240481,,0.780060120240481,-0.6040244969378827,0.12148633600158704
nomic-ai/nomic-embed-text-v2-moe,nomic-v2-moe,EP-4634629-A1_en_q_en,en,original,0.5105315947843531,0.6569709127382146,0.4373119358074222,-0.8979307298950859,-0.07161761142809878
nomic-ai/nomic-embed-text-v2-moe,nomic-v2-moe,EP-4634629-A1_de_q_de,de,original,0.5876753507014029,0.9859719438877755,0.18937875751503008,-0.9708694577366555,-0.08690373525112502
nomic-ai/nomic-embed-text-v2-moe,nomic-v2-moe,EP-4634629-A1_fr_q_fr,fr,original,0.9519519519519519,0.9519519519519519,,,
nomic-ai/nomic-embed-text-v2-moe,nomic-v2-moe,EP-4634629-A1_en_q_es,es,synthetic,0.3003003003003003,,0.3003003003003003,-0.9213671914096572,-0.13172153551627058
nomic-ai/nomic-embed-text-v2-moe,nomic-v2-moe,EP-4633582-A1_en_q_es,es,synthetic,0.9849699398797596,,0.9849699398797596,-0.23223362424474941,0.5469326865958719
nomic-ai/nomic-embed-text-v2-moe,nomic-v2-moe,EP-4634165-A1_en_q_es,es,synthetic,1.0,,1.0,0.4533141287420549,0.857769911987566
nomic-ai/nomic-embed-text-v2-moe,nomic-v2-moe,EP-4633677-A1_en_q_de,de,synthetic,0.908817635270541,,0.908817635270541,-0.33635536419725715,0.32105625094567475
nomic-ai/nomic-embed-text-v2-moe,nomic-v2-moe,EP-4634246-A1_en_q_en,en,original,0.9784569138276553,0.9789579158316633,0.9779559118236473,-0.4570526167201893,0.4059463989205784
nomic-ai/nomic-embed-text-v2-moe,nomic-v2-moe,EP-4634120-A1_en_q_de,de,synthetic,0.9403807615230461,,0.9403807615230461,-0.44325847100102816,0.30777861448921046
nomic-ai/nomic-embed-text-v2-moe,nomic-v2-moe,EP-4633638-A1_en_q_en,en,original,1.0,1.0,1.0,0.26629826985066746,0.8681376057160041
nomic-ai/nomic-embed-text-v2-moe,nomic-v2-moe,EP-4633389-A1_en_q_en,en,original,1.0,1.0,1.0,0.22478230595304222,0.5261904513471579
nomic-ai/nomic-embed-text-v2-moe,nomic-v2-moe,WO-2025209629-A1_de_q_es,es,synthetic,0.9994989979959921,,0.9994989979959921,0.06968834612057716,0.8863379009820007
nomic-ai/nomic-embed-text-v2-moe,nomic-v2-moe,EP-4634132-A2_en_q_en,en,original,0.9789579158316634,0.9989979959919839,0.9589178356713427,-0.5292869601437014,0.3042920115085037
nomic-ai/nomic-embed-text-v2-moe,nomic-v2-moe,EP-4634914-A1_en_q_es,es,synthetic,0.998496993987976,,0.998496993987976,-0.025433399419060355,0.7449367359367174
nomic-ai/nomic-embed-text-v2-moe,nomic-v2-moe,EP-4634285-A1_en_q_de,de,synthetic,1.0,,1.0,0.30275577537553716,0.6918400480061037
nomic-ai/nomic-embed-text-v2-moe,nomic-v2-moe,EP-4634122-A1_fr_q_fr,fr,original,0.9423847695390781,0.9729458917835672,0.9118236472945892,-0.5476018661799266,0.260484370622088
nomic-ai/nomic-embed-text-v2-moe,nomic-v2-moe,EP-4634365-A1_fr_q_fr,fr,original,1.0,0.9999999999999999,0.9999999999999999,0.2906915160757172,0.7093034470500634
nomic-ai/nomic-embed-text-v2-moe,nomic-v2-moe,WO-2025214709-A1_de_q_es,es,synthetic,0.8552104208416834,,0.8552104208416834,-0.6778515190238674,0.133050785042761
nomic-ai/nomic-embed-text-v2-moe,nomic-v2-moe,EP-4633426-A2_en_q_es,es,synthetic,0.9993313273152792,,0.9993313273152792,0.19011614126570275,0.7136713272471279
nomic-ai/nomic-embed-text-v2-moe,nomic-v2-moe,EP-4630604-A1_de_q_es,es,synthetic,0.9919839679358716,,0.9919839679358716,-0.11132121179494753,0.6673057297184573
nomic-ai/nomic-embed-text-v2-moe,nomic-v2-moe,EP-4634118-A1_en_q_es,es,synthetic,0.9954909819639278,,0.9954909819639278,0.12357780863365998,0.6629982586910635
nomic-ai/nomic-embed-text-v2-moe,nomic-v2-moe,EP-4634404-A1_en_q_de,de,synthetic,1.0,,1.0,0.3365745167324879,0.7855954519723295
nomic-ai/nomic-embed-text-v2-moe,nomic-v2-moe,EP-4633465-A1_en_q_de,de,synthetic,1.0,,1.0,0.26273831181316654,0.7994858391999571
nomic-ai/nomic-embed-text-v2-moe,nomic-v2-moe,EP-4633680-A1_en_q_es,es,synthetic,1.0,,1.0,0.4682608211776174,0.8698838364125836
nomic-ai/nomic-embed-text-v2-moe,nomic-v2-moe,WO-2025201606-A1_de_q_es,es,synthetic,0.998997995991984,,0.998997995991984,-0.0738606860491892,0.7516606421072566
nomic-ai/nomic-embed-text-v2-moe,nomic-v2-moe,EP-4634435-A1_en_q_de,de,synthetic,0.999498997995992,,0.999498997995992,0.0679386560914061,0.8138751615102416
nomic-ai/nomic-embed-text-v2-moe,nomic-v2-moe,EP-4634143-A1_en_q_de,de,synthetic,0.9626753507014029,,0.9626753507014029,-0.47307613679507027,0.34685066520412716
nomic-ai/nomic-embed-text-v2-moe,nomic-v2-moe,EP-4634411-A1_en_q_de,de,synthetic,0.6412825651302605,,0.6412825651302605,-0.6062679640323817,0.063386734442436
nomic-ai/nomic-embed-text-v2-moe,nomic-v2-moe,EP-4634287-A1_en_q_es,es,synthetic,0.7737737737737738,,0.7737737737737738,-0.7719833021166158,0.07591728126819375
nomic-ai/nomic-embed-text-v2-moe,nomic-v2-moe,EP-4633627-A1_en_q_de,de,synthetic,1.0,,1.0,0.30062357661858813,0.8347981153718345
nomic-ai/nomic-embed-text-v2-moe,nomic-v2-moe,EP-4633670-A1_fr_q_fr,fr,original,1.0,1.0,1.0,0.17525363431009078,0.8267564226546009
nomic-ai/nomic-embed-text-v2-moe,nomic-v2-moe,WO-2025202163-A1_fr_q_fr,fr,original,0.998997995991984,1.0,0.9979959919839679,-0.050651276077517536,0.7082473040259628
nomic-ai/nomic-embed-text-v2-moe,nomic-v2-moe,WO-2025214852-A1_fr_q_fr,fr,original,0.9869739478957915,0.9929859719438877,0.9809619238476953,-0.4068579199893484,0.41125754268919573
nomic-ai/nomic-embed-text-v2-moe,nomic-v2-moe,WO-2025214996-A1_fr_q_fr,fr,original,0.843186372745491,0.9579158316633267,0.7284569138276553,-0.772297463678897,0.06160213803622998
nomic-ai/nomic-embed-text-v2-moe,nomic-v2-moe,EP-4630123-A1_de_q_de,de,original,0.9859719438877755,0.998997995991984,0.9729458917835672,-0.46753406798679426,0.37340189501635035
nomic-ai/nomic-embed-text-v2-moe,nomic-v2-moe,EP-4634646-A1_en_q_en,en,original,1.0,1.0,1.0,0.28796931544028936,0.654875542418522
nomic-ai/nomic-embed-text-v2-moe,nomic-v2-moe,EP-4634294-A1_en_q_en,en,original,0.9864729458917837,0.9989979959919839,0.973947895791583,-0.4926665270634267,0.37626732925529166
nomic-ai/nomic-embed-text-v2-moe,nomic-v2-moe,EP-4634436-A1_fr_q_fr,fr,original,0.996993987975952,0.996993987975952,0.996993987975952,-0.16929934849697112,0.6726602364633254
nomic-ai/nomic-embed-text-v2-moe,nomic-v2-moe,WO-2025215167-A1_de_q_de,de,original,0.998496993987976,1.0,0.996993987975952,-0.12185036563257466,0.6116518780946898
nomic-ai/nomic-embed-text-v2-moe,nomic-v2-moe,EP-4626962-A1_de_q_en,en,synthetic,0.9964929859719439,,0.9964929859719439,-0.07605633802816898,0.7031412176278067
nomic-ai/nomic-embed-text-v2-moe,nomic-v2-moe,EP-4626962-A1_de_q_de,de,original,0.9899799599198397,1.0,0.9799599198396793,-0.29689020110839537,0.4750254217202342
nomic-ai/nomic-embed-text-v2-moe,nomic-v2-moe,EP-4626962-A1_fr_q_fr,fr,original,0.9969939879759518,1.0,0.9939879759519038,-0.12955932025869912,0.6500427998517523
nomic-ai/nomic-embed-text-v2-moe,nomic-v2-moe,EP-4626962-A1_de_q_es,es,synthetic,0.9974949899799599,,0.9974949899799599,0.10390061593897197,0.7240286281289458
nomic-ai/nomic-embed-text-v2-moe,nomic-v2-moe,WO-2025201936-A1_de_q_en,en,synthetic,0.43243243243243246,,0.43243243243243246,-0.9057896651517866,-0.06085766827569405
nomic-ai/nomic-embed-text-v2-moe,nomic-v2-moe,WO-2025201936-A1_fr_q_fr,fr,original,0.9534068136272545,1.0,0.9068136272545091,-0.3891475999271385,0.1618582385612775
nomic-ai/nomic-embed-text-v2-moe,nomic-v2-moe,WO-2025201936-A1_de_q_es,es,synthetic,0.9944889779559117,,0.9944889779559117,-0.2513553153348905,0.5180417546484137
nomic-ai/nomic-embed-text-v2-moe,nomic-v2-moe,EP-4634597-A1_en_q_en,en,original,0.8161322645290581,0.9519038076152304,0.6803607214428857,-0.8465654142801017,0.016888997075642346
nomic-ai/nomic-embed-text-v2-moe,nomic-v2-moe,EP-4634597-A1_en_q_de,de,synthetic,0.9994989979959921,,0.9994989979959921,0.039608539502908956,0.8133505204071461
nomic-ai/nomic-embed-text-v2-moe,nomic-v2-moe,EP-4634597-A1_fr_q_fr,fr,original,0.998496993987976,1.0,0.996993987975952,-0.05944687250104386,0.6579302958212072
nomic-ai/nomic-embed-text-v2-moe,nomic-v2-moe,EP-4634597-A1_en_q_es,es,synthetic,0.9939879759519038,,0.9939879759519038,-0.18475617016209966,0.6316106099926435
nomic-ai/nomic-embed-text-v2-moe,nomic-v2-moe,EP-4634381-A1_en_q_zh,zh,synthetic,0.7094188376753507,,0.7094188376753507,-0.6008528726549407,0.11025063110048243
nomic-ai/nomic-embed-text-v2-moe,nomic-v2-moe,EP-4633589-A1_en_q_zh,zh,synthetic,0.0570570570570571,,0.0570570570570571,-0.9860076755523282,-0.22220248461302233
nomic-ai/nomic-embed-text-v2-moe,nomic-v2-moe,EP-4627024-A1_de_q_zh,zh,synthetic,0.8058058058058057,,0.8058058058058057,-0.7729520669540958,0.08911562462792473
nomic-ai/nomic-embed-text-v2-moe,nomic-v2-moe,EP-4634926-A1_en_q_zh,zh,synthetic,0.8887775551102205,,0.8887775551102205,-0.6166704521840825,0.19219944656648918
nomic-ai/nomic-embed-text-v2-moe,nomic-v2-moe,EP-4633863-A2_en_q_zh,zh,synthetic,0.7781678368438648,,0.7781678368438648,-0.7307523534815146,0.0841168892058168
nomic-ai/nomic-embed-text-v2-moe,nomic-v2-moe,EP-4633797-A1_en_q_zh,zh,synthetic,0.9994989979959918,,0.9994989979959918,0.040123289893473114,0.846749747805783
nomic-ai/nomic-embed-text-v2-moe,nomic-v2-moe,EP-4633777-A1_en_q_zh,zh,synthetic,0.970190380761523,,0.970190380761523,-0.15824417542072045,0.49775796366583375
nomic-ai/nomic-embed-text-v2-moe,nomic-v2-moe,EP-4633621-A1_en_q_zh,zh,synthetic,0.968937875751503,,0.968937875751503,-0.5095195460501741,0.3167300014222081
nomic-ai/nomic-embed-text-v2-moe,nomic-v2-moe,EP-4634416-A1_en_q_zh,zh,synthetic,0.8041082164328658,,0.8041082164328658,-0.659973964214078,0.11774659825622227
nomic-ai/nomic-embed-text-v2-moe,nomic-v2-moe,EP-4634305-A1_en_q_zh,zh,synthetic,1.0,,1.0,0.4980580042385809,0.8912779462294839
nomic-ai/nomic-embed-text-v2-moe,nomic-v2-moe,EP-4633531-A1_en_q_zh,zh,synthetic,0.9949899799599198,,0.9949899799599198,-0.298714325672013,0.5675999233737198
nomic-ai/nomic-embed-text-v2-moe,nomic-v2-moe,EP-4634333-A1_en_q_zh,zh,synthetic,0.5811623246492986,,0.5811623246492986,-0.850401531538251,0.006259658041292573
nomic-ai/nomic-embed-text-v2-moe,nomic-v2-moe,EP-4634212-A1_en_q_zh,zh,synthetic,0.999498997995992,,0.999498997995992,0.004194261048157649,0.86921443673197
nomic-ai/nomic-embed-text-v2-moe,nomic-v2-moe,EP-4629959-A1_de_q_zh,zh,synthetic,0.9083166332665331,,0.9083166332665331,-0.4777544671923606,0.25408486074369663
nomic-ai/nomic-embed-text-v2-moe,nomic-v2-moe,EP-4627881-A1_de_q_zh,zh,synthetic,0.9228456913827656,,0.9228456913827656,-0.5930185334407736,0.20714184533450458
nomic-ai/nomic-embed-text-v2-moe,nomic-v2-moe,EP-4633576-A1_en_q_zh,zh,synthetic,0.5921843687374749,,0.5921843687374749,-0.7965950988789987,0.007908064089148487
nomic-ai/nomic-embed-text-v2-moe,nomic-v2-moe,EP-4633742-A2_en_q_zh,zh,synthetic,0.998997995991984,,0.998997995991984,0.09387755102040828,0.7818089113863521
nomic-ai/nomic-embed-text-v2-moe,nomic-v2-moe,EP-4633791-A1_en_q_zh,zh,synthetic,0.9746993987975953,,0.9746993987975953,-0.017700395789155818,0.56004331359875
nomic-ai/nomic-embed-text-v2-moe,nomic-v2-moe,EP-4634111-A1_fr_q_fr,fr,original,0.9514028056112226,0.966933867735471,0.935871743486974,-0.5240591802503118,0.297562774251785
nomic-ai/nomic-embed-text-v2-moe,nomic-v2-moe,EP-4633622-A2_en_q_es,es,synthetic,1.0,,1.0,0.42718120445586477,0.8246661328919211
nomic-ai/nomic-embed-text-v2-moe,nomic-v2-moe,EP-4634187-A1_en_q_es_120,es,synthetic,1.0,,1.0,0.3570466307990076,0.7817606214193351
nomic-ai/nomic-embed-text-v2-moe,nomic-v2-moe,EP-4634139-A1_fr_q_fr,fr,original,1.0,1.0,1.0,0.17233298936144065,0.6974701503692871
nomic-ai/nomic-embed-text-v2-moe,nomic-v2-moe,EP-4634136-A1_en_q_en,en,original,0.4504008016032064,0.5420841683366734,0.3587174348697395,-0.9166934084046852,-0.11845025947573207
nomic-ai/nomic-embed-text-v2-moe,nomic-v2-moe,EP-4634136-A1_fr_q_fr,fr,original,1.0,1.0,,,
nomic-ai/nomic-embed-text-v2-moe,nomic-v2-moe,EP-4634248-A1_en_q_en,en,original,0.998496993987976,1.0,0.996993987975952,-0.41750894778937875,0.39193758878036217
nomic-ai/nomic-embed-text-v2-moe,nomic-v2-moe,EP-4634142-A1_en_q_es,es,synthetic,0.9903042460715481,,0.9903042460715481,-0.2661537922741972,0.475804180655031
nomic-ai/nomic-embed-text-v2-moe,nomic-v2-moe,WO-2025214812-A1_de_q_es,es,synthetic,0.998997995991984,,0.998997995991984,-0.12361000281870209,0.7446996705319456
nomic-ai/nomic-embed-text-v2-moe,nomic-v2-moe,EP-4633662-A1_en_q_de,de,synthetic,0.9621743486973947,,0.9621743486973947,-0.128900740649398,0.48563880232507606
nomic-ai/nomic-embed-text-v2-moe,nomic-v2-moe,WO-2025153617-A3_de_q_de,de,original,0.9784569138276553,0.9994989979959921,0.9574148296593187,-0.6773344383929277,0.21765392811038442
nomic-ai/nomic-embed-text-v2-moe,nomic-v2-moe,EP-4634596-A1_en_q_en,en,original,1.0,0.9999999999999999,0.9999999999999999,0.010354167476092,0.4528462288429687
nomic-ai/nomic-embed-text-v2-moe,nomic-v2-moe,EP-4634596-A1_en_q_de,de,synthetic,1.0,,1.0,0.22885987195470603,0.8487924659322298
nomic-ai/nomic-embed-text-v2-moe,nomic-v2-moe,EP-4634596-A1_fr_q_fr,fr,original,0.999498997995992,1.0,0.9989979959919839,-0.03770525986550586,0.5624249228269392
nomic-ai/nomic-embed-text-v2-moe,nomic-v2-moe,EP-4634596-A1_en_q_es_135,es,synthetic,0.996993987975952,,0.996993987975952,0.1272866029925302,0.7291621794964785
ibm-granite/granite-embedding-278m-multilingual,granite-278m,EP-4633662-A1_en_q_en,en,original,0.35935935935935936,0.35935935935935936,,,
ibm-granite/granite-embedding-278m-multilingual,granite-278m,EP-4630509-A1_fr_q_fr,fr,original,0.9779559118236473,1.0,0.9559118236472945,-0.441634641137597,0.2940204946327006
ibm-granite/granite-embedding-278m-multilingual,granite-278m,EP-4634187-A1_en_q_es,es,synthetic,0.9849699398797596,,0.9849699398797596,0.15504612640535648,0.6029600832390375
ibm-granite/granite-embedding-278m-multilingual,granite-278m,EP-4633645-A1_fr_q_fr,fr,original,0.9288577154308617,0.9128256513026052,0.9448897795591182,-0.5098466389565723,0.29694113036162584
ibm-granite/granite-embedding-278m-multilingual,granite-278m,EP-4633622-A2_en_q_de,de,synthetic,0.9889779559118236,,0.9889779559118236,-0.08562013951344061,0.6124762505201923
ibm-granite/granite-embedding-278m-multilingual,granite-278m,EP-4634601-A1_en_q_en,en,original,0.9884769539078156,1.0,0.9769539078156313,-0.39644128113878996,0.388937321673185
ibm-granite/granite-embedding-278m-multilingual,granite-278m,EP-4630626-A1_de_q_de,de,original,0.9929859719438878,1.0,0.9859719438877756,-0.3263801876901833,0.3918051601707524
ibm-granite/granite-embedding-278m-multilingual,granite-278m,EP-4633632-A1_en_q_es,es,synthetic,0.9779338014042126,,0.9779338014042126,-0.24122928959047665,0.5224156176512331
ibm-granite/granite-embedding-278m-multilingual,granite-278m,EP-4634136-A1_en_q_es,es,synthetic,0.1511511511511512,,0.1511511511511512,-0.9614723673357168,-0.1660571418270075
ibm-granite/granite-embedding-278m-multilingual,granite-278m,EP-4634157-A1_en_q_de,de,synthetic,0.46846846846846846,,0.46846846846846846,-0.8652849210089547,-0.05991409313951012
ibm-granite/granite-embedding-278m-multilingual,granite-278m,EP-4630574-A1_de_q_en,en,synthetic,0.16316316316316315,,0.16316316316316315,-0.9554307288549198,-0.1683097066402013
ibm-granite/granite-embedding-278m-multilingual,granite-278m,EP-4634111-A1_en_q_de,de,synthetic,0.4814814814814815,,0.4814814814814815,-0.8509554856905727,-0.04500058474274015
ibm-granite/granite-embedding-278m-multilingual,granite-278m,EP-4634139-A1_en_q_es,es,synthetic,1.0,,1.0,0.30911805356351213,0.8192973097732743
ibm-granite/granite-embedding-278m-multilingual,granite-278m,WO-2025153617-A3_de_q_en,en,synthetic,0.4160821643286573,,0.4160821643286573,-0.7670281729085376,-0.03388883977054208
ibm-granite/granite-embedding-278m-multilingual,granite-278m,EP-4634251-A1_en_q_es,es,synthetic,0.5596790371113339,,0.5596790371113339,-0.652047639773672,0.02887370085830843
ibm-granite/granite-embedding-278m-multilingual,granite-278m,EP-4634426-A1_en_q_es,es,synthetic,0.8318288197927114,,0.8318288197927114,-0.5554456602157237,0.16219541898673548
ibm-granite/granite-embedding-278m-multilingual,granite-278m,EP-4634729-A1_en_q_de,de,synthetic,1.0,,1.0,0.34516037151011164,0.7609677252445727
ibm-granite/granite-embedding-278m-multilingual,granite-278m,EP-4626569-A1_de_q_en,en,synthetic,0.5445445445445446,,0.5445445445445446,-0.8259010669977507,-0.020537933824529456
ibm-granite/granite-embedding-278m-multilingual,granite-278m,EP-4634394-A2_en_q_es,es,synthetic,0.9734468937875751,,0.9734468937875751,-0.3079504594486618,0.4258580685141756
ibm-granite/granite-embedding-278m-multilingual,granite-278m,EP-4634337-A1_en_q_en,en,original,0.939879759519038,0.9759519038076153,0.9038076152304609,-0.527164654053121,0.27421285084973673
ibm-granite/granite-embedding-278m-multilingual,granite-278m,EP-4633896-A1_en_q_en,en,original,0.6146146146146146,0.6146146146146146,,,
ibm-granite/granite-embedding-278m-multilingual,granite-278m,WO-2025215091-A1_fr_q_fr,fr,original,0.8832665330661323,0.8276553106212424,0.938877755511022,-0.587012389244755,0.2753400552783675
ibm-granite/granite-embedding-278m-multilingual,granite-278m,EP-4633599-A1_fr_q_fr,fr,original,0.9884769539078156,0.9989979959919839,0.9779559118236473,-0.3506888252624586,0.4514107575289996
ibm-granite/granite-embedding-278m-multilingual,granite-278m,EP-4633656-A1_fr_q_fr,fr,original,0.7352352352352353,,0.7352352352352353,-0.7564390542736139,0.06723229048835253
ibm-granite/granite-embedding-278m-multilingual,granite-278m,EP-4634396-A1_fr_q_fr,fr,original,1.0,1.0,1.0,0.5255104397634888,0.8713458652337934
ibm-granite/granite-embedding-278m-multilingual,granite-278m,EP-4633893-A1_fr_q_fr,fr,original,0.9739478957915833,0.9799599198396793,0.9679358717434869,-0.41098491557967676,0.4065318799623922
ibm-granite/granite-embedding-278m-multilingual,granite-278m,EP-4633462-A1_en_q_en,en,original,0.999498997995992,0.9999999999999999,0.9989979959919839,-0.03971705014992409,0.8040957751420784
ibm-granite/granite-embedding-278m-multilingual,granite-278m,EP-4633386-A1_en_q_en,en,original,0.8748748748748748,0.8748748748748748,,,
ibm-granite/granite-embedding-278m-multilingual,granite-278m,EP-4633970-A1_fr_q_fr,fr,original,0.9659318637274549,0.9959919839679359,0.935871743486974,-0.5352618288813911,0.28104864073737107
ibm-granite/granite-embedding-278m-multilingual,granite-278m,EP-4633415-A1_en_q_en,en,original,0.9909819639278558,1.0,0.9819639278557115,-0.375946487385827,0.4108660293661237
ibm-granite/granite-embedding-278m-multilingual,granite-278m,EP-4633415-A1_en_q_de,de,synthetic,0.9889779559118237,,0.9889779559118237,-0.3816671632896307,0.43349287221642374
ibm-granite/granite-embedding-278m-multilingual,granite-278m,EP-4633415-A1_fr_q_fr,fr,original,0.9483967935871744,0.9228456913827656,0.9739478957915833,-0.3879942365554945,0.4461047011031288
ibm-granite/granite-embedding-278m-multilingual,granite-278m,EP-4633415-A1_en_q_es,es,synthetic,0.9924849699398798,,0.9924849699398798,-0.09566517189835601,0.6395738179027735
ibm-granite/granite-embedding-278m-multilingual,granite-278m,EP-4633950-A1_en_q_en,en,original,0.9804609218436875,0.9959919839679359,0.9649298597194389,-0.3791159715081329,0.42480927508656535
ibm-granite/granite-embedding-278m-multilingual,granite-278m,EP-4633950-A1_en_q_de,de,synthetic,0.07507507507507505,,0.07507507507507505,-0.9884865137797819,-0.1160443683664414
ibm-granite/granite-embedding-278m-multilingual,granite-278m,EP-4633950-A1_en_q_es,es,synthetic,0.4184184184184184,,0.4184184184184184,-0.934126500274037,-0.058494545460866625
ibm-granite/granite-embedding-278m-multilingual,granite-278m,EP-4634629-A1_en_q_en,en,original,0.7746573052490805,0.8455366098294885,0.7392176529588766,-0.6258887409672527,0.09557084221451545
ibm-granite/granite-embedding-278m-multilingual,granite-278m,EP-4634629-A1_de_q_de,de,original,0.42142142142142147,0.42142142142142147,,,
ibm-granite/granite-embedding-278m-multilingual,granite-278m,EP-4634629-A1_en_q_es,es,synthetic,0.3450351053159478,,0.3450351053159478,-0.8161633225206444,-0.11395702621527157
ibm-granite/granite-embedding-278m-multilingual,granite-278m,EP-4633582-A1_en_q_es,es,synthetic,0.8662324649298597,,0.8662324649298597,-0.28214760978605813,0.29798684276116977
ibm-granite/granite-embedding-278m-multilingual,granite-278m,EP-4634165-A1_en_q_es,es,synthetic,1.0,,1.0,0.2967097742212058,0.8913956941820191
ibm-granite/granite-embedding-278m-multilingual,granite-278m,EP-4633677-A1_en_q_de,de,synthetic,0.7169338677354709,,0.7169338677354709,-0.6013846872271736,0.09657580172967788
ibm-granite/granite-embedding-278m-multilingual,granite-278m,EP-4634246-A1_en_q_en,en,original,0.8341683366733467,0.8366733466933868,0.8316633266533066,-0.729968871996836,0.11710919043445725
ibm-granite/granite-embedding-278m-multilingual,granite-278m,EP-4634120-A1_en_q_de,de,synthetic,0.8622244488977957,,0.8622244488977957,-0.569188063844552,0.21962696087128267
ibm-granite/granite-embedding-278m-multilingual,granite-278m,EP-4633638-A1_en_q_en,en,original,1.0,1.0,1.0,0.3422296708193672,0.8696083533583352
ibm-granite/granite-embedding-278m-multilingual,granite-278m,EP-4633389-A1_en_q_en,en,original,1.0,1.0,1.0,0.22897070586057433,0.6187086663241013
ibm-granite/granite-embedding-278m-multilingual,granite-278m,WO-2025209629-A1_de_q_es,es,synthetic,1.0,,1.0,0.18571810644557385,0.8544110374622833
ibm-granite/granite-embedding-278m-multilingual,granite-278m,EP-4634132-A2_en_q_en,en,original,0.9393787575150301,0.9739478957915833,0.904809619238477,-0.5420165244844501,0.2585713029952083
ibm-granite/granite-embedding-278m-multilingual,granite-278m,EP-4634914-A1_en_q_es,es,synthetic,0.9849699398797596,,0.9849699398797596,-0.24639302346817663,0.5048402667813929
ibm-granite/granite-embedding-278m-multilingual,granite-278m,EP-4634285-A1_en_q_de,de,synthetic,0.9799599198396793,,0.9799599198396793,0.1612375229954606,0.5774955617606781
ibm-granite/granite-embedding-278m-multilingual,granite-278m,EP-4634122-A1_fr_q_fr,fr,original,0.9514028056112225,0.9529058116232465,0.9498997995991985,-0.3998866942080371,0.3705184610613495
ibm-granite/granite-embedding-278m-multilingual,granite-278m,EP-4634365-A1_fr_q_fr,fr,original,1.0,1.0,1.0,0.35791803193037697,0.7895674128393969
ibm-granite/granite-embedding-278m-multilingual,granite-278m,WO-2025214709-A1_de_q_es,es,synthetic,0.9679358717434869,,0.9679358717434869,-0.020431740869900912,0.5413794684638951
ibm-granite/granite-embedding-278m-multilingual,granite-278m,EP-4633426-A2_en_q_es,es,synthetic,0.9996656636576396,,0.9996656636576396,0.1193033957473816,0.7459875288618424
ibm-granite/granite-embedding-278m-multilingual,granite-278m,EP-4630604-A1_de_q_es,es,synthetic,0.9724448897795591,,0.9724448897795591,-0.48047491020751276,0.3554142945443631
ibm-granite/granite-embedding-278m-multilingual,granite-278m,EP-4634118-A1_en_q_es,es,synthetic,0.9879759519038076,,0.9879759519038076,-0.14337843080205642,0.6342078128714024
ibm-granite/granite-embedding-278m-multilingual,granite-278m,EP-4634404-A1_en_q_de,de,synthetic,1.0,,1.0,0.4254126250571324,0.7824910702009368
ibm-granite/granite-embedding-278m-multilingual,granite-278m,EP-4633465-A1_en_q_de,de,synthetic,1.0,,1.0,0.06309727791418664,0.8575680268346126
ibm-granite/granite-embedding-278m-multilingual,granite-278m,EP-4633680-A1_en_q_es,es,synthetic,0.9994989979959921,,0.9994989979959921,0.0727776754305162,0.733789921079625
ibm-granite/granite-embedding-278m-multilingual,granite-278m,WO-2025201606-A1_de_q_es,es,synthetic,0.998496993987976,,0.998496993987976,0.17175388581481618,0.7210676513307407
ibm-granite/granite-embedding-278m-multilingual,granite-278m,EP-4634435-A1_en_q_de,de,synthetic,0.9964929859719437,,0.9964929859719437,-0.22916128247617076,0.5785804342536309
ibm-granite/granite-embedding-278m-multilingual,granite-278m,EP-4634143-A1_en_q_de,de,synthetic,0.9546593186372746,,0.9546593186372746,-0.40729231209189326,0.38099528736707017
ibm-granite/granite-embedding-278m-multilingual,granite-278m,EP-4634411-A1_en_q_de,de,synthetic,0.4664328657314629,,0.4664328657314629,-0.7860941745642523,-0.04159483723228952
ibm-granite/granite-embedding-278m-multilingual,granite-278m,EP-4634287-A1_en_q_es,es,synthetic,0.9539078156312625,,0.9539078156312625,-0.3896266358737494,0.37439993107419095
ibm-granite/granite-embedding-278m-multilingual,granite-278m,EP-4633627-A1_en_q_de,de,synthetic,1.0,,1.0,0.15909605632415907,0.8633290360939492
ibm-granite/granite-embedding-278m-multilingual,granite-278m,EP-4633670-A1_fr_q_fr,fr,original,1.0,0.9999999999999999,0.9999999999999999,0.240286898778295,0.8792003912191462
ibm-granite/granite-embedding-278m-multilingual,granite-278m,WO-2025202163-A1_fr_q_fr,fr,original,0.998997995991984,0.998997995991984,0.998997995991984,-0.11940815033921626,0.7665873710371375
ibm-granite/granite-embedding-278m-multilingual,granite-278m,WO-2025214852-A1_fr_q_fr,fr,original,0.46893787575150303,0.1943887775551102,0.7434869739478958,-0.7567650830724264,0.0625082529991166
ibm-granite/granite-embedding-278m-multilingual,granite-278m,WO-2025214996-A1_fr_q_fr,fr,original,0.7039078156312626,0.5711422845691383,0.8366733466933868,-0.5514843836221165,0.20484737270590128
ibm-granite/granite-embedding-278m-multilingual,granite-278m,EP-4630123-A1_de_q_de,de,original,0.9904809619238477,0.9959919839679359,0.9849699398797596,-0.3627297240442909,0.45447901789312306
ibm-granite/granite-embedding-278m-multilingual,granite-278m,EP-4634646-A1_en_q_en,en,original,1.0,1.0,1.0,0.2846852356803682,0.7730386616100626
ibm-granite/granite-embedding-278m-multilingual,granite-278m,EP-4634294-A1_en_q_en,en,original,0.9934869739478959,0.9979959919839679,0.9889779559118237,-0.32157446667183304,0.5268046360741719
ibm-granite/granite-embedding-278m-multilingual,granite-278m,EP-4634436-A1_fr_q_fr,fr,original,0.7530060120240482,0.561122244488978,0.9448897795591182,-0.5010011641443539,0.3191404062073935
ibm-granite/granite-embedding-278m-multilingual,granite-278m,WO-2025215167-A1_de_q_de,de,original,0.9969939879759518,1.0,0.9939879759519038,-0.17466882867036734,0.49391398776225515
ibm-granite/granite-embedding-278m-multilingual,granite-278m,EP-4626962-A1_de_q_en,en,synthetic,1.0,,1.0,0.046516151982036465,0.8499910846838749
ibm-granite/granite-embedding-278m-multilingual,granite-278m,EP-4626962-A1_de_q_de,de,original,0.998997995991984,0.9979959919839679,1.0,0.01621772628359651,0.8338836777831385
ibm-granite/granite-embedding-278m-multilingual,granite-278m,EP-4626962-A1_fr_q_fr,fr,original,0.9994989979959921,1.0,0.998997995991984,-0.036542763784695606,0.7615295164738242
ibm-granite/granite-embedding-278m-multilingual,granite-278m,EP-4626962-A1_de_q_es,es,synthetic,0.999498997995992,,0.999498997995992,0.019868350581364946,0.8434536759518472
ibm-granite/granite-embedding-278m-multilingual,granite-278m,WO-2025201936-A1_fr_q_fr,fr,original,0.7274549098196393,0.9719438877755511,0.4829659318637275,-0.8466953889736688,-0.05557202747667371
ibm-granite/granite-embedding-278m-multilingual,granite-278m,WO-2025201936-A1_de_q_es,es,synthetic,0.996993987975952,,0.996993987975952,0.04049799427849932,0.6683612946754625
ibm-granite/granite-embedding-278m-multilingual,granite-278m,EP-4634597-A1_en_q_de,de,synthetic,0.2985971943887776,,0.2985971943887776,-0.9014538522585028,-0.10647331463306199
ibm-granite/granite-embedding-278m-multilingual,granite-278m,EP-4634597-A1_fr_q_fr,fr,original,0.9514028056112224,0.9539078156312626,0.9488977955911824,-0.4287616192860213,0.3721652875418718
ibm-granite/granite-embedding-278m-multilingual,granite-278m,EP-4634597-A1_en_q_es,es,synthetic,0.37975951903807614,,0.37975951903807614,-0.8354499052509324,-0.06345314107645536
ibm-granite/granite-embedding-278m-multilingual,granite-278m,EP-4634381-A1_en_q_zh,zh,synthetic,0.6503006012024048,,0.6503006012024048,-0.5397391968841668,0.12488942684343232
ibm-granite/granite-embedding-278m-multilingual,granite-278m,EP-4634926-A1_en_q_zh,zh,synthetic,0.4235971943887775,,0.4235971943887775,-0.7183692939967703,-0.016475864175142598
ibm-granite/granite-embedding-278m-multilingual,granite-278m,EP-4633863-A2_en_q_zh,zh,synthetic,0.5566700100300903,,0.5566700100300903,-0.8003055249087669,-0.010796307824453955
ibm-granite/granite-embedding-278m-multilingual,granite-278m,EP-4633797-A1_en_q_zh,zh,synthetic,0.999498997995992,,0.999498997995992,0.022600273190115573,0.8174698334953786
ibm-granite/granite-embedding-278m-multilingual,granite-278m,EP-4633777-A1_en_q_zh,zh,synthetic,0.9937374749498997,,0.9937374749498997,0.0,0.6716701495934925
ibm-granite/granite-embedding-278m-multilingual,granite-278m,EP-4633621-A1_en_q_zh,zh,synthetic,0.9959919839679359,,0.9959919839679359,-0.29633462754879014,0.48193161927464917
ibm-granite/granite-embedding-278m-multilingual,granite-278m,EP-4633581-A1_en_q_zh,zh,synthetic,0.47547547547547553,,0.47547547547547553,-0.8678010870117342,-0.05411710282945195
ibm-granite/granite-embedding-278m-multilingual,granite-278m,EP-4634416-A1_en_q_zh,zh,synthetic,0.6643286573146292,,0.6643286573146292,-0.6571088007416727,0.05449977665416212
ibm-granite/granite-embedding-278m-multilingual,granite-278m,EP-4634305-A1_en_q_zh,zh,synthetic,1.0,,1.0,0.4120325562361564,0.8776991914572443
ibm-granite/granite-embedding-278m-multilingual,granite-278m,EP-4633531-A1_en_q_zh,zh,synthetic,0.9889779559118236,,0.9889779559118236,-0.15317680348716461,0.6293869009230546
ibm-granite/granite-embedding-278m-multilingual,granite-278m,EP-4634333-A1_en_q_zh,zh,synthetic,0.9253507014028056,,0.9253507014028056,-0.6308312095357194,0.2194833527565161
ibm-granite/granite-embedding-278m-multilingual,granite-278m,EP-4634212-A1_en_q_zh,zh,synthetic,0.9994989979959918,,0.9994989979959918,0.0010827885468651579,0.824067499817964
ibm-granite/granite-embedding-278m-multilingual,granite-278m,EP-4627881-A1_de_q_zh,zh,synthetic,0.9794589178356713,,0.9794589178356713,-0.34792403570826935,0.4645101534549659
ibm-granite/granite-embedding-278m-multilingual,granite-278m,EP-4633576-A1_en_q_zh,zh,synthetic,0.6107214428857715,,0.6107214428857715,-0.7786515341508855,0.016864664555426803
ibm-granite/granite-embedding-278m-multilingual,granite-278m,EP-4633742-A2_en_q_zh,zh,synthetic,0.9939879759519038,,0.9939879759519038,-0.1555622953890616,0.5872677533510051
ibm-granite/granite-embedding-278m-multilingual,granite-278m,EP-4633791-A1_en_q_zh,zh,synthetic,0.999248496993988,,0.999248496993988,0.0,0.8008308364035236
ibm-granite/granite-embedding-278m-multilingual,granite-278m,EP-4634111-A1_fr_q_fr,fr,original,0.6417835671342685,0.5200400801603207,0.7635270541082164,-0.7084356979287608,0.10001162321307058
ibm-granite/granite-embedding-278m-multilingual,granite-278m,EP-4633622-A2_en_q_es,es,synthetic,0.9864729458917836,,0.9864729458917836,-0.050900931879922166,0.6252595111477371
ibm-granite/granite-embedding-278m-multilingual,granite-278m,EP-4634187-A1_en_q_es_120,es,synthetic,0.9979959919839679,,0.9979959919839679,0.20542128377395857,0.6957703325098267
ibm-granite/granite-embedding-278m-multilingual,granite-278m,EP-4634139-A1_fr_q_fr,fr,original,1.0,1.0,1.0,0.22939194809515923,0.7861959362078014
ibm-granite/granite-embedding-278m-multilingual,granite-278m,EP-4634136-A1_en_q_de,de,synthetic,0.8081162324649299,,0.8081162324649299,-0.4590115914131481,0.1876266404843824
ibm-granite/granite-embedding-278m-multilingual,granite-278m,EP-4634136-A1_fr_q_fr,fr,original,0.8001002004008017,0.9759519038076152,0.624248496993988,-0.8399058897118408,0.0021468238212205603
ibm-granite/granite-embedding-278m-multilingual,granite-278m,EP-4634248-A1_en_q_en,en,original,0.9994989979959921,0.9999999999999999,0.998997995991984,-0.036265518683627734,0.6421490138713372
ibm-granite/granite-embedding-278m-multilingual,granite-278m,EP-4634142-A1_en_q_es,es,synthetic,0.9485122032764961,,0.9485122032764961,-0.24495972179425116,0.38401682134045695
ibm-granite/granite-embedding-278m-multilingual,granite-278m,WO-2025214812-A1_de_q_es,es,synthetic,0.9849699398797596,,0.9849699398797596,-0.3939128710434001,0.4086844325878849
ibm-granite/granite-embedding-278m-multilingual,granite-278m,EP-4633662-A1_en_q_de,de,synthetic,0.9774549098196393,,0.9774549098196393,-0.3039223124193915,0.42756205073830206
ibm-granite/granite-embedding-278m-multilingual,granite-278m,WO-2025153617-A3_de_q_de,de,original,0.998997995991984,0.999498997995992,0.9984969939879759,-0.12335719352550498,0.7248457707315055
ibm-granite/granite-embedding-278m-multilingual,granite-278m,EP-4634596-A1_en_q_en,en,original,0.9979959919839679,1.0,0.9959919839679359,-0.11477886803185386,0.46297802753782136
ibm-granite/granite-embedding-278m-multilingual,granite-278m,EP-4634596-A1_en_q_de,de,synthetic,0.9764529058116233,,0.9764529058116233,-0.3422319651406744,0.41652340805124183
ibm-granite/granite-embedding-278m-multilingual,granite-278m,EP-4634596-A1_fr_q_fr,fr,original,0.997995991983968,0.996993987975952,0.9989979959919839,-0.10163618019914862,0.6946484801862348
ibm-granite/granite-embedding-278m-multilingual,granite-278m,EP-4634596-A1_en_q_es_135,es,synthetic,0.998997995991984,,0.998997995991984,-0.053044194637114954,0.6946342124840721
sentence-transformers/LaBSE,LaBSE,EP-4633662-A1_en_q_en,en,original,0.9694388777555111,0.9829659318637275,0.9559118236472947,-0.43108364546800343,0.36379931177095215
sentence-transformers/LaBSE,LaBSE,EP-4630509-A1_fr_q_fr,fr,original,1.0,1.0,1.0,0.05043065710702541,0.6456488851439894
sentence-transformers/LaBSE,LaBSE,EP-4634187-A1_en_q_es,es,synthetic,0.561623246492986,,0.561623246492986,-0.667554998446297,0.020534255920000008
sentence-transformers/LaBSE,LaBSE,EP-4633768-A2_en_q_es,es,synthetic,0.6212424849699398,,0.6212424849699398,-0.5403212502062184,0.07490214768213918
sentence-transformers/LaBSE,LaBSE,EP-4633645-A1_fr_q_fr,fr,original,0.8298298298298299,0.8298298298298299,,,
sentence-transformers/LaBSE,LaBSE,EP-4633622-A2_en_q_de,de,synthetic,0.8106212424849699,,0.8106212424849699,0.18291476911254326,0.41984905202229694
sentence-transformers/LaBSE,LaBSE,EP-4634601-A1_en_q_en,en,original,0.9979959919839679,0.9979959919839679,0.9979959919839679,-0.3005291866807783,0.5325328341287312
sentence-transformers/LaBSE,LaBSE,EP-4630626-A1_de_q_de,de,original,1.0,1.0,1.0,0.16941488837334617,0.6758395569258773
sentence-transformers/LaBSE,LaBSE,EP-4630600-A1_de_q_en,en,synthetic,0.7900801603206412,,0.7900801603206412,-0.7079162929745891,0.10985091258750658
sentence-transformers/LaBSE,LaBSE,EP-4633632-A1_en_q_es,es,synthetic,0.8258107656302239,,0.8258107656302239,-0.5075163659588057,0.180158038915298
sentence-transformers/LaBSE,LaBSE,EP-4634136-A1_en_q_es,es,synthetic,0.7387387387387387,,0.7387387387387387,-0.7511398828639199,0.07173571669002646
sentence-transformers/LaBSE,LaBSE,EP-4634157-A1_en_q_de,de,synthetic,0.7066633266533067,,0.7066633266533067,-0.5015029101525132,0.14429447715260277
sentence-transformers/LaBSE,LaBSE,EP-4634111-A1_en_q_de,de,synthetic,0.8817635270541082,,0.8817635270541082,-0.3982314216417351,0.26004138404405597
sentence-transformers/LaBSE,LaBSE,EP-4634596-A1_en_q_es,es,synthetic,0.6556556556556556,,0.6556556556556556,-0.8167512337526934,0.017808327546285488
sentence-transformers/LaBSE,LaBSE,EP-4634139-A1_en_q_es,es,synthetic,0.997997997997998,,0.997997997997998,-0.3871360788055395,0.45936976585652367
sentence-transformers/LaBSE,LaBSE,WO-2025153617-A3_de_q_en,en,synthetic,0.8792585170340682,,0.8792585170340682,-0.3505203405865659,0.28439102529667737
sentence-transformers/LaBSE,LaBSE,EP-4634426-A1_en_q_es,es,synthetic,0.8256513026052105,,0.8256513026052105,-0.5373666339453821,0.18257202033812872
sentence-transformers/LaBSE,LaBSE,EP-4634729-A1_en_q_de,de,synthetic,0.9904809619238477,,0.9904809619238477,0.12319241973007691,0.6146366933448518
sentence-transformers/LaBSE,LaBSE,EP-4626569-A1_de_q_en,en,synthetic,0.8301603206412826,,0.8301603206412826,-0.3376050556435845,0.24262584788364885
sentence-transformers/LaBSE,LaBSE,EP-4634394-A2_en_q_es,es,synthetic,0.907815631262525,,0.907815631262525,-0.2419195916587248,0.3599647565981112
sentence-transformers/LaBSE,LaBSE,EP-4634424-A1_en_q_es,es,synthetic,0.8178178178178178,,0.8178178178178178,-0.7127007125419289,0.11836065799373488
sentence-transformers/LaBSE,LaBSE,EP-4634337-A1_en_q_en,en,original,0.8682364729458917,0.750501002004008,0.9859719438877755,-0.39572948998527147,0.4394320749376557
sentence-transformers/LaBSE,LaBSE,WO-2025215091-A1_fr_q_fr,fr,original,0.9919839679358717,0.9879759519038076,0.9959919839679359,-0.2611652656642592,0.5903044628003925
sentence-transformers/LaBSE,LaBSE,EP-4633599-A1_fr_q_fr,fr,original,0.746993987975952,0.9959919839679359,0.49799599198396793,-0.8635776061063066,-0.04109842441955079
sentence-transformers/LaBSE,LaBSE,WO-2025208167-A1_de_q_de,de,original,0.9138276553106213,0.969939879759519,0.8577154308617234,-0.6302906467620196,0.17937626639793963
sentence-transformers/LaBSE,LaBSE,EP-4634396-A1_fr_q_fr,fr,original,0.9929859719438878,1.0,0.9859719438877755,-0.26887419915300254,0.464257867456055
sentence-transformers/LaBSE,LaBSE,EP-4633893-A1_fr_q_fr,fr,original,0.7359719438877755,0.9909819639278558,0.4809619238476954,-0.8514746161642387,-0.0552363826214244
sentence-transformers/LaBSE,LaBSE,EP-4633462-A1_en_q_en,en,original,0.999498997995992,0.998997995991984,1.0,0.24536200919925555,0.8927220526569228
sentence-transformers/LaBSE,LaBSE,EP-4633386-A1_en_q_en,en,original,0.47895791583166336,0.059118236472945895,0.8987975951903807,-0.554702326218379,0.24430726144245518
sentence-transformers/LaBSE,LaBSE,EP-4633970-A1_fr_q_fr,fr,original,0.984984984984985,0.984984984984985,,,
sentence-transformers/LaBSE,LaBSE,EP-4633415-A1_en_q_en,en,original,0.9684368737474951,0.9619238476953907,0.9749498997995992,-0.3099557845501716,0.48604281207302413
sentence-transformers/LaBSE,LaBSE,EP-4633415-A1_en_q_de,de,synthetic,0.2752752752752753,,0.2752752752752753,-0.9338809209686344,-0.13130918721419682
sentence-transformers/LaBSE,LaBSE,EP-4633415-A1_fr_q_fr,fr,original,0.7957957957957957,0.7957957957957957,,,
sentence-transformers/LaBSE,LaBSE,EP-4633415-A1_en_q_es,es,synthetic,0.6846846846846847,,0.6846846846846847,-0.7600615960813752,0.04884888602939503
sentence-transformers/LaBSE,LaBSE,EP-4633950-A1_en_q_en,en,original,0.5661322645290581,0.24949899799599196,0.8827655310621242,-0.565294771968854,0.2315695748719748
sentence-transformers/LaBSE,LaBSE,EP-4633950-A1_en_q_de,de,synthetic,0.03903903903903905,,0.03903903903903905,-0.9927632734297254,-0.14564562367202383
sentence-transformers/LaBSE,LaBSE,EP-4633950-A1_fr_q_fr,fr,original,0.6666666666666667,0.6666666666666667,,,
sentence-transformers/LaBSE,LaBSE,EP-4634629-A1_en_q_en,en,original,0.7810096957539284,0.6038114343029087,0.8696088264794384,-0.5529179236450639,0.22675943848049543
sentence-transformers/LaBSE,LaBSE,EP-4634629-A1_de_q_de,de,original,0.7214428857715431,0.9759519038076153,0.46693386773547096,-0.8803663388813878,-0.0594932471852289
sentence-transformers/LaBSE,LaBSE,EP-4634629-A1_fr_q_fr,fr,original,0.7474949899799599,0.5230460921843687,0.9719438877755511,-0.48690037248041823,0.35517447336649877
sentence-transformers/LaBSE,LaBSE,EP-4634629-A1_en_q_es,es,synthetic,0.8131059846205282,,0.8131059846205282,-0.2969726933901269,0.2793496561793087
sentence-transformers/LaBSE,LaBSE,EP-4633582-A1_en_q_es,es,synthetic,0.8868868868868869,,0.8868868868868869,-0.6520018407731246,0.18652225803629405
sentence-transformers/LaBSE,LaBSE,EP-4634165-A1_en_q_es,es,synthetic,0.9994989979959921,,0.9994989979959921,0.13256563749221592,0.7356261960452913
sentence-transformers/LaBSE,LaBSE,EP-4633677-A1_en_q_de,de,synthetic,0.960960960960961,,0.960960960960961,-0.43038354882197205,0.3616806037892492
sentence-transformers/LaBSE,LaBSE,EP-4634246-A1_en_q_en,en,original,0.033033033033033066,,0.033033033033033066,-0.9950119837437911,-0.15527879819796883
sentence-transformers/LaBSE,LaBSE,EP-4634120-A1_en_q_de,de,synthetic,0.7957957957957958,,0.7957957957957958,-0.7302998097262461,0.09890073318943456
sentence-transformers/LaBSE,LaBSE,EP-4633638-A1_en_q_en,en,original,1.0,1.0,1.0,0.37420276174224554,0.870001683083134
sentence-transformers/LaBSE,LaBSE,EP-4633389-A1_en_q_en,en,original,1.0,1.0,1.0,0.389552165875349,0.9021460353580907
sentence-transformers/LaBSE,LaBSE,WO-2025209629-A1_de_q_es,es,synthetic,1.0,,1.0,0.3748132104807826,0.8613355706591438
sentence-transformers/LaBSE,LaBSE,EP-4634132-A2_en_q_en,en,original,0.5995995995995995,,0.5995995995995995,-0.8363051996653899,-0.006679774477951581
sentence-transformers/LaBSE,LaBSE,EP-4634285-A1_en_q_de,de,synthetic,0.3373373373373373,,0.3373373373373373,-0.9257320048800326,-0.0811265936825107
sentence-transformers/LaBSE,LaBSE,EP-4634365-A1_fr_q_fr,fr,original,0.9889779559118236,1.0,0.9779559118236473,-0.30660246216123044,0.3908573644659231
sentence-transformers/LaBSE,LaBSE,WO-2025214709-A1_de_q_es,es,synthetic,0.996993987975952,,0.996993987975952,-0.17651577095567286,0.5764397796311173
sentence-transformers/LaBSE,LaBSE,EP-4633426-A2_en_q_es,es,synthetic,0.8732865262454028,,0.8732865262454028,-0.18409539637221045,0.41243015230072066
sentence-transformers/LaBSE,LaBSE,EP-4630604-A1_de_q_es,es,synthetic,1.0,,1.0,0.1878822431844099,0.7414614432258614
sentence-transformers/LaBSE,LaBSE,EP-4634118-A1_en_q_es,es,synthetic,0.9069069069069069,,0.9069069069069069,-0.579283097721716,0.2383263105410603
sentence-transformers/LaBSE,LaBSE,EP-4634404-A1_en_q_de,de,synthetic,0.9754509018036072,,0.9754509018036072,0.30840370354494434,0.5547429732369704
sentence-transformers/LaBSE,LaBSE,EP-4633465-A1_en_q_de,de,synthetic,0.9133266533066133,,0.9133266533066133,-0.11092763028742342,0.43077465831578843
sentence-transformers/LaBSE,LaBSE,EP-4633680-A1_en_q_es,es,synthetic,0.9689689689689691,,0.9689689689689691,-0.431979981970293,0.378436105892654
sentence-transformers/LaBSE,LaBSE,WO-2025201606-A1_de_q_es,es,synthetic,1.0,,1.0,0.24125935154590172,0.846586214216225
sentence-transformers/LaBSE,LaBSE,EP-4634435-A1_en_q_de,de,synthetic,0.7787787787787788,,0.7787787787787788,-0.6722861842105269,0.12349081537677978
sentence-transformers/LaBSE,LaBSE,EP-4634143-A1_en_q_de,de,synthetic,0.9982464929859719,,0.9982464929859719,0.03441261964353958,0.7278413044668254
sentence-transformers/LaBSE,LaBSE,EP-4634287-A1_en_q_es,es,synthetic,0.9448897795591183,,0.9448897795591183,-0.5914604877181544,0.24277631680439926
sentence-transformers/LaBSE,LaBSE,EP-4633627-A1_en_q_de,de,synthetic,0.9443887775551101,,0.9443887775551101,0.07125583750258173,0.518068901097711
sentence-transformers/LaBSE,LaBSE,EP-4633670-A1_fr_q_fr,fr,original,0.8206412825651302,0.9999999999999999,0.6412825651302605,-0.6689114555496175,0.014721272225548454
sentence-transformers/LaBSE,LaBSE,WO-2025202163-A1_fr_q_fr,fr,original,0.9939879759519039,0.9939879759519039,0.9939879759519039,-0.19779702369911628,0.6318257028560533
sentence-transformers/LaBSE,LaBSE,WO-2025214852-A1_fr_q_fr,fr,original,0.9393787575150301,0.995991983967936,0.8827655310621243,-0.5113178804179495,0.25605154975281336
sentence-transformers/LaBSE,LaBSE,WO-2025214996-A1_fr_q_fr,fr,original,0.9554108216432866,0.9659318637274549,0.9448897795591182,-0.4604915062480329,0.33343961074747797
sentence-transformers/LaBSE,LaBSE,EP-4630123-A1_de_q_de,de,original,0.5965965965965966,0.5965965965965966,,,
sentence-transformers/LaBSE,LaBSE,EP-4634646-A1_en_q_en,en,original,1.0,1.0,1.0,0.39930471752408897,0.8965383657052886
sentence-transformers/LaBSE,LaBSE,EP-4634294-A1_en_q_en,en,original,0.7990981963927856,0.719438877755511,0.87875751503006,-0.7224238909228371,0.13994729312906504
sentence-transformers/LaBSE,LaBSE,EP-4634436-A1_fr_q_fr,fr,original,0.6187374749498998,0.998997995991984,0.23847695390781565,-0.9514792314300371,-0.11627684720457865
sentence-transformers/LaBSE,LaBSE,EP-4633761-A1_en_q_en,en,original,0.5861723446893787,0.533066132264529,0.6392785571142284,-0.8154278284232379,0.00908897383569123
sentence-transformers/LaBSE,LaBSE,WO-2025215167-A1_de_q_de,de,original,0.939879759519038,0.966933867735471,0.9128256513026053,-0.5423578454171191,0.27005223131222755
sentence-transformers/LaBSE,LaBSE,EP-4626962-A1_de_q_en,en,synthetic,1.0,,1.0,0.1920623261248026,0.7507092648196271
sentence-transformers/LaBSE,LaBSE,EP-4626962-A1_de_q_de,de,original,0.996993987975952,0.9949899799599199,0.998997995991984,-0.014749960561602604,0.8086443793522886
sentence-transformers/LaBSE,LaBSE,EP-4626962-A1_fr_q_fr,fr,original,0.8421843687374749,0.9008016032064129,0.7835671342685371,-0.6775550518364826,0.1194316424166524
sentence-transformers/LaBSE,LaBSE,EP-4626962-A1_de_q_es,es,synthetic,0.9924849699398798,,0.9924849699398798,-0.1135617338003495,0.6365140996278276
sentence-transformers/LaBSE,LaBSE,WO-2025201936-A1_fr_q_fr,fr,original,0.9804609218436874,0.9909819639278558,0.9699398797595191,-0.2800696053743379,0.5009588242249868
sentence-transformers/LaBSE,LaBSE,WO-2025201936-A1_de_q_es,es,synthetic,0.5395791583166333,,0.5395791583166333,-0.6497506600176004,0.029983582492401087
sentence-transformers/LaBSE,LaBSE,EP-4634597-A1_en_q_en,en,original,0.3263263263263263,,0.3263263263263263,-0.9255515229824992,-0.08229550672276503
sentence-transformers/LaBSE,LaBSE,EP-4634597-A1_en_q_de,de,synthetic,0.992992992992993,,0.992992992992993,-0.12486077287572411,0.6574908052603399
sentence-transformers/LaBSE,LaBSE,EP-4634597-A1_fr_q_fr,fr,original,0.9979979979979979,0.9979979979979979,,,
sentence-transformers/LaBSE,LaBSE,EP-4634597-A1_en_q_es,es,synthetic,0.45245245245245247,,0.45245245245245247,-0.8822089830754757,-0.04650704070238026
sentence-transformers/LaBSE,LaBSE,EP-4634381-A1_en_q_zh,zh,synthetic,0.9639278557114229,,0.9639278557114229,-0.2792258739429865,0.420541381341709
sentence-transformers/LaBSE,LaBSE,EP-4633589-A1_en_q_zh,zh,synthetic,0.3433433433433434,,0.3433433433433434,-0.8975152313833341,-0.11974183163472488
sentence-transformers/LaBSE,LaBSE,EP-4627024-A1_de_q_zh,zh,synthetic,0.20140280561122242,,0.20140280561122242,-0.9470574056083506,-0.11619106821343024
sentence-transformers/LaBSE,LaBSE,EP-4634926-A1_en_q_zh,zh,synthetic,0.7409819639278556,,0.7409819639278556,-0.5830888758511562,0.1074102531516001
sentence-transformers/LaBSE,LaBSE,EP-4633863-A2_en_q_zh,zh,synthetic,0.8679371447676363,,0.8679371447676363,-0.1273100819818566,0.3174388613697587
sentence-transformers/LaBSE,LaBSE,EP-4633797-A1_en_q_zh,zh,synthetic,1.0,,1.0,0.37318921590548015,0.8243238716273651
sentence-transformers/LaBSE,LaBSE,EP-4633777-A1_en_q_zh,zh,synthetic,0.999248496993988,,0.999248496993988,0.11203329294963578,0.7461326038013056
sentence-transformers/LaBSE,LaBSE,EP-4633621-A1_en_q_zh,zh,synthetic,0.93993993993994,,0.93993993993994,-0.5641584193390754,0.26013304079043265
sentence-transformers/LaBSE,LaBSE,EP-4634723-A1_en_q_zh,zh,synthetic,0.6466466466466467,,0.6466466466466467,-0.7921918492612949,0.025911229908089334
sentence-transformers/LaBSE,LaBSE,EP-4634416-A1_en_q_zh,zh,synthetic,0.9739478957915831,,0.9739478957915831,0.07773903398333704,0.5776158586017135
sentence-transformers/LaBSE,LaBSE,EP-4634305-A1_en_q_zh,zh,synthetic,1.0,,1.0,0.39327812540087503,0.7845558846708944
sentence-transformers/LaBSE,LaBSE,EP-4633531-A1_en_q_zh,zh,synthetic,0.9964929859719439,,0.9964929859719439,-0.007645523812511903,0.781399004951537
sentence-transformers/LaBSE,LaBSE,EP-4634333-A1_en_q_zh,zh,synthetic,0.26226226226226224,,0.26226226226226224,-0.9370983061579865,-0.11934094138463298
sentence-transformers/LaBSE,LaBSE,EP-4634212-A1_en_q_zh,zh,synthetic,0.999498997995992,,0.999498997995992,0.013513789303255842,0.7756989679709083
sentence-transformers/LaBSE,LaBSE,EP-4629959-A1_de_q_zh,zh,synthetic,0.7369739478957916,,0.7369739478957916,-0.65739031906401,0.08305208406460728
sentence-transformers/LaBSE,LaBSE,EP-4627881-A1_de_q_zh,zh,synthetic,0.9634268537074149,,0.9634268537074149,-0.44456030587417467,0.34829214044855117
sentence-transformers/LaBSE,LaBSE,EP-4633742-A2_en_q_zh,zh,synthetic,0.996993987975952,,0.996993987975952,-0.1537225326666945,0.5972637104383969
sentence-transformers/LaBSE,LaBSE,EP-4633791-A1_en_q_zh,zh,synthetic,0.9967434869739479,,0.9967434869739479,0.02358979676482823,0.7336125782999308
sentence-transformers/LaBSE,LaBSE,EP-4634111-A1_fr_q_fr,fr,original,0.8757515030060121,0.997995991983968,0.7535070140280562,-0.6416902078019436,0.11350714007666644
sentence-transformers/LaBSE,LaBSE,EP-4633622-A2_en_q_es,es,synthetic,0.9298597194388778,,0.9298597194388778,0.22821950557541404,0.4953494251960274
sentence-transformers/LaBSE,LaBSE,EP-4634187-A1_en_q_es_120,es,synthetic,0.9919839679358717,,0.9919839679358717,-0.19605508001488645,0.512427356789098
sentence-transformers/LaBSE,LaBSE,EP-4634139-A1_fr_q_fr,fr,original,0.9959959959959961,0.9959959959959961,,,
sentence-transformers/LaBSE,LaBSE,EP-4634136-A1_en_q_en,en,original,0.9829659318637274,0.9819639278557114,0.9839679358717435,-0.44884732514726194,0.4022904452811521
sentence-transformers/LaBSE,LaBSE,EP-4634136-A1_en_q_de,de,synthetic,0.6763527054108216,,0.6763527054108216,-0.47329578847913584,0.13437472562986807
sentence-transformers/LaBSE,LaBSE,EP-4634136-A1_fr_q_fr,fr,original,0.8306613226452906,0.9859719438877755,0.6753507014028056,-0.7262491543442542,0.05083551497828285
sentence-transformers/LaBSE,LaBSE,EP-4634136-A1_en_q_es_125,es,synthetic,0.8258258258258259,,0.8258258258258259,-0.5869860528691602,0.1716138382917548
sentence-transformers/LaBSE,LaBSE,EP-4634248-A1_en_q_en,en,original,0.24724724724724723,,0.24724724724724723,-0.9389127200774153,-0.1391941503153717
sentence-transformers/LaBSE,LaBSE,EP-4634142-A1_en_q_es,es,synthetic,0.870110330992979,,0.870110330992979,-0.3156292616403659,0.25339615508646796
sentence-transformers/LaBSE,LaBSE,WO-2025214812-A1_de_q_es,es,synthetic,0.843186372745491,,0.843186372745491,-0.40501601922306774,0.22854419291125286
sentence-transformers/LaBSE,LaBSE,EP-4633662-A1_en_q_de,de,synthetic,0.8248248248248249,,0.8248248248248249,-0.6589064993373546,0.14161187395709862
sentence-transformers/LaBSE,LaBSE,WO-2025153617-A3_de_q_de,de,original,0.9864729458917836,0.9974949899799599,0.9754509018036072,-0.3802545903999794,0.4275839424615617
sentence-transformers/LaBSE,LaBSE,EP-4634596-A1_en_q_en,en,original,0.9859719438877755,0.9719438877755511,1.0,0.1318959992676005,0.8197948308958851
sentence-transformers/LaBSE,LaBSE,EP-4634596-A1_en_q_de,de,synthetic,0.7424849699398797,,0.7424849699398797,-0.0975401395827765,0.33879999807402444
sentence-transformers/LaBSE,LaBSE,EP-4634596-A1_fr_q_fr,fr,original,0.7625250501002004,0.9979959919839679,0.527054108216433,-0.8486462454179219,-0.03476978091485849
sentence-transformers/LaBSE,LaBSE,EP-4634596-A1_en_q_es_135,es,synthetic,0.6177354709418837,,0.6177354709418837,-0.5106384460555913,0.11227322212312242
cambridgeltl/SapBERT-UMLS-2020AB-all-lang-from-XLMR,SapBERT,EP-4630509-A1_fr_q_fr,fr,original,0.9939939939939939,0.9939939939939939,,,
cambridgeltl/SapBERT-UMLS-2020AB-all-lang-from-XLMR,SapBERT,EP-4634248-A1_en_q_es,es,synthetic,0.7079158316633266,,0.7079158316633266,-0.480704050635384,0.12635468340445416
cambridgeltl/SapBERT-UMLS-2020AB-all-lang-from-XLMR,SapBERT,EP-4634187-A1_en_q_es,es,synthetic,0.872745490981964,,0.872745490981964,-0.40843523316062225,0.24592789724526778
cambridgeltl/SapBERT-UMLS-2020AB-all-lang-from-XLMR,SapBERT,EP-4633768-A2_en_q_es,es,synthetic,0.5866733466933868,,0.5866733466933868,-0.5460304097409734,0.047535252017952175
cambridgeltl/SapBERT-UMLS-2020AB-all-lang-from-XLMR,SapBERT,EP-4633645-A1_fr_q_fr,fr,original,0.8718718718718719,0.8718718718718719,,,
cambridgeltl/SapBERT-UMLS-2020AB-all-lang-from-XLMR,SapBERT,EP-4633622-A2_en_q_de,de,synthetic,0.9539078156312626,,0.9539078156312626,-0.26980002078952176,0.3884338886387641
cambridgeltl/SapBERT-UMLS-2020AB-all-lang-from-XLMR,SapBERT,EP-4634601-A1_en_q_en,en,original,0.41583166332665333,0.39779559118236474,0.43386773547094193,-0.8589767425389323,-0.0715551578043873
cambridgeltl/SapBERT-UMLS-2020AB-all-lang-from-XLMR,SapBERT,EP-4630626-A1_de_q_de,de,original,0.9964929859719439,1.0,0.9929859719438877,-0.3972598622115879,0.3384322841255489
cambridgeltl/SapBERT-UMLS-2020AB-all-lang-from-XLMR,SapBERT,EP-4630600-A1_de_q_en,en,synthetic,0.594689378757515,,0.594689378757515,-0.6110203654680193,0.023864665418189122
cambridgeltl/SapBERT-UMLS-2020AB-all-lang-from-XLMR,SapBERT,EP-4633632-A1_en_q_es,es,synthetic,0.49599599599599603,,0.49599599599599603,-0.8906776250291256,-0.03681704256453385
cambridgeltl/SapBERT-UMLS-2020AB-all-lang-from-XLMR,SapBERT,EP-4634136-A1_en_q_es,es,synthetic,0.6006006006006006,,0.6006006006006006,-0.8199680235747765,2.8948803973854546e-06
cambridgeltl/SapBERT-UMLS-2020AB-all-lang-from-XLMR,SapBERT,EP-4634157-A1_en_q_de,de,synthetic,0.17717717717717718,,0.17717717717717718,-0.9540552897750715,-0.16475047862422082
cambridgeltl/SapBERT-UMLS-2020AB-all-lang-from-XLMR,SapBERT,EP-4634111-A1_en_q_de,de,synthetic,0.6613226452905812,,0.6613226452905812,-0.6486766021982501,0.05180454637672012
cambridgeltl/SapBERT-UMLS-2020AB-all-lang-from-XLMR,SapBERT,EP-4634139-A1_en_q_es,es,synthetic,0.9974949899799599,,0.9974949899799599,0.14567921780736384,0.6833246855683501
cambridgeltl/SapBERT-UMLS-2020AB-all-lang-from-XLMR,SapBERT,EP-4634251-A1_en_q_es,es,synthetic,0.4248496993987976,,0.4248496993987976,-0.8928404631288385,-0.06833054924772264
cambridgeltl/SapBERT-UMLS-2020AB-all-lang-from-XLMR,SapBERT,EP-4634426-A1_en_q_es,es,synthetic,0.7011033099297893,,0.7011033099297893,-0.4686892943255139,0.16447618611309453
cambridgeltl/SapBERT-UMLS-2020AB-all-lang-from-XLMR,SapBERT,EP-4634729-A1_en_q_de,de,synthetic,1.0,,1.0,0.20431889224265382,0.7849913927398904
cambridgeltl/SapBERT-UMLS-2020AB-all-lang-from-XLMR,SapBERT,EP-4626569-A1_de_q_en,en,synthetic,0.33016032064128253,,0.33016032064128253,-0.8839851074815881,-0.07625522716130005
cambridgeltl/SapBERT-UMLS-2020AB-all-lang-from-XLMR,SapBERT,EP-4634394-A2_en_q_es,es,synthetic,0.9834669338677355,,0.9834669338677355,-0.41674593220481587,0.41098318827235186
cambridgeltl/SapBERT-UMLS-2020AB-all-lang-from-XLMR,SapBERT,EP-4634337-A1_en_q_en,en,original,0.8288288288288288,0.8288288288288288,,,
cambridgeltl/SapBERT-UMLS-2020AB-all-lang-from-XLMR,SapBERT,EP-4634128-A1_en_q_en,en,original,0.028028028028028062,0.028028028028028062,,,
cambridgeltl/SapBERT-UMLS-2020AB-all-lang-from-XLMR,SapBERT,EP-4633896-A1_en_q_en,en,original,0.7635270541082164,0.998997995991984,0.5280561122244488,-0.8285819725066884,-0.03367644043507341
cambridgeltl/SapBERT-UMLS-2020AB-all-lang-from-XLMR,SapBERT,WO-2025215091-A1_fr_q_fr,fr,original,0.9373747494989979,0.9649298597194389,0.9098196392785571,-0.6996956764765907,0.16732788612652774
cambridgeltl/SapBERT-UMLS-2020AB-all-lang-from-XLMR,SapBERT,EP-4633656-A1_fr_q_fr,fr,original,0.9912324649298597,0.9949899799599198,0.9874749498997996,-0.3839482531171542,0.44545582931469996
cambridgeltl/SapBERT-UMLS-2020AB-all-lang-from-XLMR,SapBERT,WO-2025208167-A1_de_q_de,de,original,0.8512024048096193,0.8627254509018036,0.8396793587174348,-0.6470754417148309,0.159007714438918
cambridgeltl/SapBERT-UMLS-2020AB-all-lang-from-XLMR,SapBERT,EP-4634396-A1_fr_q_fr,fr,original,1.0,1.0,1.0,0.4372592519011508,0.878171627517145
cambridgeltl/SapBERT-UMLS-2020AB-all-lang-from-XLMR,SapBERT,EP-4633893-A1_fr_q_fr,fr,original,0.9393787575150301,0.9769539078156313,0.9018036072144289,-0.6456573138671653,0.19760437360890984
cambridgeltl/SapBERT-UMLS-2020AB-all-lang-from-XLMR,SapBERT,EP-4633462-A1_en_q_en,en,original,0.6477955911823647,1.0,0.2955911823647295,-0.8819507905581336,-0.09479351481900578
cambridgeltl/SapBERT-UMLS-2020AB-all-lang-from-XLMR,SapBERT,EP-4633386-A1_en_q_en,en,original,0.4138276553106212,0.4348697394789579,0.3927855711422845,-0.8766662427598645,-0.08742321342223125
cambridgeltl/SapBERT-UMLS-2020AB-all-lang-from-XLMR,SapBERT,EP-4633970-A1_fr_q_fr,fr,original,0.9689689689689689,0.9689689689689689,,,
cambridgeltl/SapBERT-UMLS-2020AB-all-lang-from-XLMR,SapBERT,EP-4633415-A1_en_q_en,en,original,0.9649298597194389,0.9939879759519039,0.935871743486974,-0.5084313111471703,0.31141356740107506
cambridgeltl/SapBERT-UMLS-2020AB-all-lang-from-XLMR,SapBERT,EP-4633415-A1_en_q_de,de,synthetic,0.7139278557114228,,0.7139278557114228,-0.6550633507163433,0.07619605987206295
cambridgeltl/SapBERT-UMLS-2020AB-all-lang-from-XLMR,SapBERT,EP-4633415-A1_en_q_es,es,synthetic,0.905310621242485,,0.905310621242485,-0.493154113789392,0.2586927754033765
cambridgeltl/SapBERT-UMLS-2020AB-all-lang-from-XLMR,SapBERT,EP-4633950-A1_en_q_en,en,original,0.6693386773547094,0.5130260521042085,0.8256513026052104,-0.6329372657919463,0.15218411303607374
cambridgeltl/SapBERT-UMLS-2020AB-all-lang-from-XLMR,SapBERT,EP-4634629-A1_en_q_en,en,original,0.7469939879759518,0.7655310621242485,0.7284569138276553,-0.7142813056929268,0.07699994602565952
cambridgeltl/SapBERT-UMLS-2020AB-all-lang-from-XLMR,SapBERT,EP-4634629-A1_de_q_de,de,original,0.8527054108216433,0.9859719438877755,0.7194388777555111,-0.7657141135077711,0.05720406314282279
cambridgeltl/SapBERT-UMLS-2020AB-all-lang-from-XLMR,SapBERT,EP-4634629-A1_fr_q_fr,fr,original,0.9481778669341356,0.9418254764292879,0.9513540621865597,-0.2039673401025853,0.44100391827634056
cambridgeltl/SapBERT-UMLS-2020AB-all-lang-from-XLMR,SapBERT,EP-4634629-A1_en_q_es,es,synthetic,0.30511022044088176,,0.30511022044088176,-0.9179894179894181,-0.12357979560455101
cambridgeltl/SapBERT-UMLS-2020AB-all-lang-from-XLMR,SapBERT,EP-4633582-A1_en_q_es,es,synthetic,0.7044088176352705,,0.7044088176352705,-0.7374303058295664,0.05019814132570428
cambridgeltl/SapBERT-UMLS-2020AB-all-lang-from-XLMR,SapBERT,EP-4634165-A1_en_q_es,es,synthetic,0.969438877755511,,0.969438877755511,-0.06113731180845271,0.5287170659112542
cambridgeltl/SapBERT-UMLS-2020AB-all-lang-from-XLMR,SapBERT,EP-4633677-A1_en_q_de,de,synthetic,0.782565130260521,,0.782565130260521,-0.4662170751125652,0.18517380518351
cambridgeltl/SapBERT-UMLS-2020AB-all-lang-from-XLMR,SapBERT,EP-4634120-A1_en_q_de,de,synthetic,0.3767535070140281,,0.3767535070140281,-0.7522128870443474,-0.07449263228236784
cambridgeltl/SapBERT-UMLS-2020AB-all-lang-from-XLMR,SapBERT,EP-4633638-A1_en_q_en,en,original,1.0,1.0,1.0,0.3435323509916892,0.8805252017316638
cambridgeltl/SapBERT-UMLS-2020AB-all-lang-from-XLMR,SapBERT,EP-4633389-A1_en_q_en,en,original,0.9954909819639278,1.0,0.9909819639278558,-0.4114886853856047,0.35704137749915504
cambridgeltl/SapBERT-UMLS-2020AB-all-lang-from-XLMR,SapBERT,WO-2025209629-A1_de_q_es,es,synthetic,0.8738738738738739,,0.8738738738738739,-0.631763366457019,0.1833669325738418
cambridgeltl/SapBERT-UMLS-2020AB-all-lang-from-XLMR,SapBERT,EP-4634285-A1_en_q_de,de,synthetic,0.9699398797595191,,0.9699398797595191,-0.40476210079121294,0.3833590414182836
cambridgeltl/SapBERT-UMLS-2020AB-all-lang-from-XLMR,SapBERT,EP-4634122-A1_fr_q_fr,fr,original,0.5145290581162325,0.9539078156312626,0.07515030060120242,-0.979086993650912,-0.20403745150420327
cambridgeltl/SapBERT-UMLS-2020AB-all-lang-from-XLMR,SapBERT,EP-4634365-A1_fr_q_fr,fr,original,0.9924849699398798,0.9999999999999999,0.9849699398797596,-0.23234174538277144,0.3690091306255539
cambridgeltl/SapBERT-UMLS-2020AB-all-lang-from-XLMR,SapBERT,WO-2025214709-A1_de_q_es,es,synthetic,0.15180360721442887,,0.15180360721442887,-0.9424903915727749,-0.12478559456885992
cambridgeltl/SapBERT-UMLS-2020AB-all-lang-from-XLMR,SapBERT,EP-4633426-A2_en_q_es,es,synthetic,0.9809428284854563,,0.9809428284854563,0.15522867676365082,0.5975089768774908
cambridgeltl/SapBERT-UMLS-2020AB-all-lang-from-XLMR,SapBERT,EP-4630604-A1_de_q_es,es,synthetic,0.9834669338677355,,0.9834669338677355,-0.3164090286091018,0.4414031831945785
cambridgeltl/SapBERT-UMLS-2020AB-all-lang-from-XLMR,SapBERT,EP-4634118-A1_en_q_es,es,synthetic,0.944944944944945,,0.944944944944945,-0.4788398664889562,0.31904875724293985
cambridgeltl/SapBERT-UMLS-2020AB-all-lang-from-XLMR,SapBERT,EP-4634404-A1_en_q_de,de,synthetic,0.9994989979959921,,0.9994989979959921,0.14786543704993732,0.7848246337277612
cambridgeltl/SapBERT-UMLS-2020AB-all-lang-from-XLMR,SapBERT,EP-4633465-A1_en_q_de,de,synthetic,0.999498997995992,,0.999498997995992,0.25727676992268456,0.7462077497761704
cambridgeltl/SapBERT-UMLS-2020AB-all-lang-from-XLMR,SapBERT,EP-4633680-A1_en_q_es,es,synthetic,0.9974949899799599,,0.9974949899799599,0.09077314949753551,0.707800591869448
cambridgeltl/SapBERT-UMLS-2020AB-all-lang-from-XLMR,SapBERT,WO-2025201606-A1_de_q_es,es,synthetic,0.9904809619238477,,0.9904809619238477,-0.2133534181028757,0.5349277528074619
cambridgeltl/SapBERT-UMLS-2020AB-all-lang-from-XLMR,SapBERT,EP-4634435-A1_en_q_de,de,synthetic,0.3413413413413413,,0.3413413413413413,-0.8991642130002508,-0.12673999375347444
cambridgeltl/SapBERT-UMLS-2020AB-all-lang-from-XLMR,SapBERT,EP-4634143-A1_en_q_de,de,synthetic,0.592434869739479,,0.592434869739479,-0.7311535840109051,0.009448296329630587
cambridgeltl/SapBERT-UMLS-2020AB-all-lang-from-XLMR,SapBERT,EP-4633627-A1_en_q_de,de,synthetic,0.9969939879759518,,0.9969939879759518,0.042922965614409,0.6741339043037896
cambridgeltl/SapBERT-UMLS-2020AB-all-lang-from-XLMR,SapBERT,EP-4633670-A1_fr_q_fr,fr,original,0.8842685370741483,0.996993987975952,0.7715430861723447,-0.7286675470037096,0.0937045892253416
cambridgeltl/SapBERT-UMLS-2020AB-all-lang-from-XLMR,SapBERT,WO-2025202163-A1_fr_q_fr,fr,original,0.9524048096192383,0.9068136272545091,0.997995991983968,-0.07196529206547993,0.7391695010021843
cambridgeltl/SapBERT-UMLS-2020AB-all-lang-from-XLMR,SapBERT,WO-2025214852-A1_fr_q_fr,fr,original,0.45240480961923846,0.188376753507014,0.7164328657314629,-0.7428487224598789,0.059632522705741715
cambridgeltl/SapBERT-UMLS-2020AB-all-lang-from-XLMR,SapBERT,WO-2025214996-A1_fr_q_fr,fr,original,0.39039039039039036,0.39039039039039036,,,
cambridgeltl/SapBERT-UMLS-2020AB-all-lang-from-XLMR,SapBERT,EP-4630123-A1_de_q_de,de,original,0.5345691382765532,0.9188376753507014,0.15030060120240485,-0.9697719268824417,-0.14296676742718983
cambridgeltl/SapBERT-UMLS-2020AB-all-lang-from-XLMR,SapBERT,EP-4634646-A1_en_q_en,en,original,0.9914829659318637,0.9949899799599199,0.9879759519038076,-0.4213660496484426,0.434042679993364
cambridgeltl/SapBERT-UMLS-2020AB-all-lang-from-XLMR,SapBERT,EP-4634436-A1_fr_q_fr,fr,original,0.966933867735471,0.9589178356713427,0.9749498997995992,-0.3652534627012589,0.4538597690353636
cambridgeltl/SapBERT-UMLS-2020AB-all-lang-from-XLMR,SapBERT,WO-2025215167-A1_de_q_de,de,original,1.0,1.0,1.0,0.10835032735859267,0.7229461714025888
cambridgeltl/SapBERT-UMLS-2020AB-all-lang-from-XLMR,SapBERT,EP-4626962-A1_de_q_en,en,synthetic,0.999498997995992,,0.999498997995992,0.25800066472174055,0.7236978628774217
cambridgeltl/SapBERT-UMLS-2020AB-all-lang-from-XLMR,SapBERT,EP-4626962-A1_de_q_de,de,original,0.9884769539078156,1.0,0.9769539078156313,-0.3568304206290902,0.31540479812516076
cambridgeltl/SapBERT-UMLS-2020AB-all-lang-from-XLMR,SapBERT,EP-4626962-A1_fr_q_fr,fr,original,0.9418837675350702,0.9619238476953909,0.9218436873747495,-0.5735178220488625,0.2476585437112594
cambridgeltl/SapBERT-UMLS-2020AB-all-lang-from-XLMR,SapBERT,EP-4626962-A1_de_q_es,es,synthetic,0.9929859719438878,,0.9929859719438878,0.08877576466339333,0.6698964385910248
cambridgeltl/SapBERT-UMLS-2020AB-all-lang-from-XLMR,SapBERT,WO-2025201936-A1_fr_q_fr,fr,original,0.781563126252505,0.8286573146292585,0.7344689378757515,-0.7212875314302616,0.08217878776336861
cambridgeltl/SapBERT-UMLS-2020AB-all-lang-from-XLMR,SapBERT,EP-4634597-A1_en_q_en,en,original,0.9789579158316633,0.9789579158316633,0.9789579158316633,-0.398747834543963,0.4220864304057159
cambridgeltl/SapBERT-UMLS-2020AB-all-lang-from-XLMR,SapBERT,EP-4634597-A1_en_q_de,de,synthetic,0.9904809619238477,,0.9904809619238477,-0.22946954066157663,0.5466206961573202
cambridgeltl/SapBERT-UMLS-2020AB-all-lang-from-XLMR,SapBERT,EP-4634597-A1_fr_q_fr,fr,original,0.9614228456913828,0.9318637274549099,0.9909819639278558,-0.2540791050739113,0.5486924548257528
cambridgeltl/SapBERT-UMLS-2020AB-all-lang-from-XLMR,SapBERT,EP-4634597-A1_en_q_es,es,synthetic,0.9113226452905813,,0.9113226452905813,-0.2915214414638695,0.33486469422320136
cambridgeltl/SapBERT-UMLS-2020AB-all-lang-from-XLMR,SapBERT,EP-4634381-A1_en_q_zh,zh,synthetic,0.9008016032064128,,0.9008016032064128,-0.5272378298663865,0.23840549092345098
cambridgeltl/SapBERT-UMLS-2020AB-all-lang-from-XLMR,SapBERT,EP-4634926-A1_en_q_zh,zh,synthetic,0.5656312625250501,,0.5656312625250501,-0.8206583891520991,-0.021819615378444394
cambridgeltl/SapBERT-UMLS-2020AB-all-lang-from-XLMR,SapBERT,EP-4633863-A2_en_q_zh,zh,synthetic,0.8338338338338339,,0.8338338338338339,-0.6597096871239478,0.15395891278362048
cambridgeltl/SapBERT-UMLS-2020AB-all-lang-from-XLMR,SapBERT,EP-4633797-A1_en_q_zh,zh,synthetic,0.8301603206412825,,0.8301603206412825,-0.6083902649873332,0.16089207723742802
cambridgeltl/SapBERT-UMLS-2020AB-all-lang-from-XLMR,SapBERT,EP-4633777-A1_en_q_zh,zh,synthetic,0.9767034068136272,,0.9767034068136272,-0.24611363212027287,0.4532446499825038
cambridgeltl/SapBERT-UMLS-2020AB-all-lang-from-XLMR,SapBERT,EP-4633621-A1_en_q_zh,zh,synthetic,0.8622244488977956,,0.8622244488977956,-0.36818597096741457,0.2589139467308043
cambridgeltl/SapBERT-UMLS-2020AB-all-lang-from-XLMR,SapBERT,EP-4634723-A1_en_q_zh,zh,synthetic,0.8692384769539079,,0.8692384769539079,-0.6814286508510112,0.13821268886962593
cambridgeltl/SapBERT-UMLS-2020AB-all-lang-from-XLMR,SapBERT,EP-4634416-A1_en_q_zh,zh,synthetic,0.93436873747495,,0.93436873747495,-0.437680592342885,0.2917775111986554
cambridgeltl/SapBERT-UMLS-2020AB-all-lang-from-XLMR,SapBERT,EP-4634305-A1_en_q_zh,zh,synthetic,1.0,,1.0,0.2816669897266907,0.8008127905355198
cambridgeltl/SapBERT-UMLS-2020AB-all-lang-from-XLMR,SapBERT,EP-4633531-A1_en_q_zh,zh,synthetic,0.999498997995992,,0.999498997995992,0.22252620686233512,0.7575685217865374
cambridgeltl/SapBERT-UMLS-2020AB-all-lang-from-XLMR,SapBERT,EP-4634212-A1_en_q_zh,zh,synthetic,0.999498997995992,,0.999498997995992,0.020177537424283767,0.8731210051900427
cambridgeltl/SapBERT-UMLS-2020AB-all-lang-from-XLMR,SapBERT,EP-4627881-A1_de_q_zh,zh,synthetic,0.87625250501002,,0.87625250501002,-0.3509832413058222,0.2840893061915761
cambridgeltl/SapBERT-UMLS-2020AB-all-lang-from-XLMR,SapBERT,EP-4633742-A2_en_q_zh,zh,synthetic,0.8592184368737475,,0.8592184368737475,-0.47490148418222594,0.22118663726008203
cambridgeltl/SapBERT-UMLS-2020AB-all-lang-from-XLMR,SapBERT,EP-4633791-A1_en_q_zh,zh,synthetic,0.9997494989979959,,0.9997494989979959,0.09680170575692942,0.8261009633144938
cambridgeltl/SapBERT-UMLS-2020AB-all-lang-from-XLMR,SapBERT,EP-4630574-A1_fr_q_fr,fr,original,0.6678356713426854,0.6923847695390782,0.6432865731462926,-0.8065473937436389,0.019808464658674124
cambridgeltl/SapBERT-UMLS-2020AB-all-lang-from-XLMR,SapBERT,EP-4634111-A1_fr_q_fr,fr,original,0.9078156312625251,0.9619238476953907,0.8537074148296594,-0.5357750056330528,0.21705331226167363
cambridgeltl/SapBERT-UMLS-2020AB-all-lang-from-XLMR,SapBERT,EP-4633622-A2_en_q_es,es,synthetic,0.9514028056112224,,0.9514028056112224,-0.4848027624516756,0.31281940076527376
cambridgeltl/SapBERT-UMLS-2020AB-all-lang-from-XLMR,SapBERT,EP-4634187-A1_en_q_es_120,es,synthetic,0.9919839679358718,,0.9919839679358718,-0.24502400158360968,0.558946576282174
cambridgeltl/SapBERT-UMLS-2020AB-all-lang-from-XLMR,SapBERT,EP-4634139-A1_fr_q_fr,fr,original,1.0,1.0,1.0,0.12996847881075632,0.8398615653691318
cambridgeltl/SapBERT-UMLS-2020AB-all-lang-from-XLMR,SapBERT,EP-4634136-A1_en_q_en,en,original,0.8398398398398399,0.8398398398398399,,,
cambridgeltl/SapBERT-UMLS-2020AB-all-lang-from-XLMR,SapBERT,EP-4634136-A1_en_q_de,de,synthetic,0.6503006012024048,,0.6503006012024048,-0.7271526710771923,0.027265881460069547
cambridgeltl/SapBERT-UMLS-2020AB-all-lang-from-XLMR,SapBERT,EP-4634136-A1_en_q_es_125,es,synthetic,0.4814814814814815,,0.4814814814814815,-0.8901503221188255,-0.0471257370469964
cambridgeltl/SapBERT-UMLS-2020AB-all-lang-from-XLMR,SapBERT,EP-4634248-A1_en_q_en,en,original,0.9919839679358717,0.998997995991984,0.9849699398797594,-0.4069265688915495,0.42591934592521385
cambridgeltl/SapBERT-UMLS-2020AB-all-lang-from-XLMR,SapBERT,EP-4634142-A1_en_q_es,es,synthetic,0.6816816816816818,,0.6816816816816818,-0.7892739071874613,0.03636808632523142
cambridgeltl/SapBERT-UMLS-2020AB-all-lang-from-XLMR,SapBERT,WO-2025214812-A1_de_q_es,es,synthetic,0.9959919839679359,,0.9959919839679359,-0.09773999118868366,0.6662502647048487
cambridgeltl/SapBERT-UMLS-2020AB-all-lang-from-XLMR,SapBERT,EP-4633662-A1_en_q_de,de,synthetic,0.3852705410821643,,0.3852705410821643,-0.693168802541438,-0.06731842653604073
cambridgeltl/SapBERT-UMLS-2020AB-all-lang-from-XLMR,SapBERT,WO-2025153617-A3_de_q_de,de,original,0.7765531062124249,0.8952905811623246,0.6578156312625251,-0.8257676950736106,0.019323884485481682
cambridgeltl/SapBERT-UMLS-2020AB-all-lang-from-XLMR,SapBERT,EP-4634596-A1_en_q_en,en,original,0.9804609218436874,0.9789579158316633,0.9819639278557114,-0.4098677042801558,0.42253104912808703
cambridgeltl/SapBERT-UMLS-2020AB-all-lang-from-XLMR,SapBERT,EP-4634596-A1_en_q_de,de,synthetic,0.8366733466933868,,0.8366733466933868,-0.2012542005133226,0.3181427814748918
cambridgeltl/SapBERT-UMLS-2020AB-all-lang-from-XLMR,SapBERT,EP-4634596-A1_fr_q_fr,fr,original,0.7540080160320641,1.0,0.5080160320641283,-0.7765301313443851,-0.040878028827772084
cambridgeltl/SapBERT-UMLS-2020AB-all-lang-from-XLMR,SapBERT,EP-4634596-A1_en_q_es_135,es,synthetic,0.7297297297297297,,0.7297297297297297,-0.693720627239309,0.07658613664616098
intfloat/multilingual-e5-large-instruct,e5-large-instruct,EP-4633662-A1_en_q_en,en,original,0.7327327327327327,0.7327327327327327,,,
intfloat/multilingual-e5-large-instruct,e5-large-instruct,EP-4630509-A1_fr_q_fr,fr,original,1.0,1.0,,,
intfloat/multilingual-e5-large-instruct,e5-large-instruct,EP-4634187-A1_en_q_es,es,synthetic,0.06706706706706711,,0.06706706706706711,-0.9720247202472024,-0.21916654601981386
intfloat/multilingual-e5-large-instruct,e5-large-instruct,EP-4634142-A1_fr_q_fr,fr,original,0.7907907907907908,0.7907907907907908,,,
intfloat/multilingual-e5-large-instruct,e5-large-instruct,EP-4633645-A1_fr_q_fr,fr,original,0.6332665330661323,0.9919839679358717,0.27454909819639284,-0.9281234723095191,-0.10864896214665626
intfloat/multilingual-e5-large-instruct,e5-large-instruct,EP-4633622-A2_en_q_de,de,synthetic,0.9764529058116233,,0.9764529058116233,-0.4862650394583639,0.35758739869665684
intfloat/multilingual-e5-large-instruct,e5-large-instruct,EP-4634601-A1_en_q_en,en,original,0.6708416833667336,0.9919839679358717,0.34969939879759515,-0.9027108600542726,-0.10041519323744631
intfloat/multilingual-e5-large-instruct,e5-large-instruct,EP-4630626-A1_de_q_de,de,original,0.8532064128256512,1.0,0.7064128256513026,-0.48419864559819414,0.04641088959047692
intfloat/multilingual-e5-large-instruct,e5-large-instruct,EP-4633632-A1_en_q_es,es,synthetic,0.8849882982280174,,0.8849882982280174,-0.5126307536381539,0.1979746920565884
intfloat/multilingual-e5-large-instruct,e5-large-instruct,EP-4634139-A1_en_q_es,es,synthetic,0.967434869739479,,0.967434869739479,-0.4120620606603746,0.35532276640546945
intfloat/multilingual-e5-large-instruct,e5-large-instruct,EP-4634729-A1_en_q_de,de,synthetic,0.7044088176352705,,0.7044088176352705,-0.6905007448149412,0.0654416429972356
intfloat/multilingual-e5-large-instruct,e5-large-instruct,EP-4634394-A2_en_q_es,es,synthetic,0.874749498997996,,0.874749498997996,-0.5901915803831612,0.19481900126125024
intfloat/multilingual-e5-large-instruct,e5-large-instruct,EP-4634337-A1_en_q_en,en,original,0.5906813627254509,0.9839679358717436,0.19739478957915835,-0.9595616825733482,-0.15377302855977193
intfloat/multilingual-e5-large-instruct,e5-large-instruct,EP-4634128-A1_en_q_en,en,original,0.998998998998999,0.998998998998999,,,
intfloat/multilingual-e5-large-instruct,e5-large-instruct,EP-4633896-A1_en_q_en,en,original,0.986986986986987,0.986986986986987,,,
intfloat/multilingual-e5-large-instruct,e5-large-instruct,WO-2025215091-A1_fr_q_fr,fr,original,0.992992992992993,0.992992992992993,,,
intfloat/multilingual-e5-large-instruct,e5-large-instruct,EP-4633599-A1_fr_q_fr,fr,original,0.8682364729458918,0.9989979959919839,0.7374749498997996,-0.7670739291070721,0.06792868393992403
intfloat/multilingual-e5-large-instruct,e5-large-instruct,EP-4633656-A1_fr_q_fr,fr,original,0.8098098098098099,0.8098098098098099,,,
intfloat/multilingual-e5-large-instruct,e5-large-instruct,WO-2025208167-A1_de_q_de,de,original,0.8358358358358359,0.8358358358358359,,,
intfloat/multilingual-e5-large-instruct,e5-large-instruct,EP-4634396-A1_fr_q_fr,fr,original,0.9849699398797596,1.0,0.969939879759519,-0.19449315267009665,0.2848296114001792
intfloat/multilingual-e5-large-instruct,e5-large-instruct,EP-4633893-A1_fr_q_fr,fr,original,0.974974974974975,0.974974974974975,,,
intfloat/multilingual-e5-large-instruct,e5-large-instruct,EP-4633462-A1_en_q_en,en,original,0.9839679358717436,0.9989979959919839,0.968937875751503,-0.5460261462082309,0.32352533851292153
intfloat/multilingual-e5-large-instruct,e5-large-instruct,EP-4633386-A1_en_q_en,en,original,0.990990990990991,0.990990990990991,,,
intfloat/multilingual-e5-large-instruct,e5-large-instruct,EP-4633970-A1_fr_q_fr,fr,original,0.994994994994995,0.994994994994995,,,
intfloat/multilingual-e5-large-instruct,e5-large-instruct,EP-4633415-A1_en_q_en,en,original,0.7855711422845691,0.9989979959919839,0.5721442885771544,-0.8671364148816244,-0.02536152726347309
intfloat/multilingual-e5-large-instruct,e5-large-instruct,EP-4633415-A1_en_q_de,de,synthetic,0.4674348697394789,,0.4674348697394789,-0.6399143074662282,-0.01744112505743007
intfloat/multilingual-e5-large-instruct,e5-large-instruct,EP-4633415-A1_fr_q_fr,fr,original,0.9719719719719719,0.9719719719719719,,,
intfloat/multilingual-e5-large-instruct,e5-large-instruct,EP-4633415-A1_en_q_es,es,synthetic,0.7049098196392786,,0.7049098196392786,-0.5923277951551097,0.08946568442568083
intfloat/multilingual-e5-large-instruct,e5-large-instruct,EP-4633950-A1_en_q_en,en,original,0.7965931863727456,0.9799599198396793,0.6132264529058116,-0.741146963652194,0.014885953112447744
intfloat/multilingual-e5-large-instruct,e5-large-instruct,EP-4633950-A1_fr_q_fr,fr,original,0.977977977977978,0.977977977977978,,,
intfloat/multilingual-e5-large-instruct,e5-large-instruct,EP-4634629-A1_en_q_en,en,original,0.943943943943944,0.943943943943944,,,
intfloat/multilingual-e5-large-instruct,e5-large-instruct,EP-4634629-A1_de_q_de,de,original,0.98998998998999,0.98998998998999,,,
intfloat/multilingual-e5-large-instruct,e5-large-instruct,EP-4634629-A1_fr_q_fr,fr,original,0.8038038038038038,0.8038038038038038,,,
intfloat/multilingual-e5-large-instruct,e5-large-instruct,EP-4633582-A1_en_q_es,es,synthetic,0.8336673346693386,,0.8336673346693386,-0.6690632947496014,0.11871665990217264
intfloat/multilingual-e5-large-instruct,e5-large-instruct,EP-4634165-A1_en_q_es,es,synthetic,0.9989979959919839,,0.9989979959919839,0.08544516053775005,0.6723901274305052
intfloat/multilingual-e5-large-instruct,e5-large-instruct,EP-4633677-A1_en_q_de,de,synthetic,0.6923847695390781,,0.6923847695390781,-0.7170886968433359,0.05688056679826751
intfloat/multilingual-e5-large-instruct,e5-large-instruct,EP-4634246-A1_en_q_en,en,original,0.874749498997996,0.9969939879759518,0.7525050100200401,-0.683118191851817,0.09895136979655228
intfloat/multilingual-e5-large-instruct,e5-large-instruct,EP-4634120-A1_en_q_de,de,synthetic,0.36773547094188375,,0.36773547094188375,-0.8311981773362231,-0.09536300134443977
intfloat/multilingual-e5-large-instruct,e5-large-instruct,EP-4633638-A1_en_q_en,en,original,1.0,1.0,1.0,0.05620669320359714,0.5694996250794375
intfloat/multilingual-e5-large-instruct,e5-large-instruct,EP-4633389-A1_en_q_en,en,original,0.9979959919839679,1.0,0.9959919839679359,-0.057005953245244455,0.3270760120502367
intfloat/multilingual-e5-large-instruct,e5-large-instruct,WO-2025209629-A1_de_q_es,es,synthetic,0.9869739478957915,,0.9869739478957915,-0.20909203211859148,0.5384681902408874
intfloat/multilingual-e5-large-instruct,e5-large-instruct,EP-4634132-A2_en_q_en,en,original,0.9619238476953909,0.9989979959919839,0.9248496993987976,-0.5565684088844856,0.2715287399172886
intfloat/multilingual-e5-large-instruct,e5-large-instruct,EP-4634914-A1_en_q_es,es,synthetic,0.038076152304609256,,0.038076152304609256,-0.9868630773618781,-0.17452452679800434
intfloat/multilingual-e5-large-instruct,e5-large-instruct,EP-4634285-A1_en_q_de,de,synthetic,0.6538076152304609,,0.6538076152304609,-0.46517065966524385,0.10222222834247331
intfloat/multilingual-e5-large-instruct,e5-large-instruct,EP-4634122-A1_fr_q_fr,fr,original,0.7159318637274549,0.9799599198396793,0.4519038076152304,-0.8759047723319097,-0.07764757645651359
intfloat/multilingual-e5-large-instruct,e5-large-instruct,EP-4634365-A1_fr_q_fr,fr,original,1.0,1.0,1.0,0.04764773099715672,0.4604056151562224
intfloat/multilingual-e5-large-instruct,e5-large-instruct,WO-2025214709-A1_de_q_es,es,synthetic,0.4526553106212424,,0.4526553106212424,-0.9028173759784351,-0.046198950178619996
intfloat/multilingual-e5-large-instruct,e5-large-instruct,EP-4633426-A2_en_q_es,es,synthetic,0.5596790371113339,,0.5596790371113339,-0.7319836190543733,0.007786823634459743
intfloat/multilingual-e5-large-instruct,e5-large-instruct,EP-4630604-A1_de_q_es,es,synthetic,0.23046092184368733,,0.23046092184368733,-0.8522013086679047,-0.12818163995816087
intfloat/multilingual-e5-large-instruct,e5-large-instruct,EP-4634118-A1_en_q_es,es,synthetic,0.3053053053053053,,0.3053053053053053,-0.8934360882274771,-0.10931582215575701
intfloat/multilingual-e5-large-instruct,e5-large-instruct,EP-4634404-A1_en_q_de,de,synthetic,0.9509018036072144,,0.9509018036072144,-0.33488829988640656,0.3580857739712668
intfloat/multilingual-e5-large-instruct,e5-large-instruct,EP-4633465-A1_en_q_de,de,synthetic,0.9979959919839678,,0.9979959919839678,-0.15889121665989067,0.6634530434810423
intfloat/multilingual-e5-large-instruct,e5-large-instruct,EP-4633680-A1_en_q_es,es,synthetic,0.8977955911823647,,0.8977955911823647,-0.4521266786259156,0.2701552786193352
intfloat/multilingual-e5-large-instruct,e5-large-instruct,WO-2025201606-A1_de_q_es,es,synthetic,0.812625250501002,,0.812625250501002,-0.6295111000636939,0.14259580697226917
intfloat/multilingual-e5-large-instruct,e5-large-instruct,EP-4634435-A1_en_q_de,de,synthetic,0.8196392785571142,,0.8196392785571142,-0.5910189562652971,0.14062893127360995
intfloat/multilingual-e5-large-instruct,e5-large-instruct,EP-4634143-A1_en_q_de,de,synthetic,0.5428356713426853,,0.5428356713426853,-0.6923382557446517,0.004695504511440927
intfloat/multilingual-e5-large-instruct,e5-large-instruct,EP-4634287-A1_en_q_es,es,synthetic,0.02152152152152148,,0.02152152152152148,-0.9956140350877195,-0.1458171301784227
intfloat/multilingual-e5-large-instruct,e5-large-instruct,EP-4633627-A1_en_q_de,de,synthetic,0.9989979959919839,,0.9989979959919839,-0.14011463612754135,0.6696703783165526
intfloat/multilingual-e5-large-instruct,e5-large-instruct,EP-4633670-A1_fr_q_fr,fr,original,0.9654308617234468,1.0,0.9308617234468938,-0.3627545922680799,0.21782248687675965
intfloat/multilingual-e5-large-instruct,e5-large-instruct,WO-2025202163-A1_fr_q_fr,fr,original,1.0,1.0,,,
intfloat/multilingual-e5-large-instruct,e5-large-instruct,WO-2025214852-A1_fr_q_fr,fr,original,0.7570140280561122,0.9859719438877755,0.5280561122244489,-0.867391855797783,-0.041293234513553455
intfloat/multilingual-e5-large-instruct,e5-large-instruct,WO-2025214996-A1_fr_q_fr,fr,original,0.893893893893894,0.893893893893894,,,
intfloat/multilingual-e5-large-instruct,e5-large-instruct,EP-4630123-A1_de_q_de,de,original,0.9313627254509018,1.0,0.8627254509018036,-0.6150538223451759,0.1601779389395904
intfloat/multilingual-e5-large-instruct,e5-large-instruct,EP-4634646-A1_en_q_en,en,original,1.0,1.0,1.0,0.055090598846184946,0.500659236731365
intfloat/multilingual-e5-large-instruct,e5-large-instruct,EP-4634294-A1_en_q_en,en,original,0.9904809619238477,0.997995991983968,0.9829659318637274,-0.4268349071628942,0.42515417905405267
intfloat/multilingual-e5-large-instruct,e5-large-instruct,EP-4634436-A1_fr_q_fr,fr,original,0.8011022044088176,0.9919839679358718,0.6102204408817635,-0.8266761655980359,-0.0029786637313252303
intfloat/multilingual-e5-large-instruct,e5-large-instruct,EP-4633761-A1_en_q_en,en,original,0.8508508508508508,0.8508508508508508,,,
intfloat/multilingual-e5-large-instruct,e5-large-instruct,WO-2025215167-A1_de_q_de,de,original,0.746993987975952,1.0,0.4939879759519038,-0.6708193131442619,-0.01963213132455272
intfloat/multilingual-e5-large-instruct,e5-large-instruct,EP-4626962-A1_de_q_en,en,synthetic,0.5916833667334669,,0.5916833667334669,-0.6579798888518082,0.049171401700333704
intfloat/multilingual-e5-large-instruct,e5-large-instruct,EP-4626962-A1_de_q_de,de,original,0.9333667334669339,1.0,0.8667334669338678,-0.5741569597731495,0.18341743117604883
intfloat/multilingual-e5-large-instruct,e5-large-instruct,EP-4626962-A1_fr_q_fr,fr,original,0.998998998998999,0.998998998998999,,,
intfloat/multilingual-e5-large-instruct,e5-large-instruct,EP-4626962-A1_de_q_es,es,synthetic,0.6603206412825651,,0.6603206412825651,-0.6875972927241963,0.04541694217538256
intfloat/multilingual-e5-large-instruct,e5-large-instruct,WO-2025201936-A1_fr_q_fr,fr,original,1.0,1.0,,,
intfloat/multilingual-e5-large-instruct,e5-large-instruct,EP-4634597-A1_en_q_en,en,original,0.9579579579579579,0.9579579579579579,,,
intfloat/multilingual-e5-large-instruct,e5-large-instruct,EP-4634597-A1_en_q_de,de,synthetic,0.6427855711422845,,0.6427855711422845,-0.621099066122296,0.04945682188284976
intfloat/multilingual-e5-large-instruct,e5-large-instruct,EP-4634597-A1_fr_q_fr,fr,original,0.7700400801603207,1.0,0.5400801603206413,-0.5347672240338582,-0.014585696752557855
intfloat/multilingual-e5-large-instruct,e5-large-instruct,EP-4634597-A1_en_q_es,es,synthetic,0.5635635635635635,,0.5635635635635635,-0.788988870110689,-0.010342838765924293
intfloat/multilingual-e5-large-instruct,e5-large-instruct,EP-4634381-A1_en_q_zh,zh,synthetic,0.6676676676676676,,0.6676676676676676,-0.8405839606347963,0.021943172031157886
intfloat/multilingual-e5-large-instruct,e5-large-instruct,EP-4634926-A1_en_q_zh,zh,synthetic,0.5875875875875876,,0.5875875875875876,-0.7661093519956442,0.03172630912985407
intfloat/multilingual-e5-large-instruct,e5-large-instruct,EP-4633863-A2_en_q_zh,zh,synthetic,0.32898696088264795,,0.32898696088264795,-0.551781906792567,-0.049241210279228495
intfloat/multilingual-e5-large-instruct,e5-large-instruct,EP-4633797-A1_en_q_zh,zh,synthetic,0.813627254509018,,0.813627254509018,-0.46392345144711855,0.2579669301636354
intfloat/multilingual-e5-large-instruct,e5-large-instruct,EP-4633777-A1_en_q_zh,zh,synthetic,0.8840180360721444,,0.8840180360721444,-0.22999700703347106,0.3481249424573691
intfloat/multilingual-e5-large-instruct,e5-large-instruct,EP-4633621-A1_en_q_zh,zh,synthetic,0.7555110220440882,,0.7555110220440882,-0.5872159835487187,0.12580611718386359
intfloat/multilingual-e5-large-instruct,e5-large-instruct,EP-4634416-A1_en_q_zh,zh,synthetic,0.5275551102204409,,0.5275551102204409,-0.7053096211406548,-0.022342251557609254
intfloat/multilingual-e5-large-instruct,e5-large-instruct,EP-4634305-A1_en_q_zh,zh,synthetic,0.906312625250501,,0.906312625250501,-0.08083538381352869,0.4598231262102386
intfloat/multilingual-e5-large-instruct,e5-large-instruct,EP-4633531-A1_en_q_zh,zh,synthetic,0.751002004008016,,0.751002004008016,-0.5306966956029056,0.15122624698596876
intfloat/multilingual-e5-large-instruct,e5-large-instruct,EP-4634333-A1_en_q_zh,zh,synthetic,0.5230460921843687,,0.5230460921843687,-0.7417854500215478,0.0012552527544374059
intfloat/multilingual-e5-large-instruct,e5-large-instruct,EP-4634212-A1_en_q_zh,zh,synthetic,0.9884769539078156,,0.9884769539078156,-0.012255268270810768,0.6384326609535669
intfloat/multilingual-e5-large-instruct,e5-large-instruct,EP-4629959-A1_de_q_zh,zh,synthetic,0.5881763527054108,,0.5881763527054108,-0.7220207690148748,-0.015135823147838004
intfloat/multilingual-e5-large-instruct,e5-large-instruct,EP-4627881-A1_de_q_zh,zh,synthetic,0.5150300601202406,,0.5150300601202406,-0.8666830620640316,-0.07666850648175214
intfloat/multilingual-e5-large-instruct,e5-large-instruct,EP-4633576-A1_en_q_zh,zh,synthetic,0.6836836836836837,,0.6836836836836837,-0.7463495030500363,0.04867685376594335
intfloat/multilingual-e5-large-instruct,e5-large-instruct,EP-4633742-A2_en_q_zh,zh,synthetic,0.9213426853707415,,0.9213426853707415,-0.3107441128609286,0.3764962850644466
intfloat/multilingual-e5-large-instruct,e5-large-instruct,EP-4633791-A1_en_q_zh,zh,synthetic,0.9466432865731463,,0.9466432865731463,-0.17181264964086268,0.4812918309683989
intfloat/multilingual-e5-large-instruct,e5-large-instruct,EP-4634111-A1_fr_q_fr,fr,original,0.8828828828828829,0.8828828828828829,,,
intfloat/multilingual-e5-large-instruct,e5-large-instruct,EP-4633622-A2_en_q_es,es,synthetic,0.4453907815631263,,0.4453907815631263,-0.6775109256789775,-0.053054325553893444
intfloat/multilingual-e5-large-instruct,e5-large-instruct,EP-4634187-A1_en_q_es_120,es,synthetic,0.9238476953907816,,0.9238476953907816,-0.4523187564499487,0.31103817865348876
intfloat/multilingual-e5-large-instruct,e5-large-instruct,EP-4634139-A1_fr_q_fr,fr,original,0.9769539078156313,1.0,0.9539078156312626,-0.441872157050515,0.2083048068845366
intfloat/multilingual-e5-large-instruct,e5-large-instruct,EP-4634136-A1_en_q_en,en,original,0.8218218218218218,0.8218218218218218,,,
intfloat/multilingual-e5-large-instruct,e5-large-instruct,EP-4634136-A1_fr_q_fr,fr,original,0.9939939939939939,0.9939939939939939,,,
intfloat/multilingual-e5-large-instruct,e5-large-instruct,EP-4634248-A1_en_q_en,en,original,0.9774549098196392,1.0,0.9549098196392785,-0.5130417254585774,0.2817524722225476
intfloat/multilingual-e5-large-instruct,e5-large-instruct,EP-4634142-A1_en_q_es,es,synthetic,0.6526245402875293,,0.6526245402875293,-0.6297512349513411,0.04145413632166932
intfloat/multilingual-e5-large-instruct,e5-large-instruct,WO-2025214812-A1_de_q_es,es,synthetic,0.5976953907815631,,0.5976953907815631,-0.6338945734755388,0.02619072443698152
intfloat/multilingual-e5-large-instruct,e5-large-instruct,EP-4633662-A1_en_q_de,de,synthetic,0.75,,0.75,-0.7721156396428255,0.06295692791293608
intfloat/multilingual-e5-large-instruct,e5-large-instruct,WO-2025153617-A3_de_q_de,de,original,0.9849699398797596,0.999498997995992,0.970440881763527,-0.5880638445523936,0.26039795297279705
intfloat/multilingual-e5-large-instruct,e5-large-instruct,EP-4634596-A1_en_q_en,en,original,0.996993987975952,1.0,0.9939879759519038,-0.12376141650870265,0.34521741440834414
intfloat/multilingual-e5-large-instruct,e5-large-instruct,EP-4634596-A1_en_q_de,de,synthetic,0.5516032064128257,,0.5516032064128257,-0.6977390256556142,-0.012492341971442694
intfloat/multilingual-e5-large-instruct,e5-large-instruct,EP-4634596-A1_fr_q_fr,fr,original,0.7379759519038076,1.0,0.4759519038076152,-0.6940769579679474,-0.05093171298751163
intfloat/multilingual-e5-large-instruct,e5-large-instruct,EP-4634596-A1_en_q_es_135,es,synthetic,0.9659318637274549,,0.9659318637274549,-0.24851093075009897,0.44667609535079933
