model,short,query_id,patent,origin,qlang,src,n_targets,foreign_reach10
google/embeddinggemma-300m,embeddinggemma,EP-4633662-A1_en_q_en,EP-4633662-A1,original,en,en,1,0.0
google/embeddinggemma-300m,embeddinggemma,EP-4630509-A1_fr_q_fr,EP-4630509-A1,original,fr,fr,2,0.0
google/embeddinggemma-300m,embeddinggemma,EP-4634248-A1_en_q_es,EP-4634248-A1,synthetic,es,en,1,0.0
google/embeddinggemma-300m,embeddinggemma,EP-4634187-A1_en_q_es,EP-4634187-A1,synthetic,es,en,1,0.0
google/embeddinggemma-300m,embeddinggemma,EP-4634142-A1_fr_q_fr,EP-4634142-A1,original,fr,fr,2,0.0
google/embeddinggemma-300m,embeddinggemma,EP-4633768-A2_en_q_es,EP-4633768-A2,synthetic,es,en,1,0.0
google/embeddinggemma-300m,embeddinggemma,EP-4633645-A1_fr_q_fr,EP-4633645-A1,original,fr,fr,1,0.0
google/embeddinggemma-300m,embeddinggemma,EP-4633622-A2_en_q_de,EP-4633622-A2,synthetic,de,en,1,1.0
google/embeddinggemma-300m,embeddinggemma,EP-4634601-A1_en_q_en,EP-4634601-A1,original,en,en,1,1.0
google/embeddinggemma-300m,embeddinggemma,EP-4630626-A1_de_q_de,EP-4630626-A1,original,de,de,2,1.0
google/embeddinggemma-300m,embeddinggemma,EP-4630600-A1_de_q_en,EP-4630600-A1,synthetic,en,de,2,0.0
google/embeddinggemma-300m,embeddinggemma,EP-4633632-A1_en_q_es,EP-4633632-A1,synthetic,es,en,2,1.0
google/embeddinggemma-300m,embeddinggemma,EP-4634136-A1_en_q_es,EP-4634136-A1,synthetic,es,en,1,0.0
google/embeddinggemma-300m,embeddinggemma,EP-4634157-A1_en_q_de,EP-4634157-A1,synthetic,de,en,1,0.0
google/embeddinggemma-300m,embeddinggemma,EP-4630574-A1_de_q_en,EP-4630574-A1,synthetic,en,de,2,0.0
google/embeddinggemma-300m,embeddinggemma,EP-4634111-A1_en_q_de,EP-4634111-A1,synthetic,de,en,1,0.0
google/embeddinggemma-300m,embeddinggemma,EP-4634596-A1_en_q_es,EP-4634596-A1,synthetic,es,en,1,0.0
google/embeddinggemma-300m,embeddinggemma,EP-4634139-A1_en_q_es,EP-4634139-A1,synthetic,es,en,1,1.0
google/embeddinggemma-300m,embeddinggemma,WO-2025153617-A3_de_q_en,WO-2025153617-A3,synthetic,en,de,2,0.0
google/embeddinggemma-300m,embeddinggemma,EP-4634251-A1_en_q_es,EP-4634251-A1,synthetic,es,en,2,0.0
google/embeddinggemma-300m,embeddinggemma,EP-4634426-A1_en_q_es,EP-4634426-A1,synthetic,es,en,2,0.0
google/embeddinggemma-300m,embeddinggemma,EP-4634729-A1_en_q_de,EP-4634729-A1,synthetic,de,en,1,1.0
google/embeddinggemma-300m,embeddinggemma,EP-4626569-A1_de_q_en,EP-4626569-A1,synthetic,en,de,2,1.0
google/embeddinggemma-300m,embeddinggemma,EP-4634394-A2_en_q_es,EP-4634394-A2,synthetic,es,en,1,1.0
google/embeddinggemma-300m,embeddinggemma,EP-4634424-A1_en_q_es,EP-4634424-A1,synthetic,es,en,1,0.0
google/embeddinggemma-300m,embeddinggemma,EP-4633602-A1_en_q_de,EP-4633602-A1,synthetic,de,en,1,0.0
google/embeddinggemma-300m,embeddinggemma,EP-4634337-A1_en_q_en,EP-4634337-A1,original,en,en,2,0.0
google/embeddinggemma-300m,embeddinggemma,EP-4634128-A1_en_q_en,EP-4634128-A1,original,en,en,1,1.0
google/embeddinggemma-300m,embeddinggemma,EP-4633896-A1_en_q_en,EP-4633896-A1,original,en,en,1,0.0
google/embeddinggemma-300m,embeddinggemma,WO-2025215091-A1_fr_q_fr,WO-2025215091-A1,original,fr,fr,2,0.5
google/embeddinggemma-300m,embeddinggemma,EP-4633599-A1_fr_q_fr,EP-4633599-A1,original,fr,fr,1,1.0
google/embeddinggemma-300m,embeddinggemma,EP-4633656-A1_fr_q_fr,EP-4633656-A1,original,fr,fr,1,0.0
google/embeddinggemma-300m,embeddinggemma,WO-2025208167-A1_de_q_de,WO-2025208167-A1,original,de,de,2,0.0
google/embeddinggemma-300m,embeddinggemma,EP-4634396-A1_fr_q_fr,EP-4634396-A1,original,fr,fr,1,1.0
google/embeddinggemma-300m,embeddinggemma,EP-4633893-A1_fr_q_fr,EP-4633893-A1,original,fr,fr,1,0.0
google/embeddinggemma-300m,embeddinggemma,EP-4633462-A1_en_q_en,EP-4633462-A1,original,en,en,2,1.0
google/embeddinggemma-300m,embeddinggemma,EP-4633386-A1_en_q_en,EP-4633386-A1,original,en,en,1,0.0
google/embeddinggemma-300m,embeddinggemma,EP-4633970-A1_fr_q_fr,EP-4633970-A1,original,fr,fr,1,0.0
google/embeddinggemma-300m,embeddinggemma,EP-4633415-A1_en_q_en,EP-4633415-A1,original,en,en,1,0.0
google/embeddinggemma-300m,embeddinggemma,EP-4633415-A1_en_q_de,EP-4633415-A1,synthetic,de,en,1,1.0
google/embeddinggemma-300m,embeddinggemma,EP-4633415-A1_fr_q_fr,EP-4633415-A1,original,fr,fr,1,0.0
google/embeddinggemma-300m,embeddinggemma,EP-4633415-A1_en_q_es,EP-4633415-A1,synthetic,es,en,1,1.0
google/embeddinggemma-300m,embeddinggemma,EP-4633950-A1_en_q_en,EP-4633950-A1,original,en,en,1,0.0
google/embeddinggemma-300m,embeddinggemma,EP-4633950-A1_en_q_de,EP-4633950-A1,synthetic,de,en,1,0.0
google/embeddinggemma-300m,embeddinggemma,EP-4633950-A1_fr_q_fr,EP-4633950-A1,original,fr,fr,1,0.0
google/embeddinggemma-300m,embeddinggemma,EP-4633950-A1_en_q_es,EP-4633950-A1,synthetic,es,en,1,0.0
google/embeddinggemma-300m,embeddinggemma,EP-4634629-A1_en_q_en,EP-4634629-A1,original,en,en,2,0.0
google/embeddinggemma-300m,embeddinggemma,EP-4634629-A1_de_q_de,EP-4634629-A1,original,de,de,2,0.0
google/embeddinggemma-300m,embeddinggemma,EP-4634629-A1_fr_q_fr,EP-4634629-A1,original,fr,fr,2,0.0
google/embeddinggemma-300m,embeddinggemma,EP-4634629-A1_en_q_es,EP-4634629-A1,synthetic,es,en,2,0.0
google/embeddinggemma-300m,embeddinggemma,EP-4633582-A1_en_q_es,EP-4633582-A1,synthetic,es,en,1,1.0
google/embeddinggemma-300m,embeddinggemma,EP-4634165-A1_en_q_es,EP-4634165-A1,synthetic,es,en,1,1.0
google/embeddinggemma-300m,embeddinggemma,EP-4633677-A1_en_q_de,EP-4633677-A1,synthetic,de,en,1,0.0
google/embeddinggemma-300m,embeddinggemma,EP-4634246-A1_en_q_en,EP-4634246-A1,original,en,en,1,1.0
google/embeddinggemma-300m,embeddinggemma,EP-4634120-A1_en_q_de,EP-4634120-A1,synthetic,de,en,1,1.0
google/embeddinggemma-300m,embeddinggemma,EP-4633638-A1_en_q_en,EP-4633638-A1,original,en,en,1,1.0
google/embeddinggemma-300m,embeddinggemma,EP-4633389-A1_en_q_en,EP-4633389-A1,original,en,en,1,1.0
google/embeddinggemma-300m,embeddinggemma,WO-2025209629-A1_de_q_es,WO-2025209629-A1,synthetic,es,de,2,1.0
google/embeddinggemma-300m,embeddinggemma,EP-4634132-A2_en_q_en,EP-4634132-A2,original,en,en,1,0.0
google/embeddinggemma-300m,embeddinggemma,EP-4634914-A1_en_q_es,EP-4634914-A1,synthetic,es,en,1,1.0
google/embeddinggemma-300m,embeddinggemma,EP-4634285-A1_en_q_de,EP-4634285-A1,synthetic,de,en,1,1.0
google/embeddinggemma-300m,embeddinggemma,EP-4634122-A1_fr_q_fr,EP-4634122-A1,original,fr,fr,1,0.0
google/embeddinggemma-300m,embeddinggemma,EP-4634365-A1_fr_q_fr,EP-4634365-A1,original,fr,fr,1,1.0
google/embeddinggemma-300m,embeddinggemma,WO-2025214709-A1_de_q_es,WO-2025214709-A1,synthetic,es,de,2,1.0
google/embeddinggemma-300m,embeddinggemma,EP-4633426-A2_en_q_es,EP-4633426-A2,synthetic,es,en,2,1.0
google/embeddinggemma-300m,embeddinggemma,EP-4630604-A1_de_q_es,EP-4630604-A1,synthetic,es,de,2,1.0
google/embeddinggemma-300m,embeddinggemma,EP-4634118-A1_en_q_es,EP-4634118-A1,synthetic,es,en,2,1.0
google/embeddinggemma-300m,embeddinggemma,EP-4634404-A1_en_q_de,EP-4634404-A1,synthetic,de,en,1,1.0
google/embeddinggemma-300m,embeddinggemma,EP-4633465-A1_en_q_de,EP-4633465-A1,synthetic,de,en,1,1.0
google/embeddinggemma-300m,embeddinggemma,EP-4633680-A1_en_q_es,EP-4633680-A1,synthetic,es,en,1,1.0
google/embeddinggemma-300m,embeddinggemma,WO-2025201606-A1_de_q_es,WO-2025201606-A1,synthetic,es,de,2,1.0
google/embeddinggemma-300m,embeddinggemma,EP-4634435-A1_en_q_de,EP-4634435-A1,synthetic,de,en,1,1.0
google/embeddinggemma-300m,embeddinggemma,EP-4634143-A1_en_q_de,EP-4634143-A1,synthetic,de,en,1,1.0
google/embeddinggemma-300m,embeddinggemma,EP-4634411-A1_en_q_de,EP-4634411-A1,synthetic,de,en,1,0.0
google/embeddinggemma-300m,embeddinggemma,EP-4634287-A1_en_q_es,EP-4634287-A1,synthetic,es,en,2,0.0
google/embeddinggemma-300m,embeddinggemma,EP-4633627-A1_en_q_de,EP-4633627-A1,synthetic,de,en,1,1.0
google/embeddinggemma-300m,embeddinggemma,EP-4633670-A1_fr_q_fr,EP-4633670-A1,original,fr,fr,1,1.0
google/embeddinggemma-300m,embeddinggemma,WO-2025202163-A1_fr_q_fr,WO-2025202163-A1,original,fr,fr,2,1.0
google/embeddinggemma-300m,embeddinggemma,WO-2025214852-A1_fr_q_fr,WO-2025214852-A1,original,fr,fr,2,0.0
google/embeddinggemma-300m,embeddinggemma,WO-2025214996-A1_fr_q_fr,WO-2025214996-A1,original,fr,fr,2,0.5
google/embeddinggemma-300m,embeddinggemma,EP-4630123-A1_de_q_de,EP-4630123-A1,original,de,de,2,1.0
google/embeddinggemma-300m,embeddinggemma,EP-4634646-A1_en_q_en,EP-4634646-A1,original,en,en,1,1.0
google/embeddinggemma-300m,embeddinggemma,EP-4634294-A1_en_q_en,EP-4634294-A1,original,en,en,1,1.0
google/embeddinggemma-300m,embeddinggemma,EP-4634436-A1_fr_q_fr,EP-4634436-A1,original,fr,fr,1,1.0
google/embeddinggemma-300m,embeddinggemma,EP-4633761-A1_en_q_en,EP-4633761-A1,original,en,en,1,0.0
google/embeddinggemma-300m,embeddinggemma,WO-2025215167-A1_de_q_de,WO-2025215167-A1,original,de,de,2,1.0
google/embeddinggemma-300m,embeddinggemma,EP-4626962-A1_de_q_en,EP-4626962-A1,synthetic,en,de,2,1.0
google/embeddinggemma-300m,embeddinggemma,EP-4626962-A1_de_q_de,EP-4626962-A1,original,de,de,2,1.0
google/embeddinggemma-300m,embeddinggemma,EP-4626962-A1_fr_q_fr,EP-4626962-A1,original,fr,fr,2,0.0
google/embeddinggemma-300m,embeddinggemma,EP-4626962-A1_de_q_es,EP-4626962-A1,synthetic,es,de,2,1.0
google/embeddinggemma-300m,embeddinggemma,WO-2025201936-A1_de_q_en,WO-2025201936-A1,synthetic,en,de,2,0.0
google/embeddinggemma-300m,embeddinggemma,WO-2025201936-A1_fr_q_fr,WO-2025201936-A1,original,fr,fr,2,0.0
google/embeddinggemma-300m,embeddinggemma,WO-2025201936-A1_de_q_es,WO-2025201936-A1,synthetic,es,de,2,0.0
google/embeddinggemma-300m,embeddinggemma,EP-4634597-A1_en_q_en,EP-4634597-A1,original,en,en,1,0.0
google/embeddinggemma-300m,embeddinggemma,EP-4634597-A1_en_q_de,EP-4634597-A1,synthetic,de,en,1,1.0
google/embeddinggemma-300m,embeddinggemma,EP-4634597-A1_fr_q_fr,EP-4634597-A1,original,fr,fr,1,1.0
google/embeddinggemma-300m,embeddinggemma,EP-4634597-A1_en_q_es,EP-4634597-A1,synthetic,es,en,1,0.0
google/embeddinggemma-300m,embeddinggemma,EP-4634381-A1_en_q_zh,EP-4634381-A1,synthetic,zh,en,1,0.0
google/embeddinggemma-300m,embeddinggemma,EP-4633589-A1_en_q_zh,EP-4633589-A1,synthetic,zh,en,1,0.0
google/embeddinggemma-300m,embeddinggemma,EP-4627024-A1_de_q_zh,EP-4627024-A1,synthetic,zh,de,2,0.0
google/embeddinggemma-300m,embeddinggemma,EP-4634926-A1_en_q_zh,EP-4634926-A1,synthetic,zh,en,1,0.0
google/embeddinggemma-300m,embeddinggemma,EP-4633863-A2_en_q_zh,EP-4633863-A2,synthetic,zh,en,2,0.5
google/embeddinggemma-300m,embeddinggemma,EP-4633797-A1_en_q_zh,EP-4633797-A1,synthetic,zh,en,1,1.0
google/embeddinggemma-300m,embeddinggemma,EP-4633777-A1_en_q_zh,EP-4633777-A1,synthetic,zh,en,1,1.0
google/embeddinggemma-300m,embeddinggemma,EP-4633621-A1_en_q_zh,EP-4633621-A1,synthetic,zh,en,1,0.0
google/embeddinggemma-300m,embeddinggemma,EP-4634723-A1_en_q_zh,EP-4634723-A1,synthetic,zh,en,1,0.0
google/embeddinggemma-300m,embeddinggemma,EP-4633581-A1_en_q_zh,EP-4633581-A1,synthetic,zh,en,1,0.0
google/embeddinggemma-300m,embeddinggemma,EP-4634416-A1_en_q_zh,EP-4634416-A1,synthetic,zh,en,1,0.0
google/embeddinggemma-300m,embeddinggemma,EP-4634305-A1_en_q_zh,EP-4634305-A1,synthetic,zh,en,1,1.0
google/embeddinggemma-300m,embeddinggemma,EP-4633531-A1_en_q_zh,EP-4633531-A1,synthetic,zh,en,1,1.0
google/embeddinggemma-300m,embeddinggemma,EP-4634333-A1_en_q_zh,EP-4634333-A1,synthetic,zh,en,1,1.0
google/embeddinggemma-300m,embeddinggemma,EP-4634212-A1_en_q_zh,EP-4634212-A1,synthetic,zh,en,1,1.0
google/embeddinggemma-300m,embeddinggemma,EP-4629959-A1_de_q_zh,EP-4629959-A1,synthetic,zh,de,2,1.0
google/embeddinggemma-300m,embeddinggemma,EP-4627881-A1_de_q_zh,EP-4627881-A1,synthetic,zh,de,2,1.0
google/embeddinggemma-300m,embeddinggemma,EP-4633576-A1_en_q_zh,EP-4633576-A1,synthetic,zh,en,1,0.0
google/embeddinggemma-300m,embeddinggemma,EP-4633742-A2_en_q_zh,EP-4633742-A2,synthetic,zh,en,1,1.0
google/embeddinggemma-300m,embeddinggemma,EP-4633791-A1_en_q_zh,EP-4633791-A1,synthetic,zh,en,1,1.0
google/embeddinggemma-300m,embeddinggemma,EP-4630574-A1_fr_q_fr,EP-4630574-A1,original,fr,fr,2,0.0
google/embeddinggemma-300m,embeddinggemma,EP-4634111-A1_fr_q_fr,EP-4634111-A1,original,fr,fr,1,0.0
google/embeddinggemma-300m,embeddinggemma,EP-4633622-A2_en_q_es,EP-4633622-A2,synthetic,es,en,1,1.0
google/embeddinggemma-300m,embeddinggemma,EP-4634187-A1_en_q_es_120,EP-4634187-A1,synthetic,es,en,1,1.0
google/embeddinggemma-300m,embeddinggemma,EP-4634139-A1_fr_q_fr,EP-4634139-A1,original,fr,fr,1,1.0
google/embeddinggemma-300m,embeddinggemma,EP-4634136-A1_en_q_en,EP-4634136-A1,original,en,en,1,0.0
google/embeddinggemma-300m,embeddinggemma,EP-4634136-A1_en_q_de,EP-4634136-A1,synthetic,de,en,1,0.0
google/embeddinggemma-300m,embeddinggemma,EP-4634136-A1_fr_q_fr,EP-4634136-A1,original,fr,fr,1,0.0
google/embeddinggemma-300m,embeddinggemma,EP-4634136-A1_en_q_es_125,EP-4634136-A1,synthetic,es,en,1,0.0
google/embeddinggemma-300m,embeddinggemma,q_126_zh,EP-4634136-A1,original,zh,,2,0.0
google/embeddinggemma-300m,embeddinggemma,EP-4634248-A1_en_q_en,EP-4634248-A1,original,en,en,1,1.0
google/embeddinggemma-300m,embeddinggemma,EP-4634142-A1_en_q_es,EP-4634142-A1,synthetic,es,en,2,1.0
google/embeddinggemma-300m,embeddinggemma,WO-2025214812-A1_de_q_es,WO-2025214812-A1,synthetic,es,de,2,1.0
google/embeddinggemma-300m,embeddinggemma,EP-4633662-A1_en_q_de,EP-4633662-A1,synthetic,de,en,1,0.0
google/embeddinggemma-300m,embeddinggemma,WO-2025153617-A3_de_q_de,WO-2025153617-A3,original,de,de,2,1.0
google/embeddinggemma-300m,embeddinggemma,EP-4634596-A1_en_q_en,EP-4634596-A1,original,en,en,1,1.0
google/embeddinggemma-300m,embeddinggemma,EP-4634596-A1_en_q_de,EP-4634596-A1,synthetic,de,en,1,1.0
google/embeddinggemma-300m,embeddinggemma,EP-4634596-A1_fr_q_fr,EP-4634596-A1,original,fr,fr,1,1.0
google/embeddinggemma-300m,embeddinggemma,EP-4634596-A1_en_q_es_135,EP-4634596-A1,synthetic,es,en,1,1.0
google/embeddinggemma-300m,embeddinggemma,q_136_zh,EP-4634596-A1,original,zh,,2,1.0
google/embeddinggemma-300m,embeddinggemma,EP-4626887-A1_en_q_en,EP-4626887-A1,original,en,en,1,1.0
google/embeddinggemma-300m,embeddinggemma,EP-4630033-A1_en_q_en,EP-4630033-A1,original,en,en,1,1.0
google/embeddinggemma-300m,embeddinggemma,EP-4532639-A1_fr_q_fr,EP-4532639-A1,original,fr,fr,2,0.0
google/embeddinggemma-300m,embeddinggemma,EP-4627010-A1_en_q_de,EP-4627010-A1,synthetic,de,en,1,0.0
google/embeddinggemma-300m,embeddinggemma,EP-4626937-A1_en_q_de,EP-4626937-A1,synthetic,de,en,1,1.0
google/embeddinggemma-300m,embeddinggemma,WO-2022119476-A1_en_q_de,WO-2022119476-A1,synthetic,de,en,1,0.0
google/embeddinggemma-300m,embeddinggemma,WO-2025131900-A1_en_q_en,WO-2025131900-A1,original,en,en,3,1.0
google/embeddinggemma-300m,embeddinggemma,WO-2025200741-A1_en_q_zh,WO-2025200741-A1,synthetic,zh,en,1,0.0
google/embeddinggemma-300m,embeddinggemma,MX-2025009603-A_en_q_en,MX-2025009603-A,original,en,en,2,0.0
google/embeddinggemma-300m,embeddinggemma,MX-2025009952-A_en_q_zh,MX-2025009952-A,synthetic,zh,en,1,1.0
google/embeddinggemma-300m,embeddinggemma,WO-2025150253-A1_en_q_es,WO-2025150253-A1,synthetic,es,en,1,0.0
google/embeddinggemma-300m,embeddinggemma,WO-2025186929-A8_en_q_en,WO-2025186929-A8,original,en,en,1,1.0
google/embeddinggemma-300m,embeddinggemma,WO-2025211042-A1_en_q_en,WO-2025211042-A1,original,en,en,1,1.0
google/embeddinggemma-300m,embeddinggemma,WO-2025209205-A1_en_q_en,WO-2025209205-A1,original,en,en,2,0.0
google/embeddinggemma-300m,embeddinggemma,WO-2025207982-A1_en_q_de,WO-2025207982-A1,synthetic,de,en,1,1.0
google/embeddinggemma-300m,embeddinggemma,WO-2025210325-A1_en_q_de,WO-2025210325-A1,synthetic,de,en,1,0.0
google/embeddinggemma-300m,embeddinggemma,WO-2025216427-A1_zh_q_zh,WO-2025216427-A1,original,zh,zh,2,0.0
google/embeddinggemma-300m,embeddinggemma,WO-2025197823-A1_zh_q_zh,WO-2025197823-A1,original,zh,zh,2,1.0
google/embeddinggemma-300m,embeddinggemma,MX-2025002756-A_en_q_en,MX-2025002756-A,original,en,en,1,1.0
google/embeddinggemma-300m,embeddinggemma,WO-2025202632-A1_en_q_en,WO-2025202632-A1,original,en,en,1,1.0
google/embeddinggemma-300m,embeddinggemma,EP-4627608-A1_en_q_en,EP-4627608-A1,original,en,en,1,0.0
google/embeddinggemma-300m,embeddinggemma,EP-4634668-A1_fr_q_fr,EP-4634668-A1,original,fr,fr,1,1.0
google/embeddinggemma-300m,embeddinggemma,MX-2025009965-A_en_q_de,MX-2025009965-A,synthetic,de,en,1,0.0
google/embeddinggemma-300m,embeddinggemma,WO-2025164300-A1_en_q_de,WO-2025164300-A1,synthetic,de,en,1,0.0
google/embeddinggemma-300m,embeddinggemma,MX-2025009189-A_en_q_de,MX-2025009189-A,synthetic,de,en,1,1.0
google/embeddinggemma-300m,embeddinggemma,WO-2024253632-A1_en_q_en,WO-2024253632-A1,original,en,en,1,1.0
google/embeddinggemma-300m,embeddinggemma,WO-2025216023-A1_zh_q_zh,WO-2025216023-A1,original,zh,zh,2,0.5
google/embeddinggemma-300m,embeddinggemma,WO-2025211128-A1_en_q_en,WO-2025211128-A1,original,en,en,1,1.0
google/embeddinggemma-300m,embeddinggemma,MX-2025010237-A_en_q_zh,MX-2025010237-A,synthetic,zh,en,1,0.0
google/embeddinggemma-300m,embeddinggemma,EP-4633785-A2_en_q_es,EP-4633785-A2,synthetic,es,en,1,1.0
google/embeddinggemma-300m,embeddinggemma,MX-2025005737-A_en_q_en,MX-2025005737-A,original,en,en,1,0.0
google/embeddinggemma-300m,embeddinggemma,MX-2025010606-A_en_q_en,MX-2025010606-A,original,en,en,1,1.0
google/embeddinggemma-300m,embeddinggemma,MX-2025010877-A_en_q_en,MX-2025010877-A,original,en,en,1,1.0
google/embeddinggemma-300m,embeddinggemma,EP-4584035-A1_de_q_de,EP-4584035-A1,original,de,de,3,0.0
google/embeddinggemma-300m,embeddinggemma,WO-2025170306-A1_en_q_de,WO-2025170306-A1,synthetic,de,en,2,0.5
google/embeddinggemma-300m,embeddinggemma,WO-2025210569-A1_zh_q_zh,WO-2025210569-A1,original,zh,zh,2,0.0
google/embeddinggemma-300m,embeddinggemma,MX-2025010084-A_en_q_zh,MX-2025010084-A,synthetic,zh,en,1,0.0
google/embeddinggemma-300m,embeddinggemma,WO-2025186542-A8_en_q_en,WO-2025186542-A8,original,en,en,1,1.0
google/embeddinggemma-300m,embeddinggemma,WO-2025206130-A1_zh_q_zh,WO-2025206130-A1,original,zh,zh,2,0.0
google/embeddinggemma-300m,embeddinggemma,WO-2025208054-A1_en_q_de,WO-2025208054-A1,synthetic,de,en,1,1.0
google/embeddinggemma-300m,embeddinggemma,WO-2025201708-A1_en_q_zh,WO-2025201708-A1,synthetic,zh,en,1,0.0
google/embeddinggemma-300m,embeddinggemma,WO-2025141238-A1_es_q_es,WO-2025141238-A1,original,es,es,2,0.0
google/embeddinggemma-300m,embeddinggemma,MX-2025004351-A_en_q_en,MX-2025004351-A,original,en,en,1,1.0
google/embeddinggemma-300m,embeddinggemma,WO-2025200809-A1_en_q_en,WO-2025200809-A1,original,en,en,2,1.0
google/embeddinggemma-300m,embeddinggemma,WO-2025201644-A1_fr_q_fr,WO-2025201644-A1,original,fr,fr,2,1.0
google/embeddinggemma-300m,embeddinggemma,MX-2025003633-A_en_q_de,MX-2025003633-A,synthetic,de,en,1,0.0
google/embeddinggemma-300m,embeddinggemma,WO-2025170482-A1_en_q_de,WO-2025170482-A1,synthetic,de,en,2,1.0
google/embeddinggemma-300m,embeddinggemma,MX-2025002762-A_en_q_en,MX-2025002762-A,original,en,en,1,0.0
google/embeddinggemma-300m,embeddinggemma,MX-2025009196-A_en_q_de,MX-2025009196-A,synthetic,de,en,1,0.0
google/embeddinggemma-300m,embeddinggemma,EP-4584246-A1_en_q_zh,EP-4584246-A1,synthetic,zh,en,2,1.0
google/embeddinggemma-300m,embeddinggemma,WO-2022031256-A1_en_q_zh,WO-2022031256-A1,synthetic,zh,en,1,0.0
google/embeddinggemma-300m,embeddinggemma,ES-3035119-A1_en_q_fr,ES-3035119-A1,synthetic,fr,en,2,0.0
google/embeddinggemma-300m,embeddinggemma,WO-2022231470-A1_en_q_de,WO-2022231470-A1,synthetic,de,en,1,0.0
google/embeddinggemma-300m,embeddinggemma,EP-4627127-A1_en_q_de,EP-4627127-A1,synthetic,de,en,2,0.0
google/embeddinggemma-300m,embeddinggemma,WO-2025185983-A1_en_q_es,WO-2025185983-A1,synthetic,es,en,2,0.0
google/embeddinggemma-300m,embeddinggemma,EP-4627015-A1_en_q_de,EP-4627015-A1,synthetic,de,en,1,1.0
google/embeddinggemma-300m,embeddinggemma,WO-2025212979-A1_en_q_de,WO-2025212979-A1,synthetic,de,en,2,0.0
google/embeddinggemma-300m,embeddinggemma,MX-2025010953-A_en_q_zh,MX-2025010953-A,synthetic,zh,en,1,1.0
google/embeddinggemma-300m,embeddinggemma,WO-2025207427-A1_en_q_de,WO-2025207427-A1,synthetic,de,en,2,0.0
google/embeddinggemma-300m,embeddinggemma,MX-2025007532-A_en_q_de,MX-2025007532-A,synthetic,de,en,2,0.0
google/embeddinggemma-300m,embeddinggemma,EP-4627092-A1_en_q_zh,EP-4627092-A1,synthetic,zh,en,1,0.0
google/embeddinggemma-300m,embeddinggemma,EP-4584229-A1_en_q_es,EP-4584229-A1,synthetic,es,en,3,0.0
google/embeddinggemma-300m,embeddinggemma,WO-2024054196-A1_en_q_zh,WO-2024054196-A1,synthetic,zh,en,1,0.0
google/embeddinggemma-300m,embeddinggemma,WO-2025164618-A1_en_q_es,WO-2025164618-A1,synthetic,es,en,2,0.0
google/embeddinggemma-300m,embeddinggemma,EP-4626889-A1_en_q_es,EP-4626889-A1,synthetic,es,en,1,0.0
google/embeddinggemma-300m,embeddinggemma,MX-2025004761-A_en_q_zh,MX-2025004761-A,synthetic,zh,en,1,0.0
google/embeddinggemma-300m,embeddinggemma,MX-2025009867-A_en_q_de,MX-2025009867-A,synthetic,de,en,2,0.0
google/embeddinggemma-300m,embeddinggemma,WO-03042409-A3_en_q_es,WO-03042409-A3,synthetic,es,en,1,1.0
google/embeddinggemma-300m,embeddinggemma,WO-2025212474-A1_en_q_de,WO-2025212474-A1,synthetic,de,en,1,0.0
google/embeddinggemma-300m,embeddinggemma,ES-3028671-A1_en_q_zh,ES-3028671-A1,synthetic,zh,en,1,0.0
google/embeddinggemma-300m,embeddinggemma,WO-2025212467-A1_en_q_de,WO-2025212467-A1,synthetic,de,en,1,1.0
google/embeddinggemma-300m,embeddinggemma,MX-2025009862-A_en_q_fr,MX-2025009862-A,synthetic,fr,en,1,1.0
google/embeddinggemma-300m,embeddinggemma,EP-4566167-A1_en_q_es,EP-4566167-A1,synthetic,es,en,3,1.0
google/embeddinggemma-300m,embeddinggemma,WO-2025216937-A1_en_q_es,WO-2025216937-A1,synthetic,es,en,2,0.5
google/embeddinggemma-300m,embeddinggemma,EP-4630021-A1_en_q_de,EP-4630021-A1,synthetic,de,en,2,1.0
google/embeddinggemma-300m,embeddinggemma,MX-2025007206-A_en_q_de,MX-2025007206-A,synthetic,de,en,1,0.0
google/embeddinggemma-300m,embeddinggemma,EP-4504821-A1_en_q_es,EP-4504821-A1,synthetic,es,en,3,0.0
google/embeddinggemma-300m,embeddinggemma,WO-2025205793-A1_en_q_de,WO-2025205793-A1,synthetic,de,en,2,0.0
google/embeddinggemma-300m,embeddinggemma,WO-2025206825-A1_en_q_de,WO-2025206825-A1,synthetic,de,en,1,1.0
google/embeddinggemma-300m,embeddinggemma,EP-4568770-A1_en_q_es,EP-4568770-A1,synthetic,es,en,3,0.0
google/embeddinggemma-300m,embeddinggemma,WO-2025188827-A8_en_q_es,WO-2025188827-A8,synthetic,es,en,1,0.0
google/embeddinggemma-300m,embeddinggemma,MX-2025008259-A_en_q_fr,MX-2025008259-A,synthetic,fr,en,2,0.0
google/embeddinggemma-300m,embeddinggemma,WO-2025132504-A1_en_q_es,WO-2025132504-A1,synthetic,es,en,3,0.0
google/embeddinggemma-300m,embeddinggemma,MX-2025007237-A_en_q_fr,MX-2025007237-A,synthetic,fr,en,2,0.5
google/embeddinggemma-300m,embeddinggemma,MX-2025005647-A_en_q_zh,MX-2025005647-A,synthetic,zh,en,1,0.0
google/embeddinggemma-300m,embeddinggemma,WO-2025214411-A1_en_q_de,WO-2025214411-A1,synthetic,de,en,1,0.0
google/embeddinggemma-300m,embeddinggemma,EP-4623093-A2_en_q_es,EP-4623093-A2,synthetic,es,en,2,1.0
google/embeddinggemma-300m,embeddinggemma,EP-4634148-A1_en_q_de,EP-4634148-A1,synthetic,de,en,2,1.0
google/embeddinggemma-300m,embeddinggemma,WO-2025202170-A1_en_q_es,WO-2025202170-A1,synthetic,es,en,1,0.0
google/embeddinggemma-300m,embeddinggemma,EP-4507673-A1_en_q_de,EP-4507673-A1,synthetic,de,en,1,0.0
google/embeddinggemma-300m,embeddinggemma,MX-2025007577-A_en_q_fr,MX-2025007577-A,synthetic,fr,en,2,0.5
google/embeddinggemma-300m,embeddinggemma,MX-2025009131-A_en_q_zh,MX-2025009131-A,synthetic,zh,en,1,0.0
google/embeddinggemma-300m,embeddinggemma,MX-2025009990-A_en_q_zh,MX-2025009990-A,synthetic,zh,en,1,0.0
google/embeddinggemma-300m,embeddinggemma,WO-2023153953-A1_en_q_es,WO-2023153953-A1,synthetic,es,en,2,0.5
google/embeddinggemma-300m,embeddinggemma,WO-2025183548-A1_en_q_de,WO-2025183548-A1,synthetic,de,en,2,0.0
google/embeddinggemma-300m,embeddinggemma,WO-2025007163-A1_en_q_de,WO-2025007163-A1,synthetic,de,en,2,0.0
google/embeddinggemma-300m,embeddinggemma,WO-2025206959-A1_en_q_de,WO-2025206959-A1,synthetic,de,en,2,0.5
google/embeddinggemma-300m,embeddinggemma,WO-2025207810-A1_en_q_zh,WO-2025207810-A1,synthetic,zh,en,1,0.0
google/embeddinggemma-300m,embeddinggemma,WO-2025215476-A1_en_q_de,WO-2025215476-A1,synthetic,de,en,2,0.0
google/embeddinggemma-300m,embeddinggemma,WO-2023149795-A1_en_q_en,WO-2023149795-A1,original,en,en,2,0.0
google/embeddinggemma-300m,embeddinggemma,WO-2022124934-A1_en_q_es,WO-2022124934-A1,synthetic,es,en,1,1.0
google/embeddinggemma-300m,embeddinggemma,WO-2025187134-A8_en_q_en,WO-2025187134-A8,original,en,en,2,0.0
google/embeddinggemma-300m,embeddinggemma,WO-2023200358-A1_en_q_en,WO-2023200358-A1,original,en,en,2,0.0
google/embeddinggemma-300m,embeddinggemma,WO-2025216105-A1_fr_q_fr,WO-2025216105-A1,original,fr,fr,2,0.0
google/embeddinggemma-300m,embeddinggemma,MX-2025005014-A_es_q_es,MX-2025005014-A,original,es,es,1,1.0
google/embeddinggemma-300m,embeddinggemma,WO-2025216873-A1_fr_q_fr,WO-2025216873-A1,original,fr,fr,1,1.0
google/embeddinggemma-300m,embeddinggemma,WO-2025205780-A1_zh_q_zh,WO-2025205780-A1,original,zh,zh,2,0.0
google/embeddinggemma-300m,embeddinggemma,MX-2025009666-A_en_q_en,MX-2025009666-A,original,en,en,2,0.0
google/embeddinggemma-300m,embeddinggemma,WO-2025212049-A1_fr_q_fr,WO-2025212049-A1,original,fr,fr,2,0.0
google/embeddinggemma-300m,embeddinggemma,EP-4627347-A1_fr_q_fr,EP-4627347-A1,original,fr,fr,1,1.0
google/embeddinggemma-300m,embeddinggemma,MX-2025004786-A_es_q_es,MX-2025004786-A,original,es,es,1,1.0
google/embeddinggemma-300m,embeddinggemma,WO-2024063632-A1_en_q_en,WO-2024063632-A1,original,en,en,2,0.0
google/embeddinggemma-300m,embeddinggemma,WO-2025206783-A1_fr_q_fr,WO-2025206783-A1,original,fr,fr,1,1.0
google/embeddinggemma-300m,embeddinggemma,MX-2025010991-A_en_q_en,MX-2025010991-A,original,en,en,1,0.0
google/embeddinggemma-300m,embeddinggemma,MX-2025006977-A_en_q_en,MX-2025006977-A,original,en,en,1,1.0
google/embeddinggemma-300m,embeddinggemma,MX-2025008400-A_en_q_en,MX-2025008400-A,original,en,en,1,1.0
google/embeddinggemma-300m,embeddinggemma,WO-2025132390-A1_de_q_de,WO-2025132390-A1,original,de,de,3,0.6666666666666666
google/embeddinggemma-300m,embeddinggemma,WO-2025204766-A1_fr_q_fr,WO-2025204766-A1,original,fr,fr,2,1.0
google/embeddinggemma-300m,embeddinggemma,WO-2025098664-A1_de_q_de,WO-2025098664-A1,original,de,de,2,1.0
google/embeddinggemma-300m,embeddinggemma,EP-4627583-A1_en_q_en,EP-4627583-A1,original,en,en,1,1.0
google/embeddinggemma-300m,embeddinggemma,EP-4630558-A2_zh_q_zh,EP-4630558-A2,original,zh,zh,2,0.0
google/embeddinggemma-300m,embeddinggemma,MX-2025010573-A_es_q_es,MX-2025010573-A,original,es,es,1,0.0
google/embeddinggemma-300m,embeddinggemma,WO-2025210917-A1_fr_q_fr,WO-2025210917-A1,original,fr,fr,2,0.5
google/embeddinggemma-300m,embeddinggemma,WO-2025150394-A1_en_q_en,WO-2025150394-A1,original,en,en,1,0.0
google/embeddinggemma-300m,embeddinggemma,MX-2025005728-A_en_q_en,MX-2025005728-A,original,en,en,1,0.0
google/embeddinggemma-300m,embeddinggemma,WO-2025177605-A1_fr_q_fr,WO-2025177605-A1,original,fr,fr,1,0.0
google/embeddinggemma-300m,embeddinggemma,MX-2025006958-A_en_q_en,MX-2025006958-A,original,en,en,2,0.5
google/embeddinggemma-300m,embeddinggemma,EP-4551675-A1_de_q_de,EP-4551675-A1,original,de,de,2,0.0
google/embeddinggemma-300m,embeddinggemma,EP-4627325-A1_fr_q_fr,EP-4627325-A1,original,fr,fr,2,0.0
google/embeddinggemma-300m,embeddinggemma,WO-2025208050-A2_en_q_en,WO-2025208050-A2,original,en,en,1,1.0
google/embeddinggemma-300m,embeddinggemma,WO-2025202994-A1_fr_q_fr,WO-2025202994-A1,original,fr,fr,1,1.0
google/embeddinggemma-300m,embeddinggemma,MX-2025006551-A_en_q_en,MX-2025006551-A,original,en,en,1,0.0
google/embeddinggemma-300m,embeddinggemma,WO-2005069422-A1_en_q_en,WO-2005069422-A1,original,en,en,1,1.0
google/embeddinggemma-300m,embeddinggemma,WO-2025194610-A1_fr_q_fr,WO-2025194610-A1,original,fr,fr,1,1.0
google/embeddinggemma-300m,embeddinggemma,MX-2025001644-A_zh_q_zh,MX-2025001644-A,original,zh,zh,2,1.0
google/embeddinggemma-300m,embeddinggemma,WO-2025216492-A1_fr_q_fr,WO-2025216492-A1,original,fr,fr,2,1.0
google/embeddinggemma-300m,embeddinggemma,WO-2025216629-A1_fr_q_fr,WO-2025216629-A1,original,fr,fr,2,0.0
google/embeddinggemma-300m,embeddinggemma,MX-2025005081-A_en_q_en,MX-2025005081-A,original,en,en,1,0.0
google/embeddinggemma-300m,embeddinggemma,WO-2025205506-A1_fr_q_fr,WO-2025205506-A1,original,fr,fr,1,1.0
google/embeddinggemma-300m,embeddinggemma,WO-2025132391-A1_de_q_de,WO-2025132391-A1,original,de,de,3,0.6666666666666666
google/embeddinggemma-300m,embeddinggemma,WO-2025205634-A1_en_q_en,WO-2025205634-A1,original,en,en,1,1.0
google/embeddinggemma-300m,embeddinggemma,WO-2025120243-A1_es_q_es,WO-2025120243-A1,original,es,es,2,1.0
google/embeddinggemma-300m,embeddinggemma,WO-2025201672-A1_fr_q_fr,WO-2025201672-A1,original,fr,fr,1,1.0
google/embeddinggemma-300m,embeddinggemma,MX-2025008970-A_es_q_es,MX-2025008970-A,original,es,es,1,1.0
google/embeddinggemma-300m,embeddinggemma,MX-2025009075-A_zh_q_zh,MX-2025009075-A,original,zh,zh,2,1.0
google/embeddinggemma-300m,embeddinggemma,WO-2025210445-A1_fr_q_fr,WO-2025210445-A1,original,fr,fr,1,0.0
google/embeddinggemma-300m,embeddinggemma,WO-2025206090-A1_fr_q_fr,WO-2025206090-A1,original,fr,fr,1,1.0
google/embeddinggemma-300m,embeddinggemma,MX-2025006643-A_en_q_en,MX-2025006643-A,original,en,en,1,1.0
google/embeddinggemma-300m,embeddinggemma,MX-2025010190-A_en_q_en,MX-2025010190-A,original,en,en,2,1.0
google/embeddinggemma-300m,embeddinggemma,EP-4577789-A1_zh_q_zh,EP-4577789-A1,original,zh,zh,3,0.0
google/embeddinggemma-300m,embeddinggemma,WO-2025204469-A1_en_q_en,WO-2025204469-A1,original,en,en,2,0.0
google/embeddinggemma-300m,embeddinggemma,WO-2025204469-A1_en_q_de,WO-2025204469-A1,synthetic,de,en,2,0.5
google/embeddinggemma-300m,embeddinggemma,WO-2025204469-A1_fr_q_fr,WO-2025204469-A1,original,fr,fr,2,0.0
google/embeddinggemma-300m,embeddinggemma,WO-2025204469-A1_en_q_es,WO-2025204469-A1,synthetic,es,en,2,0.0
google/embeddinggemma-300m,embeddinggemma,WO-2025204469-A1_zh_q_zh,WO-2025204469-A1,original,zh,zh,2,0.0
google/embeddinggemma-300m,embeddinggemma,MX-2025010085-A_en_q_en,MX-2025010085-A,original,en,en,1,1.0
google/embeddinggemma-300m,embeddinggemma,MX-2025010085-A_en_q_de,MX-2025010085-A,synthetic,de,en,1,1.0
google/embeddinggemma-300m,embeddinggemma,MX-2025010085-A_en_q_fr,MX-2025010085-A,synthetic,fr,en,1,1.0
google/embeddinggemma-300m,embeddinggemma,MX-2025010085-A_es_q_es,MX-2025010085-A,original,es,es,1,0.0
google/embeddinggemma-300m,embeddinggemma,MX-2025010085-A_en_q_zh,MX-2025010085-A,synthetic,zh,en,1,1.0
google/embeddinggemma-300m,embeddinggemma,MX-2025005421-A_en_q_en,MX-2025005421-A,original,en,en,1,1.0
google/embeddinggemma-300m,embeddinggemma,MX-2025005421-A_en_q_de,MX-2025005421-A,synthetic,de,en,1,0.0
google/embeddinggemma-300m,embeddinggemma,MX-2025005421-A_en_q_fr,MX-2025005421-A,synthetic,fr,en,1,1.0
google/embeddinggemma-300m,embeddinggemma,MX-2025005421-A_es_q_es,MX-2025005421-A,original,es,es,1,1.0
google/embeddinggemma-300m,embeddinggemma,MX-2025005421-A_en_q_zh,MX-2025005421-A,synthetic,zh,en,1,0.0
google/embeddinggemma-300m,embeddinggemma,MX-2025002688-A_en_q_en,MX-2025002688-A,original,en,en,1,0.0
google/embeddinggemma-300m,embeddinggemma,MX-2025002688-A_en_q_de,MX-2025002688-A,synthetic,de,en,1,0.0
google/embeddinggemma-300m,embeddinggemma,MX-2025002688-A_en_q_fr,MX-2025002688-A,synthetic,fr,en,1,0.0
google/embeddinggemma-300m,embeddinggemma,MX-2025002688-A_es_q_es,MX-2025002688-A,original,es,es,1,0.0
google/embeddinggemma-300m,embeddinggemma,MX-2025002688-A_en_q_zh,MX-2025002688-A,synthetic,zh,en,1,0.0
google/embeddinggemma-300m,embeddinggemma,WO-2025211147-A1_en_q_en,WO-2025211147-A1,original,en,en,1,0.0
google/embeddinggemma-300m,embeddinggemma,WO-2025211147-A1_en_q_de,WO-2025211147-A1,synthetic,de,en,1,0.0
google/embeddinggemma-300m,embeddinggemma,WO-2025211147-A1_fr_q_fr,WO-2025211147-A1,original,fr,fr,1,0.0
google/embeddinggemma-300m,embeddinggemma,WO-2025211147-A1_en_q_es,WO-2025211147-A1,synthetic,es,en,1,0.0
google/embeddinggemma-300m,embeddinggemma,WO-2025211147-A1_en_q_zh,WO-2025211147-A1,synthetic,zh,en,1,0.0
google/embeddinggemma-300m,embeddinggemma,WO-2025187712-A8_en_q_en,WO-2025187712-A8,original,en,en,1,0.0
google/embeddinggemma-300m,embeddinggemma,WO-2025187712-A8_en_q_de,WO-2025187712-A8,synthetic,de,en,1,0.0
google/embeddinggemma-300m,embeddinggemma,WO-2025187712-A8_fr_q_fr,WO-2025187712-A8,original,fr,fr,1,0.0
google/embeddinggemma-300m,embeddinggemma,WO-2025187712-A8_en_q_es,WO-2025187712-A8,synthetic,es,en,1,0.0
google/embeddinggemma-300m,embeddinggemma,WO-2025187712-A8_en_q_zh,WO-2025187712-A8,synthetic,zh,en,1,0.0
google/embeddinggemma-300m,embeddinggemma,EP-4630253-A1_en_q_en,EP-4630253-A1,original,en,en,2,0.0
google/embeddinggemma-300m,embeddinggemma,EP-4630253-A1_en_q_de,EP-4630253-A1,synthetic,de,en,2,0.0
google/embeddinggemma-300m,embeddinggemma,EP-4630253-A1_fr_q_fr,EP-4630253-A1,original,fr,fr,2,0.0
google/embeddinggemma-300m,embeddinggemma,EP-4630253-A1_en_q_es,EP-4630253-A1,synthetic,es,en,2,0.0
google/embeddinggemma-300m,embeddinggemma,EP-4630253-A1_zh_q_zh,EP-4630253-A1,original,zh,zh,2,0.0
google/embeddinggemma-300m,embeddinggemma,MX-2025007798-A_en_q_en,MX-2025007798-A,original,en,en,1,1.0
google/embeddinggemma-300m,embeddinggemma,WO-2025206382-A1_en_q_en,WO-2025206382-A1,original,en,en,1,1.0
google/embeddinggemma-300m,embeddinggemma,MX-2025009144-A_en_q_en,MX-2025009144-A,original,en,en,2,0.5
google/embeddinggemma-300m,embeddinggemma,WO-2025206195-A1_en_q_de,WO-2025206195-A1,synthetic,de,en,1,1.0
google/embeddinggemma-300m,embeddinggemma,WO-2024128938-A1_en_q_de,WO-2024128938-A1,synthetic,de,en,2,1.0
google/embeddinggemma-300m,embeddinggemma,MX-2025007510-A_es_q_es,MX-2025007510-A,original,es,es,1,0.0
google/embeddinggemma-300m,embeddinggemma,WO-2025172752-A1_en_q_en,WO-2025172752-A1,original,en,en,2,1.0
google/embeddinggemma-300m,embeddinggemma,WO-2024245507-A9_en_q_en,WO-2024245507-A9,original,en,en,2,0.0
google/embeddinggemma-300m,embeddinggemma,WO-2024245507-A9_de_q_de,WO-2024245507-A9,original,de,de,2,1.0
google/embeddinggemma-300m,embeddinggemma,WO-2024245507-A9_fr_q_fr,WO-2024245507-A9,original,fr,fr,2,0.0
google/embeddinggemma-300m,embeddinggemma,WO-2024245507-A9_en_q_es,WO-2024245507-A9,synthetic,es,en,2,1.0
google/embeddinggemma-300m,embeddinggemma,WO-2024245507-A9_en_q_zh,WO-2024245507-A9,synthetic,zh,en,2,0.5
google/embeddinggemma-300m,embeddinggemma,EP-4630245-A1_zh_q_zh,EP-4630245-A1,original,zh,zh,2,1.0
google/embeddinggemma-300m,embeddinggemma,WO-2025192625-A1_en_q_en,WO-2025192625-A1,original,en,en,2,0.5
google/embeddinggemma-300m,embeddinggemma,WO-2025192625-A1_en_q_de,WO-2025192625-A1,synthetic,de,en,2,0.0
google/embeddinggemma-300m,embeddinggemma,WO-2025192625-A1_fr_q_fr,WO-2025192625-A1,original,fr,fr,2,0.0
google/embeddinggemma-300m,embeddinggemma,WO-2025192625-A1_en_q_es,WO-2025192625-A1,synthetic,es,en,2,0.0
google/embeddinggemma-300m,embeddinggemma,WO-2025192625-A1_zh_q_zh,WO-2025192625-A1,original,zh,zh,2,1.0
google/embeddinggemma-300m,embeddinggemma,MX-2025006818-A_es_q_es,MX-2025006818-A,original,es,es,1,1.0
google/embeddinggemma-300m,embeddinggemma,MX-2025007695-A_es_q_es,MX-2025007695-A,original,es,es,1,1.0
google/embeddinggemma-300m,embeddinggemma,WO-2025187736-A8_en_q_zh,WO-2025187736-A8,synthetic,zh,en,1,1.0
google/embeddinggemma-300m,embeddinggemma,WO-2025203012-A1_en_q_es,WO-2025203012-A1,synthetic,es,en,1,1.0
google/embeddinggemma-300m,embeddinggemma,EP-4626837-A1_en_q_zh,EP-4626837-A1,synthetic,zh,en,1,1.0
google/embeddinggemma-300m,embeddinggemma,WO-2025202104-A1_zh_q_zh,WO-2025202104-A1,original,zh,zh,2,1.0
google/embeddinggemma-300m,embeddinggemma,EP-4626928-A2_fr_q_fr,EP-4626928-A2,original,fr,fr,2,1.0
google/embeddinggemma-300m,embeddinggemma,MX-2025008327-A_en_q_en,MX-2025008327-A,original,en,en,1,0.0
google/embeddinggemma-300m,embeddinggemma,EP-4634127-A1_en_q_en,EP-4634127-A1,original,en,en,1,0.0
google/embeddinggemma-300m,embeddinggemma,WO-2024058685-A1_en_q_zh,WO-2024058685-A1,synthetic,zh,en,1,1.0
google/embeddinggemma-300m,embeddinggemma,WO-2024089298-A9_fr_q_fr,WO-2024089298-A9,original,fr,fr,1,1.0
google/embeddinggemma-300m,embeddinggemma,MX-2025010028-A_en_q_en,MX-2025010028-A,original,en,en,1,1.0
google/embeddinggemma-300m,embeddinggemma,WO-2025202253-A1_en_q_es,WO-2025202253-A1,synthetic,es,en,1,1.0
google/embeddinggemma-300m,embeddinggemma,MX-2025009821-A_es_q_es,MX-2025009821-A,original,es,es,2,1.0
google/embeddinggemma-300m,embeddinggemma,MX-2025006624-A_en_q_fr,MX-2025006624-A,synthetic,fr,en,1,1.0
google/embeddinggemma-300m,embeddinggemma,MX-2025003345-A_en_q_de,MX-2025003345-A,synthetic,de,en,1,0.0
google/embeddinggemma-300m,embeddinggemma,WO-2024259508-A1_en_q_en,WO-2024259508-A1,original,en,en,2,1.0
google/embeddinggemma-300m,embeddinggemma,EP-4630051-A1_fr_q_fr,EP-4630051-A1,original,fr,fr,1,1.0
google/embeddinggemma-300m,embeddinggemma,MX-2025010268-A_en_q_zh,MX-2025010268-A,synthetic,zh,en,1,1.0
google/embeddinggemma-300m,embeddinggemma,WO-2025212655-A1_en_q_de,WO-2025212655-A1,synthetic,de,en,2,0.5
google/embeddinggemma-300m,embeddinggemma,WO-2025205978-A1_en_q_en,WO-2025205978-A1,original,en,en,2,1.0
google/embeddinggemma-300m,embeddinggemma,WO-2025206105-A1_zh_q_zh,WO-2025206105-A1,original,zh,zh,2,1.0
google/embeddinggemma-300m,embeddinggemma,EP-4633669-A2_fr_q_fr,EP-4633669-A2,original,fr,fr,2,1.0
google/embeddinggemma-300m,embeddinggemma,WO-2025021351-A1_en_q_zh,WO-2025021351-A1,synthetic,zh,en,2,1.0
google/embeddinggemma-300m,embeddinggemma,WO-2025187706-A8_fr_q_fr,WO-2025187706-A8,original,fr,fr,1,0.0
google/embeddinggemma-300m,embeddinggemma,EP-4623104-A1_zh_q_zh,EP-4623104-A1,original,zh,zh,2,1.0
google/embeddinggemma-300m,embeddinggemma,WO-2025164232-A1_en_q_de,WO-2025164232-A1,synthetic,de,en,1,1.0
google/embeddinggemma-300m,embeddinggemma,WO-2025206823-A1_en_q_de,WO-2025206823-A1,synthetic,de,en,2,0.0
google/embeddinggemma-300m,embeddinggemma,EP-4626944-A1_en_q_de,EP-4626944-A1,synthetic,de,en,1,0.0
google/embeddinggemma-300m,embeddinggemma,EP-4626879-A1_en_q_en,EP-4626879-A1,original,en,en,2,1.0
google/embeddinggemma-300m,embeddinggemma,EP-4626874-A1_en_q_zh,EP-4626874-A1,synthetic,zh,en,1,0.0
google/embeddinggemma-300m,embeddinggemma,MX-2025008798-A_en_q_fr,MX-2025008798-A,synthetic,fr,en,1,0.0
google/embeddinggemma-300m,embeddinggemma,MX-2025005939-A_es_q_es,MX-2025005939-A,original,es,es,2,0.5
google/embeddinggemma-300m,embeddinggemma,WO-2025204745-A1_en_q_zh,WO-2025204745-A1,synthetic,zh,en,1,1.0
google/embeddinggemma-300m,embeddinggemma,WO-2025217208-A1_en_q_en,WO-2025217208-A1,original,en,en,2,1.0
google/embeddinggemma-300m,embeddinggemma,WO-2025205163-A1_en_q_en,WO-2025205163-A1,original,en,en,1,0.0
google/embeddinggemma-300m,embeddinggemma,WO-2025186172-A8_fr_q_fr,WO-2025186172-A8,original,fr,fr,3,0.6666666666666666
google/embeddinggemma-300m,embeddinggemma,WO-2025188156-A8_en_q_de,WO-2025188156-A8,synthetic,de,en,1,0.0
google/embeddinggemma-300m,embeddinggemma,MX-2025009759-A_en_q_fr,MX-2025009759-A,synthetic,fr,en,2,1.0
google/embeddinggemma-300m,embeddinggemma,WO-2025189017-A8_en_q_de,WO-2025189017-A8,synthetic,de,en,2,1.0
google/embeddinggemma-300m,embeddinggemma,CR-20250096-A_en_q_zh,CR-20250096-A,synthetic,zh,en,1,1.0
google/embeddinggemma-300m,embeddinggemma,WO-2025169953-A1_en_q_de,WO-2025169953-A1,synthetic,de,en,2,0.5
google/embeddinggemma-300m,embeddinggemma,MX-2025006319-A_en_q_de,MX-2025006319-A,synthetic,de,en,1,0.0
google/embeddinggemma-300m,embeddinggemma,MX-2025004974-A_en_q_fr,MX-2025004974-A,synthetic,fr,en,1,1.0
google/embeddinggemma-300m,embeddinggemma,WO-2025170405-A1_en_q_de,WO-2025170405-A1,synthetic,de,en,2,0.5
google/embeddinggemma-300m,embeddinggemma,WO-2025208198-A1_en_q_zh,WO-2025208198-A1,synthetic,zh,en,1,1.0
google/embeddinggemma-300m,embeddinggemma,WO-2025054647-A1_en_q_es,WO-2025054647-A1,synthetic,es,en,2,1.0
google/embeddinggemma-300m,embeddinggemma,WO-2025210166-A1_en_q_de,WO-2025210166-A1,synthetic,de,en,2,0.0
google/embeddinggemma-300m,embeddinggemma,WO-2025211178-A1_en_q_es,WO-2025211178-A1,synthetic,es,en,2,0.5
google/embeddinggemma-300m,embeddinggemma,MX-2025004012-A_en_q_zh,MX-2025004012-A,synthetic,zh,en,1,1.0
google/embeddinggemma-300m,embeddinggemma,WO-2025206949-A1_en_q_es,WO-2025206949-A1,synthetic,es,en,1,0.0
google/embeddinggemma-300m,embeddinggemma,MX-2025007614-A_en_q_zh,MX-2025007614-A,synthetic,zh,en,1,1.0
google/embeddinggemma-300m,embeddinggemma,WO-2025146513-A1_en_q_de,WO-2025146513-A1,synthetic,de,en,2,1.0
google/embeddinggemma-300m,embeddinggemma,WO-2025211949-A1_en_q_es,WO-2025211949-A1,synthetic,es,en,2,1.0
google/embeddinggemma-300m,embeddinggemma,EP-4626831-A1_en_q_zh,EP-4626831-A1,synthetic,zh,en,1,1.0
google/embeddinggemma-300m,embeddinggemma,WO-2025186644-A8_en_q_de,WO-2025186644-A8,synthetic,de,en,2,1.0
google/embeddinggemma-300m,embeddinggemma,WO-2025192587-A1_en_q_de,WO-2025192587-A1,synthetic,de,en,1,1.0
google/embeddinggemma-300m,embeddinggemma,EP-4633779-A1_en_q_es,EP-4633779-A1,synthetic,es,en,1,1.0
google/embeddinggemma-300m,embeddinggemma,WO-2022098263-A1_en_q_es,WO-2022098263-A1,synthetic,es,en,2,1.0
google/embeddinggemma-300m,embeddinggemma,WO-2025215251-A1_en_q_es,WO-2025215251-A1,synthetic,es,en,2,0.5
google/embeddinggemma-300m,embeddinggemma,EP-4493405-A1_en_q_zh,EP-4493405-A1,synthetic,zh,en,2,1.0
google/embeddinggemma-300m,embeddinggemma,WO-2025103555-A1_en_q_zh,WO-2025103555-A1,synthetic,zh,en,2,1.0
google/embeddinggemma-300m,embeddinggemma,EP-4626386-A1_en_q_de,EP-4626386-A1,synthetic,de,en,1,1.0
google/embeddinggemma-300m,embeddinggemma,MX-2025010613-A_en_q_de,MX-2025010613-A,synthetic,de,en,2,0.0
google/embeddinggemma-300m,embeddinggemma,EP-4626547-A1_en_q_de,EP-4626547-A1,synthetic,de,en,1,1.0
google/embeddinggemma-300m,embeddinggemma,EP-4626593-A1_en_q_de,EP-4626593-A1,synthetic,de,en,2,1.0
google/embeddinggemma-300m,embeddinggemma,WO-2025207414-A1_en_q_es,WO-2025207414-A1,synthetic,es,en,2,0.0
google/embeddinggemma-300m,embeddinggemma,MX-2025005049-A_en_q_zh,MX-2025005049-A,synthetic,zh,en,1,0.0
google/embeddinggemma-300m,embeddinggemma,WO-2024246082-A3_en_q_es,WO-2024246082-A3,synthetic,es,en,2,1.0
google/embeddinggemma-300m,embeddinggemma,WO-2025180718-A1_en_q_es,WO-2025180718-A1,synthetic,es,en,2,0.5
google/embeddinggemma-300m,embeddinggemma,MX-2025006336-A_en_q_de,MX-2025006336-A,synthetic,de,en,2,0.5
google/embeddinggemma-300m,embeddinggemma,WO-2025202347-A1_en_q_de,WO-2025202347-A1,synthetic,de,en,2,1.0
google/embeddinggemma-300m,embeddinggemma,MX-2025010373-A_en_q_zh,MX-2025010373-A,synthetic,zh,en,1,0.0
google/embeddinggemma-300m,embeddinggemma,WO-2025200075-A1_en_q_zh,WO-2025200075-A1,synthetic,zh,en,1,1.0
google/embeddinggemma-300m,embeddinggemma,WO-2025189151-A8_en_q_de,WO-2025189151-A8,synthetic,de,en,2,1.0
google/embeddinggemma-300m,embeddinggemma,MX-2025007174-A_en_q_de,MX-2025007174-A,synthetic,de,en,1,1.0
google/embeddinggemma-300m,embeddinggemma,MX-2025010619-A_en_q_de,MX-2025010619-A,synthetic,de,en,2,0.5
google/embeddinggemma-300m,embeddinggemma,EP-4532651-A1_en_q_es,EP-4532651-A1,synthetic,es,en,2,0.5
google/embeddinggemma-300m,embeddinggemma,WO-2025173342-A1_en_q_es,WO-2025173342-A1,synthetic,es,en,2,1.0
google/embeddinggemma-300m,embeddinggemma,WO-2024019637-A1_en_q_de,WO-2024019637-A1,synthetic,de,en,2,1.0
google/embeddinggemma-300m,embeddinggemma,MX-2025008968-A_en_q_zh,MX-2025008968-A,synthetic,zh,en,1,1.0
google/embeddinggemma-300m,embeddinggemma,WO-2025202625-A1_en_q_de,WO-2025202625-A1,synthetic,de,en,1,1.0
google/embeddinggemma-300m,embeddinggemma,WO-2025187661-A8_en_q_es,WO-2025187661-A8,synthetic,es,en,1,1.0
google/embeddinggemma-300m,embeddinggemma,WO-2025101062-A1_en_q_zh,WO-2025101062-A1,synthetic,zh,en,2,1.0
google/embeddinggemma-300m,embeddinggemma,WO-2025150711-A1_en_q_de,WO-2025150711-A1,synthetic,de,en,1,1.0
google/embeddinggemma-300m,embeddinggemma,WO-2025207828-A1_en_q_zh,WO-2025207828-A1,synthetic,zh,en,1,0.0
google/embeddinggemma-300m,embeddinggemma,WO-2025203197-A1_en_q_zh,WO-2025203197-A1,synthetic,zh,en,1,1.0
google/embeddinggemma-300m,embeddinggemma,EP-4634141-A2_en_q_en,EP-4634141-A2,original,en,en,1,1.0
google/embeddinggemma-300m,embeddinggemma,EP-4633971-A1_fr_q_fr,EP-4633971-A1,original,fr,fr,1,1.0
google/embeddinggemma-300m,embeddinggemma,WO-2025197272-A1_en_q_en,WO-2025197272-A1,original,en,en,1,1.0
google/embeddinggemma-300m,embeddinggemma,WO-2025189168-A8_fr_q_fr,WO-2025189168-A8,original,fr,fr,2,1.0
google/embeddinggemma-300m,embeddinggemma,MX-2025008124-A_es_q_es,MX-2025008124-A,original,es,es,1,0.0
google/embeddinggemma-300m,embeddinggemma,MX-2025007669-A_en_q_en,MX-2025007669-A,original,en,en,2,1.0
google/embeddinggemma-300m,embeddinggemma,WO-2025195675-A1_en_q_en,WO-2025195675-A1,original,en,en,3,0.3333333333333333
google/embeddinggemma-300m,embeddinggemma,WO-2022005333-A1_en_q_en,WO-2022005333-A1,original,en,en,1,0.0
google/embeddinggemma-300m,embeddinggemma,MX-2025005748-A_es_q_es,MX-2025005748-A,original,es,es,1,1.0
google/embeddinggemma-300m,embeddinggemma,MX-2025002923-A_es_q_es,MX-2025002923-A,original,es,es,2,1.0
google/embeddinggemma-300m,embeddinggemma,MX-2025010611-A_es_q_es,MX-2025010611-A,original,es,es,2,0.0
google/embeddinggemma-300m,embeddinggemma,WO-2025217553-A1_fr_q_fr,WO-2025217553-A1,original,fr,fr,2,0.0
google/embeddinggemma-300m,embeddinggemma,WO-2025186530-A8_en_q_en,WO-2025186530-A8,original,en,en,1,1.0
google/embeddinggemma-300m,embeddinggemma,EP-4627050-A1_fr_q_fr,EP-4627050-A1,original,fr,fr,2,0.5
google/embeddinggemma-300m,embeddinggemma,MX-2025008249-A_en_q_en,MX-2025008249-A,original,en,en,1,1.0
google/embeddinggemma-300m,embeddinggemma,WO-2025184858-A8_fr_q_fr,WO-2025184858-A8,original,fr,fr,1,1.0
google/embeddinggemma-300m,embeddinggemma,MX-2025004649-A_es_q_es,MX-2025004649-A,original,es,es,1,1.0
google/embeddinggemma-300m,embeddinggemma,ES-1320636-U_en_q_en,ES-1320636-U,original,en,en,1,1.0
google/embeddinggemma-300m,embeddinggemma,MX-2025006800-A_en_q_en,MX-2025006800-A,original,en,en,1,1.0
google/embeddinggemma-300m,embeddinggemma,EP-4626866-A1_en_q_en,EP-4626866-A1,original,en,en,2,1.0
google/embeddinggemma-300m,embeddinggemma,MX-2025006721-A_en_q_en,MX-2025006721-A,original,en,en,1,0.0
google/embeddinggemma-300m,embeddinggemma,WO-2024073831-A1_en_q_en,WO-2024073831-A1,original,en,en,2,0.5
google/embeddinggemma-300m,embeddinggemma,WO-2025200966-A1_fr_q_fr,WO-2025200966-A1,original,fr,fr,1,1.0
google/embeddinggemma-300m,embeddinggemma,MX-2025005215-A_es_q_es,MX-2025005215-A,original,es,es,1,1.0
google/embeddinggemma-300m,embeddinggemma,WO-2025080163-A1_fr_q_fr,WO-2025080163-A1,original,fr,fr,2,0.0
google/embeddinggemma-300m,embeddinggemma,WO-2025200089-A1_en_q_en,WO-2025200089-A1,original,en,en,2,1.0
google/embeddinggemma-300m,embeddinggemma,WO-2025073021-A1_en_q_en,WO-2025073021-A1,original,en,en,2,1.0
google/embeddinggemma-300m,embeddinggemma,WO-2025186263-A8_fr_q_fr,WO-2025186263-A8,original,fr,fr,1,1.0
google/embeddinggemma-300m,embeddinggemma,WO-2025211336-A1_en_q_en,WO-2025211336-A1,original,en,en,1,0.0
google/embeddinggemma-300m,embeddinggemma,WO-2025078189-A1_en_q_en,WO-2025078189-A1,original,en,en,3,0.0
google/embeddinggemma-300m,embeddinggemma,ES-3033921-A1_en_q_en,ES-3033921-A1,original,en,en,1,1.0
google/embeddinggemma-300m,embeddinggemma,WO-2025154762-A1_fr_q_fr,WO-2025154762-A1,original,fr,fr,2,0.5
google/embeddinggemma-300m,embeddinggemma,EP-4634323-A1_en_q_en,EP-4634323-A1,original,en,en,2,0.0
google/embeddinggemma-300m,embeddinggemma,WO-2025189143-A8_en_q_en,WO-2025189143-A8,original,en,en,1,1.0
google/embeddinggemma-300m,embeddinggemma,MX-2025009632-A_en_q_en,MX-2025009632-A,original,en,en,2,1.0
google/embeddinggemma-300m,embeddinggemma,EP-4626395-A1_fr_q_fr,EP-4626395-A1,original,fr,fr,1,1.0
google/embeddinggemma-300m,embeddinggemma,WO-2025203678-A1_fr_q_fr,WO-2025203678-A1,original,fr,fr,2,0.5
google/embeddinggemma-300m,embeddinggemma,WO-2025187095-A8_fr_q_fr,WO-2025187095-A8,original,fr,fr,1,1.0
google/embeddinggemma-300m,embeddinggemma,EP-4626938-A1_en_q_en,EP-4626938-A1,original,en,en,2,0.5
google/embeddinggemma-300m,embeddinggemma,MX-2025006010-A_en_q_en,MX-2025006010-A,original,en,en,1,0.0
google/embeddinggemma-300m,embeddinggemma,WO-2025215647-A1_fr_q_fr,WO-2025215647-A1,original,fr,fr,2,1.0
google/embeddinggemma-300m,embeddinggemma,WO-2025207093-A1_fr_q_fr,WO-2025207093-A1,original,fr,fr,1,1.0
google/embeddinggemma-300m,embeddinggemma,MX-2025004470-A_en_q_en,MX-2025004470-A,original,en,en,1,1.0
google/embeddinggemma-300m,embeddinggemma,EP-4626949-A1_fr_q_fr,EP-4626949-A1,original,fr,fr,1,1.0
google/embeddinggemma-300m,embeddinggemma,WO-2025206197-A1_fr_q_fr,WO-2025206197-A1,original,fr,fr,2,0.0
google/embeddinggemma-300m,embeddinggemma,WO-2022246526-A8_fr_q_fr,WO-2022246526-A8,original,fr,fr,1,1.0
google/embeddinggemma-300m,embeddinggemma,MX-2025006489-A_es_q_es,MX-2025006489-A,original,es,es,2,0.5
google/embeddinggemma-300m,embeddinggemma,WO-2021255541-A1_en_q_en,WO-2021255541-A1,original,en,en,2,0.5
google/embeddinggemma-300m,embeddinggemma,WO-2021255541-A1_en_q_de,WO-2021255541-A1,synthetic,de,en,2,0.5
google/embeddinggemma-300m,embeddinggemma,WO-2021255541-A1_fr_q_fr,WO-2021255541-A1,original,fr,fr,2,0.5
google/embeddinggemma-300m,embeddinggemma,WO-2021255541-A1_en_q_es,WO-2021255541-A1,synthetic,es,en,2,0.0
google/embeddinggemma-300m,embeddinggemma,WO-2021255541-A1_zh_q_zh,WO-2021255541-A1,original,zh,zh,2,0.0
google/embeddinggemma-300m,embeddinggemma,EP-4634663-A1_en_q_en,EP-4634663-A1,original,en,en,1,1.0
google/embeddinggemma-300m,embeddinggemma,EP-4634663-A1_en_q_de,EP-4634663-A1,synthetic,de,en,1,1.0
google/embeddinggemma-300m,embeddinggemma,EP-4634663-A1_fr_q_fr,EP-4634663-A1,original,fr,fr,1,0.0
google/embeddinggemma-300m,embeddinggemma,EP-4634663-A1_en_q_es,EP-4634663-A1,synthetic,es,en,1,1.0
google/embeddinggemma-300m,embeddinggemma,EP-4634663-A1_en_q_zh,EP-4634663-A1,synthetic,zh,en,1,1.0
google/embeddinggemma-300m,embeddinggemma,MX-2025005046-A_en_q_en,MX-2025005046-A,original,en,en,1,0.0
google/embeddinggemma-300m,embeddinggemma,MX-2025005046-A_en_q_de,MX-2025005046-A,synthetic,de,en,1,0.0
google/embeddinggemma-300m,embeddinggemma,MX-2025005046-A_en_q_fr,MX-2025005046-A,synthetic,fr,en,1,1.0
google/embeddinggemma-300m,embeddinggemma,MX-2025005046-A_es_q_es,MX-2025005046-A,original,es,es,1,0.0
google/embeddinggemma-300m,embeddinggemma,MX-2025005046-A_en_q_zh,MX-2025005046-A,synthetic,zh,en,1,1.0
google/embeddinggemma-300m,embeddinggemma,MX-2025007733-A_en_q_en,MX-2025007733-A,original,en,en,2,0.0
google/embeddinggemma-300m,embeddinggemma,MX-2025007733-A_en_q_de,MX-2025007733-A,synthetic,de,en,2,1.0
google/embeddinggemma-300m,embeddinggemma,MX-2025007733-A_en_q_fr,MX-2025007733-A,synthetic,fr,en,2,0.0
google/embeddinggemma-300m,embeddinggemma,MX-2025007733-A_es_q_es,MX-2025007733-A,original,es,es,2,0.0
google/embeddinggemma-300m,embeddinggemma,MX-2025007733-A_zh_q_zh,MX-2025007733-A,original,zh,zh,2,1.0
google/embeddinggemma-300m,embeddinggemma,MX-2025008227-A_en_q_en,MX-2025008227-A,original,en,en,1,1.0
google/embeddinggemma-300m,embeddinggemma,MX-2025008227-A_en_q_de,MX-2025008227-A,synthetic,de,en,1,1.0
google/embeddinggemma-300m,embeddinggemma,MX-2025008227-A_en_q_fr,MX-2025008227-A,synthetic,fr,en,1,1.0
google/embeddinggemma-300m,embeddinggemma,MX-2025008227-A_es_q_es,MX-2025008227-A,original,es,es,1,1.0
google/embeddinggemma-300m,embeddinggemma,MX-2025008227-A_en_q_zh,MX-2025008227-A,synthetic,zh,en,1,1.0
google/embeddinggemma-300m,embeddinggemma,WO-2025186592-A8_en_q_en,WO-2025186592-A8,original,en,en,1,1.0
google/embeddinggemma-300m,embeddinggemma,WO-2025186592-A8_en_q_de,WO-2025186592-A8,synthetic,de,en,1,1.0
google/embeddinggemma-300m,embeddinggemma,WO-2025186592-A8_fr_q_fr,WO-2025186592-A8,original,fr,fr,1,1.0
google/embeddinggemma-300m,embeddinggemma,WO-2025186592-A8_en_q_es,WO-2025186592-A8,synthetic,es,en,1,1.0
google/embeddinggemma-300m,embeddinggemma,WO-2025186592-A8_en_q_zh,WO-2025186592-A8,synthetic,zh,en,1,1.0
google/embeddinggemma-300m,embeddinggemma,MX-2025005709-A_en_q_en,MX-2025005709-A,original,en,en,1,0.0
google/embeddinggemma-300m,embeddinggemma,MX-2025005709-A_en_q_de,MX-2025005709-A,synthetic,de,en,1,1.0
google/embeddinggemma-300m,embeddinggemma,MX-2025005709-A_en_q_fr,MX-2025005709-A,synthetic,fr,en,1,1.0
google/embeddinggemma-300m,embeddinggemma,MX-2025005709-A_es_q_es,MX-2025005709-A,original,es,es,1,1.0
google/embeddinggemma-300m,embeddinggemma,MX-2025005709-A_en_q_zh,MX-2025005709-A,synthetic,zh,en,1,0.0
google/embeddinggemma-300m,embeddinggemma,MX-2025009739-A_en_q_en,MX-2025009739-A,original,en,en,2,0.5
google/embeddinggemma-300m,embeddinggemma,MX-2025009739-A_en_q_de,MX-2025009739-A,synthetic,de,en,2,1.0
google/embeddinggemma-300m,embeddinggemma,MX-2025009739-A_en_q_fr,MX-2025009739-A,synthetic,fr,en,2,0.0
google/embeddinggemma-300m,embeddinggemma,MX-2025009739-A_es_q_es,MX-2025009739-A,original,es,es,2,0.0
google/embeddinggemma-300m,embeddinggemma,MX-2025009739-A_zh_q_zh,MX-2025009739-A,original,zh,zh,2,1.0
google/embeddinggemma-300m,embeddinggemma,MX-2025008260-A_en_q_en,MX-2025008260-A,original,en,en,2,1.0
google/embeddinggemma-300m,embeddinggemma,MX-2025008260-A_en_q_de,MX-2025008260-A,synthetic,de,en,2,0.0
google/embeddinggemma-300m,embeddinggemma,MX-2025008260-A_en_q_fr,MX-2025008260-A,synthetic,fr,en,2,0.0
google/embeddinggemma-300m,embeddinggemma,MX-2025008260-A_es_q_es,MX-2025008260-A,original,es,es,2,0.0
google/embeddinggemma-300m,embeddinggemma,MX-2025008260-A_zh_q_zh,MX-2025008260-A,original,zh,zh,2,0.5
google/embeddinggemma-300m,embeddinggemma,WO-2025216711-A1_en_q_en,WO-2025216711-A1,original,en,en,2,1.0
google/embeddinggemma-300m,embeddinggemma,WO-2025216711-A1_en_q_de,WO-2025216711-A1,synthetic,de,en,2,1.0
google/embeddinggemma-300m,embeddinggemma,WO-2025216711-A1_fr_q_fr,WO-2025216711-A1,original,fr,fr,2,1.0
google/embeddinggemma-300m,embeddinggemma,WO-2025216711-A1_en_q_es,WO-2025216711-A1,synthetic,es,en,2,1.0
google/embeddinggemma-300m,embeddinggemma,WO-2025216711-A1_zh_q_zh,WO-2025216711-A1,original,zh,zh,2,1.0
BAAI/bge-m3,bge-m3,EP-4633662-A1_en_q_en,EP-4633662-A1,original,en,en,1,0.0
BAAI/bge-m3,bge-m3,EP-4630509-A1_fr_q_fr,EP-4630509-A1,original,fr,fr,2,0.0
BAAI/bge-m3,bge-m3,EP-4634248-A1_en_q_es,EP-4634248-A1,synthetic,es,en,1,0.0
BAAI/bge-m3,bge-m3,EP-4634187-A1_en_q_es,EP-4634187-A1,synthetic,es,en,1,1.0
BAAI/bge-m3,bge-m3,EP-4634142-A1_fr_q_fr,EP-4634142-A1,original,fr,fr,2,0.0
BAAI/bge-m3,bge-m3,EP-4633768-A2_en_q_es,EP-4633768-A2,synthetic,es,en,1,0.0
BAAI/bge-m3,bge-m3,EP-4633645-A1_fr_q_fr,EP-4633645-A1,original,fr,fr,1,0.0
BAAI/bge-m3,bge-m3,EP-4633622-A2_en_q_de,EP-4633622-A2,synthetic,de,en,1,1.0
BAAI/bge-m3,bge-m3,EP-4634601-A1_en_q_en,EP-4634601-A1,original,en,en,1,0.0
BAAI/bge-m3,bge-m3,EP-4630626-A1_de_q_de,EP-4630626-A1,original,de,de,2,1.0
BAAI/bge-m3,bge-m3,EP-4630600-A1_de_q_en,EP-4630600-A1,synthetic,en,de,2,0.0
BAAI/bge-m3,bge-m3,EP-4633632-A1_en_q_es,EP-4633632-A1,synthetic,es,en,2,0.0
BAAI/bge-m3,bge-m3,EP-4634136-A1_en_q_es,EP-4634136-A1,synthetic,es,en,1,0.0
BAAI/bge-m3,bge-m3,EP-4634157-A1_en_q_de,EP-4634157-A1,synthetic,de,en,1,0.0
BAAI/bge-m3,bge-m3,EP-4630574-A1_de_q_en,EP-4630574-A1,synthetic,en,de,2,0.0
BAAI/bge-m3,bge-m3,EP-4634111-A1_en_q_de,EP-4634111-A1,synthetic,de,en,1,0.0
BAAI/bge-m3,bge-m3,EP-4634596-A1_en_q_es,EP-4634596-A1,synthetic,es,en,1,0.0
BAAI/bge-m3,bge-m3,EP-4634139-A1_en_q_es,EP-4634139-A1,synthetic,es,en,1,1.0
BAAI/bge-m3,bge-m3,WO-2025153617-A3_de_q_en,WO-2025153617-A3,synthetic,en,de,2,0.0
BAAI/bge-m3,bge-m3,EP-4634251-A1_en_q_es,EP-4634251-A1,synthetic,es,en,2,0.0
BAAI/bge-m3,bge-m3,EP-4634426-A1_en_q_es,EP-4634426-A1,synthetic,es,en,2,0.0
BAAI/bge-m3,bge-m3,EP-4634729-A1_en_q_de,EP-4634729-A1,synthetic,de,en,1,1.0
BAAI/bge-m3,bge-m3,EP-4626569-A1_de_q_en,EP-4626569-A1,synthetic,en,de,2,1.0
BAAI/bge-m3,bge-m3,EP-4634394-A2_en_q_es,EP-4634394-A2,synthetic,es,en,1,1.0
BAAI/bge-m3,bge-m3,EP-4634424-A1_en_q_es,EP-4634424-A1,synthetic,es,en,1,1.0
BAAI/bge-m3,bge-m3,EP-4633602-A1_en_q_de,EP-4633602-A1,synthetic,de,en,1,0.0
BAAI/bge-m3,bge-m3,EP-4634337-A1_en_q_en,EP-4634337-A1,original,en,en,2,0.0
BAAI/bge-m3,bge-m3,EP-4634128-A1_en_q_en,EP-4634128-A1,original,en,en,1,0.0
BAAI/bge-m3,bge-m3,EP-4633896-A1_en_q_en,EP-4633896-A1,original,en,en,1,0.0
BAAI/bge-m3,bge-m3,WO-2025215091-A1_fr_q_fr,WO-2025215091-A1,original,fr,fr,2,0.0
BAAI/bge-m3,bge-m3,EP-4633599-A1_fr_q_fr,EP-4633599-A1,original,fr,fr,1,1.0
BAAI/bge-m3,bge-m3,EP-4633656-A1_fr_q_fr,EP-4633656-A1,original,fr,fr,1,0.0
BAAI/bge-m3,bge-m3,WO-2025208167-A1_de_q_de,WO-2025208167-A1,original,de,de,2,0.0
BAAI/bge-m3,bge-m3,EP-4634396-A1_fr_q_fr,EP-4634396-A1,original,fr,fr,1,1.0
BAAI/bge-m3,bge-m3,EP-4633893-A1_fr_q_fr,EP-4633893-A1,original,fr,fr,1,0.0
BAAI/bge-m3,bge-m3,EP-4633462-A1_en_q_en,EP-4633462-A1,original,en,en,2,1.0
BAAI/bge-m3,bge-m3,EP-4633386-A1_en_q_en,EP-4633386-A1,original,en,en,1,0.0
BAAI/bge-m3,bge-m3,EP-4633970-A1_fr_q_fr,EP-4633970-A1,original,fr,fr,1,0.0
BAAI/bge-m3,bge-m3,EP-4633415-A1_en_q_en,EP-4633415-A1,original,en,en,1,0.0
BAAI/bge-m3,bge-m3,EP-4633415-A1_en_q_de,EP-4633415-A1,synthetic,de,en,1,0.0
BAAI/bge-m3,bge-m3,EP-4633415-A1_fr_q_fr,EP-4633415-A1,original,fr,fr,1,0.0
BAAI/bge-m3,bge-m3,EP-4633415-A1_en_q_es,EP-4633415-A1,synthetic,es,en,1,1.0
BAAI/bge-m3,bge-m3,EP-4633950-A1_en_q_en,EP-4633950-A1,original,en,en,1,0.0
BAAI/bge-m3,bge-m3,EP-4633950-A1_en_q_de,EP-4633950-A1,synthetic,de,en,1,0.0
BAAI/bge-m3,bge-m3,EP-4633950-A1_fr_q_fr,EP-4633950-A1,original,fr,fr,1,0.0
BAAI/bge-m3,bge-m3,EP-4633950-A1_en_q_es,EP-4633950-A1,synthetic,es,en,1,0.0
BAAI/bge-m3,bge-m3,EP-4634629-A1_en_q_en,EP-4634629-A1,original,en,en,2,0.0
BAAI/bge-m3,bge-m3,EP-4634629-A1_de_q_de,EP-4634629-A1,original,de,de,2,0.0
BAAI/bge-m3,bge-m3,EP-4634629-A1_fr_q_fr,EP-4634629-A1,original,fr,fr,2,0.0
BAAI/bge-m3,bge-m3,EP-4634629-A1_en_q_es,EP-4634629-A1,synthetic,es,en,2,0.0
BAAI/bge-m3,bge-m3,EP-4633582-A1_en_q_es,EP-4633582-A1,synthetic,es,en,1,0.0
BAAI/bge-m3,bge-m3,EP-4634165-A1_en_q_es,EP-4634165-A1,synthetic,es,en,1,1.0
BAAI/bge-m3,bge-m3,EP-4633677-A1_en_q_de,EP-4633677-A1,synthetic,de,en,1,0.0
BAAI/bge-m3,bge-m3,EP-4634246-A1_en_q_en,EP-4634246-A1,original,en,en,1,1.0
BAAI/bge-m3,bge-m3,EP-4634120-A1_en_q_de,EP-4634120-A1,synthetic,de,en,1,0.0
BAAI/bge-m3,bge-m3,EP-4633638-A1_en_q_en,EP-4633638-A1,original,en,en,1,1.0
BAAI/bge-m3,bge-m3,EP-4633389-A1_en_q_en,EP-4633389-A1,original,en,en,1,1.0
BAAI/bge-m3,bge-m3,WO-2025209629-A1_de_q_es,WO-2025209629-A1,synthetic,es,de,2,1.0
BAAI/bge-m3,bge-m3,EP-4634132-A2_en_q_en,EP-4634132-A2,original,en,en,1,0.0
BAAI/bge-m3,bge-m3,EP-4634914-A1_en_q_es,EP-4634914-A1,synthetic,es,en,1,0.0
BAAI/bge-m3,bge-m3,EP-4634285-A1_en_q_de,EP-4634285-A1,synthetic,de,en,1,0.0
BAAI/bge-m3,bge-m3,EP-4634122-A1_fr_q_fr,EP-4634122-A1,original,fr,fr,1,0.0
BAAI/bge-m3,bge-m3,EP-4634365-A1_fr_q_fr,EP-4634365-A1,original,fr,fr,1,1.0
BAAI/bge-m3,bge-m3,WO-2025214709-A1_de_q_es,WO-2025214709-A1,synthetic,es,de,2,0.5
BAAI/bge-m3,bge-m3,EP-4633426-A2_en_q_es,EP-4633426-A2,synthetic,es,en,2,1.0
BAAI/bge-m3,bge-m3,EP-4630604-A1_de_q_es,EP-4630604-A1,synthetic,es,de,2,0.5
BAAI/bge-m3,bge-m3,EP-4634118-A1_en_q_es,EP-4634118-A1,synthetic,es,en,2,1.0
BAAI/bge-m3,bge-m3,EP-4634404-A1_en_q_de,EP-4634404-A1,synthetic,de,en,1,1.0
BAAI/bge-m3,bge-m3,EP-4633465-A1_en_q_de,EP-4633465-A1,synthetic,de,en,1,1.0
BAAI/bge-m3,bge-m3,EP-4633680-A1_en_q_es,EP-4633680-A1,synthetic,es,en,1,1.0
BAAI/bge-m3,bge-m3,WO-2025201606-A1_de_q_es,WO-2025201606-A1,synthetic,es,de,2,1.0
BAAI/bge-m3,bge-m3,EP-4634435-A1_en_q_de,EP-4634435-A1,synthetic,de,en,1,1.0
BAAI/bge-m3,bge-m3,EP-4634143-A1_en_q_de,EP-4634143-A1,synthetic,de,en,1,0.0
BAAI/bge-m3,bge-m3,EP-4634411-A1_en_q_de,EP-4634411-A1,synthetic,de,en,1,0.0
BAAI/bge-m3,bge-m3,EP-4634287-A1_en_q_es,EP-4634287-A1,synthetic,es,en,2,0.0
BAAI/bge-m3,bge-m3,EP-4633627-A1_en_q_de,EP-4633627-A1,synthetic,de,en,1,1.0
BAAI/bge-m3,bge-m3,EP-4633670-A1_fr_q_fr,EP-4633670-A1,original,fr,fr,1,1.0
BAAI/bge-m3,bge-m3,WO-2025202163-A1_fr_q_fr,WO-2025202163-A1,original,fr,fr,2,1.0
BAAI/bge-m3,bge-m3,WO-2025214852-A1_fr_q_fr,WO-2025214852-A1,original,fr,fr,2,0.5
BAAI/bge-m3,bge-m3,WO-2025214996-A1_fr_q_fr,WO-2025214996-A1,original,fr,fr,2,0.0
BAAI/bge-m3,bge-m3,EP-4630123-A1_de_q_de,EP-4630123-A1,original,de,de,2,0.5
BAAI/bge-m3,bge-m3,EP-4634646-A1_en_q_en,EP-4634646-A1,original,en,en,1,1.0
BAAI/bge-m3,bge-m3,EP-4634294-A1_en_q_en,EP-4634294-A1,original,en,en,1,1.0
BAAI/bge-m3,bge-m3,EP-4634436-A1_fr_q_fr,EP-4634436-A1,original,fr,fr,1,1.0
BAAI/bge-m3,bge-m3,EP-4633761-A1_en_q_en,EP-4633761-A1,original,en,en,1,0.0
BAAI/bge-m3,bge-m3,WO-2025215167-A1_de_q_de,WO-2025215167-A1,original,de,de,2,1.0
BAAI/bge-m3,bge-m3,EP-4626962-A1_de_q_en,EP-4626962-A1,synthetic,en,de,2,1.0
BAAI/bge-m3,bge-m3,EP-4626962-A1_de_q_de,EP-4626962-A1,original,de,de,2,1.0
BAAI/bge-m3,bge-m3,EP-4626962-A1_fr_q_fr,EP-4626962-A1,original,fr,fr,2,0.0
BAAI/bge-m3,bge-m3,EP-4626962-A1_de_q_es,EP-4626962-A1,synthetic,es,de,2,1.0
BAAI/bge-m3,bge-m3,WO-2025201936-A1_de_q_en,WO-2025201936-A1,synthetic,en,de,2,0.0
BAAI/bge-m3,bge-m3,WO-2025201936-A1_fr_q_fr,WO-2025201936-A1,original,fr,fr,2,1.0
BAAI/bge-m3,bge-m3,WO-2025201936-A1_de_q_es,WO-2025201936-A1,synthetic,es,de,2,0.5
BAAI/bge-m3,bge-m3,EP-4634597-A1_en_q_en,EP-4634597-A1,original,en,en,1,0.0
BAAI/bge-m3,bge-m3,EP-4634597-A1_en_q_de,EP-4634597-A1,synthetic,de,en,1,1.0
BAAI/bge-m3,bge-m3,EP-4634597-A1_fr_q_fr,EP-4634597-A1,original,fr,fr,1,1.0
BAAI/bge-m3,bge-m3,EP-4634597-A1_en_q_es,EP-4634597-A1,synthetic,es,en,1,1.0
BAAI/bge-m3,bge-m3,EP-4634381-A1_en_q_zh,EP-4634381-A1,synthetic,zh,en,1,0.0
BAAI/bge-m3,bge-m3,EP-4633589-A1_en_q_zh,EP-4633589-A1,synthetic,zh,en,1,0.0
BAAI/bge-m3,bge-m3,EP-4627024-A1_de_q_zh,EP-4627024-A1,synthetic,zh,de,2,0.0
BAAI/bge-m3,bge-m3,EP-4634926-A1_en_q_zh,EP-4634926-A1,synthetic,zh,en,1,0.0
BAAI/bge-m3,bge-m3,EP-4633863-A2_en_q_zh,EP-4633863-A2,synthetic,zh,en,2,0.5
BAAI/bge-m3,bge-m3,EP-4633797-A1_en_q_zh,EP-4633797-A1,synthetic,zh,en,1,1.0
BAAI/bge-m3,bge-m3,EP-4633777-A1_en_q_zh,EP-4633777-A1,synthetic,zh,en,1,1.0
BAAI/bge-m3,bge-m3,EP-4633621-A1_en_q_zh,EP-4633621-A1,synthetic,zh,en,1,1.0
BAAI/bge-m3,bge-m3,EP-4634723-A1_en_q_zh,EP-4634723-A1,synthetic,zh,en,1,0.0
BAAI/bge-m3,bge-m3,EP-4633581-A1_en_q_zh,EP-4633581-A1,synthetic,zh,en,1,0.0
BAAI/bge-m3,bge-m3,EP-4634416-A1_en_q_zh,EP-4634416-A1,synthetic,zh,en,1,1.0
BAAI/bge-m3,bge-m3,EP-4634305-A1_en_q_zh,EP-4634305-A1,synthetic,zh,en,1,1.0
BAAI/bge-m3,bge-m3,EP-4633531-A1_en_q_zh,EP-4633531-A1,synthetic,zh,en,1,0.0
BAAI/bge-m3,bge-m3,EP-4634333-A1_en_q_zh,EP-4634333-A1,synthetic,zh,en,1,0.0
BAAI/bge-m3,bge-m3,EP-4634212-A1_en_q_zh,EP-4634212-A1,synthetic,zh,en,1,1.0
BAAI/bge-m3,bge-m3,EP-4629959-A1_de_q_zh,EP-4629959-A1,synthetic,zh,de,2,0.0
BAAI/bge-m3,bge-m3,EP-4627881-A1_de_q_zh,EP-4627881-A1,synthetic,zh,de,2,0.5
BAAI/bge-m3,bge-m3,EP-4633576-A1_en_q_zh,EP-4633576-A1,synthetic,zh,en,1,0.0
BAAI/bge-m3,bge-m3,EP-4633742-A2_en_q_zh,EP-4633742-A2,synthetic,zh,en,1,1.0
BAAI/bge-m3,bge-m3,EP-4633791-A1_en_q_zh,EP-4633791-A1,synthetic,zh,en,1,1.0
BAAI/bge-m3,bge-m3,EP-4630574-A1_fr_q_fr,EP-4630574-A1,original,fr,fr,2,0.0
BAAI/bge-m3,bge-m3,EP-4634111-A1_fr_q_fr,EP-4634111-A1,original,fr,fr,1,0.0
BAAI/bge-m3,bge-m3,EP-4633622-A2_en_q_es,EP-4633622-A2,synthetic,es,en,1,1.0
BAAI/bge-m3,bge-m3,EP-4634187-A1_en_q_es_120,EP-4634187-A1,synthetic,es,en,1,1.0
BAAI/bge-m3,bge-m3,EP-4634139-A1_fr_q_fr,EP-4634139-A1,original,fr,fr,1,1.0
BAAI/bge-m3,bge-m3,EP-4634136-A1_en_q_en,EP-4634136-A1,original,en,en,1,0.0
BAAI/bge-m3,bge-m3,EP-4634136-A1_en_q_de,EP-4634136-A1,synthetic,de,en,1,0.0
BAAI/bge-m3,bge-m3,EP-4634136-A1_fr_q_fr,EP-4634136-A1,original,fr,fr,1,0.0
BAAI/bge-m3,bge-m3,EP-4634136-A1_en_q_es_125,EP-4634136-A1,synthetic,es,en,1,0.0
BAAI/bge-m3,bge-m3,q_126_zh,EP-4634136-A1,original,zh,,2,0.0
BAAI/bge-m3,bge-m3,EP-4634248-A1_en_q_en,EP-4634248-A1,original,en,en,1,1.0
BAAI/bge-m3,bge-m3,EP-4634142-A1_en_q_es,EP-4634142-A1,synthetic,es,en,2,0.5
BAAI/bge-m3,bge-m3,WO-2025214812-A1_de_q_es,WO-2025214812-A1,synthetic,es,de,2,1.0
BAAI/bge-m3,bge-m3,EP-4633662-A1_en_q_de,EP-4633662-A1,synthetic,de,en,1,0.0
BAAI/bge-m3,bge-m3,WO-2025153617-A3_de_q_de,WO-2025153617-A3,original,de,de,2,0.5
BAAI/bge-m3,bge-m3,EP-4634596-A1_en_q_en,EP-4634596-A1,original,en,en,1,1.0
BAAI/bge-m3,bge-m3,EP-4634596-A1_en_q_de,EP-4634596-A1,synthetic,de,en,1,1.0
BAAI/bge-m3,bge-m3,EP-4634596-A1_fr_q_fr,EP-4634596-A1,original,fr,fr,1,1.0
BAAI/bge-m3,bge-m3,EP-4634596-A1_en_q_es_135,EP-4634596-A1,synthetic,es,en,1,1.0
BAAI/bge-m3,bge-m3,q_136_zh,EP-4634596-A1,original,zh,,2,0.5
BAAI/bge-m3,bge-m3,EP-4626887-A1_en_q_en,EP-4626887-A1,original,en,en,1,1.0
BAAI/bge-m3,bge-m3,EP-4630033-A1_en_q_en,EP-4630033-A1,original,en,en,1,1.0
BAAI/bge-m3,bge-m3,EP-4532639-A1_fr_q_fr,EP-4532639-A1,original,fr,fr,2,0.0
BAAI/bge-m3,bge-m3,EP-4627010-A1_en_q_de,EP-4627010-A1,synthetic,de,en,1,0.0
BAAI/bge-m3,bge-m3,EP-4626937-A1_en_q_de,EP-4626937-A1,synthetic,de,en,1,1.0
BAAI/bge-m3,bge-m3,WO-2022119476-A1_en_q_de,WO-2022119476-A1,synthetic,de,en,1,0.0
BAAI/bge-m3,bge-m3,WO-2025131900-A1_en_q_en,WO-2025131900-A1,original,en,en,3,1.0
BAAI/bge-m3,bge-m3,WO-2025200741-A1_en_q_zh,WO-2025200741-A1,synthetic,zh,en,1,0.0
BAAI/bge-m3,bge-m3,MX-2025009603-A_en_q_en,MX-2025009603-A,original,en,en,2,0.0
BAAI/bge-m3,bge-m3,MX-2025009952-A_en_q_zh,MX-2025009952-A,synthetic,zh,en,1,1.0
BAAI/bge-m3,bge-m3,WO-2025150253-A1_en_q_es,WO-2025150253-A1,synthetic,es,en,1,0.0
BAAI/bge-m3,bge-m3,WO-2025186929-A8_en_q_en,WO-2025186929-A8,original,en,en,1,0.0
BAAI/bge-m3,bge-m3,WO-2025211042-A1_en_q_en,WO-2025211042-A1,original,en,en,1,0.0
BAAI/bge-m3,bge-m3,WO-2025209205-A1_en_q_en,WO-2025209205-A1,original,en,en,2,0.0
BAAI/bge-m3,bge-m3,WO-2025207982-A1_en_q_de,WO-2025207982-A1,synthetic,de,en,1,1.0
BAAI/bge-m3,bge-m3,WO-2025210325-A1_en_q_de,WO-2025210325-A1,synthetic,de,en,1,0.0
BAAI/bge-m3,bge-m3,WO-2025216427-A1_zh_q_zh,WO-2025216427-A1,original,zh,zh,2,0.0
BAAI/bge-m3,bge-m3,WO-2025197823-A1_zh_q_zh,WO-2025197823-A1,original,zh,zh,2,0.0
BAAI/bge-m3,bge-m3,MX-2025002756-A_en_q_en,MX-2025002756-A,original,en,en,1,0.0
BAAI/bge-m3,bge-m3,WO-2025202632-A1_en_q_en,WO-2025202632-A1,original,en,en,1,1.0
BAAI/bge-m3,bge-m3,EP-4627608-A1_en_q_en,EP-4627608-A1,original,en,en,1,0.0
BAAI/bge-m3,bge-m3,EP-4634668-A1_fr_q_fr,EP-4634668-A1,original,fr,fr,1,1.0
BAAI/bge-m3,bge-m3,MX-2025009965-A_en_q_de,MX-2025009965-A,synthetic,de,en,1,0.0
BAAI/bge-m3,bge-m3,WO-2025164300-A1_en_q_de,WO-2025164300-A1,synthetic,de,en,1,0.0
BAAI/bge-m3,bge-m3,MX-2025009189-A_en_q_de,MX-2025009189-A,synthetic,de,en,1,1.0
BAAI/bge-m3,bge-m3,WO-2024253632-A1_en_q_en,WO-2024253632-A1,original,en,en,1,0.0
BAAI/bge-m3,bge-m3,WO-2025216023-A1_zh_q_zh,WO-2025216023-A1,original,zh,zh,2,0.5
BAAI/bge-m3,bge-m3,WO-2025211128-A1_en_q_en,WO-2025211128-A1,original,en,en,1,1.0
BAAI/bge-m3,bge-m3,MX-2025010237-A_en_q_zh,MX-2025010237-A,synthetic,zh,en,1,0.0
BAAI/bge-m3,bge-m3,EP-4633785-A2_en_q_es,EP-4633785-A2,synthetic,es,en,1,1.0
BAAI/bge-m3,bge-m3,MX-2025005737-A_en_q_en,MX-2025005737-A,original,en,en,1,0.0
BAAI/bge-m3,bge-m3,MX-2025010606-A_en_q_en,MX-2025010606-A,original,en,en,1,1.0
BAAI/bge-m3,bge-m3,MX-2025010877-A_en_q_en,MX-2025010877-A,original,en,en,1,1.0
BAAI/bge-m3,bge-m3,EP-4584035-A1_de_q_de,EP-4584035-A1,original,de,de,3,0.0
BAAI/bge-m3,bge-m3,WO-2025170306-A1_en_q_de,WO-2025170306-A1,synthetic,de,en,2,0.0
BAAI/bge-m3,bge-m3,WO-2025210569-A1_zh_q_zh,WO-2025210569-A1,original,zh,zh,2,0.0
BAAI/bge-m3,bge-m3,MX-2025010084-A_en_q_zh,MX-2025010084-A,synthetic,zh,en,1,0.0
BAAI/bge-m3,bge-m3,WO-2025186542-A8_en_q_en,WO-2025186542-A8,original,en,en,1,0.0
BAAI/bge-m3,bge-m3,WO-2025206130-A1_zh_q_zh,WO-2025206130-A1,original,zh,zh,2,0.0
BAAI/bge-m3,bge-m3,WO-2025208054-A1_en_q_de,WO-2025208054-A1,synthetic,de,en,1,1.0
BAAI/bge-m3,bge-m3,WO-2025201708-A1_en_q_zh,WO-2025201708-A1,synthetic,zh,en,1,0.0
BAAI/bge-m3,bge-m3,WO-2025141238-A1_es_q_es,WO-2025141238-A1,original,es,es,2,0.5
BAAI/bge-m3,bge-m3,MX-2025004351-A_en_q_en,MX-2025004351-A,original,en,en,1,1.0
BAAI/bge-m3,bge-m3,WO-2025200809-A1_en_q_en,WO-2025200809-A1,original,en,en,2,0.5
BAAI/bge-m3,bge-m3,WO-2025201644-A1_fr_q_fr,WO-2025201644-A1,original,fr,fr,2,1.0
BAAI/bge-m3,bge-m3,MX-2025003633-A_en_q_de,MX-2025003633-A,synthetic,de,en,1,1.0
BAAI/bge-m3,bge-m3,WO-2025170482-A1_en_q_de,WO-2025170482-A1,synthetic,de,en,2,0.0
BAAI/bge-m3,bge-m3,MX-2025002762-A_en_q_en,MX-2025002762-A,original,en,en,1,0.0
BAAI/bge-m3,bge-m3,MX-2025009196-A_en_q_de,MX-2025009196-A,synthetic,de,en,1,0.0
BAAI/bge-m3,bge-m3,EP-4584246-A1_en_q_zh,EP-4584246-A1,synthetic,zh,en,2,1.0
BAAI/bge-m3,bge-m3,WO-2022031256-A1_en_q_zh,WO-2022031256-A1,synthetic,zh,en,1,0.0
BAAI/bge-m3,bge-m3,ES-3035119-A1_en_q_fr,ES-3035119-A1,synthetic,fr,en,2,0.0
BAAI/bge-m3,bge-m3,WO-2022231470-A1_en_q_de,WO-2022231470-A1,synthetic,de,en,1,0.0
BAAI/bge-m3,bge-m3,EP-4627127-A1_en_q_de,EP-4627127-A1,synthetic,de,en,2,0.0
BAAI/bge-m3,bge-m3,WO-2025185983-A1_en_q_es,WO-2025185983-A1,synthetic,es,en,2,0.0
BAAI/bge-m3,bge-m3,EP-4627015-A1_en_q_de,EP-4627015-A1,synthetic,de,en,1,0.0
BAAI/bge-m3,bge-m3,WO-2025212979-A1_en_q_de,WO-2025212979-A1,synthetic,de,en,2,0.0
BAAI/bge-m3,bge-m3,MX-2025010953-A_en_q_zh,MX-2025010953-A,synthetic,zh,en,1,1.0
BAAI/bge-m3,bge-m3,WO-2025207427-A1_en_q_de,WO-2025207427-A1,synthetic,de,en,2,0.0
BAAI/bge-m3,bge-m3,MX-2025007532-A_en_q_de,MX-2025007532-A,synthetic,de,en,2,0.0
BAAI/bge-m3,bge-m3,EP-4627092-A1_en_q_zh,EP-4627092-A1,synthetic,zh,en,1,0.0
BAAI/bge-m3,bge-m3,EP-4584229-A1_en_q_es,EP-4584229-A1,synthetic,es,en,3,0.0
BAAI/bge-m3,bge-m3,WO-2024054196-A1_en_q_zh,WO-2024054196-A1,synthetic,zh,en,1,0.0
BAAI/bge-m3,bge-m3,WO-2025164618-A1_en_q_es,WO-2025164618-A1,synthetic,es,en,2,0.0
BAAI/bge-m3,bge-m3,EP-4626889-A1_en_q_es,EP-4626889-A1,synthetic,es,en,1,1.0
BAAI/bge-m3,bge-m3,MX-2025004761-A_en_q_zh,MX-2025004761-A,synthetic,zh,en,1,0.0
BAAI/bge-m3,bge-m3,MX-2025009867-A_en_q_de,MX-2025009867-A,synthetic,de,en,2,0.0
BAAI/bge-m3,bge-m3,WO-03042409-A3_en_q_es,WO-03042409-A3,synthetic,es,en,1,1.0
BAAI/bge-m3,bge-m3,WO-2025212474-A1_en_q_de,WO-2025212474-A1,synthetic,de,en,1,0.0
BAAI/bge-m3,bge-m3,ES-3028671-A1_en_q_zh,ES-3028671-A1,synthetic,zh,en,1,0.0
BAAI/bge-m3,bge-m3,WO-2025212467-A1_en_q_de,WO-2025212467-A1,synthetic,de,en,1,1.0
BAAI/bge-m3,bge-m3,MX-2025009862-A_en_q_fr,MX-2025009862-A,synthetic,fr,en,1,1.0
BAAI/bge-m3,bge-m3,EP-4566167-A1_en_q_es,EP-4566167-A1,synthetic,es,en,3,0.0
BAAI/bge-m3,bge-m3,WO-2025216937-A1_en_q_es,WO-2025216937-A1,synthetic,es,en,2,1.0
BAAI/bge-m3,bge-m3,EP-4630021-A1_en_q_de,EP-4630021-A1,synthetic,de,en,2,0.0
BAAI/bge-m3,bge-m3,MX-2025007206-A_en_q_de,MX-2025007206-A,synthetic,de,en,1,0.0
BAAI/bge-m3,bge-m3,EP-4504821-A1_en_q_es,EP-4504821-A1,synthetic,es,en,3,0.0
BAAI/bge-m3,bge-m3,WO-2025205793-A1_en_q_de,WO-2025205793-A1,synthetic,de,en,2,0.0
BAAI/bge-m3,bge-m3,WO-2025206825-A1_en_q_de,WO-2025206825-A1,synthetic,de,en,1,0.0
BAAI/bge-m3,bge-m3,EP-4568770-A1_en_q_es,EP-4568770-A1,synthetic,es,en,3,0.3333333333333333
BAAI/bge-m3,bge-m3,WO-2025188827-A8_en_q_es,WO-2025188827-A8,synthetic,es,en,1,0.0
BAAI/bge-m3,bge-m3,MX-2025008259-A_en_q_fr,MX-2025008259-A,synthetic,fr,en,2,0.0
BAAI/bge-m3,bge-m3,WO-2025132504-A1_en_q_es,WO-2025132504-A1,synthetic,es,en,3,0.0
BAAI/bge-m3,bge-m3,MX-2025007237-A_en_q_fr,MX-2025007237-A,synthetic,fr,en,2,0.5
BAAI/bge-m3,bge-m3,MX-2025005647-A_en_q_zh,MX-2025005647-A,synthetic,zh,en,1,0.0
BAAI/bge-m3,bge-m3,WO-2025214411-A1_en_q_de,WO-2025214411-A1,synthetic,de,en,1,0.0
BAAI/bge-m3,bge-m3,EP-4623093-A2_en_q_es,EP-4623093-A2,synthetic,es,en,2,1.0
BAAI/bge-m3,bge-m3,EP-4634148-A1_en_q_de,EP-4634148-A1,synthetic,de,en,2,1.0
BAAI/bge-m3,bge-m3,WO-2025202170-A1_en_q_es,WO-2025202170-A1,synthetic,es,en,1,0.0
BAAI/bge-m3,bge-m3,EP-4507673-A1_en_q_de,EP-4507673-A1,synthetic,de,en,1,0.0
BAAI/bge-m3,bge-m3,MX-2025007577-A_en_q_fr,MX-2025007577-A,synthetic,fr,en,2,1.0
BAAI/bge-m3,bge-m3,MX-2025009131-A_en_q_zh,MX-2025009131-A,synthetic,zh,en,1,0.0
BAAI/bge-m3,bge-m3,MX-2025009990-A_en_q_zh,MX-2025009990-A,synthetic,zh,en,1,0.0
BAAI/bge-m3,bge-m3,WO-2023153953-A1_en_q_es,WO-2023153953-A1,synthetic,es,en,2,0.0
BAAI/bge-m3,bge-m3,WO-2025183548-A1_en_q_de,WO-2025183548-A1,synthetic,de,en,2,0.0
BAAI/bge-m3,bge-m3,WO-2025007163-A1_en_q_de,WO-2025007163-A1,synthetic,de,en,2,0.0
BAAI/bge-m3,bge-m3,WO-2025206959-A1_en_q_de,WO-2025206959-A1,synthetic,de,en,2,0.5
BAAI/bge-m3,bge-m3,WO-2025207810-A1_en_q_zh,WO-2025207810-A1,synthetic,zh,en,1,0.0
BAAI/bge-m3,bge-m3,WO-2025215476-A1_en_q_de,WO-2025215476-A1,synthetic,de,en,2,0.0
BAAI/bge-m3,bge-m3,WO-2023149795-A1_en_q_en,WO-2023149795-A1,original,en,en,2,0.0
BAAI/bge-m3,bge-m3,WO-2022124934-A1_en_q_es,WO-2022124934-A1,synthetic,es,en,1,1.0
BAAI/bge-m3,bge-m3,WO-2025187134-A8_en_q_en,WO-2025187134-A8,original,en,en,2,0.0
BAAI/bge-m3,bge-m3,WO-2023200358-A1_en_q_en,WO-2023200358-A1,original,en,en,2,0.0
BAAI/bge-m3,bge-m3,WO-2025216105-A1_fr_q_fr,WO-2025216105-A1,original,fr,fr,2,0.0
BAAI/bge-m3,bge-m3,MX-2025005014-A_es_q_es,MX-2025005014-A,original,es,es,1,0.0
BAAI/bge-m3,bge-m3,WO-2025216873-A1_fr_q_fr,WO-2025216873-A1,original,fr,fr,1,0.0
BAAI/bge-m3,bge-m3,WO-2025205780-A1_zh_q_zh,WO-2025205780-A1,original,zh,zh,2,0.0
BAAI/bge-m3,bge-m3,MX-2025009666-A_en_q_en,MX-2025009666-A,original,en,en,2,0.0
BAAI/bge-m3,bge-m3,WO-2025212049-A1_fr_q_fr,WO-2025212049-A1,original,fr,fr,2,0.0
BAAI/bge-m3,bge-m3,EP-4627347-A1_fr_q_fr,EP-4627347-A1,original,fr,fr,1,1.0
BAAI/bge-m3,bge-m3,MX-2025004786-A_es_q_es,MX-2025004786-A,original,es,es,1,1.0
BAAI/bge-m3,bge-m3,WO-2024063632-A1_en_q_en,WO-2024063632-A1,original,en,en,2,0.0
BAAI/bge-m3,bge-m3,WO-2025206783-A1_fr_q_fr,WO-2025206783-A1,original,fr,fr,1,1.0
BAAI/bge-m3,bge-m3,MX-2025010991-A_en_q_en,MX-2025010991-A,original,en,en,1,0.0
BAAI/bge-m3,bge-m3,MX-2025006977-A_en_q_en,MX-2025006977-A,original,en,en,1,1.0
BAAI/bge-m3,bge-m3,MX-2025008400-A_en_q_en,MX-2025008400-A,original,en,en,1,1.0
BAAI/bge-m3,bge-m3,WO-2025132390-A1_de_q_de,WO-2025132390-A1,original,de,de,3,0.3333333333333333
BAAI/bge-m3,bge-m3,WO-2025204766-A1_fr_q_fr,WO-2025204766-A1,original,fr,fr,2,0.5
BAAI/bge-m3,bge-m3,WO-2025098664-A1_de_q_de,WO-2025098664-A1,original,de,de,2,1.0
BAAI/bge-m3,bge-m3,EP-4627583-A1_en_q_en,EP-4627583-A1,original,en,en,1,1.0
BAAI/bge-m3,bge-m3,EP-4630558-A2_zh_q_zh,EP-4630558-A2,original,zh,zh,2,0.0
BAAI/bge-m3,bge-m3,MX-2025010573-A_es_q_es,MX-2025010573-A,original,es,es,1,0.0
BAAI/bge-m3,bge-m3,WO-2025210917-A1_fr_q_fr,WO-2025210917-A1,original,fr,fr,2,0.5
BAAI/bge-m3,bge-m3,WO-2025150394-A1_en_q_en,WO-2025150394-A1,original,en,en,1,0.0
BAAI/bge-m3,bge-m3,MX-2025005728-A_en_q_en,MX-2025005728-A,original,en,en,1,0.0
BAAI/bge-m3,bge-m3,WO-2025177605-A1_fr_q_fr,WO-2025177605-A1,original,fr,fr,1,1.0
BAAI/bge-m3,bge-m3,MX-2025006958-A_en_q_en,MX-2025006958-A,original,en,en,2,1.0
BAAI/bge-m3,bge-m3,EP-4551675-A1_de_q_de,EP-4551675-A1,original,de,de,2,0.0
BAAI/bge-m3,bge-m3,EP-4627325-A1_fr_q_fr,EP-4627325-A1,original,fr,fr,2,0.0
BAAI/bge-m3,bge-m3,WO-2025208050-A2_en_q_en,WO-2025208050-A2,original,en,en,1,1.0
BAAI/bge-m3,bge-m3,WO-2025202994-A1_fr_q_fr,WO-2025202994-A1,original,fr,fr,1,1.0
BAAI/bge-m3,bge-m3,MX-2025006551-A_en_q_en,MX-2025006551-A,original,en,en,1,0.0
BAAI/bge-m3,bge-m3,WO-2005069422-A1_en_q_en,WO-2005069422-A1,original,en,en,1,0.0
BAAI/bge-m3,bge-m3,WO-2025194610-A1_fr_q_fr,WO-2025194610-A1,original,fr,fr,1,1.0
BAAI/bge-m3,bge-m3,MX-2025001644-A_zh_q_zh,MX-2025001644-A,original,zh,zh,2,0.0
BAAI/bge-m3,bge-m3,WO-2025216492-A1_fr_q_fr,WO-2025216492-A1,original,fr,fr,2,1.0
BAAI/bge-m3,bge-m3,WO-2025216629-A1_fr_q_fr,WO-2025216629-A1,original,fr,fr,2,0.0
BAAI/bge-m3,bge-m3,MX-2025005081-A_en_q_en,MX-2025005081-A,original,en,en,1,0.0
BAAI/bge-m3,bge-m3,WO-2025205506-A1_fr_q_fr,WO-2025205506-A1,original,fr,fr,1,1.0
BAAI/bge-m3,bge-m3,WO-2025132391-A1_de_q_de,WO-2025132391-A1,original,de,de,3,0.0
BAAI/bge-m3,bge-m3,WO-2025205634-A1_en_q_en,WO-2025205634-A1,original,en,en,1,1.0
BAAI/bge-m3,bge-m3,WO-2025120243-A1_es_q_es,WO-2025120243-A1,original,es,es,2,0.5
BAAI/bge-m3,bge-m3,WO-2025201672-A1_fr_q_fr,WO-2025201672-A1,original,fr,fr,1,1.0
BAAI/bge-m3,bge-m3,MX-2025008970-A_es_q_es,MX-2025008970-A,original,es,es,1,1.0
BAAI/bge-m3,bge-m3,MX-2025009075-A_zh_q_zh,MX-2025009075-A,original,zh,zh,2,1.0
BAAI/bge-m3,bge-m3,WO-2025210445-A1_fr_q_fr,WO-2025210445-A1,original,fr,fr,1,0.0
BAAI/bge-m3,bge-m3,WO-2025206090-A1_fr_q_fr,WO-2025206090-A1,original,fr,fr,1,1.0
BAAI/bge-m3,bge-m3,MX-2025006643-A_en_q_en,MX-2025006643-A,original,en,en,1,0.0
BAAI/bge-m3,bge-m3,MX-2025010190-A_en_q_en,MX-2025010190-A,original,en,en,2,0.5
BAAI/bge-m3,bge-m3,EP-4577789-A1_zh_q_zh,EP-4577789-A1,original,zh,zh,3,0.0
BAAI/bge-m3,bge-m3,WO-2025204469-A1_en_q_en,WO-2025204469-A1,original,en,en,2,0.0
BAAI/bge-m3,bge-m3,WO-2025204469-A1_en_q_de,WO-2025204469-A1,synthetic,de,en,2,0.5
BAAI/bge-m3,bge-m3,WO-2025204469-A1_fr_q_fr,WO-2025204469-A1,original,fr,fr,2,0.0
BAAI/bge-m3,bge-m3,WO-2025204469-A1_en_q_es,WO-2025204469-A1,synthetic,es,en,2,0.0
BAAI/bge-m3,bge-m3,WO-2025204469-A1_zh_q_zh,WO-2025204469-A1,original,zh,zh,2,0.0
BAAI/bge-m3,bge-m3,MX-2025010085-A_en_q_en,MX-2025010085-A,original,en,en,1,1.0
BAAI/bge-m3,bge-m3,MX-2025010085-A_en_q_de,MX-2025010085-A,synthetic,de,en,1,1.0
BAAI/bge-m3,bge-m3,MX-2025010085-A_en_q_fr,MX-2025010085-A,synthetic,fr,en,1,1.0
BAAI/bge-m3,bge-m3,MX-2025010085-A_es_q_es,MX-2025010085-A,original,es,es,1,0.0
BAAI/bge-m3,bge-m3,MX-2025010085-A_en_q_zh,MX-2025010085-A,synthetic,zh,en,1,1.0
BAAI/bge-m3,bge-m3,MX-2025005421-A_en_q_en,MX-2025005421-A,original,en,en,1,0.0
BAAI/bge-m3,bge-m3,MX-2025005421-A_en_q_de,MX-2025005421-A,synthetic,de,en,1,0.0
BAAI/bge-m3,bge-m3,MX-2025005421-A_en_q_fr,MX-2025005421-A,synthetic,fr,en,1,0.0
BAAI/bge-m3,bge-m3,MX-2025005421-A_es_q_es,MX-2025005421-A,original,es,es,1,0.0
BAAI/bge-m3,bge-m3,MX-2025005421-A_en_q_zh,MX-2025005421-A,synthetic,zh,en,1,0.0
BAAI/bge-m3,bge-m3,MX-2025002688-A_en_q_en,MX-2025002688-A,original,en,en,1,0.0
BAAI/bge-m3,bge-m3,MX-2025002688-A_en_q_de,MX-2025002688-A,synthetic,de,en,1,0.0
BAAI/bge-m3,bge-m3,MX-2025002688-A_en_q_fr,MX-2025002688-A,synthetic,fr,en,1,0.0
BAAI/bge-m3,bge-m3,MX-2025002688-A_es_q_es,MX-2025002688-A,original,es,es,1,0.0
BAAI/bge-m3,bge-m3,MX-2025002688-A_en_q_zh,MX-2025002688-A,synthetic,zh,en,1,0.0
BAAI/bge-m3,bge-m3,WO-2025211147-A1_en_q_en,WO-2025211147-A1,original,en,en,1,0.0
BAAI/bge-m3,bge-m3,WO-2025211147-A1_en_q_de,WO-2025211147-A1,synthetic,de,en,1,0.0
BAAI/bge-m3,bge-m3,WO-2025211147-A1_fr_q_fr,WO-2025211147-A1,original,fr,fr,1,0.0
BAAI/bge-m3,bge-m3,WO-2025211147-A1_en_q_es,WO-2025211147-A1,synthetic,es,en,1,0.0
BAAI/bge-m3,bge-m3,WO-2025211147-A1_en_q_zh,WO-2025211147-A1,synthetic,zh,en,1,0.0
BAAI/bge-m3,bge-m3,WO-2025187712-A8_en_q_en,WO-2025187712-A8,original,en,en,1,0.0
BAAI/bge-m3,bge-m3,WO-2025187712-A8_en_q_de,WO-2025187712-A8,synthetic,de,en,1,0.0
BAAI/bge-m3,bge-m3,WO-2025187712-A8_fr_q_fr,WO-2025187712-A8,original,fr,fr,1,0.0
BAAI/bge-m3,bge-m3,WO-2025187712-A8_en_q_es,WO-2025187712-A8,synthetic,es,en,1,0.0
BAAI/bge-m3,bge-m3,WO-2025187712-A8_en_q_zh,WO-2025187712-A8,synthetic,zh,en,1,0.0
BAAI/bge-m3,bge-m3,EP-4630253-A1_en_q_en,EP-4630253-A1,original,en,en,2,0.0
BAAI/bge-m3,bge-m3,EP-4630253-A1_en_q_de,EP-4630253-A1,synthetic,de,en,2,0.0
BAAI/bge-m3,bge-m3,EP-4630253-A1_fr_q_fr,EP-4630253-A1,original,fr,fr,2,0.0
BAAI/bge-m3,bge-m3,EP-4630253-A1_en_q_es,EP-4630253-A1,synthetic,es,en,2,0.0
BAAI/bge-m3,bge-m3,EP-4630253-A1_zh_q_zh,EP-4630253-A1,original,zh,zh,2,0.0
BAAI/bge-m3,bge-m3,MX-2025007798-A_en_q_en,MX-2025007798-A,original,en,en,1,1.0
BAAI/bge-m3,bge-m3,WO-2025206382-A1_en_q_en,WO-2025206382-A1,original,en,en,1,1.0
BAAI/bge-m3,bge-m3,MX-2025009144-A_en_q_en,MX-2025009144-A,original,en,en,2,0.0
BAAI/bge-m3,bge-m3,WO-2025206195-A1_en_q_de,WO-2025206195-A1,synthetic,de,en,1,1.0
BAAI/bge-m3,bge-m3,WO-2024128938-A1_en_q_de,WO-2024128938-A1,synthetic,de,en,2,0.5
BAAI/bge-m3,bge-m3,MX-2025007510-A_es_q_es,MX-2025007510-A,original,es,es,1,0.0
BAAI/bge-m3,bge-m3,WO-2025172752-A1_en_q_en,WO-2025172752-A1,original,en,en,2,1.0
BAAI/bge-m3,bge-m3,WO-2024245507-A9_en_q_en,WO-2024245507-A9,original,en,en,2,0.0
BAAI/bge-m3,bge-m3,WO-2024245507-A9_de_q_de,WO-2024245507-A9,original,de,de,2,0.5
BAAI/bge-m3,bge-m3,WO-2024245507-A9_fr_q_fr,WO-2024245507-A9,original,fr,fr,2,0.0
BAAI/bge-m3,bge-m3,WO-2024245507-A9_en_q_es,WO-2024245507-A9,synthetic,es,en,2,1.0
BAAI/bge-m3,bge-m3,WO-2024245507-A9_en_q_zh,WO-2024245507-A9,synthetic,zh,en,2,0.5
BAAI/bge-m3,bge-m3,EP-4630245-A1_zh_q_zh,EP-4630245-A1,original,zh,zh,2,0.5
BAAI/bge-m3,bge-m3,WO-2025192625-A1_en_q_en,WO-2025192625-A1,original,en,en,2,0.5
BAAI/bge-m3,bge-m3,WO-2025192625-A1_en_q_de,WO-2025192625-A1,synthetic,de,en,2,0.0
BAAI/bge-m3,bge-m3,WO-2025192625-A1_fr_q_fr,WO-2025192625-A1,original,fr,fr,2,0.0
BAAI/bge-m3,bge-m3,WO-2025192625-A1_en_q_es,WO-2025192625-A1,synthetic,es,en,2,0.5
BAAI/bge-m3,bge-m3,WO-2025192625-A1_zh_q_zh,WO-2025192625-A1,original,zh,zh,2,1.0
BAAI/bge-m3,bge-m3,MX-2025006818-A_es_q_es,MX-2025006818-A,original,es,es,1,1.0
BAAI/bge-m3,bge-m3,MX-2025007695-A_es_q_es,MX-2025007695-A,original,es,es,1,1.0
BAAI/bge-m3,bge-m3,WO-2025187736-A8_en_q_zh,WO-2025187736-A8,synthetic,zh,en,1,1.0
BAAI/bge-m3,bge-m3,WO-2025203012-A1_en_q_es,WO-2025203012-A1,synthetic,es,en,1,0.0
BAAI/bge-m3,bge-m3,EP-4626837-A1_en_q_zh,EP-4626837-A1,synthetic,zh,en,1,1.0
BAAI/bge-m3,bge-m3,WO-2025202104-A1_zh_q_zh,WO-2025202104-A1,original,zh,zh,2,1.0
BAAI/bge-m3,bge-m3,EP-4626928-A2_fr_q_fr,EP-4626928-A2,original,fr,fr,2,0.5
BAAI/bge-m3,bge-m3,MX-2025008327-A_en_q_en,MX-2025008327-A,original,en,en,1,0.0
BAAI/bge-m3,bge-m3,EP-4634127-A1_en_q_en,EP-4634127-A1,original,en,en,1,0.0
BAAI/bge-m3,bge-m3,WO-2024058685-A1_en_q_zh,WO-2024058685-A1,synthetic,zh,en,1,1.0
BAAI/bge-m3,bge-m3,WO-2024089298-A9_fr_q_fr,WO-2024089298-A9,original,fr,fr,1,1.0
BAAI/bge-m3,bge-m3,MX-2025010028-A_en_q_en,MX-2025010028-A,original,en,en,1,1.0
BAAI/bge-m3,bge-m3,WO-2025202253-A1_en_q_es,WO-2025202253-A1,synthetic,es,en,1,1.0
BAAI/bge-m3,bge-m3,MX-2025009821-A_es_q_es,MX-2025009821-A,original,es,es,2,1.0
BAAI/bge-m3,bge-m3,MX-2025006624-A_en_q_fr,MX-2025006624-A,synthetic,fr,en,1,1.0
BAAI/bge-m3,bge-m3,MX-2025003345-A_en_q_de,MX-2025003345-A,synthetic,de,en,1,0.0
BAAI/bge-m3,bge-m3,WO-2024259508-A1_en_q_en,WO-2024259508-A1,original,en,en,2,1.0
BAAI/bge-m3,bge-m3,EP-4630051-A1_fr_q_fr,EP-4630051-A1,original,fr,fr,1,1.0
BAAI/bge-m3,bge-m3,MX-2025010268-A_en_q_zh,MX-2025010268-A,synthetic,zh,en,1,1.0
BAAI/bge-m3,bge-m3,WO-2025212655-A1_en_q_de,WO-2025212655-A1,synthetic,de,en,2,1.0
BAAI/bge-m3,bge-m3,WO-2025205978-A1_en_q_en,WO-2025205978-A1,original,en,en,2,0.0
BAAI/bge-m3,bge-m3,WO-2025206105-A1_zh_q_zh,WO-2025206105-A1,original,zh,zh,2,0.5
BAAI/bge-m3,bge-m3,EP-4633669-A2_fr_q_fr,EP-4633669-A2,original,fr,fr,2,1.0
BAAI/bge-m3,bge-m3,WO-2025021351-A1_en_q_zh,WO-2025021351-A1,synthetic,zh,en,2,1.0
BAAI/bge-m3,bge-m3,WO-2025187706-A8_fr_q_fr,WO-2025187706-A8,original,fr,fr,1,0.0
BAAI/bge-m3,bge-m3,EP-4623104-A1_zh_q_zh,EP-4623104-A1,original,zh,zh,2,1.0
BAAI/bge-m3,bge-m3,WO-2025164232-A1_en_q_de,WO-2025164232-A1,synthetic,de,en,1,1.0
BAAI/bge-m3,bge-m3,WO-2025206823-A1_en_q_de,WO-2025206823-A1,synthetic,de,en,2,0.0
BAAI/bge-m3,bge-m3,EP-4626944-A1_en_q_de,EP-4626944-A1,synthetic,de,en,1,0.0
BAAI/bge-m3,bge-m3,EP-4626879-A1_en_q_en,EP-4626879-A1,original,en,en,2,1.0
BAAI/bge-m3,bge-m3,EP-4626874-A1_en_q_zh,EP-4626874-A1,synthetic,zh,en,1,1.0
BAAI/bge-m3,bge-m3,MX-2025008798-A_en_q_fr,MX-2025008798-A,synthetic,fr,en,1,0.0
BAAI/bge-m3,bge-m3,MX-2025005939-A_es_q_es,MX-2025005939-A,original,es,es,2,0.5
BAAI/bge-m3,bge-m3,WO-2025204745-A1_en_q_zh,WO-2025204745-A1,synthetic,zh,en,1,0.0
BAAI/bge-m3,bge-m3,WO-2025217208-A1_en_q_en,WO-2025217208-A1,original,en,en,2,1.0
BAAI/bge-m3,bge-m3,WO-2025205163-A1_en_q_en,WO-2025205163-A1,original,en,en,1,0.0
BAAI/bge-m3,bge-m3,WO-2025186172-A8_fr_q_fr,WO-2025186172-A8,original,fr,fr,3,0.6666666666666666
BAAI/bge-m3,bge-m3,WO-2025188156-A8_en_q_de,WO-2025188156-A8,synthetic,de,en,1,1.0
BAAI/bge-m3,bge-m3,MX-2025009759-A_en_q_fr,MX-2025009759-A,synthetic,fr,en,2,1.0
BAAI/bge-m3,bge-m3,WO-2025189017-A8_en_q_de,WO-2025189017-A8,synthetic,de,en,2,1.0
BAAI/bge-m3,bge-m3,CR-20250096-A_en_q_zh,CR-20250096-A,synthetic,zh,en,1,1.0
BAAI/bge-m3,bge-m3,WO-2025169953-A1_en_q_de,WO-2025169953-A1,synthetic,de,en,2,0.0
BAAI/bge-m3,bge-m3,MX-2025006319-A_en_q_de,MX-2025006319-A,synthetic,de,en,1,0.0
BAAI/bge-m3,bge-m3,MX-2025004974-A_en_q_fr,MX-2025004974-A,synthetic,fr,en,1,1.0
BAAI/bge-m3,bge-m3,WO-2025170405-A1_en_q_de,WO-2025170405-A1,synthetic,de,en,2,0.5
BAAI/bge-m3,bge-m3,WO-2025208198-A1_en_q_zh,WO-2025208198-A1,synthetic,zh,en,1,1.0
BAAI/bge-m3,bge-m3,WO-2025054647-A1_en_q_es,WO-2025054647-A1,synthetic,es,en,2,1.0
BAAI/bge-m3,bge-m3,WO-2025210166-A1_en_q_de,WO-2025210166-A1,synthetic,de,en,2,0.5
BAAI/bge-m3,bge-m3,WO-2025211178-A1_en_q_es,WO-2025211178-A1,synthetic,es,en,2,1.0
BAAI/bge-m3,bge-m3,MX-2025004012-A_en_q_zh,MX-2025004012-A,synthetic,zh,en,1,1.0
BAAI/bge-m3,bge-m3,WO-2025206949-A1_en_q_es,WO-2025206949-A1,synthetic,es,en,1,0.0
BAAI/bge-m3,bge-m3,MX-2025007614-A_en_q_zh,MX-2025007614-A,synthetic,zh,en,1,1.0
BAAI/bge-m3,bge-m3,WO-2025146513-A1_en_q_de,WO-2025146513-A1,synthetic,de,en,2,1.0
BAAI/bge-m3,bge-m3,WO-2025211949-A1_en_q_es,WO-2025211949-A1,synthetic,es,en,2,0.5
BAAI/bge-m3,bge-m3,EP-4626831-A1_en_q_zh,EP-4626831-A1,synthetic,zh,en,1,1.0
BAAI/bge-m3,bge-m3,WO-2025186644-A8_en_q_de,WO-2025186644-A8,synthetic,de,en,2,1.0
BAAI/bge-m3,bge-m3,WO-2025192587-A1_en_q_de,WO-2025192587-A1,synthetic,de,en,1,0.0
BAAI/bge-m3,bge-m3,EP-4633779-A1_en_q_es,EP-4633779-A1,synthetic,es,en,1,1.0
BAAI/bge-m3,bge-m3,WO-2022098263-A1_en_q_es,WO-2022098263-A1,synthetic,es,en,2,0.0
BAAI/bge-m3,bge-m3,WO-2025215251-A1_en_q_es,WO-2025215251-A1,synthetic,es,en,2,1.0
BAAI/bge-m3,bge-m3,EP-4493405-A1_en_q_zh,EP-4493405-A1,synthetic,zh,en,2,0.0
BAAI/bge-m3,bge-m3,WO-2025103555-A1_en_q_zh,WO-2025103555-A1,synthetic,zh,en,2,1.0
BAAI/bge-m3,bge-m3,EP-4626386-A1_en_q_de,EP-4626386-A1,synthetic,de,en,1,0.0
BAAI/bge-m3,bge-m3,MX-2025010613-A_en_q_de,MX-2025010613-A,synthetic,de,en,2,0.5
BAAI/bge-m3,bge-m3,EP-4626547-A1_en_q_de,EP-4626547-A1,synthetic,de,en,1,1.0
BAAI/bge-m3,bge-m3,EP-4626593-A1_en_q_de,EP-4626593-A1,synthetic,de,en,2,0.5
BAAI/bge-m3,bge-m3,WO-2025207414-A1_en_q_es,WO-2025207414-A1,synthetic,es,en,2,0.5
BAAI/bge-m3,bge-m3,MX-2025005049-A_en_q_zh,MX-2025005049-A,synthetic,zh,en,1,0.0
BAAI/bge-m3,bge-m3,WO-2024246082-A3_en_q_es,WO-2024246082-A3,synthetic,es,en,2,1.0
BAAI/bge-m3,bge-m3,WO-2025180718-A1_en_q_es,WO-2025180718-A1,synthetic,es,en,2,1.0
BAAI/bge-m3,bge-m3,MX-2025006336-A_en_q_de,MX-2025006336-A,synthetic,de,en,2,0.5
BAAI/bge-m3,bge-m3,WO-2025202347-A1_en_q_de,WO-2025202347-A1,synthetic,de,en,2,1.0
BAAI/bge-m3,bge-m3,MX-2025010373-A_en_q_zh,MX-2025010373-A,synthetic,zh,en,1,0.0
BAAI/bge-m3,bge-m3,WO-2025200075-A1_en_q_zh,WO-2025200075-A1,synthetic,zh,en,1,1.0
BAAI/bge-m3,bge-m3,WO-2025189151-A8_en_q_de,WO-2025189151-A8,synthetic,de,en,2,1.0
BAAI/bge-m3,bge-m3,MX-2025007174-A_en_q_de,MX-2025007174-A,synthetic,de,en,1,1.0
BAAI/bge-m3,bge-m3,MX-2025010619-A_en_q_de,MX-2025010619-A,synthetic,de,en,2,0.5
BAAI/bge-m3,bge-m3,EP-4532651-A1_en_q_es,EP-4532651-A1,synthetic,es,en,2,0.0
BAAI/bge-m3,bge-m3,WO-2025173342-A1_en_q_es,WO-2025173342-A1,synthetic,es,en,2,1.0
BAAI/bge-m3,bge-m3,WO-2024019637-A1_en_q_de,WO-2024019637-A1,synthetic,de,en,2,0.5
BAAI/bge-m3,bge-m3,MX-2025008968-A_en_q_zh,MX-2025008968-A,synthetic,zh,en,1,1.0
BAAI/bge-m3,bge-m3,WO-2025202625-A1_en_q_de,WO-2025202625-A1,synthetic,de,en,1,0.0
BAAI/bge-m3,bge-m3,WO-2025187661-A8_en_q_es,WO-2025187661-A8,synthetic,es,en,1,1.0
BAAI/bge-m3,bge-m3,WO-2025101062-A1_en_q_zh,WO-2025101062-A1,synthetic,zh,en,2,1.0
BAAI/bge-m3,bge-m3,WO-2025150711-A1_en_q_de,WO-2025150711-A1,synthetic,de,en,1,1.0
BAAI/bge-m3,bge-m3,WO-2025207828-A1_en_q_zh,WO-2025207828-A1,synthetic,zh,en,1,0.0
BAAI/bge-m3,bge-m3,WO-2025203197-A1_en_q_zh,WO-2025203197-A1,synthetic,zh,en,1,0.0
BAAI/bge-m3,bge-m3,EP-4634141-A2_en_q_en,EP-4634141-A2,original,en,en,1,1.0
BAAI/bge-m3,bge-m3,EP-4633971-A1_fr_q_fr,EP-4633971-A1,original,fr,fr,1,0.0
BAAI/bge-m3,bge-m3,WO-2025197272-A1_en_q_en,WO-2025197272-A1,original,en,en,1,0.0
BAAI/bge-m3,bge-m3,WO-2025189168-A8_fr_q_fr,WO-2025189168-A8,original,fr,fr,2,1.0
BAAI/bge-m3,bge-m3,MX-2025008124-A_es_q_es,MX-2025008124-A,original,es,es,1,0.0
BAAI/bge-m3,bge-m3,MX-2025007669-A_en_q_en,MX-2025007669-A,original,en,en,2,0.0
BAAI/bge-m3,bge-m3,WO-2025195675-A1_en_q_en,WO-2025195675-A1,original,en,en,3,0.0
BAAI/bge-m3,bge-m3,WO-2022005333-A1_en_q_en,WO-2022005333-A1,original,en,en,1,0.0
BAAI/bge-m3,bge-m3,MX-2025005748-A_es_q_es,MX-2025005748-A,original,es,es,1,1.0
BAAI/bge-m3,bge-m3,MX-2025002923-A_es_q_es,MX-2025002923-A,original,es,es,2,1.0
BAAI/bge-m3,bge-m3,MX-2025010611-A_es_q_es,MX-2025010611-A,original,es,es,2,0.0
BAAI/bge-m3,bge-m3,WO-2025217553-A1_fr_q_fr,WO-2025217553-A1,original,fr,fr,2,0.0
BAAI/bge-m3,bge-m3,WO-2025186530-A8_en_q_en,WO-2025186530-A8,original,en,en,1,1.0
BAAI/bge-m3,bge-m3,EP-4627050-A1_fr_q_fr,EP-4627050-A1,original,fr,fr,2,1.0
BAAI/bge-m3,bge-m3,MX-2025008249-A_en_q_en,MX-2025008249-A,original,en,en,1,1.0
BAAI/bge-m3,bge-m3,WO-2025184858-A8_fr_q_fr,WO-2025184858-A8,original,fr,fr,1,1.0
BAAI/bge-m3,bge-m3,MX-2025004649-A_es_q_es,MX-2025004649-A,original,es,es,1,1.0
BAAI/bge-m3,bge-m3,ES-1320636-U_en_q_en,ES-1320636-U,original,en,en,1,0.0
BAAI/bge-m3,bge-m3,MX-2025006800-A_en_q_en,MX-2025006800-A,original,en,en,1,1.0
BAAI/bge-m3,bge-m3,EP-4626866-A1_en_q_en,EP-4626866-A1,original,en,en,2,1.0
BAAI/bge-m3,bge-m3,MX-2025006721-A_en_q_en,MX-2025006721-A,original,en,en,1,0.0
BAAI/bge-m3,bge-m3,WO-2024073831-A1_en_q_en,WO-2024073831-A1,original,en,en,2,0.5
BAAI/bge-m3,bge-m3,WO-2025200966-A1_fr_q_fr,WO-2025200966-A1,original,fr,fr,1,1.0
BAAI/bge-m3,bge-m3,MX-2025005215-A_es_q_es,MX-2025005215-A,original,es,es,1,1.0
BAAI/bge-m3,bge-m3,WO-2025080163-A1_fr_q_fr,WO-2025080163-A1,original,fr,fr,2,0.0
BAAI/bge-m3,bge-m3,WO-2025200089-A1_en_q_en,WO-2025200089-A1,original,en,en,2,0.5
BAAI/bge-m3,bge-m3,WO-2025073021-A1_en_q_en,WO-2025073021-A1,original,en,en,2,0.5
BAAI/bge-m3,bge-m3,WO-2025186263-A8_fr_q_fr,WO-2025186263-A8,original,fr,fr,1,1.0
BAAI/bge-m3,bge-m3,WO-2025211336-A1_en_q_en,WO-2025211336-A1,original,en,en,1,0.0
BAAI/bge-m3,bge-m3,WO-2025078189-A1_en_q_en,WO-2025078189-A1,original,en,en,3,0.0
BAAI/bge-m3,bge-m3,ES-3033921-A1_en_q_en,ES-3033921-A1,original,en,en,1,1.0
BAAI/bge-m3,bge-m3,WO-2025154762-A1_fr_q_fr,WO-2025154762-A1,original,fr,fr,2,0.5
BAAI/bge-m3,bge-m3,EP-4634323-A1_en_q_en,EP-4634323-A1,original,en,en,2,0.0
BAAI/bge-m3,bge-m3,WO-2025189143-A8_en_q_en,WO-2025189143-A8,original,en,en,1,1.0
BAAI/bge-m3,bge-m3,MX-2025009632-A_en_q_en,MX-2025009632-A,original,en,en,2,1.0
BAAI/bge-m3,bge-m3,EP-4626395-A1_fr_q_fr,EP-4626395-A1,original,fr,fr,1,1.0
BAAI/bge-m3,bge-m3,WO-2025203678-A1_fr_q_fr,WO-2025203678-A1,original,fr,fr,2,0.5
BAAI/bge-m3,bge-m3,WO-2025187095-A8_fr_q_fr,WO-2025187095-A8,original,fr,fr,1,1.0
BAAI/bge-m3,bge-m3,EP-4626938-A1_en_q_en,EP-4626938-A1,original,en,en,2,0.5
BAAI/bge-m3,bge-m3,MX-2025006010-A_en_q_en,MX-2025006010-A,original,en,en,1,0.0
BAAI/bge-m3,bge-m3,WO-2025215647-A1_fr_q_fr,WO-2025215647-A1,original,fr,fr,2,1.0
BAAI/bge-m3,bge-m3,WO-2025207093-A1_fr_q_fr,WO-2025207093-A1,original,fr,fr,1,1.0
BAAI/bge-m3,bge-m3,MX-2025004470-A_en_q_en,MX-2025004470-A,original,en,en,1,1.0
BAAI/bge-m3,bge-m3,EP-4626949-A1_fr_q_fr,EP-4626949-A1,original,fr,fr,1,1.0
BAAI/bge-m3,bge-m3,WO-2025206197-A1_fr_q_fr,WO-2025206197-A1,original,fr,fr,2,0.0
BAAI/bge-m3,bge-m3,WO-2022246526-A8_fr_q_fr,WO-2022246526-A8,original,fr,fr,1,1.0
BAAI/bge-m3,bge-m3,MX-2025006489-A_es_q_es,MX-2025006489-A,original,es,es,2,0.0
BAAI/bge-m3,bge-m3,WO-2021255541-A1_en_q_en,WO-2021255541-A1,original,en,en,2,0.0
BAAI/bge-m3,bge-m3,WO-2021255541-A1_en_q_de,WO-2021255541-A1,synthetic,de,en,2,0.0
BAAI/bge-m3,bge-m3,WO-2021255541-A1_fr_q_fr,WO-2021255541-A1,original,fr,fr,2,1.0
BAAI/bge-m3,bge-m3,WO-2021255541-A1_en_q_es,WO-2021255541-A1,synthetic,es,en,2,0.0
BAAI/bge-m3,bge-m3,WO-2021255541-A1_zh_q_zh,WO-2021255541-A1,original,zh,zh,2,0.5
BAAI/bge-m3,bge-m3,EP-4634663-A1_en_q_en,EP-4634663-A1,original,en,en,1,0.0
BAAI/bge-m3,bge-m3,EP-4634663-A1_en_q_de,EP-4634663-A1,synthetic,de,en,1,1.0
BAAI/bge-m3,bge-m3,EP-4634663-A1_fr_q_fr,EP-4634663-A1,original,fr,fr,1,1.0
BAAI/bge-m3,bge-m3,EP-4634663-A1_en_q_es,EP-4634663-A1,synthetic,es,en,1,1.0
BAAI/bge-m3,bge-m3,EP-4634663-A1_en_q_zh,EP-4634663-A1,synthetic,zh,en,1,1.0
BAAI/bge-m3,bge-m3,MX-2025005046-A_en_q_en,MX-2025005046-A,original,en,en,1,0.0
BAAI/bge-m3,bge-m3,MX-2025005046-A_en_q_de,MX-2025005046-A,synthetic,de,en,1,0.0
BAAI/bge-m3,bge-m3,MX-2025005046-A_en_q_fr,MX-2025005046-A,synthetic,fr,en,1,0.0
BAAI/bge-m3,bge-m3,MX-2025005046-A_es_q_es,MX-2025005046-A,original,es,es,1,0.0
BAAI/bge-m3,bge-m3,MX-2025005046-A_en_q_zh,MX-2025005046-A,synthetic,zh,en,1,1.0
BAAI/bge-m3,bge-m3,MX-2025007733-A_en_q_en,MX-2025007733-A,original,en,en,2,0.0
BAAI/bge-m3,bge-m3,MX-2025007733-A_en_q_de,MX-2025007733-A,synthetic,de,en,2,0.5
BAAI/bge-m3,bge-m3,MX-2025007733-A_en_q_fr,MX-2025007733-A,synthetic,fr,en,2,0.0
BAAI/bge-m3,bge-m3,MX-2025007733-A_es_q_es,MX-2025007733-A,original,es,es,2,0.0
BAAI/bge-m3,bge-m3,MX-2025007733-A_zh_q_zh,MX-2025007733-A,original,zh,zh,2,0.0
BAAI/bge-m3,bge-m3,MX-2025008227-A_en_q_en,MX-2025008227-A,original,en,en,1,1.0
BAAI/bge-m3,bge-m3,MX-2025008227-A_en_q_de,MX-2025008227-A,synthetic,de,en,1,1.0
BAAI/bge-m3,bge-m3,MX-2025008227-A_en_q_fr,MX-2025008227-A,synthetic,fr,en,1,1.0
BAAI/bge-m3,bge-m3,MX-2025008227-A_es_q_es,MX-2025008227-A,original,es,es,1,0.0
BAAI/bge-m3,bge-m3,MX-2025008227-A_en_q_zh,MX-2025008227-A,synthetic,zh,en,1,0.0
BAAI/bge-m3,bge-m3,WO-2025186592-A8_en_q_en,WO-2025186592-A8,original,en,en,1,1.0
BAAI/bge-m3,bge-m3,WO-2025186592-A8_en_q_de,WO-2025186592-A8,synthetic,de,en,1,1.0
BAAI/bge-m3,bge-m3,WO-2025186592-A8_fr_q_fr,WO-2025186592-A8,original,fr,fr,1,1.0
BAAI/bge-m3,bge-m3,WO-2025186592-A8_en_q_es,WO-2025186592-A8,synthetic,es,en,1,1.0
BAAI/bge-m3,bge-m3,WO-2025186592-A8_en_q_zh,WO-2025186592-A8,synthetic,zh,en,1,1.0
BAAI/bge-m3,bge-m3,MX-2025005709-A_en_q_en,MX-2025005709-A,original,en,en,1,0.0
BAAI/bge-m3,bge-m3,MX-2025005709-A_en_q_de,MX-2025005709-A,synthetic,de,en,1,0.0
BAAI/bge-m3,bge-m3,MX-2025005709-A_en_q_fr,MX-2025005709-A,synthetic,fr,en,1,1.0
BAAI/bge-m3,bge-m3,MX-2025005709-A_es_q_es,MX-2025005709-A,original,es,es,1,0.0
BAAI/bge-m3,bge-m3,MX-2025005709-A_en_q_zh,MX-2025005709-A,synthetic,zh,en,1,0.0
BAAI/bge-m3,bge-m3,MX-2025009739-A_en_q_en,MX-2025009739-A,original,en,en,2,0.0
BAAI/bge-m3,bge-m3,MX-2025009739-A_en_q_de,MX-2025009739-A,synthetic,de,en,2,0.0
BAAI/bge-m3,bge-m3,MX-2025009739-A_en_q_fr,MX-2025009739-A,synthetic,fr,en,2,0.0
BAAI/bge-m3,bge-m3,MX-2025009739-A_es_q_es,MX-2025009739-A,original,es,es,2,0.0
BAAI/bge-m3,bge-m3,MX-2025009739-A_zh_q_zh,MX-2025009739-A,original,zh,zh,2,0.0
BAAI/bge-m3,bge-m3,MX-2025008260-A_en_q_en,MX-2025008260-A,original,en,en,2,1.0
BAAI/bge-m3,bge-m3,MX-2025008260-A_en_q_de,MX-2025008260-A,synthetic,de,en,2,0.0
BAAI/bge-m3,bge-m3,MX-2025008260-A_en_q_fr,MX-2025008260-A,synthetic,fr,en,2,0.0
BAAI/bge-m3,bge-m3,MX-2025008260-A_es_q_es,MX-2025008260-A,original,es,es,2,0.0
BAAI/bge-m3,bge-m3,MX-2025008260-A_zh_q_zh,MX-2025008260-A,original,zh,zh,2,0.5
BAAI/bge-m3,bge-m3,WO-2025216711-A1_en_q_en,WO-2025216711-A1,original,en,en,2,1.0
BAAI/bge-m3,bge-m3,WO-2025216711-A1_en_q_de,WO-2025216711-A1,synthetic,de,en,2,1.0
BAAI/bge-m3,bge-m3,WO-2025216711-A1_fr_q_fr,WO-2025216711-A1,original,fr,fr,2,1.0
BAAI/bge-m3,bge-m3,WO-2025216711-A1_en_q_es,WO-2025216711-A1,synthetic,es,en,2,1.0
BAAI/bge-m3,bge-m3,WO-2025216711-A1_zh_q_zh,WO-2025216711-A1,original,zh,zh,2,1.0
Qwen/Qwen3-Embedding-0.6B,qwen3-0.6B,EP-4633662-A1_en_q_en,EP-4633662-A1,original,en,en,1,0.0
Qwen/Qwen3-Embedding-0.6B,qwen3-0.6B,EP-4630509-A1_fr_q_fr,EP-4630509-A1,original,fr,fr,2,0.0
Qwen/Qwen3-Embedding-0.6B,qwen3-0.6B,EP-4634248-A1_en_q_es,EP-4634248-A1,synthetic,es,en,1,0.0
Qwen/Qwen3-Embedding-0.6B,qwen3-0.6B,EP-4634187-A1_en_q_es,EP-4634187-A1,synthetic,es,en,1,1.0
Qwen/Qwen3-Embedding-0.6B,qwen3-0.6B,EP-4634142-A1_fr_q_fr,EP-4634142-A1,original,fr,fr,2,0.0
Qwen/Qwen3-Embedding-0.6B,qwen3-0.6B,EP-4633768-A2_en_q_es,EP-4633768-A2,synthetic,es,en,1,0.0
Qwen/Qwen3-Embedding-0.6B,qwen3-0.6B,EP-4633645-A1_fr_q_fr,EP-4633645-A1,original,fr,fr,1,0.0
Qwen/Qwen3-Embedding-0.6B,qwen3-0.6B,EP-4633622-A2_en_q_de,EP-4633622-A2,synthetic,de,en,1,1.0
Qwen/Qwen3-Embedding-0.6B,qwen3-0.6B,EP-4634601-A1_en_q_en,EP-4634601-A1,original,en,en,1,0.0
Qwen/Qwen3-Embedding-0.6B,qwen3-0.6B,EP-4630626-A1_de_q_de,EP-4630626-A1,original,de,de,2,1.0
Qwen/Qwen3-Embedding-0.6B,qwen3-0.6B,EP-4630600-A1_de_q_en,EP-4630600-A1,synthetic,en,de,2,0.0
Qwen/Qwen3-Embedding-0.6B,qwen3-0.6B,EP-4633632-A1_en_q_es,EP-4633632-A1,synthetic,es,en,2,0.0
Qwen/Qwen3-Embedding-0.6B,qwen3-0.6B,EP-4634136-A1_en_q_es,EP-4634136-A1,synthetic,es,en,1,0.0
Qwen/Qwen3-Embedding-0.6B,qwen3-0.6B,EP-4634157-A1_en_q_de,EP-4634157-A1,synthetic,de,en,1,0.0
Qwen/Qwen3-Embedding-0.6B,qwen3-0.6B,EP-4630574-A1_de_q_en,EP-4630574-A1,synthetic,en,de,2,0.0
Qwen/Qwen3-Embedding-0.6B,qwen3-0.6B,EP-4634111-A1_en_q_de,EP-4634111-A1,synthetic,de,en,1,0.0
Qwen/Qwen3-Embedding-0.6B,qwen3-0.6B,EP-4634596-A1_en_q_es,EP-4634596-A1,synthetic,es,en,1,0.0
Qwen/Qwen3-Embedding-0.6B,qwen3-0.6B,EP-4634139-A1_en_q_es,EP-4634139-A1,synthetic,es,en,1,1.0
Qwen/Qwen3-Embedding-0.6B,qwen3-0.6B,WO-2025153617-A3_de_q_en,WO-2025153617-A3,synthetic,en,de,2,0.0
Qwen/Qwen3-Embedding-0.6B,qwen3-0.6B,EP-4634251-A1_en_q_es,EP-4634251-A1,synthetic,es,en,2,0.0
Qwen/Qwen3-Embedding-0.6B,qwen3-0.6B,EP-4634426-A1_en_q_es,EP-4634426-A1,synthetic,es,en,2,0.5
Qwen/Qwen3-Embedding-0.6B,qwen3-0.6B,EP-4634729-A1_en_q_de,EP-4634729-A1,synthetic,de,en,1,1.0
Qwen/Qwen3-Embedding-0.6B,qwen3-0.6B,EP-4626569-A1_de_q_en,EP-4626569-A1,synthetic,en,de,2,0.5
Qwen/Qwen3-Embedding-0.6B,qwen3-0.6B,EP-4634394-A2_en_q_es,EP-4634394-A2,synthetic,es,en,1,1.0
Qwen/Qwen3-Embedding-0.6B,qwen3-0.6B,EP-4634424-A1_en_q_es,EP-4634424-A1,synthetic,es,en,1,0.0
Qwen/Qwen3-Embedding-0.6B,qwen3-0.6B,EP-4633602-A1_en_q_de,EP-4633602-A1,synthetic,de,en,1,0.0
Qwen/Qwen3-Embedding-0.6B,qwen3-0.6B,EP-4634337-A1_en_q_en,EP-4634337-A1,original,en,en,2,0.0
Qwen/Qwen3-Embedding-0.6B,qwen3-0.6B,EP-4634128-A1_en_q_en,EP-4634128-A1,original,en,en,1,0.0
Qwen/Qwen3-Embedding-0.6B,qwen3-0.6B,EP-4633896-A1_en_q_en,EP-4633896-A1,original,en,en,1,0.0
Qwen/Qwen3-Embedding-0.6B,qwen3-0.6B,WO-2025215091-A1_fr_q_fr,WO-2025215091-A1,original,fr,fr,2,0.0
Qwen/Qwen3-Embedding-0.6B,qwen3-0.6B,EP-4633599-A1_fr_q_fr,EP-4633599-A1,original,fr,fr,1,0.0
Qwen/Qwen3-Embedding-0.6B,qwen3-0.6B,EP-4633656-A1_fr_q_fr,EP-4633656-A1,original,fr,fr,1,0.0
Qwen/Qwen3-Embedding-0.6B,qwen3-0.6B,WO-2025208167-A1_de_q_de,WO-2025208167-A1,original,de,de,2,0.0
Qwen/Qwen3-Embedding-0.6B,qwen3-0.6B,EP-4634396-A1_fr_q_fr,EP-4634396-A1,original,fr,fr,1,1.0
Qwen/Qwen3-Embedding-0.6B,qwen3-0.6B,EP-4633893-A1_fr_q_fr,EP-4633893-A1,original,fr,fr,1,0.0
Qwen/Qwen3-Embedding-0.6B,qwen3-0.6B,EP-4633462-A1_en_q_en,EP-4633462-A1,original,en,en,2,1.0
Qwen/Qwen3-Embedding-0.6B,qwen3-0.6B,EP-4633386-A1_en_q_en,EP-4633386-A1,original,en,en,1,0.0
Qwen/Qwen3-Embedding-0.6B,qwen3-0.6B,EP-4633970-A1_fr_q_fr,EP-4633970-A1,original,fr,fr,1,0.0
Qwen/Qwen3-Embedding-0.6B,qwen3-0.6B,EP-4633415-A1_en_q_en,EP-4633415-A1,original,en,en,1,1.0
Qwen/Qwen3-Embedding-0.6B,qwen3-0.6B,EP-4633415-A1_en_q_de,EP-4633415-A1,synthetic,de,en,1,1.0
Qwen/Qwen3-Embedding-0.6B,qwen3-0.6B,EP-4633415-A1_fr_q_fr,EP-4633415-A1,original,fr,fr,1,0.0
Qwen/Qwen3-Embedding-0.6B,qwen3-0.6B,EP-4633415-A1_en_q_es,EP-4633415-A1,synthetic,es,en,1,1.0
Qwen/Qwen3-Embedding-0.6B,qwen3-0.6B,EP-4633950-A1_en_q_en,EP-4633950-A1,original,en,en,1,0.0
Qwen/Qwen3-Embedding-0.6B,qwen3-0.6B,EP-4633950-A1_en_q_de,EP-4633950-A1,synthetic,de,en,1,0.0
Qwen/Qwen3-Embedding-0.6B,qwen3-0.6B,EP-4633950-A1_fr_q_fr,EP-4633950-A1,original,fr,fr,1,0.0
Qwen/Qwen3-Embedding-0.6B,qwen3-0.6B,EP-4633950-A1_en_q_es,EP-4633950-A1,synthetic,es,en,1,0.0
Qwen/Qwen3-Embedding-0.6B,qwen3-0.6B,EP-4634629-A1_en_q_en,EP-4634629-A1,original,en,en,2,0.0
Qwen/Qwen3-Embedding-0.6B,qwen3-0.6B,EP-4634629-A1_de_q_de,EP-4634629-A1,original,de,de,2,0.0
Qwen/Qwen3-Embedding-0.6B,qwen3-0.6B,EP-4634629-A1_fr_q_fr,EP-4634629-A1,original,fr,fr,2,0.0
Qwen/Qwen3-Embedding-0.6B,qwen3-0.6B,EP-4634629-A1_en_q_es,EP-4634629-A1,synthetic,es,en,2,0.0
Qwen/Qwen3-Embedding-0.6B,qwen3-0.6B,EP-4633582-A1_en_q_es,EP-4633582-A1,synthetic,es,en,1,1.0
Qwen/Qwen3-Embedding-0.6B,qwen3-0.6B,EP-4634165-A1_en_q_es,EP-4634165-A1,synthetic,es,en,1,1.0
Qwen/Qwen3-Embedding-0.6B,qwen3-0.6B,EP-4633677-A1_en_q_de,EP-4633677-A1,synthetic,de,en,1,0.0
Qwen/Qwen3-Embedding-0.6B,qwen3-0.6B,EP-4634246-A1_en_q_en,EP-4634246-A1,original,en,en,1,1.0
Qwen/Qwen3-Embedding-0.6B,qwen3-0.6B,EP-4634120-A1_en_q_de,EP-4634120-A1,synthetic,de,en,1,0.0
Qwen/Qwen3-Embedding-0.6B,qwen3-0.6B,EP-4633638-A1_en_q_en,EP-4633638-A1,original,en,en,1,1.0
Qwen/Qwen3-Embedding-0.6B,qwen3-0.6B,EP-4633389-A1_en_q_en,EP-4633389-A1,original,en,en,1,1.0
Qwen/Qwen3-Embedding-0.6B,qwen3-0.6B,WO-2025209629-A1_de_q_es,WO-2025209629-A1,synthetic,es,de,2,1.0
Qwen/Qwen3-Embedding-0.6B,qwen3-0.6B,EP-4634132-A2_en_q_en,EP-4634132-A2,original,en,en,1,1.0
Qwen/Qwen3-Embedding-0.6B,qwen3-0.6B,EP-4634914-A1_en_q_es,EP-4634914-A1,synthetic,es,en,1,1.0
Qwen/Qwen3-Embedding-0.6B,qwen3-0.6B,EP-4634285-A1_en_q_de,EP-4634285-A1,synthetic,de,en,1,1.0
Qwen/Qwen3-Embedding-0.6B,qwen3-0.6B,EP-4634122-A1_fr_q_fr,EP-4634122-A1,original,fr,fr,1,0.0
Qwen/Qwen3-Embedding-0.6B,qwen3-0.6B,EP-4634365-A1_fr_q_fr,EP-4634365-A1,original,fr,fr,1,1.0
Qwen/Qwen3-Embedding-0.6B,qwen3-0.6B,WO-2025214709-A1_de_q_es,WO-2025214709-A1,synthetic,es,de,2,0.0
Qwen/Qwen3-Embedding-0.6B,qwen3-0.6B,EP-4633426-A2_en_q_es,EP-4633426-A2,synthetic,es,en,2,1.0
Qwen/Qwen3-Embedding-0.6B,qwen3-0.6B,EP-4630604-A1_de_q_es,EP-4630604-A1,synthetic,es,de,2,0.5
Qwen/Qwen3-Embedding-0.6B,qwen3-0.6B,EP-4634118-A1_en_q_es,EP-4634118-A1,synthetic,es,en,2,1.0
Qwen/Qwen3-Embedding-0.6B,qwen3-0.6B,EP-4634404-A1_en_q_de,EP-4634404-A1,synthetic,de,en,1,1.0
Qwen/Qwen3-Embedding-0.6B,qwen3-0.6B,EP-4633465-A1_en_q_de,EP-4633465-A1,synthetic,de,en,1,1.0
Qwen/Qwen3-Embedding-0.6B,qwen3-0.6B,EP-4633680-A1_en_q_es,EP-4633680-A1,synthetic,es,en,1,1.0
Qwen/Qwen3-Embedding-0.6B,qwen3-0.6B,WO-2025201606-A1_de_q_es,WO-2025201606-A1,synthetic,es,de,2,1.0
Qwen/Qwen3-Embedding-0.6B,qwen3-0.6B,EP-4634435-A1_en_q_de,EP-4634435-A1,synthetic,de,en,1,1.0
Qwen/Qwen3-Embedding-0.6B,qwen3-0.6B,EP-4634143-A1_en_q_de,EP-4634143-A1,synthetic,de,en,1,1.0
Qwen/Qwen3-Embedding-0.6B,qwen3-0.6B,EP-4634411-A1_en_q_de,EP-4634411-A1,synthetic,de,en,1,0.0
Qwen/Qwen3-Embedding-0.6B,qwen3-0.6B,EP-4634287-A1_en_q_es,EP-4634287-A1,synthetic,es,en,2,0.5
Qwen/Qwen3-Embedding-0.6B,qwen3-0.6B,EP-4633627-A1_en_q_de,EP-4633627-A1,synthetic,de,en,1,1.0
Qwen/Qwen3-Embedding-0.6B,qwen3-0.6B,EP-4633670-A1_fr_q_fr,EP-4633670-A1,original,fr,fr,1,1.0
Qwen/Qwen3-Embedding-0.6B,qwen3-0.6B,WO-2025202163-A1_fr_q_fr,WO-2025202163-A1,original,fr,fr,2,1.0
Qwen/Qwen3-Embedding-0.6B,qwen3-0.6B,WO-2025214852-A1_fr_q_fr,WO-2025214852-A1,original,fr,fr,2,0.0
Qwen/Qwen3-Embedding-0.6B,qwen3-0.6B,WO-2025214996-A1_fr_q_fr,WO-2025214996-A1,original,fr,fr,2,0.0
Qwen/Qwen3-Embedding-0.6B,qwen3-0.6B,EP-4630123-A1_de_q_de,EP-4630123-A1,original,de,de,2,0.5
Qwen/Qwen3-Embedding-0.6B,qwen3-0.6B,EP-4634646-A1_en_q_en,EP-4634646-A1,original,en,en,1,1.0
Qwen/Qwen3-Embedding-0.6B,qwen3-0.6B,EP-4634294-A1_en_q_en,EP-4634294-A1,original,en,en,1,1.0
Qwen/Qwen3-Embedding-0.6B,qwen3-0.6B,EP-4634436-A1_fr_q_fr,EP-4634436-A1,original,fr,fr,1,0.0
Qwen/Qwen3-Embedding-0.6B,qwen3-0.6B,EP-4633761-A1_en_q_en,EP-4633761-A1,original,en,en,1,0.0
Qwen/Qwen3-Embedding-0.6B,qwen3-0.6B,WO-2025215167-A1_de_q_de,WO-2025215167-A1,original,de,de,2,1.0
Qwen/Qwen3-Embedding-0.6B,qwen3-0.6B,EP-4626962-A1_de_q_en,EP-4626962-A1,synthetic,en,de,2,1.0
Qwen/Qwen3-Embedding-0.6B,qwen3-0.6B,EP-4626962-A1_de_q_de,EP-4626962-A1,original,de,de,2,0.5
Qwen/Qwen3-Embedding-0.6B,qwen3-0.6B,EP-4626962-A1_fr_q_fr,EP-4626962-A1,original,fr,fr,2,0.0
Qwen/Qwen3-Embedding-0.6B,qwen3-0.6B,EP-4626962-A1_de_q_es,EP-4626962-A1,synthetic,es,de,2,0.5
Qwen/Qwen3-Embedding-0.6B,qwen3-0.6B,WO-2025201936-A1_de_q_en,WO-2025201936-A1,synthetic,en,de,2,0.0
Qwen/Qwen3-Embedding-0.6B,qwen3-0.6B,WO-2025201936-A1_fr_q_fr,WO-2025201936-A1,original,fr,fr,2,0.0
Qwen/Qwen3-Embedding-0.6B,qwen3-0.6B,WO-2025201936-A1_de_q_es,WO-2025201936-A1,synthetic,es,de,2,0.0
Qwen/Qwen3-Embedding-0.6B,qwen3-0.6B,EP-4634597-A1_en_q_en,EP-4634597-A1,original,en,en,1,0.0
Qwen/Qwen3-Embedding-0.6B,qwen3-0.6B,EP-4634597-A1_en_q_de,EP-4634597-A1,synthetic,de,en,1,1.0
Qwen/Qwen3-Embedding-0.6B,qwen3-0.6B,EP-4634597-A1_fr_q_fr,EP-4634597-A1,original,fr,fr,1,0.0
Qwen/Qwen3-Embedding-0.6B,qwen3-0.6B,EP-4634597-A1_en_q_es,EP-4634597-A1,synthetic,es,en,1,0.0
Qwen/Qwen3-Embedding-0.6B,qwen3-0.6B,EP-4634381-A1_en_q_zh,EP-4634381-A1,synthetic,zh,en,1,0.0
Qwen/Qwen3-Embedding-0.6B,qwen3-0.6B,EP-4633589-A1_en_q_zh,EP-4633589-A1,synthetic,zh,en,1,0.0
Qwen/Qwen3-Embedding-0.6B,qwen3-0.6B,EP-4627024-A1_de_q_zh,EP-4627024-A1,synthetic,zh,de,2,0.0
Qwen/Qwen3-Embedding-0.6B,qwen3-0.6B,EP-4634926-A1_en_q_zh,EP-4634926-A1,synthetic,zh,en,1,0.0
Qwen/Qwen3-Embedding-0.6B,qwen3-0.6B,EP-4633863-A2_en_q_zh,EP-4633863-A2,synthetic,zh,en,2,0.0
Qwen/Qwen3-Embedding-0.6B,qwen3-0.6B,EP-4633797-A1_en_q_zh,EP-4633797-A1,synthetic,zh,en,1,1.0
Qwen/Qwen3-Embedding-0.6B,qwen3-0.6B,EP-4633777-A1_en_q_zh,EP-4633777-A1,synthetic,zh,en,1,1.0
Qwen/Qwen3-Embedding-0.6B,qwen3-0.6B,EP-4633621-A1_en_q_zh,EP-4633621-A1,synthetic,zh,en,1,1.0
Qwen/Qwen3-Embedding-0.6B,qwen3-0.6B,EP-4634723-A1_en_q_zh,EP-4634723-A1,synthetic,zh,en,1,0.0
Qwen/Qwen3-Embedding-0.6B,qwen3-0.6B,EP-4633581-A1_en_q_zh,EP-4633581-A1,synthetic,zh,en,1,0.0
Qwen/Qwen3-Embedding-0.6B,qwen3-0.6B,EP-4634416-A1_en_q_zh,EP-4634416-A1,synthetic,zh,en,1,1.0
Qwen/Qwen3-Embedding-0.6B,qwen3-0.6B,EP-4634305-A1_en_q_zh,EP-4634305-A1,synthetic,zh,en,1,1.0
Qwen/Qwen3-Embedding-0.6B,qwen3-0.6B,EP-4633531-A1_en_q_zh,EP-4633531-A1,synthetic,zh,en,1,1.0
Qwen/Qwen3-Embedding-0.6B,qwen3-0.6B,EP-4634333-A1_en_q_zh,EP-4634333-A1,synthetic,zh,en,1,0.0
Qwen/Qwen3-Embedding-0.6B,qwen3-0.6B,EP-4634212-A1_en_q_zh,EP-4634212-A1,synthetic,zh,en,1,1.0
Qwen/Qwen3-Embedding-0.6B,qwen3-0.6B,EP-4629959-A1_de_q_zh,EP-4629959-A1,synthetic,zh,de,2,0.0
Qwen/Qwen3-Embedding-0.6B,qwen3-0.6B,EP-4627881-A1_de_q_zh,EP-4627881-A1,synthetic,zh,de,2,1.0
Qwen/Qwen3-Embedding-0.6B,qwen3-0.6B,EP-4633576-A1_en_q_zh,EP-4633576-A1,synthetic,zh,en,1,0.0
Qwen/Qwen3-Embedding-0.6B,qwen3-0.6B,EP-4633742-A2_en_q_zh,EP-4633742-A2,synthetic,zh,en,1,0.0
Qwen/Qwen3-Embedding-0.6B,qwen3-0.6B,EP-4633791-A1_en_q_zh,EP-4633791-A1,synthetic,zh,en,1,1.0
Qwen/Qwen3-Embedding-0.6B,qwen3-0.6B,EP-4630574-A1_fr_q_fr,EP-4630574-A1,original,fr,fr,2,0.0
Qwen/Qwen3-Embedding-0.6B,qwen3-0.6B,EP-4634111-A1_fr_q_fr,EP-4634111-A1,original,fr,fr,1,0.0
Qwen/Qwen3-Embedding-0.6B,qwen3-0.6B,EP-4633622-A2_en_q_es,EP-4633622-A2,synthetic,es,en,1,1.0
Qwen/Qwen3-Embedding-0.6B,qwen3-0.6B,EP-4634187-A1_en_q_es_120,EP-4634187-A1,synthetic,es,en,1,0.0
Qwen/Qwen3-Embedding-0.6B,qwen3-0.6B,EP-4634139-A1_fr_q_fr,EP-4634139-A1,original,fr,fr,1,1.0
Qwen/Qwen3-Embedding-0.6B,qwen3-0.6B,EP-4634136-A1_en_q_en,EP-4634136-A1,original,en,en,1,0.0
Qwen/Qwen3-Embedding-0.6B,qwen3-0.6B,EP-4634136-A1_en_q_de,EP-4634136-A1,synthetic,de,en,1,0.0
Qwen/Qwen3-Embedding-0.6B,qwen3-0.6B,EP-4634136-A1_fr_q_fr,EP-4634136-A1,original,fr,fr,1,0.0
Qwen/Qwen3-Embedding-0.6B,qwen3-0.6B,EP-4634136-A1_en_q_es_125,EP-4634136-A1,synthetic,es,en,1,0.0
Qwen/Qwen3-Embedding-0.6B,qwen3-0.6B,q_126_zh,EP-4634136-A1,original,zh,,2,0.0
Qwen/Qwen3-Embedding-0.6B,qwen3-0.6B,EP-4634248-A1_en_q_en,EP-4634248-A1,original,en,en,1,1.0
Qwen/Qwen3-Embedding-0.6B,qwen3-0.6B,EP-4634142-A1_en_q_es,EP-4634142-A1,synthetic,es,en,2,0.5
Qwen/Qwen3-Embedding-0.6B,qwen3-0.6B,WO-2025214812-A1_de_q_es,WO-2025214812-A1,synthetic,es,de,2,1.0
Qwen/Qwen3-Embedding-0.6B,qwen3-0.6B,EP-4633662-A1_en_q_de,EP-4633662-A1,synthetic,de,en,1,0.0
Qwen/Qwen3-Embedding-0.6B,qwen3-0.6B,WO-2025153617-A3_de_q_de,WO-2025153617-A3,original,de,de,2,1.0
Qwen/Qwen3-Embedding-0.6B,qwen3-0.6B,EP-4634596-A1_en_q_en,EP-4634596-A1,original,en,en,1,1.0
Qwen/Qwen3-Embedding-0.6B,qwen3-0.6B,EP-4634596-A1_en_q_de,EP-4634596-A1,synthetic,de,en,1,1.0
Qwen/Qwen3-Embedding-0.6B,qwen3-0.6B,EP-4634596-A1_fr_q_fr,EP-4634596-A1,original,fr,fr,1,0.0
Qwen/Qwen3-Embedding-0.6B,qwen3-0.6B,EP-4634596-A1_en_q_es_135,EP-4634596-A1,synthetic,es,en,1,1.0
Qwen/Qwen3-Embedding-0.6B,qwen3-0.6B,q_136_zh,EP-4634596-A1,original,zh,,2,0.0
Qwen/Qwen3-Embedding-0.6B,qwen3-0.6B,EP-4626887-A1_en_q_en,EP-4626887-A1,original,en,en,1,1.0
Qwen/Qwen3-Embedding-0.6B,qwen3-0.6B,EP-4630033-A1_en_q_en,EP-4630033-A1,original,en,en,1,1.0
Qwen/Qwen3-Embedding-0.6B,qwen3-0.6B,EP-4532639-A1_fr_q_fr,EP-4532639-A1,original,fr,fr,2,0.0
Qwen/Qwen3-Embedding-0.6B,qwen3-0.6B,EP-4627010-A1_en_q_de,EP-4627010-A1,synthetic,de,en,1,0.0
Qwen/Qwen3-Embedding-0.6B,qwen3-0.6B,EP-4626937-A1_en_q_de,EP-4626937-A1,synthetic,de,en,1,0.0
Qwen/Qwen3-Embedding-0.6B,qwen3-0.6B,WO-2022119476-A1_en_q_de,WO-2022119476-A1,synthetic,de,en,1,0.0
Qwen/Qwen3-Embedding-0.6B,qwen3-0.6B,WO-2025131900-A1_en_q_en,WO-2025131900-A1,original,en,en,3,1.0
Qwen/Qwen3-Embedding-0.6B,qwen3-0.6B,WO-2025200741-A1_en_q_zh,WO-2025200741-A1,synthetic,zh,en,1,0.0
Qwen/Qwen3-Embedding-0.6B,qwen3-0.6B,MX-2025009603-A_en_q_en,MX-2025009603-A,original,en,en,2,0.0
Qwen/Qwen3-Embedding-0.6B,qwen3-0.6B,MX-2025009952-A_en_q_zh,MX-2025009952-A,synthetic,zh,en,1,0.0
Qwen/Qwen3-Embedding-0.6B,qwen3-0.6B,WO-2025150253-A1_en_q_es,WO-2025150253-A1,synthetic,es,en,1,0.0
Qwen/Qwen3-Embedding-0.6B,qwen3-0.6B,WO-2025186929-A8_en_q_en,WO-2025186929-A8,original,en,en,1,1.0
Qwen/Qwen3-Embedding-0.6B,qwen3-0.6B,WO-2025211042-A1_en_q_en,WO-2025211042-A1,original,en,en,1,0.0
Qwen/Qwen3-Embedding-0.6B,qwen3-0.6B,WO-2025209205-A1_en_q_en,WO-2025209205-A1,original,en,en,2,0.0
Qwen/Qwen3-Embedding-0.6B,qwen3-0.6B,WO-2025207982-A1_en_q_de,WO-2025207982-A1,synthetic,de,en,1,1.0
Qwen/Qwen3-Embedding-0.6B,qwen3-0.6B,WO-2025210325-A1_en_q_de,WO-2025210325-A1,synthetic,de,en,1,0.0
Qwen/Qwen3-Embedding-0.6B,qwen3-0.6B,WO-2025216427-A1_zh_q_zh,WO-2025216427-A1,original,zh,zh,2,0.0
Qwen/Qwen3-Embedding-0.6B,qwen3-0.6B,WO-2025197823-A1_zh_q_zh,WO-2025197823-A1,original,zh,zh,2,0.0
Qwen/Qwen3-Embedding-0.6B,qwen3-0.6B,MX-2025002756-A_en_q_en,MX-2025002756-A,original,en,en,1,1.0
Qwen/Qwen3-Embedding-0.6B,qwen3-0.6B,WO-2025202632-A1_en_q_en,WO-2025202632-A1,original,en,en,1,1.0
Qwen/Qwen3-Embedding-0.6B,qwen3-0.6B,EP-4627608-A1_en_q_en,EP-4627608-A1,original,en,en,1,0.0
Qwen/Qwen3-Embedding-0.6B,qwen3-0.6B,EP-4634668-A1_fr_q_fr,EP-4634668-A1,original,fr,fr,1,1.0
Qwen/Qwen3-Embedding-0.6B,qwen3-0.6B,MX-2025009965-A_en_q_de,MX-2025009965-A,synthetic,de,en,1,0.0
Qwen/Qwen3-Embedding-0.6B,qwen3-0.6B,WO-2025164300-A1_en_q_de,WO-2025164300-A1,synthetic,de,en,1,0.0
Qwen/Qwen3-Embedding-0.6B,qwen3-0.6B,MX-2025009189-A_en_q_de,MX-2025009189-A,synthetic,de,en,1,1.0
Qwen/Qwen3-Embedding-0.6B,qwen3-0.6B,WO-2024253632-A1_en_q_en,WO-2024253632-A1,original,en,en,1,0.0
Qwen/Qwen3-Embedding-0.6B,qwen3-0.6B,WO-2025216023-A1_zh_q_zh,WO-2025216023-A1,original,zh,zh,2,0.5
Qwen/Qwen3-Embedding-0.6B,qwen3-0.6B,WO-2025211128-A1_en_q_en,WO-2025211128-A1,original,en,en,1,1.0
Qwen/Qwen3-Embedding-0.6B,qwen3-0.6B,MX-2025010237-A_en_q_zh,MX-2025010237-A,synthetic,zh,en,1,0.0
Qwen/Qwen3-Embedding-0.6B,qwen3-0.6B,EP-4633785-A2_en_q_es,EP-4633785-A2,synthetic,es,en,1,0.0
Qwen/Qwen3-Embedding-0.6B,qwen3-0.6B,MX-2025005737-A_en_q_en,MX-2025005737-A,original,en,en,1,0.0
Qwen/Qwen3-Embedding-0.6B,qwen3-0.6B,MX-2025010606-A_en_q_en,MX-2025010606-A,original,en,en,1,1.0
Qwen/Qwen3-Embedding-0.6B,qwen3-0.6B,MX-2025010877-A_en_q_en,MX-2025010877-A,original,en,en,1,1.0
Qwen/Qwen3-Embedding-0.6B,qwen3-0.6B,EP-4584035-A1_de_q_de,EP-4584035-A1,original,de,de,3,0.0
Qwen/Qwen3-Embedding-0.6B,qwen3-0.6B,WO-2025170306-A1_en_q_de,WO-2025170306-A1,synthetic,de,en,2,0.5
Qwen/Qwen3-Embedding-0.6B,qwen3-0.6B,WO-2025210569-A1_zh_q_zh,WO-2025210569-A1,original,zh,zh,2,0.0
Qwen/Qwen3-Embedding-0.6B,qwen3-0.6B,MX-2025010084-A_en_q_zh,MX-2025010084-A,synthetic,zh,en,1,0.0
Qwen/Qwen3-Embedding-0.6B,qwen3-0.6B,WO-2025186542-A8_en_q_en,WO-2025186542-A8,original,en,en,1,1.0
Qwen/Qwen3-Embedding-0.6B,qwen3-0.6B,WO-2025206130-A1_zh_q_zh,WO-2025206130-A1,original,zh,zh,2,0.0
Qwen/Qwen3-Embedding-0.6B,qwen3-0.6B,WO-2025208054-A1_en_q_de,WO-2025208054-A1,synthetic,de,en,1,1.0
Qwen/Qwen3-Embedding-0.6B,qwen3-0.6B,WO-2025201708-A1_en_q_zh,WO-2025201708-A1,synthetic,zh,en,1,0.0
Qwen/Qwen3-Embedding-0.6B,qwen3-0.6B,WO-2025141238-A1_es_q_es,WO-2025141238-A1,original,es,es,2,0.0
Qwen/Qwen3-Embedding-0.6B,qwen3-0.6B,MX-2025004351-A_en_q_en,MX-2025004351-A,original,en,en,1,0.0
Qwen/Qwen3-Embedding-0.6B,qwen3-0.6B,WO-2025200809-A1_en_q_en,WO-2025200809-A1,original,en,en,2,0.5
Qwen/Qwen3-Embedding-0.6B,qwen3-0.6B,WO-2025201644-A1_fr_q_fr,WO-2025201644-A1,original,fr,fr,2,0.5
Qwen/Qwen3-Embedding-0.6B,qwen3-0.6B,MX-2025003633-A_en_q_de,MX-2025003633-A,synthetic,de,en,1,0.0
Qwen/Qwen3-Embedding-0.6B,qwen3-0.6B,WO-2025170482-A1_en_q_de,WO-2025170482-A1,synthetic,de,en,2,1.0
Qwen/Qwen3-Embedding-0.6B,qwen3-0.6B,MX-2025002762-A_en_q_en,MX-2025002762-A,original,en,en,1,0.0
Qwen/Qwen3-Embedding-0.6B,qwen3-0.6B,MX-2025009196-A_en_q_de,MX-2025009196-A,synthetic,de,en,1,0.0
Qwen/Qwen3-Embedding-0.6B,qwen3-0.6B,EP-4584246-A1_en_q_zh,EP-4584246-A1,synthetic,zh,en,2,1.0
Qwen/Qwen3-Embedding-0.6B,qwen3-0.6B,WO-2022031256-A1_en_q_zh,WO-2022031256-A1,synthetic,zh,en,1,0.0
Qwen/Qwen3-Embedding-0.6B,qwen3-0.6B,ES-3035119-A1_en_q_fr,ES-3035119-A1,synthetic,fr,en,2,0.0
Qwen/Qwen3-Embedding-0.6B,qwen3-0.6B,WO-2022231470-A1_en_q_de,WO-2022231470-A1,synthetic,de,en,1,0.0
Qwen/Qwen3-Embedding-0.6B,qwen3-0.6B,EP-4627127-A1_en_q_de,EP-4627127-A1,synthetic,de,en,2,0.0
Qwen/Qwen3-Embedding-0.6B,qwen3-0.6B,WO-2025185983-A1_en_q_es,WO-2025185983-A1,synthetic,es,en,2,0.0
Qwen/Qwen3-Embedding-0.6B,qwen3-0.6B,EP-4627015-A1_en_q_de,EP-4627015-A1,synthetic,de,en,1,0.0
Qwen/Qwen3-Embedding-0.6B,qwen3-0.6B,WO-2025212979-A1_en_q_de,WO-2025212979-A1,synthetic,de,en,2,0.0
Qwen/Qwen3-Embedding-0.6B,qwen3-0.6B,MX-2025010953-A_en_q_zh,MX-2025010953-A,synthetic,zh,en,1,1.0
Qwen/Qwen3-Embedding-0.6B,qwen3-0.6B,WO-2025207427-A1_en_q_de,WO-2025207427-A1,synthetic,de,en,2,1.0
Qwen/Qwen3-Embedding-0.6B,qwen3-0.6B,MX-2025007532-A_en_q_de,MX-2025007532-A,synthetic,de,en,2,1.0
Qwen/Qwen3-Embedding-0.6B,qwen3-0.6B,EP-4627092-A1_en_q_zh,EP-4627092-A1,synthetic,zh,en,1,0.0
Qwen/Qwen3-Embedding-0.6B,qwen3-0.6B,EP-4584229-A1_en_q_es,EP-4584229-A1,synthetic,es,en,3,0.0
Qwen/Qwen3-Embedding-0.6B,qwen3-0.6B,WO-2024054196-A1_en_q_zh,WO-2024054196-A1,synthetic,zh,en,1,0.0
Qwen/Qwen3-Embedding-0.6B,qwen3-0.6B,WO-2025164618-A1_en_q_es,WO-2025164618-A1,synthetic,es,en,2,0.0
Qwen/Qwen3-Embedding-0.6B,qwen3-0.6B,EP-4626889-A1_en_q_es,EP-4626889-A1,synthetic,es,en,1,0.0
Qwen/Qwen3-Embedding-0.6B,qwen3-0.6B,MX-2025004761-A_en_q_zh,MX-2025004761-A,synthetic,zh,en,1,0.0
Qwen/Qwen3-Embedding-0.6B,qwen3-0.6B,MX-2025009867-A_en_q_de,MX-2025009867-A,synthetic,de,en,2,0.0
Qwen/Qwen3-Embedding-0.6B,qwen3-0.6B,WO-03042409-A3_en_q_es,WO-03042409-A3,synthetic,es,en,1,1.0
Qwen/Qwen3-Embedding-0.6B,qwen3-0.6B,WO-2025212474-A1_en_q_de,WO-2025212474-A1,synthetic,de,en,1,0.0
Qwen/Qwen3-Embedding-0.6B,qwen3-0.6B,ES-3028671-A1_en_q_zh,ES-3028671-A1,synthetic,zh,en,1,0.0
Qwen/Qwen3-Embedding-0.6B,qwen3-0.6B,WO-2025212467-A1_en_q_de,WO-2025212467-A1,synthetic,de,en,1,1.0
Qwen/Qwen3-Embedding-0.6B,qwen3-0.6B,MX-2025009862-A_en_q_fr,MX-2025009862-A,synthetic,fr,en,1,1.0
Qwen/Qwen3-Embedding-0.6B,qwen3-0.6B,EP-4566167-A1_en_q_es,EP-4566167-A1,synthetic,es,en,3,0.0
Qwen/Qwen3-Embedding-0.6B,qwen3-0.6B,WO-2025216937-A1_en_q_es,WO-2025216937-A1,synthetic,es,en,2,1.0
Qwen/Qwen3-Embedding-0.6B,qwen3-0.6B,EP-4630021-A1_en_q_de,EP-4630021-A1,synthetic,de,en,2,0.5
Qwen/Qwen3-Embedding-0.6B,qwen3-0.6B,MX-2025007206-A_en_q_de,MX-2025007206-A,synthetic,de,en,1,0.0
Qwen/Qwen3-Embedding-0.6B,qwen3-0.6B,EP-4504821-A1_en_q_es,EP-4504821-A1,synthetic,es,en,3,0.0
Qwen/Qwen3-Embedding-0.6B,qwen3-0.6B,WO-2025205793-A1_en_q_de,WO-2025205793-A1,synthetic,de,en,2,0.0
Qwen/Qwen3-Embedding-0.6B,qwen3-0.6B,WO-2025206825-A1_en_q_de,WO-2025206825-A1,synthetic,de,en,1,0.0
Qwen/Qwen3-Embedding-0.6B,qwen3-0.6B,EP-4568770-A1_en_q_es,EP-4568770-A1,synthetic,es,en,3,0.0
Qwen/Qwen3-Embedding-0.6B,qwen3-0.6B,WO-2025188827-A8_en_q_es,WO-2025188827-A8,synthetic,es,en,1,0.0
Qwen/Qwen3-Embedding-0.6B,qwen3-0.6B,MX-2025008259-A_en_q_fr,MX-2025008259-A,synthetic,fr,en,2,0.0
Qwen/Qwen3-Embedding-0.6B,qwen3-0.6B,WO-2025132504-A1_en_q_es,WO-2025132504-A1,synthetic,es,en,3,0.0
Qwen/Qwen3-Embedding-0.6B,qwen3-0.6B,MX-2025007237-A_en_q_fr,MX-2025007237-A,synthetic,fr,en,2,0.5
Qwen/Qwen3-Embedding-0.6B,qwen3-0.6B,MX-2025005647-A_en_q_zh,MX-2025005647-A,synthetic,zh,en,1,0.0
Qwen/Qwen3-Embedding-0.6B,qwen3-0.6B,WO-2025214411-A1_en_q_de,WO-2025214411-A1,synthetic,de,en,1,0.0
Qwen/Qwen3-Embedding-0.6B,qwen3-0.6B,EP-4623093-A2_en_q_es,EP-4623093-A2,synthetic,es,en,2,1.0
Qwen/Qwen3-Embedding-0.6B,qwen3-0.6B,EP-4634148-A1_en_q_de,EP-4634148-A1,synthetic,de,en,2,1.0
Qwen/Qwen3-Embedding-0.6B,qwen3-0.6B,WO-2025202170-A1_en_q_es,WO-2025202170-A1,synthetic,es,en,1,0.0
Qwen/Qwen3-Embedding-0.6B,qwen3-0.6B,EP-4507673-A1_en_q_de,EP-4507673-A1,synthetic,de,en,1,0.0
Qwen/Qwen3-Embedding-0.6B,qwen3-0.6B,MX-2025007577-A_en_q_fr,MX-2025007577-A,synthetic,fr,en,2,0.0
Qwen/Qwen3-Embedding-0.6B,qwen3-0.6B,MX-2025009131-A_en_q_zh,MX-2025009131-A,synthetic,zh,en,1,0.0
Qwen/Qwen3-Embedding-0.6B,qwen3-0.6B,MX-2025009990-A_en_q_zh,MX-2025009990-A,synthetic,zh,en,1,1.0
Qwen/Qwen3-Embedding-0.6B,qwen3-0.6B,WO-2023153953-A1_en_q_es,WO-2023153953-A1,synthetic,es,en,2,0.5
Qwen/Qwen3-Embedding-0.6B,qwen3-0.6B,WO-2025183548-A1_en_q_de,WO-2025183548-A1,synthetic,de,en,2,0.0
Qwen/Qwen3-Embedding-0.6B,qwen3-0.6B,WO-2025007163-A1_en_q_de,WO-2025007163-A1,synthetic,de,en,2,0.0
Qwen/Qwen3-Embedding-0.6B,qwen3-0.6B,WO-2025206959-A1_en_q_de,WO-2025206959-A1,synthetic,de,en,2,1.0
Qwen/Qwen3-Embedding-0.6B,qwen3-0.6B,WO-2025207810-A1_en_q_zh,WO-2025207810-A1,synthetic,zh,en,1,1.0
Qwen/Qwen3-Embedding-0.6B,qwen3-0.6B,WO-2025215476-A1_en_q_de,WO-2025215476-A1,synthetic,de,en,2,0.0
Qwen/Qwen3-Embedding-0.6B,qwen3-0.6B,WO-2023149795-A1_en_q_en,WO-2023149795-A1,original,en,en,2,0.0
Qwen/Qwen3-Embedding-0.6B,qwen3-0.6B,WO-2022124934-A1_en_q_es,WO-2022124934-A1,synthetic,es,en,1,0.0
Qwen/Qwen3-Embedding-0.6B,qwen3-0.6B,WO-2025187134-A8_en_q_en,WO-2025187134-A8,original,en,en,2,0.0
Qwen/Qwen3-Embedding-0.6B,qwen3-0.6B,WO-2023200358-A1_en_q_en,WO-2023200358-A1,original,en,en,2,0.0
Qwen/Qwen3-Embedding-0.6B,qwen3-0.6B,WO-2025216105-A1_fr_q_fr,WO-2025216105-A1,original,fr,fr,2,0.0
Qwen/Qwen3-Embedding-0.6B,qwen3-0.6B,MX-2025005014-A_es_q_es,MX-2025005014-A,original,es,es,1,1.0
Qwen/Qwen3-Embedding-0.6B,qwen3-0.6B,WO-2025216873-A1_fr_q_fr,WO-2025216873-A1,original,fr,fr,1,0.0
Qwen/Qwen3-Embedding-0.6B,qwen3-0.6B,WO-2025205780-A1_zh_q_zh,WO-2025205780-A1,original,zh,zh,2,0.0
Qwen/Qwen3-Embedding-0.6B,qwen3-0.6B,MX-2025009666-A_en_q_en,MX-2025009666-A,original,en,en,2,0.0
Qwen/Qwen3-Embedding-0.6B,qwen3-0.6B,WO-2025212049-A1_fr_q_fr,WO-2025212049-A1,original,fr,fr,2,0.0
Qwen/Qwen3-Embedding-0.6B,qwen3-0.6B,EP-4627347-A1_fr_q_fr,EP-4627347-A1,original,fr,fr,1,0.0
Qwen/Qwen3-Embedding-0.6B,qwen3-0.6B,MX-2025004786-A_es_q_es,MX-2025004786-A,original,es,es,1,1.0
Qwen/Qwen3-Embedding-0.6B,qwen3-0.6B,WO-2024063632-A1_en_q_en,WO-2024063632-A1,original,en,en,2,0.0
Qwen/Qwen3-Embedding-0.6B,qwen3-0.6B,WO-2025206783-A1_fr_q_fr,WO-2025206783-A1,original,fr,fr,1,1.0
Qwen/Qwen3-Embedding-0.6B,qwen3-0.6B,MX-2025010991-A_en_q_en,MX-2025010991-A,original,en,en,1,0.0
Qwen/Qwen3-Embedding-0.6B,qwen3-0.6B,MX-2025006977-A_en_q_en,MX-2025006977-A,original,en,en,1,1.0
Qwen/Qwen3-Embedding-0.6B,qwen3-0.6B,MX-2025008400-A_en_q_en,MX-2025008400-A,original,en,en,1,1.0
Qwen/Qwen3-Embedding-0.6B,qwen3-0.6B,WO-2025132390-A1_de_q_de,WO-2025132390-A1,original,de,de,3,0.0
Qwen/Qwen3-Embedding-0.6B,qwen3-0.6B,WO-2025204766-A1_fr_q_fr,WO-2025204766-A1,original,fr,fr,2,0.5
Qwen/Qwen3-Embedding-0.6B,qwen3-0.6B,WO-2025098664-A1_de_q_de,WO-2025098664-A1,original,de,de,2,1.0
Qwen/Qwen3-Embedding-0.6B,qwen3-0.6B,EP-4627583-A1_en_q_en,EP-4627583-A1,original,en,en,1,1.0
Qwen/Qwen3-Embedding-0.6B,qwen3-0.6B,EP-4630558-A2_zh_q_zh,EP-4630558-A2,original,zh,zh,2,0.0
Qwen/Qwen3-Embedding-0.6B,qwen3-0.6B,MX-2025010573-A_es_q_es,MX-2025010573-A,original,es,es,1,0.0
Qwen/Qwen3-Embedding-0.6B,qwen3-0.6B,WO-2025210917-A1_fr_q_fr,WO-2025210917-A1,original,fr,fr,2,0.0
Qwen/Qwen3-Embedding-0.6B,qwen3-0.6B,WO-2025150394-A1_en_q_en,WO-2025150394-A1,original,en,en,1,1.0
Qwen/Qwen3-Embedding-0.6B,qwen3-0.6B,MX-2025005728-A_en_q_en,MX-2025005728-A,original,en,en,1,0.0
Qwen/Qwen3-Embedding-0.6B,qwen3-0.6B,WO-2025177605-A1_fr_q_fr,WO-2025177605-A1,original,fr,fr,1,0.0
Qwen/Qwen3-Embedding-0.6B,qwen3-0.6B,MX-2025006958-A_en_q_en,MX-2025006958-A,original,en,en,2,1.0
Qwen/Qwen3-Embedding-0.6B,qwen3-0.6B,EP-4551675-A1_de_q_de,EP-4551675-A1,original,de,de,2,0.0
Qwen/Qwen3-Embedding-0.6B,qwen3-0.6B,EP-4627325-A1_fr_q_fr,EP-4627325-A1,original,fr,fr,2,0.0
Qwen/Qwen3-Embedding-0.6B,qwen3-0.6B,WO-2025208050-A2_en_q_en,WO-2025208050-A2,original,en,en,1,1.0
Qwen/Qwen3-Embedding-0.6B,qwen3-0.6B,WO-2025202994-A1_fr_q_fr,WO-2025202994-A1,original,fr,fr,1,0.0
Qwen/Qwen3-Embedding-0.6B,qwen3-0.6B,MX-2025006551-A_en_q_en,MX-2025006551-A,original,en,en,1,0.0
Qwen/Qwen3-Embedding-0.6B,qwen3-0.6B,WO-2005069422-A1_en_q_en,WO-2005069422-A1,original,en,en,1,1.0
Qwen/Qwen3-Embedding-0.6B,qwen3-0.6B,WO-2025194610-A1_fr_q_fr,WO-2025194610-A1,original,fr,fr,1,1.0
Qwen/Qwen3-Embedding-0.6B,qwen3-0.6B,MX-2025001644-A_zh_q_zh,MX-2025001644-A,original,zh,zh,2,0.0
Qwen/Qwen3-Embedding-0.6B,qwen3-0.6B,WO-2025216492-A1_fr_q_fr,WO-2025216492-A1,original,fr,fr,2,1.0
Qwen/Qwen3-Embedding-0.6B,qwen3-0.6B,WO-2025216629-A1_fr_q_fr,WO-2025216629-A1,original,fr,fr,2,0.0
Qwen/Qwen3-Embedding-0.6B,qwen3-0.6B,MX-2025005081-A_en_q_en,MX-2025005081-A,original,en,en,1,1.0
Qwen/Qwen3-Embedding-0.6B,qwen3-0.6B,WO-2025205506-A1_fr_q_fr,WO-2025205506-A1,original,fr,fr,1,1.0
Qwen/Qwen3-Embedding-0.6B,qwen3-0.6B,WO-2025132391-A1_de_q_de,WO-2025132391-A1,original,de,de,3,0.0
Qwen/Qwen3-Embedding-0.6B,qwen3-0.6B,WO-2025205634-A1_en_q_en,WO-2025205634-A1,original,en,en,1,1.0
Qwen/Qwen3-Embedding-0.6B,qwen3-0.6B,WO-2025120243-A1_es_q_es,WO-2025120243-A1,original,es,es,2,0.0
Qwen/Qwen3-Embedding-0.6B,qwen3-0.6B,WO-2025201672-A1_fr_q_fr,WO-2025201672-A1,original,fr,fr,1,1.0
Qwen/Qwen3-Embedding-0.6B,qwen3-0.6B,MX-2025008970-A_es_q_es,MX-2025008970-A,original,es,es,1,1.0
Qwen/Qwen3-Embedding-0.6B,qwen3-0.6B,MX-2025009075-A_zh_q_zh,MX-2025009075-A,original,zh,zh,2,1.0
Qwen/Qwen3-Embedding-0.6B,qwen3-0.6B,WO-2025210445-A1_fr_q_fr,WO-2025210445-A1,original,fr,fr,1,0.0
Qwen/Qwen3-Embedding-0.6B,qwen3-0.6B,WO-2025206090-A1_fr_q_fr,WO-2025206090-A1,original,fr,fr,1,0.0
Qwen/Qwen3-Embedding-0.6B,qwen3-0.6B,MX-2025006643-A_en_q_en,MX-2025006643-A,original,en,en,1,0.0
Qwen/Qwen3-Embedding-0.6B,qwen3-0.6B,MX-2025010190-A_en_q_en,MX-2025010190-A,original,en,en,2,1.0
Qwen/Qwen3-Embedding-0.6B,qwen3-0.6B,EP-4577789-A1_zh_q_zh,EP-4577789-A1,original,zh,zh,3,0.0
Qwen/Qwen3-Embedding-0.6B,qwen3-0.6B,WO-2025204469-A1_en_q_en,WO-2025204469-A1,original,en,en,2,0.0
Qwen/Qwen3-Embedding-0.6B,qwen3-0.6B,WO-2025204469-A1_en_q_de,WO-2025204469-A1,synthetic,de,en,2,0.5
Qwen/Qwen3-Embedding-0.6B,qwen3-0.6B,WO-2025204469-A1_fr_q_fr,WO-2025204469-A1,original,fr,fr,2,0.0
Qwen/Qwen3-Embedding-0.6B,qwen3-0.6B,WO-2025204469-A1_en_q_es,WO-2025204469-A1,synthetic,es,en,2,0.0
Qwen/Qwen3-Embedding-0.6B,qwen3-0.6B,WO-2025204469-A1_zh_q_zh,WO-2025204469-A1,original,zh,zh,2,0.0
Qwen/Qwen3-Embedding-0.6B,qwen3-0.6B,MX-2025010085-A_en_q_en,MX-2025010085-A,original,en,en,1,1.0
Qwen/Qwen3-Embedding-0.6B,qwen3-0.6B,MX-2025010085-A_en_q_de,MX-2025010085-A,synthetic,de,en,1,1.0
Qwen/Qwen3-Embedding-0.6B,qwen3-0.6B,MX-2025010085-A_en_q_fr,MX-2025010085-A,synthetic,fr,en,1,1.0
Qwen/Qwen3-Embedding-0.6B,qwen3-0.6B,MX-2025010085-A_es_q_es,MX-2025010085-A,original,es,es,1,0.0
Qwen/Qwen3-Embedding-0.6B,qwen3-0.6B,MX-2025010085-A_en_q_zh,MX-2025010085-A,synthetic,zh,en,1,1.0
Qwen/Qwen3-Embedding-0.6B,qwen3-0.6B,MX-2025005421-A_en_q_en,MX-2025005421-A,original,en,en,1,1.0
Qwen/Qwen3-Embedding-0.6B,qwen3-0.6B,MX-2025005421-A_en_q_de,MX-2025005421-A,synthetic,de,en,1,1.0
Qwen/Qwen3-Embedding-0.6B,qwen3-0.6B,MX-2025005421-A_en_q_fr,MX-2025005421-A,synthetic,fr,en,1,1.0
Qwen/Qwen3-Embedding-0.6B,qwen3-0.6B,MX-2025005421-A_es_q_es,MX-2025005421-A,original,es,es,1,0.0
Qwen/Qwen3-Embedding-0.6B,qwen3-0.6B,MX-2025005421-A_en_q_zh,MX-2025005421-A,synthetic,zh,en,1,0.0
Qwen/Qwen3-Embedding-0.6B,qwen3-0.6B,MX-2025002688-A_en_q_en,MX-2025002688-A,original,en,en,1,0.0
Qwen/Qwen3-Embedding-0.6B,qwen3-0.6B,MX-2025002688-A_en_q_de,MX-2025002688-A,synthetic,de,en,1,0.0
Qwen/Qwen3-Embedding-0.6B,qwen3-0.6B,MX-2025002688-A_en_q_fr,MX-2025002688-A,synthetic,fr,en,1,0.0
Qwen/Qwen3-Embedding-0.6B,qwen3-0.6B,MX-2025002688-A_es_q_es,MX-2025002688-A,original,es,es,1,0.0
Qwen/Qwen3-Embedding-0.6B,qwen3-0.6B,MX-2025002688-A_en_q_zh,MX-2025002688-A,synthetic,zh,en,1,0.0
Qwen/Qwen3-Embedding-0.6B,qwen3-0.6B,WO-2025211147-A1_en_q_en,WO-2025211147-A1,original,en,en,1,0.0
Qwen/Qwen3-Embedding-0.6B,qwen3-0.6B,WO-2025211147-A1_en_q_de,WO-2025211147-A1,synthetic,de,en,1,0.0
Qwen/Qwen3-Embedding-0.6B,qwen3-0.6B,WO-2025211147-A1_fr_q_fr,WO-2025211147-A1,original,fr,fr,1,0.0
Qwen/Qwen3-Embedding-0.6B,qwen3-0.6B,WO-2025211147-A1_en_q_es,WO-2025211147-A1,synthetic,es,en,1,0.0
Qwen/Qwen3-Embedding-0.6B,qwen3-0.6B,WO-2025211147-A1_en_q_zh,WO-2025211147-A1,synthetic,zh,en,1,0.0
Qwen/Qwen3-Embedding-0.6B,qwen3-0.6B,WO-2025187712-A8_en_q_en,WO-2025187712-A8,original,en,en,1,0.0
Qwen/Qwen3-Embedding-0.6B,qwen3-0.6B,WO-2025187712-A8_en_q_de,WO-2025187712-A8,synthetic,de,en,1,0.0
Qwen/Qwen3-Embedding-0.6B,qwen3-0.6B,WO-2025187712-A8_fr_q_fr,WO-2025187712-A8,original,fr,fr,1,0.0
Qwen/Qwen3-Embedding-0.6B,qwen3-0.6B,WO-2025187712-A8_en_q_es,WO-2025187712-A8,synthetic,es,en,1,0.0
Qwen/Qwen3-Embedding-0.6B,qwen3-0.6B,WO-2025187712-A8_en_q_zh,WO-2025187712-A8,synthetic,zh,en,1,0.0
Qwen/Qwen3-Embedding-0.6B,qwen3-0.6B,EP-4630253-A1_en_q_en,EP-4630253-A1,original,en,en,2,0.0
Qwen/Qwen3-Embedding-0.6B,qwen3-0.6B,EP-4630253-A1_en_q_de,EP-4630253-A1,synthetic,de,en,2,0.0
Qwen/Qwen3-Embedding-0.6B,qwen3-0.6B,EP-4630253-A1_fr_q_fr,EP-4630253-A1,original,fr,fr,2,0.0
Qwen/Qwen3-Embedding-0.6B,qwen3-0.6B,EP-4630253-A1_en_q_es,EP-4630253-A1,synthetic,es,en,2,0.0
Qwen/Qwen3-Embedding-0.6B,qwen3-0.6B,EP-4630253-A1_zh_q_zh,EP-4630253-A1,original,zh,zh,2,0.0
Qwen/Qwen3-Embedding-0.6B,qwen3-0.6B,MX-2025007798-A_en_q_en,MX-2025007798-A,original,en,en,1,1.0
Qwen/Qwen3-Embedding-0.6B,qwen3-0.6B,WO-2025206382-A1_en_q_en,WO-2025206382-A1,original,en,en,1,1.0
Qwen/Qwen3-Embedding-0.6B,qwen3-0.6B,MX-2025009144-A_en_q_en,MX-2025009144-A,original,en,en,2,0.5
Qwen/Qwen3-Embedding-0.6B,qwen3-0.6B,WO-2025206195-A1_en_q_de,WO-2025206195-A1,synthetic,de,en,1,1.0
Qwen/Qwen3-Embedding-0.6B,qwen3-0.6B,WO-2024128938-A1_en_q_de,WO-2024128938-A1,synthetic,de,en,2,1.0
Qwen/Qwen3-Embedding-0.6B,qwen3-0.6B,MX-2025007510-A_es_q_es,MX-2025007510-A,original,es,es,1,0.0
Qwen/Qwen3-Embedding-0.6B,qwen3-0.6B,WO-2025172752-A1_en_q_en,WO-2025172752-A1,original,en,en,2,1.0
Qwen/Qwen3-Embedding-0.6B,qwen3-0.6B,WO-2024245507-A9_en_q_en,WO-2024245507-A9,original,en,en,2,0.0
Qwen/Qwen3-Embedding-0.6B,qwen3-0.6B,WO-2024245507-A9_de_q_de,WO-2024245507-A9,original,de,de,2,1.0
Qwen/Qwen3-Embedding-0.6B,qwen3-0.6B,WO-2024245507-A9_fr_q_fr,WO-2024245507-A9,original,fr,fr,2,0.0
Qwen/Qwen3-Embedding-0.6B,qwen3-0.6B,WO-2024245507-A9_en_q_es,WO-2024245507-A9,synthetic,es,en,2,1.0
Qwen/Qwen3-Embedding-0.6B,qwen3-0.6B,WO-2024245507-A9_en_q_zh,WO-2024245507-A9,synthetic,zh,en,2,0.5
Qwen/Qwen3-Embedding-0.6B,qwen3-0.6B,EP-4630245-A1_zh_q_zh,EP-4630245-A1,original,zh,zh,2,1.0
Qwen/Qwen3-Embedding-0.6B,qwen3-0.6B,WO-2025192625-A1_en_q_en,WO-2025192625-A1,original,en,en,2,0.0
Qwen/Qwen3-Embedding-0.6B,qwen3-0.6B,WO-2025192625-A1_en_q_de,WO-2025192625-A1,synthetic,de,en,2,0.0
Qwen/Qwen3-Embedding-0.6B,qwen3-0.6B,WO-2025192625-A1_fr_q_fr,WO-2025192625-A1,original,fr,fr,2,0.0
Qwen/Qwen3-Embedding-0.6B,qwen3-0.6B,WO-2025192625-A1_en_q_es,WO-2025192625-A1,synthetic,es,en,2,0.0
Qwen/Qwen3-Embedding-0.6B,qwen3-0.6B,WO-2025192625-A1_zh_q_zh,WO-2025192625-A1,original,zh,zh,2,0.0
Qwen/Qwen3-Embedding-0.6B,qwen3-0.6B,MX-2025006818-A_es_q_es,MX-2025006818-A,original,es,es,1,1.0
Qwen/Qwen3-Embedding-0.6B,qwen3-0.6B,MX-2025007695-A_es_q_es,MX-2025007695-A,original,es,es,1,1.0
Qwen/Qwen3-Embedding-0.6B,qwen3-0.6B,WO-2025187736-A8_en_q_zh,WO-2025187736-A8,synthetic,zh,en,1,1.0
Qwen/Qwen3-Embedding-0.6B,qwen3-0.6B,WO-2025203012-A1_en_q_es,WO-2025203012-A1,synthetic,es,en,1,1.0
Qwen/Qwen3-Embedding-0.6B,qwen3-0.6B,EP-4626837-A1_en_q_zh,EP-4626837-A1,synthetic,zh,en,1,1.0
Qwen/Qwen3-Embedding-0.6B,qwen3-0.6B,WO-2025202104-A1_zh_q_zh,WO-2025202104-A1,original,zh,zh,2,1.0
Qwen/Qwen3-Embedding-0.6B,qwen3-0.6B,EP-4626928-A2_fr_q_fr,EP-4626928-A2,original,fr,fr,2,0.5
Qwen/Qwen3-Embedding-0.6B,qwen3-0.6B,MX-2025008327-A_en_q_en,MX-2025008327-A,original,en,en,1,0.0
Qwen/Qwen3-Embedding-0.6B,qwen3-0.6B,EP-4634127-A1_en_q_en,EP-4634127-A1,original,en,en,1,0.0
Qwen/Qwen3-Embedding-0.6B,qwen3-0.6B,WO-2024058685-A1_en_q_zh,WO-2024058685-A1,synthetic,zh,en,1,1.0
Qwen/Qwen3-Embedding-0.6B,qwen3-0.6B,WO-2024089298-A9_fr_q_fr,WO-2024089298-A9,original,fr,fr,1,1.0
Qwen/Qwen3-Embedding-0.6B,qwen3-0.6B,MX-2025010028-A_en_q_en,MX-2025010028-A,original,en,en,1,1.0
Qwen/Qwen3-Embedding-0.6B,qwen3-0.6B,WO-2025202253-A1_en_q_es,WO-2025202253-A1,synthetic,es,en,1,1.0
Qwen/Qwen3-Embedding-0.6B,qwen3-0.6B,MX-2025009821-A_es_q_es,MX-2025009821-A,original,es,es,2,0.0
Qwen/Qwen3-Embedding-0.6B,qwen3-0.6B,MX-2025006624-A_en_q_fr,MX-2025006624-A,synthetic,fr,en,1,1.0
Qwen/Qwen3-Embedding-0.6B,qwen3-0.6B,MX-2025003345-A_en_q_de,MX-2025003345-A,synthetic,de,en,1,1.0
Qwen/Qwen3-Embedding-0.6B,qwen3-0.6B,WO-2024259508-A1_en_q_en,WO-2024259508-A1,original,en,en,2,1.0
Qwen/Qwen3-Embedding-0.6B,qwen3-0.6B,EP-4630051-A1_fr_q_fr,EP-4630051-A1,original,fr,fr,1,1.0
Qwen/Qwen3-Embedding-0.6B,qwen3-0.6B,MX-2025010268-A_en_q_zh,MX-2025010268-A,synthetic,zh,en,1,1.0
Qwen/Qwen3-Embedding-0.6B,qwen3-0.6B,WO-2025212655-A1_en_q_de,WO-2025212655-A1,synthetic,de,en,2,1.0
Qwen/Qwen3-Embedding-0.6B,qwen3-0.6B,WO-2025205978-A1_en_q_en,WO-2025205978-A1,original,en,en,2,1.0
Qwen/Qwen3-Embedding-0.6B,qwen3-0.6B,WO-2025206105-A1_zh_q_zh,WO-2025206105-A1,original,zh,zh,2,1.0
Qwen/Qwen3-Embedding-0.6B,qwen3-0.6B,EP-4633669-A2_fr_q_fr,EP-4633669-A2,original,fr,fr,2,1.0
Qwen/Qwen3-Embedding-0.6B,qwen3-0.6B,WO-2025021351-A1_en_q_zh,WO-2025021351-A1,synthetic,zh,en,2,1.0
Qwen/Qwen3-Embedding-0.6B,qwen3-0.6B,WO-2025187706-A8_fr_q_fr,WO-2025187706-A8,original,fr,fr,1,0.0
Qwen/Qwen3-Embedding-0.6B,qwen3-0.6B,EP-4623104-A1_zh_q_zh,EP-4623104-A1,original,zh,zh,2,1.0
Qwen/Qwen3-Embedding-0.6B,qwen3-0.6B,WO-2025164232-A1_en_q_de,WO-2025164232-A1,synthetic,de,en,1,1.0
Qwen/Qwen3-Embedding-0.6B,qwen3-0.6B,WO-2025206823-A1_en_q_de,WO-2025206823-A1,synthetic,de,en,2,0.0
Qwen/Qwen3-Embedding-0.6B,qwen3-0.6B,EP-4626944-A1_en_q_de,EP-4626944-A1,synthetic,de,en,1,0.0
Qwen/Qwen3-Embedding-0.6B,qwen3-0.6B,EP-4626879-A1_en_q_en,EP-4626879-A1,original,en,en,2,0.5
Qwen/Qwen3-Embedding-0.6B,qwen3-0.6B,EP-4626874-A1_en_q_zh,EP-4626874-A1,synthetic,zh,en,1,0.0
Qwen/Qwen3-Embedding-0.6B,qwen3-0.6B,MX-2025008798-A_en_q_fr,MX-2025008798-A,synthetic,fr,en,1,0.0
Qwen/Qwen3-Embedding-0.6B,qwen3-0.6B,MX-2025005939-A_es_q_es,MX-2025005939-A,original,es,es,2,0.5
Qwen/Qwen3-Embedding-0.6B,qwen3-0.6B,WO-2025204745-A1_en_q_zh,WO-2025204745-A1,synthetic,zh,en,1,0.0
Qwen/Qwen3-Embedding-0.6B,qwen3-0.6B,WO-2025217208-A1_en_q_en,WO-2025217208-A1,original,en,en,2,1.0
Qwen/Qwen3-Embedding-0.6B,qwen3-0.6B,WO-2025205163-A1_en_q_en,WO-2025205163-A1,original,en,en,1,0.0
Qwen/Qwen3-Embedding-0.6B,qwen3-0.6B,WO-2025186172-A8_fr_q_fr,WO-2025186172-A8,original,fr,fr,3,0.0
Qwen/Qwen3-Embedding-0.6B,qwen3-0.6B,WO-2025188156-A8_en_q_de,WO-2025188156-A8,synthetic,de,en,1,0.0
Qwen/Qwen3-Embedding-0.6B,qwen3-0.6B,MX-2025009759-A_en_q_fr,MX-2025009759-A,synthetic,fr,en,2,1.0
Qwen/Qwen3-Embedding-0.6B,qwen3-0.6B,WO-2025189017-A8_en_q_de,WO-2025189017-A8,synthetic,de,en,2,1.0
Qwen/Qwen3-Embedding-0.6B,qwen3-0.6B,CR-20250096-A_en_q_zh,CR-20250096-A,synthetic,zh,en,1,1.0
Qwen/Qwen3-Embedding-0.6B,qwen3-0.6B,WO-2025169953-A1_en_q_de,WO-2025169953-A1,synthetic,de,en,2,0.5
Qwen/Qwen3-Embedding-0.6B,qwen3-0.6B,MX-2025006319-A_en_q_de,MX-2025006319-A,synthetic,de,en,1,0.0
Qwen/Qwen3-Embedding-0.6B,qwen3-0.6B,MX-2025004974-A_en_q_fr,MX-2025004974-A,synthetic,fr,en,1,1.0
Qwen/Qwen3-Embedding-0.6B,qwen3-0.6B,WO-2025170405-A1_en_q_de,WO-2025170405-A1,synthetic,de,en,2,0.5
Qwen/Qwen3-Embedding-0.6B,qwen3-0.6B,WO-2025208198-A1_en_q_zh,WO-2025208198-A1,synthetic,zh,en,1,1.0
Qwen/Qwen3-Embedding-0.6B,qwen3-0.6B,WO-2025054647-A1_en_q_es,WO-2025054647-A1,synthetic,es,en,2,1.0
Qwen/Qwen3-Embedding-0.6B,qwen3-0.6B,WO-2025210166-A1_en_q_de,WO-2025210166-A1,synthetic,de,en,2,0.0
Qwen/Qwen3-Embedding-0.6B,qwen3-0.6B,WO-2025211178-A1_en_q_es,WO-2025211178-A1,synthetic,es,en,2,0.5
Qwen/Qwen3-Embedding-0.6B,qwen3-0.6B,MX-2025004012-A_en_q_zh,MX-2025004012-A,synthetic,zh,en,1,1.0
Qwen/Qwen3-Embedding-0.6B,qwen3-0.6B,WO-2025206949-A1_en_q_es,WO-2025206949-A1,synthetic,es,en,1,0.0
Qwen/Qwen3-Embedding-0.6B,qwen3-0.6B,MX-2025007614-A_en_q_zh,MX-2025007614-A,synthetic,zh,en,1,1.0
Qwen/Qwen3-Embedding-0.6B,qwen3-0.6B,WO-2025146513-A1_en_q_de,WO-2025146513-A1,synthetic,de,en,2,1.0
Qwen/Qwen3-Embedding-0.6B,qwen3-0.6B,WO-2025211949-A1_en_q_es,WO-2025211949-A1,synthetic,es,en,2,1.0
Qwen/Qwen3-Embedding-0.6B,qwen3-0.6B,EP-4626831-A1_en_q_zh,EP-4626831-A1,synthetic,zh,en,1,1.0
Qwen/Qwen3-Embedding-0.6B,qwen3-0.6B,WO-2025186644-A8_en_q_de,WO-2025186644-A8,synthetic,de,en,2,1.0
Qwen/Qwen3-Embedding-0.6B,qwen3-0.6B,WO-2025192587-A1_en_q_de,WO-2025192587-A1,synthetic,de,en,1,0.0
Qwen/Qwen3-Embedding-0.6B,qwen3-0.6B,EP-4633779-A1_en_q_es,EP-4633779-A1,synthetic,es,en,1,1.0
Qwen/Qwen3-Embedding-0.6B,qwen3-0.6B,WO-2022098263-A1_en_q_es,WO-2022098263-A1,synthetic,es,en,2,1.0
Qwen/Qwen3-Embedding-0.6B,qwen3-0.6B,WO-2025215251-A1_en_q_es,WO-2025215251-A1,synthetic,es,en,2,0.5
Qwen/Qwen3-Embedding-0.6B,qwen3-0.6B,EP-4493405-A1_en_q_zh,EP-4493405-A1,synthetic,zh,en,2,0.5
Qwen/Qwen3-Embedding-0.6B,qwen3-0.6B,WO-2025103555-A1_en_q_zh,WO-2025103555-A1,synthetic,zh,en,2,1.0
Qwen/Qwen3-Embedding-0.6B,qwen3-0.6B,EP-4626386-A1_en_q_de,EP-4626386-A1,synthetic,de,en,1,1.0
Qwen/Qwen3-Embedding-0.6B,qwen3-0.6B,MX-2025010613-A_en_q_de,MX-2025010613-A,synthetic,de,en,2,0.0
Qwen/Qwen3-Embedding-0.6B,qwen3-0.6B,EP-4626547-A1_en_q_de,EP-4626547-A1,synthetic,de,en,1,1.0
Qwen/Qwen3-Embedding-0.6B,qwen3-0.6B,EP-4626593-A1_en_q_de,EP-4626593-A1,synthetic,de,en,2,0.5
Qwen/Qwen3-Embedding-0.6B,qwen3-0.6B,WO-2025207414-A1_en_q_es,WO-2025207414-A1,synthetic,es,en,2,1.0
Qwen/Qwen3-Embedding-0.6B,qwen3-0.6B,MX-2025005049-A_en_q_zh,MX-2025005049-A,synthetic,zh,en,1,0.0
Qwen/Qwen3-Embedding-0.6B,qwen3-0.6B,WO-2024246082-A3_en_q_es,WO-2024246082-A3,synthetic,es,en,2,1.0
Qwen/Qwen3-Embedding-0.6B,qwen3-0.6B,WO-2025180718-A1_en_q_es,WO-2025180718-A1,synthetic,es,en,2,0.5
Qwen/Qwen3-Embedding-0.6B,qwen3-0.6B,MX-2025006336-A_en_q_de,MX-2025006336-A,synthetic,de,en,2,1.0
Qwen/Qwen3-Embedding-0.6B,qwen3-0.6B,WO-2025202347-A1_en_q_de,WO-2025202347-A1,synthetic,de,en,2,1.0
Qwen/Qwen3-Embedding-0.6B,qwen3-0.6B,MX-2025010373-A_en_q_zh,MX-2025010373-A,synthetic,zh,en,1,0.0
Qwen/Qwen3-Embedding-0.6B,qwen3-0.6B,WO-2025200075-A1_en_q_zh,WO-2025200075-A1,synthetic,zh,en,1,1.0
Qwen/Qwen3-Embedding-0.6B,qwen3-0.6B,WO-2025189151-A8_en_q_de,WO-2025189151-A8,synthetic,de,en,2,1.0
Qwen/Qwen3-Embedding-0.6B,qwen3-0.6B,MX-2025007174-A_en_q_de,MX-2025007174-A,synthetic,de,en,1,1.0
Qwen/Qwen3-Embedding-0.6B,qwen3-0.6B,MX-2025010619-A_en_q_de,MX-2025010619-A,synthetic,de,en,2,0.5
Qwen/Qwen3-Embedding-0.6B,qwen3-0.6B,EP-4532651-A1_en_q_es,EP-4532651-A1,synthetic,es,en,2,0.0
Qwen/Qwen3-Embedding-0.6B,qwen3-0.6B,WO-2025173342-A1_en_q_es,WO-2025173342-A1,synthetic,es,en,2,1.0
Qwen/Qwen3-Embedding-0.6B,qwen3-0.6B,WO-2024019637-A1_en_q_de,WO-2024019637-A1,synthetic,de,en,2,0.5
Qwen/Qwen3-Embedding-0.6B,qwen3-0.6B,MX-2025008968-A_en_q_zh,MX-2025008968-A,synthetic,zh,en,1,1.0
Qwen/Qwen3-Embedding-0.6B,qwen3-0.6B,WO-2025202625-A1_en_q_de,WO-2025202625-A1,synthetic,de,en,1,0.0
Qwen/Qwen3-Embedding-0.6B,qwen3-0.6B,WO-2025187661-A8_en_q_es,WO-2025187661-A8,synthetic,es,en,1,1.0
Qwen/Qwen3-Embedding-0.6B,qwen3-0.6B,WO-2025101062-A1_en_q_zh,WO-2025101062-A1,synthetic,zh,en,2,1.0
Qwen/Qwen3-Embedding-0.6B,qwen3-0.6B,WO-2025150711-A1_en_q_de,WO-2025150711-A1,synthetic,de,en,1,1.0
Qwen/Qwen3-Embedding-0.6B,qwen3-0.6B,WO-2025207828-A1_en_q_zh,WO-2025207828-A1,synthetic,zh,en,1,0.0
Qwen/Qwen3-Embedding-0.6B,qwen3-0.6B,WO-2025203197-A1_en_q_zh,WO-2025203197-A1,synthetic,zh,en,1,1.0
Qwen/Qwen3-Embedding-0.6B,qwen3-0.6B,EP-4634141-A2_en_q_en,EP-4634141-A2,original,en,en,1,1.0
Qwen/Qwen3-Embedding-0.6B,qwen3-0.6B,EP-4633971-A1_fr_q_fr,EP-4633971-A1,original,fr,fr,1,0.0
Qwen/Qwen3-Embedding-0.6B,qwen3-0.6B,WO-2025197272-A1_en_q_en,WO-2025197272-A1,original,en,en,1,1.0
Qwen/Qwen3-Embedding-0.6B,qwen3-0.6B,WO-2025189168-A8_fr_q_fr,WO-2025189168-A8,original,fr,fr,2,1.0
Qwen/Qwen3-Embedding-0.6B,qwen3-0.6B,MX-2025008124-A_es_q_es,MX-2025008124-A,original,es,es,1,0.0
Qwen/Qwen3-Embedding-0.6B,qwen3-0.6B,MX-2025007669-A_en_q_en,MX-2025007669-A,original,en,en,2,1.0
Qwen/Qwen3-Embedding-0.6B,qwen3-0.6B,WO-2025195675-A1_en_q_en,WO-2025195675-A1,original,en,en,3,0.0
Qwen/Qwen3-Embedding-0.6B,qwen3-0.6B,WO-2022005333-A1_en_q_en,WO-2022005333-A1,original,en,en,1,0.0
Qwen/Qwen3-Embedding-0.6B,qwen3-0.6B,MX-2025005748-A_es_q_es,MX-2025005748-A,original,es,es,1,1.0
Qwen/Qwen3-Embedding-0.6B,qwen3-0.6B,MX-2025002923-A_es_q_es,MX-2025002923-A,original,es,es,2,0.5
Qwen/Qwen3-Embedding-0.6B,qwen3-0.6B,MX-2025010611-A_es_q_es,MX-2025010611-A,original,es,es,2,0.0
Qwen/Qwen3-Embedding-0.6B,qwen3-0.6B,WO-2025217553-A1_fr_q_fr,WO-2025217553-A1,original,fr,fr,2,0.0
Qwen/Qwen3-Embedding-0.6B,qwen3-0.6B,WO-2025186530-A8_en_q_en,WO-2025186530-A8,original,en,en,1,1.0
Qwen/Qwen3-Embedding-0.6B,qwen3-0.6B,EP-4627050-A1_fr_q_fr,EP-4627050-A1,original,fr,fr,2,1.0
Qwen/Qwen3-Embedding-0.6B,qwen3-0.6B,MX-2025008249-A_en_q_en,MX-2025008249-A,original,en,en,1,1.0
Qwen/Qwen3-Embedding-0.6B,qwen3-0.6B,WO-2025184858-A8_fr_q_fr,WO-2025184858-A8,original,fr,fr,1,1.0
Qwen/Qwen3-Embedding-0.6B,qwen3-0.6B,MX-2025004649-A_es_q_es,MX-2025004649-A,original,es,es,1,1.0
Qwen/Qwen3-Embedding-0.6B,qwen3-0.6B,ES-1320636-U_en_q_en,ES-1320636-U,original,en,en,1,0.0
Qwen/Qwen3-Embedding-0.6B,qwen3-0.6B,MX-2025006800-A_en_q_en,MX-2025006800-A,original,en,en,1,1.0
Qwen/Qwen3-Embedding-0.6B,qwen3-0.6B,EP-4626866-A1_en_q_en,EP-4626866-A1,original,en,en,2,1.0
Qwen/Qwen3-Embedding-0.6B,qwen3-0.6B,MX-2025006721-A_en_q_en,MX-2025006721-A,original,en,en,1,0.0
Qwen/Qwen3-Embedding-0.6B,qwen3-0.6B,WO-2024073831-A1_en_q_en,WO-2024073831-A1,original,en,en,2,1.0
Qwen/Qwen3-Embedding-0.6B,qwen3-0.6B,WO-2025200966-A1_fr_q_fr,WO-2025200966-A1,original,fr,fr,1,1.0
Qwen/Qwen3-Embedding-0.6B,qwen3-0.6B,MX-2025005215-A_es_q_es,MX-2025005215-A,original,es,es,1,1.0
Qwen/Qwen3-Embedding-0.6B,qwen3-0.6B,WO-2025080163-A1_fr_q_fr,WO-2025080163-A1,original,fr,fr,2,0.0
Qwen/Qwen3-Embedding-0.6B,qwen3-0.6B,WO-2025200089-A1_en_q_en,WO-2025200089-A1,original,en,en,2,1.0
Qwen/Qwen3-Embedding-0.6B,qwen3-0.6B,WO-2025073021-A1_en_q_en,WO-2025073021-A1,original,en,en,2,1.0
Qwen/Qwen3-Embedding-0.6B,qwen3-0.6B,WO-2025186263-A8_fr_q_fr,WO-2025186263-A8,original,fr,fr,1,1.0
Qwen/Qwen3-Embedding-0.6B,qwen3-0.6B,WO-2025211336-A1_en_q_en,WO-2025211336-A1,original,en,en,1,0.0
Qwen/Qwen3-Embedding-0.6B,qwen3-0.6B,WO-2025078189-A1_en_q_en,WO-2025078189-A1,original,en,en,3,0.0
Qwen/Qwen3-Embedding-0.6B,qwen3-0.6B,ES-3033921-A1_en_q_en,ES-3033921-A1,original,en,en,1,1.0
Qwen/Qwen3-Embedding-0.6B,qwen3-0.6B,WO-2025154762-A1_fr_q_fr,WO-2025154762-A1,original,fr,fr,2,0.0
Qwen/Qwen3-Embedding-0.6B,qwen3-0.6B,EP-4634323-A1_en_q_en,EP-4634323-A1,original,en,en,2,0.0
Qwen/Qwen3-Embedding-0.6B,qwen3-0.6B,WO-2025189143-A8_en_q_en,WO-2025189143-A8,original,en,en,1,1.0
Qwen/Qwen3-Embedding-0.6B,qwen3-0.6B,MX-2025009632-A_en_q_en,MX-2025009632-A,original,en,en,2,1.0
Qwen/Qwen3-Embedding-0.6B,qwen3-0.6B,EP-4626395-A1_fr_q_fr,EP-4626395-A1,original,fr,fr,1,1.0
Qwen/Qwen3-Embedding-0.6B,qwen3-0.6B,WO-2025203678-A1_fr_q_fr,WO-2025203678-A1,original,fr,fr,2,0.5
Qwen/Qwen3-Embedding-0.6B,qwen3-0.6B,WO-2025187095-A8_fr_q_fr,WO-2025187095-A8,original,fr,fr,1,1.0
Qwen/Qwen3-Embedding-0.6B,qwen3-0.6B,EP-4626938-A1_en_q_en,EP-4626938-A1,original,en,en,2,0.5
Qwen/Qwen3-Embedding-0.6B,qwen3-0.6B,MX-2025006010-A_en_q_en,MX-2025006010-A,original,en,en,1,0.0
Qwen/Qwen3-Embedding-0.6B,qwen3-0.6B,WO-2025215647-A1_fr_q_fr,WO-2025215647-A1,original,fr,fr,2,1.0
Qwen/Qwen3-Embedding-0.6B,qwen3-0.6B,WO-2025207093-A1_fr_q_fr,WO-2025207093-A1,original,fr,fr,1,0.0
Qwen/Qwen3-Embedding-0.6B,qwen3-0.6B,MX-2025004470-A_en_q_en,MX-2025004470-A,original,en,en,1,1.0
Qwen/Qwen3-Embedding-0.6B,qwen3-0.6B,EP-4626949-A1_fr_q_fr,EP-4626949-A1,original,fr,fr,1,1.0
Qwen/Qwen3-Embedding-0.6B,qwen3-0.6B,WO-2025206197-A1_fr_q_fr,WO-2025206197-A1,original,fr,fr,2,0.0
Qwen/Qwen3-Embedding-0.6B,qwen3-0.6B,WO-2022246526-A8_fr_q_fr,WO-2022246526-A8,original,fr,fr,1,1.0
Qwen/Qwen3-Embedding-0.6B,qwen3-0.6B,MX-2025006489-A_es_q_es,MX-2025006489-A,original,es,es,2,0.0
Qwen/Qwen3-Embedding-0.6B,qwen3-0.6B,WO-2021255541-A1_en_q_en,WO-2021255541-A1,original,en,en,2,0.5
Qwen/Qwen3-Embedding-0.6B,qwen3-0.6B,WO-2021255541-A1_en_q_de,WO-2021255541-A1,synthetic,de,en,2,0.0
Qwen/Qwen3-Embedding-0.6B,qwen3-0.6B,WO-2021255541-A1_fr_q_fr,WO-2021255541-A1,original,fr,fr,2,0.0
Qwen/Qwen3-Embedding-0.6B,qwen3-0.6B,WO-2021255541-A1_en_q_es,WO-2021255541-A1,synthetic,es,en,2,0.0
Qwen/Qwen3-Embedding-0.6B,qwen3-0.6B,WO-2021255541-A1_zh_q_zh,WO-2021255541-A1,original,zh,zh,2,1.0
Qwen/Qwen3-Embedding-0.6B,qwen3-0.6B,EP-4634663-A1_en_q_en,EP-4634663-A1,original,en,en,1,1.0
Qwen/Qwen3-Embedding-0.6B,qwen3-0.6B,EP-4634663-A1_en_q_de,EP-4634663-A1,synthetic,de,en,1,1.0
Qwen/Qwen3-Embedding-0.6B,qwen3-0.6B,EP-4634663-A1_fr_q_fr,EP-4634663-A1,original,fr,fr,1,0.0
Qwen/Qwen3-Embedding-0.6B,qwen3-0.6B,EP-4634663-A1_en_q_es,EP-4634663-A1,synthetic,es,en,1,1.0
Qwen/Qwen3-Embedding-0.6B,qwen3-0.6B,EP-4634663-A1_en_q_zh,EP-4634663-A1,synthetic,zh,en,1,1.0
Qwen/Qwen3-Embedding-0.6B,qwen3-0.6B,MX-2025005046-A_en_q_en,MX-2025005046-A,original,en,en,1,1.0
Qwen/Qwen3-Embedding-0.6B,qwen3-0.6B,MX-2025005046-A_en_q_de,MX-2025005046-A,synthetic,de,en,1,0.0
Qwen/Qwen3-Embedding-0.6B,qwen3-0.6B,MX-2025005046-A_en_q_fr,MX-2025005046-A,synthetic,fr,en,1,1.0
Qwen/Qwen3-Embedding-0.6B,qwen3-0.6B,MX-2025005046-A_es_q_es,MX-2025005046-A,original,es,es,1,0.0
Qwen/Qwen3-Embedding-0.6B,qwen3-0.6B,MX-2025005046-A_en_q_zh,MX-2025005046-A,synthetic,zh,en,1,1.0
Qwen/Qwen3-Embedding-0.6B,qwen3-0.6B,MX-2025007733-A_en_q_en,MX-2025007733-A,original,en,en,2,0.0
Qwen/Qwen3-Embedding-0.6B,qwen3-0.6B,MX-2025007733-A_en_q_de,MX-2025007733-A,synthetic,de,en,2,1.0
Qwen/Qwen3-Embedding-0.6B,qwen3-0.6B,MX-2025007733-A_en_q_fr,MX-2025007733-A,synthetic,fr,en,2,0.0
Qwen/Qwen3-Embedding-0.6B,qwen3-0.6B,MX-2025007733-A_es_q_es,MX-2025007733-A,original,es,es,2,0.0
Qwen/Qwen3-Embedding-0.6B,qwen3-0.6B,MX-2025007733-A_zh_q_zh,MX-2025007733-A,original,zh,zh,2,0.0
Qwen/Qwen3-Embedding-0.6B,qwen3-0.6B,MX-2025008227-A_en_q_en,MX-2025008227-A,original,en,en,1,1.0
Qwen/Qwen3-Embedding-0.6B,qwen3-0.6B,MX-2025008227-A_en_q_de,MX-2025008227-A,synthetic,de,en,1,1.0
Qwen/Qwen3-Embedding-0.6B,qwen3-0.6B,MX-2025008227-A_en_q_fr,MX-2025008227-A,synthetic,fr,en,1,1.0
Qwen/Qwen3-Embedding-0.6B,qwen3-0.6B,MX-2025008227-A_es_q_es,MX-2025008227-A,original,es,es,1,0.0
Qwen/Qwen3-Embedding-0.6B,qwen3-0.6B,MX-2025008227-A_en_q_zh,MX-2025008227-A,synthetic,zh,en,1,1.0
Qwen/Qwen3-Embedding-0.6B,qwen3-0.6B,WO-2025186592-A8_en_q_en,WO-2025186592-A8,original,en,en,1,1.0
Qwen/Qwen3-Embedding-0.6B,qwen3-0.6B,WO-2025186592-A8_en_q_de,WO-2025186592-A8,synthetic,de,en,1,1.0
Qwen/Qwen3-Embedding-0.6B,qwen3-0.6B,WO-2025186592-A8_fr_q_fr,WO-2025186592-A8,original,fr,fr,1,0.0
Qwen/Qwen3-Embedding-0.6B,qwen3-0.6B,WO-2025186592-A8_en_q_es,WO-2025186592-A8,synthetic,es,en,1,1.0
Qwen/Qwen3-Embedding-0.6B,qwen3-0.6B,WO-2025186592-A8_en_q_zh,WO-2025186592-A8,synthetic,zh,en,1,1.0
Qwen/Qwen3-Embedding-0.6B,qwen3-0.6B,MX-2025005709-A_en_q_en,MX-2025005709-A,original,en,en,1,0.0
Qwen/Qwen3-Embedding-0.6B,qwen3-0.6B,MX-2025005709-A_en_q_de,MX-2025005709-A,synthetic,de,en,1,0.0
Qwen/Qwen3-Embedding-0.6B,qwen3-0.6B,MX-2025005709-A_en_q_fr,MX-2025005709-A,synthetic,fr,en,1,0.0
Qwen/Qwen3-Embedding-0.6B,qwen3-0.6B,MX-2025005709-A_es_q_es,MX-2025005709-A,original,es,es,1,0.0
Qwen/Qwen3-Embedding-0.6B,qwen3-0.6B,MX-2025005709-A_en_q_zh,MX-2025005709-A,synthetic,zh,en,1,0.0
Qwen/Qwen3-Embedding-0.6B,qwen3-0.6B,MX-2025009739-A_en_q_en,MX-2025009739-A,original,en,en,2,0.0
Qwen/Qwen3-Embedding-0.6B,qwen3-0.6B,MX-2025009739-A_en_q_de,MX-2025009739-A,synthetic,de,en,2,0.0
Qwen/Qwen3-Embedding-0.6B,qwen3-0.6B,MX-2025009739-A_en_q_fr,MX-2025009739-A,synthetic,fr,en,2,0.5
Qwen/Qwen3-Embedding-0.6B,qwen3-0.6B,MX-2025009739-A_es_q_es,MX-2025009739-A,original,es,es,2,0.0
Qwen/Qwen3-Embedding-0.6B,qwen3-0.6B,MX-2025009739-A_zh_q_zh,MX-2025009739-A,original,zh,zh,2,0.5
Qwen/Qwen3-Embedding-0.6B,qwen3-0.6B,MX-2025008260-A_en_q_en,MX-2025008260-A,original,en,en,2,1.0
Qwen/Qwen3-Embedding-0.6B,qwen3-0.6B,MX-2025008260-A_en_q_de,MX-2025008260-A,synthetic,de,en,2,0.0
Qwen/Qwen3-Embedding-0.6B,qwen3-0.6B,MX-2025008260-A_en_q_fr,MX-2025008260-A,synthetic,fr,en,2,0.0
Qwen/Qwen3-Embedding-0.6B,qwen3-0.6B,MX-2025008260-A_es_q_es,MX-2025008260-A,original,es,es,2,0.0
Qwen/Qwen3-Embedding-0.6B,qwen3-0.6B,MX-2025008260-A_zh_q_zh,MX-2025008260-A,original,zh,zh,2,1.0
Qwen/Qwen3-Embedding-0.6B,qwen3-0.6B,WO-2025216711-A1_en_q_en,WO-2025216711-A1,original,en,en,2,1.0
Qwen/Qwen3-Embedding-0.6B,qwen3-0.6B,WO-2025216711-A1_en_q_de,WO-2025216711-A1,synthetic,de,en,2,1.0
Qwen/Qwen3-Embedding-0.6B,qwen3-0.6B,WO-2025216711-A1_fr_q_fr,WO-2025216711-A1,original,fr,fr,2,0.0
Qwen/Qwen3-Embedding-0.6B,qwen3-0.6B,WO-2025216711-A1_en_q_es,WO-2025216711-A1,synthetic,es,en,2,1.0
Qwen/Qwen3-Embedding-0.6B,qwen3-0.6B,WO-2025216711-A1_zh_q_zh,WO-2025216711-A1,original,zh,zh,2,1.0
nomic-ai/nomic-embed-text-v2-moe,nomic-v2-moe,EP-4633662-A1_en_q_en,EP-4633662-A1,original,en,en,1,0.0
nomic-ai/nomic-embed-text-v2-moe,nomic-v2-moe,EP-4630509-A1_fr_q_fr,EP-4630509-A1,original,fr,fr,2,0.0
nomic-ai/nomic-embed-text-v2-moe,nomic-v2-moe,EP-4634248-A1_en_q_es,EP-4634248-A1,synthetic,es,en,1,0.0
nomic-ai/nomic-embed-text-v2-moe,nomic-v2-moe,EP-4634187-A1_en_q_es,EP-4634187-A1,synthetic,es,en,1,1.0
nomic-ai/nomic-embed-text-v2-moe,nomic-v2-moe,EP-4634142-A1_fr_q_fr,EP-4634142-A1,original,fr,fr,2,0.0
nomic-ai/nomic-embed-text-v2-moe,nomic-v2-moe,EP-4633768-A2_en_q_es,EP-4633768-A2,synthetic,es,en,1,0.0
nomic-ai/nomic-embed-text-v2-moe,nomic-v2-moe,EP-4633645-A1_fr_q_fr,EP-4633645-A1,original,fr,fr,1,0.0
nomic-ai/nomic-embed-text-v2-moe,nomic-v2-moe,EP-4633622-A2_en_q_de,EP-4633622-A2,synthetic,de,en,1,1.0
nomic-ai/nomic-embed-text-v2-moe,nomic-v2-moe,EP-4634601-A1_en_q_en,EP-4634601-A1,original,en,en,1,0.0
nomic-ai/nomic-embed-text-v2-moe,nomic-v2-moe,EP-4630626-A1_de_q_de,EP-4630626-A1,original,de,de,2,1.0
nomic-ai/nomic-embed-text-v2-moe,nomic-v2-moe,EP-4630600-A1_de_q_en,EP-4630600-A1,synthetic,en,de,2,0.0
nomic-ai/nomic-embed-text-v2-moe,nomic-v2-moe,EP-4633632-A1_en_q_es,EP-4633632-A1,synthetic,es,en,2,0.0
nomic-ai/nomic-embed-text-v2-moe,nomic-v2-moe,EP-4634136-A1_en_q_es,EP-4634136-A1,synthetic,es,en,1,0.0
nomic-ai/nomic-embed-text-v2-moe,nomic-v2-moe,EP-4634157-A1_en_q_de,EP-4634157-A1,synthetic,de,en,1,0.0
nomic-ai/nomic-embed-text-v2-moe,nomic-v2-moe,EP-4630574-A1_de_q_en,EP-4630574-A1,synthetic,en,de,2,0.0
nomic-ai/nomic-embed-text-v2-moe,nomic-v2-moe,EP-4634111-A1_en_q_de,EP-4634111-A1,synthetic,de,en,1,0.0
nomic-ai/nomic-embed-text-v2-moe,nomic-v2-moe,EP-4634596-A1_en_q_es,EP-4634596-A1,synthetic,es,en,1,0.0
nomic-ai/nomic-embed-text-v2-moe,nomic-v2-moe,EP-4634139-A1_en_q_es,EP-4634139-A1,synthetic,es,en,1,1.0
nomic-ai/nomic-embed-text-v2-moe,nomic-v2-moe,WO-2025153617-A3_de_q_en,WO-2025153617-A3,synthetic,en,de,2,0.0
nomic-ai/nomic-embed-text-v2-moe,nomic-v2-moe,EP-4634251-A1_en_q_es,EP-4634251-A1,synthetic,es,en,2,0.0
nomic-ai/nomic-embed-text-v2-moe,nomic-v2-moe,EP-4634426-A1_en_q_es,EP-4634426-A1,synthetic,es,en,2,0.0
nomic-ai/nomic-embed-text-v2-moe,nomic-v2-moe,EP-4634729-A1_en_q_de,EP-4634729-A1,synthetic,de,en,1,1.0
nomic-ai/nomic-embed-text-v2-moe,nomic-v2-moe,EP-4626569-A1_de_q_en,EP-4626569-A1,synthetic,en,de,2,0.5
nomic-ai/nomic-embed-text-v2-moe,nomic-v2-moe,EP-4634394-A2_en_q_es,EP-4634394-A2,synthetic,es,en,1,1.0
nomic-ai/nomic-embed-text-v2-moe,nomic-v2-moe,EP-4634424-A1_en_q_es,EP-4634424-A1,synthetic,es,en,1,0.0
nomic-ai/nomic-embed-text-v2-moe,nomic-v2-moe,EP-4633602-A1_en_q_de,EP-4633602-A1,synthetic,de,en,1,0.0
nomic-ai/nomic-embed-text-v2-moe,nomic-v2-moe,EP-4634337-A1_en_q_en,EP-4634337-A1,original,en,en,2,0.0
nomic-ai/nomic-embed-text-v2-moe,nomic-v2-moe,EP-4634128-A1_en_q_en,EP-4634128-A1,original,en,en,1,0.0
nomic-ai/nomic-embed-text-v2-moe,nomic-v2-moe,EP-4633896-A1_en_q_en,EP-4633896-A1,original,en,en,1,0.0
nomic-ai/nomic-embed-text-v2-moe,nomic-v2-moe,WO-2025215091-A1_fr_q_fr,WO-2025215091-A1,original,fr,fr,2,0.0
nomic-ai/nomic-embed-text-v2-moe,nomic-v2-moe,EP-4633599-A1_fr_q_fr,EP-4633599-A1,original,fr,fr,1,1.0
nomic-ai/nomic-embed-text-v2-moe,nomic-v2-moe,EP-4633656-A1_fr_q_fr,EP-4633656-A1,original,fr,fr,1,1.0
nomic-ai/nomic-embed-text-v2-moe,nomic-v2-moe,WO-2025208167-A1_de_q_de,WO-2025208167-A1,original,de,de,2,0.0
nomic-ai/nomic-embed-text-v2-moe,nomic-v2-moe,EP-4634396-A1_fr_q_fr,EP-4634396-A1,original,fr,fr,1,1.0
nomic-ai/nomic-embed-text-v2-moe,nomic-v2-moe,EP-4633893-A1_fr_q_fr,EP-4633893-A1,original,fr,fr,1,0.0
nomic-ai/nomic-embed-text-v2-moe,nomic-v2-moe,EP-4633462-A1_en_q_en,EP-4633462-A1,original,en,en,2,1.0
nomic-ai/nomic-embed-text-v2-moe,nomic-v2-moe,EP-4633386-A1_en_q_en,EP-4633386-A1,original,en,en,1,0.0
nomic-ai/nomic-embed-text-v2-moe,nomic-v2-moe,EP-4633970-A1_fr_q_fr,EP-4633970-A1,original,fr,fr,1,0.0
nomic-ai/nomic-embed-text-v2-moe,nomic-v2-moe,EP-4633415-A1_en_q_en,EP-4633415-A1,original,en,en,1,0.0
nomic-ai/nomic-embed-text-v2-moe,nomic-v2-moe,EP-4633415-A1_en_q_de,EP-4633415-A1,synthetic,de,en,1,0.0
nomic-ai/nomic-embed-text-v2-moe,nomic-v2-moe,EP-4633415-A1_fr_q_fr,EP-4633415-A1,original,fr,fr,1,0.0
nomic-ai/nomic-embed-text-v2-moe,nomic-v2-moe,EP-4633415-A1_en_q_es,EP-4633415-A1,synthetic,es,en,1,1.0
nomic-ai/nomic-embed-text-v2-moe,nomic-v2-moe,EP-4633950-A1_en_q_en,EP-4633950-A1,original,en,en,1,0.0
nomic-ai/nomic-embed-text-v2-moe,nomic-v2-moe,EP-4633950-A1_en_q_de,EP-4633950-A1,synthetic,de,en,1,0.0
nomic-ai/nomic-embed-text-v2-moe,nomic-v2-moe,EP-4633950-A1_fr_q_fr,EP-4633950-A1,original,fr,fr,1,0.0
nomic-ai/nomic-embed-text-v2-moe,nomic-v2-moe,EP-4633950-A1_en_q_es,EP-4633950-A1,synthetic,es,en,1,0.0
nomic-ai/nomic-embed-text-v2-moe,nomic-v2-moe,EP-4634629-A1_en_q_en,EP-4634629-A1,original,en,en,2,0.0
nomic-ai/nomic-embed-text-v2-moe,nomic-v2-moe,EP-4634629-A1_de_q_de,EP-4634629-A1,original,de,de,2,0.0
nomic-ai/nomic-embed-text-v2-moe,nomic-v2-moe,EP-4634629-A1_fr_q_fr,EP-4634629-A1,original,fr,fr,2,0.0
nomic-ai/nomic-embed-text-v2-moe,nomic-v2-moe,EP-4634629-A1_en_q_es,EP-4634629-A1,synthetic,es,en,2,0.0
nomic-ai/nomic-embed-text-v2-moe,nomic-v2-moe,EP-4633582-A1_en_q_es,EP-4633582-A1,synthetic,es,en,1,0.0
nomic-ai/nomic-embed-text-v2-moe,nomic-v2-moe,EP-4634165-A1_en_q_es,EP-4634165-A1,synthetic,es,en,1,1.0
nomic-ai/nomic-embed-text-v2-moe,nomic-v2-moe,EP-4633677-A1_en_q_de,EP-4633677-A1,synthetic,de,en,1,0.0
nomic-ai/nomic-embed-text-v2-moe,nomic-v2-moe,EP-4634246-A1_en_q_en,EP-4634246-A1,original,en,en,1,0.0
nomic-ai/nomic-embed-text-v2-moe,nomic-v2-moe,EP-4634120-A1_en_q_de,EP-4634120-A1,synthetic,de,en,1,0.0
nomic-ai/nomic-embed-text-v2-moe,nomic-v2-moe,EP-4633638-A1_en_q_en,EP-4633638-A1,original,en,en,1,1.0
nomic-ai/nomic-embed-text-v2-moe,nomic-v2-moe,EP-4633389-A1_en_q_en,EP-4633389-A1,original,en,en,1,1.0
nomic-ai/nomic-embed-text-v2-moe,nomic-v2-moe,WO-2025209629-A1_de_q_es,WO-2025209629-A1,synthetic,es,de,2,1.0
nomic-ai/nomic-embed-text-v2-moe,nomic-v2-moe,EP-4634132-A2_en_q_en,EP-4634132-A2,original,en,en,1,0.0
nomic-ai/nomic-embed-text-v2-moe,nomic-v2-moe,EP-4634914-A1_en_q_es,EP-4634914-A1,synthetic,es,en,1,1.0
nomic-ai/nomic-embed-text-v2-moe,nomic-v2-moe,EP-4634285-A1_en_q_de,EP-4634285-A1,synthetic,de,en,1,1.0
nomic-ai/nomic-embed-text-v2-moe,nomic-v2-moe,EP-4634122-A1_fr_q_fr,EP-4634122-A1,original,fr,fr,1,0.0
nomic-ai/nomic-embed-text-v2-moe,nomic-v2-moe,EP-4634365-A1_fr_q_fr,EP-4634365-A1,original,fr,fr,1,1.0
nomic-ai/nomic-embed-text-v2-moe,nomic-v2-moe,WO-2025214709-A1_de_q_es,WO-2025214709-A1,synthetic,es,de,2,0.0
nomic-ai/nomic-embed-text-v2-moe,nomic-v2-moe,EP-4633426-A2_en_q_es,EP-4633426-A2,synthetic,es,en,2,1.0
nomic-ai/nomic-embed-text-v2-moe,nomic-v2-moe,EP-4630604-A1_de_q_es,EP-4630604-A1,synthetic,es,de,2,0.5
nomic-ai/nomic-embed-text-v2-moe,nomic-v2-moe,EP-4634118-A1_en_q_es,EP-4634118-A1,synthetic,es,en,2,0.0
nomic-ai/nomic-embed-text-v2-moe,nomic-v2-moe,EP-4634404-A1_en_q_de,EP-4634404-A1,synthetic,de,en,1,1.0
nomic-ai/nomic-embed-text-v2-moe,nomic-v2-moe,EP-4633465-A1_en_q_de,EP-4633465-A1,synthetic,de,en,1,1.0
nomic-ai/nomic-embed-text-v2-moe,nomic-v2-moe,EP-4633680-A1_en_q_es,EP-4633680-A1,synthetic,es,en,1,1.0
nomic-ai/nomic-embed-text-v2-moe,nomic-v2-moe,WO-2025201606-A1_de_q_es,WO-2025201606-A1,synthetic,es,de,2,1.0
nomic-ai/nomic-embed-text-v2-moe,nomic-v2-moe,EP-4634435-A1_en_q_de,EP-4634435-A1,synthetic,de,en,1,1.0
nomic-ai/nomic-embed-text-v2-moe,nomic-v2-moe,EP-4634143-A1_en_q_de,EP-4634143-A1,synthetic,de,en,1,0.0
nomic-ai/nomic-embed-text-v2-moe,nomic-v2-moe,EP-4634411-A1_en_q_de,EP-4634411-A1,synthetic,de,en,1,0.0
nomic-ai/nomic-embed-text-v2-moe,nomic-v2-moe,EP-4634287-A1_en_q_es,EP-4634287-A1,synthetic,es,en,2,0.0
nomic-ai/nomic-embed-text-v2-moe,nomic-v2-moe,EP-4633627-A1_en_q_de,EP-4633627-A1,synthetic,de,en,1,1.0
nomic-ai/nomic-embed-text-v2-moe,nomic-v2-moe,EP-4633670-A1_fr_q_fr,EP-4633670-A1,original,fr,fr,1,1.0
nomic-ai/nomic-embed-text-v2-moe,nomic-v2-moe,WO-2025202163-A1_fr_q_fr,WO-2025202163-A1,original,fr,fr,2,1.0
nomic-ai/nomic-embed-text-v2-moe,nomic-v2-moe,WO-2025214852-A1_fr_q_fr,WO-2025214852-A1,original,fr,fr,2,0.0
nomic-ai/nomic-embed-text-v2-moe,nomic-v2-moe,WO-2025214996-A1_fr_q_fr,WO-2025214996-A1,original,fr,fr,2,0.0
nomic-ai/nomic-embed-text-v2-moe,nomic-v2-moe,EP-4630123-A1_de_q_de,EP-4630123-A1,original,de,de,2,0.0
nomic-ai/nomic-embed-text-v2-moe,nomic-v2-moe,EP-4634646-A1_en_q_en,EP-4634646-A1,original,en,en,1,1.0
nomic-ai/nomic-embed-text-v2-moe,nomic-v2-moe,EP-4634294-A1_en_q_en,EP-4634294-A1,original,en,en,1,0.0
nomic-ai/nomic-embed-text-v2-moe,nomic-v2-moe,EP-4634436-A1_fr_q_fr,EP-4634436-A1,original,fr,fr,1,1.0
nomic-ai/nomic-embed-text-v2-moe,nomic-v2-moe,EP-4633761-A1_en_q_en,EP-4633761-A1,original,en,en,1,0.0
nomic-ai/nomic-embed-text-v2-moe,nomic-v2-moe,WO-2025215167-A1_de_q_de,WO-2025215167-A1,original,de,de,2,0.5
nomic-ai/nomic-embed-text-v2-moe,nomic-v2-moe,EP-4626962-A1_de_q_en,EP-4626962-A1,synthetic,en,de,2,1.0
nomic-ai/nomic-embed-text-v2-moe,nomic-v2-moe,EP-4626962-A1_de_q_de,EP-4626962-A1,original,de,de,2,0.5
nomic-ai/nomic-embed-text-v2-moe,nomic-v2-moe,EP-4626962-A1_fr_q_fr,EP-4626962-A1,original,fr,fr,2,1.0
nomic-ai/nomic-embed-text-v2-moe,nomic-v2-moe,EP-4626962-A1_de_q_es,EP-4626962-A1,synthetic,es,de,2,1.0
nomic-ai/nomic-embed-text-v2-moe,nomic-v2-moe,WO-2025201936-A1_de_q_en,WO-2025201936-A1,synthetic,en,de,2,0.0
nomic-ai/nomic-embed-text-v2-moe,nomic-v2-moe,WO-2025201936-A1_fr_q_fr,WO-2025201936-A1,original,fr,fr,2,0.0
nomic-ai/nomic-embed-text-v2-moe,nomic-v2-moe,WO-2025201936-A1_de_q_es,WO-2025201936-A1,synthetic,es,de,2,0.0
nomic-ai/nomic-embed-text-v2-moe,nomic-v2-moe,EP-4634597-A1_en_q_en,EP-4634597-A1,original,en,en,1,0.0
nomic-ai/nomic-embed-text-v2-moe,nomic-v2-moe,EP-4634597-A1_en_q_de,EP-4634597-A1,synthetic,de,en,1,1.0
nomic-ai/nomic-embed-text-v2-moe,nomic-v2-moe,EP-4634597-A1_fr_q_fr,EP-4634597-A1,original,fr,fr,1,1.0
nomic-ai/nomic-embed-text-v2-moe,nomic-v2-moe,EP-4634597-A1_en_q_es,EP-4634597-A1,synthetic,es,en,1,1.0
nomic-ai/nomic-embed-text-v2-moe,nomic-v2-moe,EP-4634381-A1_en_q_zh,EP-4634381-A1,synthetic,zh,en,1,0.0
nomic-ai/nomic-embed-text-v2-moe,nomic-v2-moe,EP-4633589-A1_en_q_zh,EP-4633589-A1,synthetic,zh,en,1,0.0
nomic-ai/nomic-embed-text-v2-moe,nomic-v2-moe,EP-4627024-A1_de_q_zh,EP-4627024-A1,synthetic,zh,de,2,0.0
nomic-ai/nomic-embed-text-v2-moe,nomic-v2-moe,EP-4634926-A1_en_q_zh,EP-4634926-A1,synthetic,zh,en,1,0.0
nomic-ai/nomic-embed-text-v2-moe,nomic-v2-moe,EP-4633863-A2_en_q_zh,EP-4633863-A2,synthetic,zh,en,2,0.0
nomic-ai/nomic-embed-text-v2-moe,nomic-v2-moe,EP-4633797-A1_en_q_zh,EP-4633797-A1,synthetic,zh,en,1,1.0
nomic-ai/nomic-embed-text-v2-moe,nomic-v2-moe,EP-4633777-A1_en_q_zh,EP-4633777-A1,synthetic,zh,en,1,0.0
nomic-ai/nomic-embed-text-v2-moe,nomic-v2-moe,EP-4633621-A1_en_q_zh,EP-4633621-A1,synthetic,zh,en,1,0.0
nomic-ai/nomic-embed-text-v2-moe,nomic-v2-moe,EP-4634723-A1_en_q_zh,EP-4634723-A1,synthetic,zh,en,1,0.0
nomic-ai/nomic-embed-text-v2-moe,nomic-v2-moe,EP-4633581-A1_en_q_zh,EP-4633581-A1,synthetic,zh,en,1,0.0
nomic-ai/nomic-embed-text-v2-moe,nomic-v2-moe,EP-4634416-A1_en_q_zh,EP-4634416-A1,synthetic,zh,en,1,0.0
nomic-ai/nomic-embed-text-v2-moe,nomic-v2-moe,EP-4634305-A1_en_q_zh,EP-4634305-A1,synthetic,zh,en,1,1.0
nomic-ai/nomic-embed-text-v2-moe,nomic-v2-moe,EP-4633531-A1_en_q_zh,EP-4633531-A1,synthetic,zh,en,1,1.0
nomic-ai/nomic-embed-text-v2-moe,nomic-v2-moe,EP-4634333-A1_en_q_zh,EP-4634333-A1,synthetic,zh,en,1,0.0
nomic-ai/nomic-embed-text-v2-moe,nomic-v2-moe,EP-4634212-A1_en_q_zh,EP-4634212-A1,synthetic,zh,en,1,1.0
nomic-ai/nomic-embed-text-v2-moe,nomic-v2-moe,EP-4629959-A1_de_q_zh,EP-4629959-A1,synthetic,zh,de,2,0.5
nomic-ai/nomic-embed-text-v2-moe,nomic-v2-moe,EP-4627881-A1_de_q_zh,EP-4627881-A1,synthetic,zh,de,2,0.0
nomic-ai/nomic-embed-text-v2-moe,nomic-v2-moe,EP-4633576-A1_en_q_zh,EP-4633576-A1,synthetic,zh,en,1,0.0
nomic-ai/nomic-embed-text-v2-moe,nomic-v2-moe,EP-4633742-A2_en_q_zh,EP-4633742-A2,synthetic,zh,en,1,1.0
nomic-ai/nomic-embed-text-v2-moe,nomic-v2-moe,EP-4633791-A1_en_q_zh,EP-4633791-A1,synthetic,zh,en,1,0.0
nomic-ai/nomic-embed-text-v2-moe,nomic-v2-moe,EP-4630574-A1_fr_q_fr,EP-4630574-A1,original,fr,fr,2,0.0
nomic-ai/nomic-embed-text-v2-moe,nomic-v2-moe,EP-4634111-A1_fr_q_fr,EP-4634111-A1,original,fr,fr,1,0.0
nomic-ai/nomic-embed-text-v2-moe,nomic-v2-moe,EP-4633622-A2_en_q_es,EP-4633622-A2,synthetic,es,en,1,1.0
nomic-ai/nomic-embed-text-v2-moe,nomic-v2-moe,EP-4634187-A1_en_q_es_120,EP-4634187-A1,synthetic,es,en,1,1.0
nomic-ai/nomic-embed-text-v2-moe,nomic-v2-moe,EP-4634139-A1_fr_q_fr,EP-4634139-A1,original,fr,fr,1,1.0
nomic-ai/nomic-embed-text-v2-moe,nomic-v2-moe,EP-4634136-A1_en_q_en,EP-4634136-A1,original,en,en,1,0.0
nomic-ai/nomic-embed-text-v2-moe,nomic-v2-moe,EP-4634136-A1_en_q_de,EP-4634136-A1,synthetic,de,en,1,0.0
nomic-ai/nomic-embed-text-v2-moe,nomic-v2-moe,EP-4634136-A1_fr_q_fr,EP-4634136-A1,original,fr,fr,1,0.0
nomic-ai/nomic-embed-text-v2-moe,nomic-v2-moe,EP-4634136-A1_en_q_es_125,EP-4634136-A1,synthetic,es,en,1,0.0
nomic-ai/nomic-embed-text-v2-moe,nomic-v2-moe,q_126_zh,EP-4634136-A1,original,zh,,2,0.0
nomic-ai/nomic-embed-text-v2-moe,nomic-v2-moe,EP-4634248-A1_en_q_en,EP-4634248-A1,original,en,en,1,1.0
nomic-ai/nomic-embed-text-v2-moe,nomic-v2-moe,EP-4634142-A1_en_q_es,EP-4634142-A1,synthetic,es,en,2,0.5
nomic-ai/nomic-embed-text-v2-moe,nomic-v2-moe,WO-2025214812-A1_de_q_es,WO-2025214812-A1,synthetic,es,de,2,1.0
nomic-ai/nomic-embed-text-v2-moe,nomic-v2-moe,EP-4633662-A1_en_q_de,EP-4633662-A1,synthetic,de,en,1,0.0
nomic-ai/nomic-embed-text-v2-moe,nomic-v2-moe,WO-2025153617-A3_de_q_de,WO-2025153617-A3,original,de,de,2,0.0
nomic-ai/nomic-embed-text-v2-moe,nomic-v2-moe,EP-4634596-A1_en_q_en,EP-4634596-A1,original,en,en,1,1.0
nomic-ai/nomic-embed-text-v2-moe,nomic-v2-moe,EP-4634596-A1_en_q_de,EP-4634596-A1,synthetic,de,en,1,1.0
nomic-ai/nomic-embed-text-v2-moe,nomic-v2-moe,EP-4634596-A1_fr_q_fr,EP-4634596-A1,original,fr,fr,1,1.0
nomic-ai/nomic-embed-text-v2-moe,nomic-v2-moe,EP-4634596-A1_en_q_es_135,EP-4634596-A1,synthetic,es,en,1,1.0
nomic-ai/nomic-embed-text-v2-moe,nomic-v2-moe,q_136_zh,EP-4634596-A1,original,zh,,2,1.0
nomic-ai/nomic-embed-text-v2-moe,nomic-v2-moe,EP-4626887-A1_en_q_en,EP-4626887-A1,original,en,en,1,1.0
nomic-ai/nomic-embed-text-v2-moe,nomic-v2-moe,EP-4630033-A1_en_q_en,EP-4630033-A1,original,en,en,1,1.0
nomic-ai/nomic-embed-text-v2-moe,nomic-v2-moe,EP-4532639-A1_fr_q_fr,EP-4532639-A1,original,fr,fr,2,0.0
nomic-ai/nomic-embed-text-v2-moe,nomic-v2-moe,EP-4627010-A1_en_q_de,EP-4627010-A1,synthetic,de,en,1,0.0
nomic-ai/nomic-embed-text-v2-moe,nomic-v2-moe,EP-4626937-A1_en_q_de,EP-4626937-A1,synthetic,de,en,1,1.0
nomic-ai/nomic-embed-text-v2-moe,nomic-v2-moe,WO-2022119476-A1_en_q_de,WO-2022119476-A1,synthetic,de,en,1,0.0
nomic-ai/nomic-embed-text-v2-moe,nomic-v2-moe,WO-2025131900-A1_en_q_en,WO-2025131900-A1,original,en,en,3,1.0
nomic-ai/nomic-embed-text-v2-moe,nomic-v2-moe,WO-2025200741-A1_en_q_zh,WO-2025200741-A1,synthetic,zh,en,1,0.0
nomic-ai/nomic-embed-text-v2-moe,nomic-v2-moe,MX-2025009603-A_en_q_en,MX-2025009603-A,original,en,en,2,0.0
nomic-ai/nomic-embed-text-v2-moe,nomic-v2-moe,MX-2025009952-A_en_q_zh,MX-2025009952-A,synthetic,zh,en,1,1.0
nomic-ai/nomic-embed-text-v2-moe,nomic-v2-moe,WO-2025150253-A1_en_q_es,WO-2025150253-A1,synthetic,es,en,1,0.0
nomic-ai/nomic-embed-text-v2-moe,nomic-v2-moe,WO-2025186929-A8_en_q_en,WO-2025186929-A8,original,en,en,1,1.0
nomic-ai/nomic-embed-text-v2-moe,nomic-v2-moe,WO-2025211042-A1_en_q_en,WO-2025211042-A1,original,en,en,1,1.0
nomic-ai/nomic-embed-text-v2-moe,nomic-v2-moe,WO-2025209205-A1_en_q_en,WO-2025209205-A1,original,en,en,2,0.0
nomic-ai/nomic-embed-text-v2-moe,nomic-v2-moe,WO-2025207982-A1_en_q_de,WO-2025207982-A1,synthetic,de,en,1,1.0
nomic-ai/nomic-embed-text-v2-moe,nomic-v2-moe,WO-2025210325-A1_en_q_de,WO-2025210325-A1,synthetic,de,en,1,0.0
nomic-ai/nomic-embed-text-v2-moe,nomic-v2-moe,WO-2025216427-A1_zh_q_zh,WO-2025216427-A1,original,zh,zh,2,0.0
nomic-ai/nomic-embed-text-v2-moe,nomic-v2-moe,WO-2025197823-A1_zh_q_zh,WO-2025197823-A1,original,zh,zh,2,0.0
nomic-ai/nomic-embed-text-v2-moe,nomic-v2-moe,MX-2025002756-A_en_q_en,MX-2025002756-A,original,en,en,1,1.0
nomic-ai/nomic-embed-text-v2-moe,nomic-v2-moe,WO-2025202632-A1_en_q_en,WO-2025202632-A1,original,en,en,1,1.0
nomic-ai/nomic-embed-text-v2-moe,nomic-v2-moe,EP-4627608-A1_en_q_en,EP-4627608-A1,original,en,en,1,0.0
nomic-ai/nomic-embed-text-v2-moe,nomic-v2-moe,EP-4634668-A1_fr_q_fr,EP-4634668-A1,original,fr,fr,1,1.0
nomic-ai/nomic-embed-text-v2-moe,nomic-v2-moe,MX-2025009965-A_en_q_de,MX-2025009965-A,synthetic,de,en,1,0.0
nomic-ai/nomic-embed-text-v2-moe,nomic-v2-moe,WO-2025164300-A1_en_q_de,WO-2025164300-A1,synthetic,de,en,1,0.0
nomic-ai/nomic-embed-text-v2-moe,nomic-v2-moe,MX-2025009189-A_en_q_de,MX-2025009189-A,synthetic,de,en,1,1.0
nomic-ai/nomic-embed-text-v2-moe,nomic-v2-moe,WO-2024253632-A1_en_q_en,WO-2024253632-A1,original,en,en,1,0.0
nomic-ai/nomic-embed-text-v2-moe,nomic-v2-moe,WO-2025216023-A1_zh_q_zh,WO-2025216023-A1,original,zh,zh,2,0.0
nomic-ai/nomic-embed-text-v2-moe,nomic-v2-moe,WO-2025211128-A1_en_q_en,WO-2025211128-A1,original,en,en,1,1.0
nomic-ai/nomic-embed-text-v2-moe,nomic-v2-moe,MX-2025010237-A_en_q_zh,MX-2025010237-A,synthetic,zh,en,1,0.0
nomic-ai/nomic-embed-text-v2-moe,nomic-v2-moe,EP-4633785-A2_en_q_es,EP-4633785-A2,synthetic,es,en,1,0.0
nomic-ai/nomic-embed-text-v2-moe,nomic-v2-moe,MX-2025005737-A_en_q_en,MX-2025005737-A,original,en,en,1,0.0
nomic-ai/nomic-embed-text-v2-moe,nomic-v2-moe,MX-2025010606-A_en_q_en,MX-2025010606-A,original,en,en,1,1.0
nomic-ai/nomic-embed-text-v2-moe,nomic-v2-moe,MX-2025010877-A_en_q_en,MX-2025010877-A,original,en,en,1,1.0
nomic-ai/nomic-embed-text-v2-moe,nomic-v2-moe,EP-4584035-A1_de_q_de,EP-4584035-A1,original,de,de,3,0.0
nomic-ai/nomic-embed-text-v2-moe,nomic-v2-moe,WO-2025170306-A1_en_q_de,WO-2025170306-A1,synthetic,de,en,2,0.0
nomic-ai/nomic-embed-text-v2-moe,nomic-v2-moe,WO-2025210569-A1_zh_q_zh,WO-2025210569-A1,original,zh,zh,2,0.0
nomic-ai/nomic-embed-text-v2-moe,nomic-v2-moe,MX-2025010084-A_en_q_zh,MX-2025010084-A,synthetic,zh,en,1,0.0
nomic-ai/nomic-embed-text-v2-moe,nomic-v2-moe,WO-2025186542-A8_en_q_en,WO-2025186542-A8,original,en,en,1,0.0
nomic-ai/nomic-embed-text-v2-moe,nomic-v2-moe,WO-2025206130-A1_zh_q_zh,WO-2025206130-A1,original,zh,zh,2,0.0
nomic-ai/nomic-embed-text-v2-moe,nomic-v2-moe,WO-2025208054-A1_en_q_de,WO-2025208054-A1,synthetic,de,en,1,1.0
nomic-ai/nomic-embed-text-v2-moe,nomic-v2-moe,WO-2025201708-A1_en_q_zh,WO-2025201708-A1,synthetic,zh,en,1,0.0
nomic-ai/nomic-embed-text-v2-moe,nomic-v2-moe,WO-2025141238-A1_es_q_es,WO-2025141238-A1,original,es,es,2,0.0
nomic-ai/nomic-embed-text-v2-moe,nomic-v2-moe,MX-2025004351-A_en_q_en,MX-2025004351-A,original,en,en,1,0.0
nomic-ai/nomic-embed-text-v2-moe,nomic-v2-moe,WO-2025200809-A1_en_q_en,WO-2025200809-A1,original,en,en,2,0.5
nomic-ai/nomic-embed-text-v2-moe,nomic-v2-moe,WO-2025201644-A1_fr_q_fr,WO-2025201644-A1,original,fr,fr,2,0.5
nomic-ai/nomic-embed-text-v2-moe,nomic-v2-moe,MX-2025003633-A_en_q_de,MX-2025003633-A,synthetic,de,en,1,0.0
nomic-ai/nomic-embed-text-v2-moe,nomic-v2-moe,WO-2025170482-A1_en_q_de,WO-2025170482-A1,synthetic,de,en,2,0.0
nomic-ai/nomic-embed-text-v2-moe,nomic-v2-moe,MX-2025002762-A_en_q_en,MX-2025002762-A,original,en,en,1,0.0
nomic-ai/nomic-embed-text-v2-moe,nomic-v2-moe,MX-2025009196-A_en_q_de,MX-2025009196-A,synthetic,de,en,1,0.0
nomic-ai/nomic-embed-text-v2-moe,nomic-v2-moe,EP-4584246-A1_en_q_zh,EP-4584246-A1,synthetic,zh,en,2,1.0
nomic-ai/nomic-embed-text-v2-moe,nomic-v2-moe,WO-2022031256-A1_en_q_zh,WO-2022031256-A1,synthetic,zh,en,1,0.0
nomic-ai/nomic-embed-text-v2-moe,nomic-v2-moe,ES-3035119-A1_en_q_fr,ES-3035119-A1,synthetic,fr,en,2,0.0
nomic-ai/nomic-embed-text-v2-moe,nomic-v2-moe,WO-2022231470-A1_en_q_de,WO-2022231470-A1,synthetic,de,en,1,0.0
nomic-ai/nomic-embed-text-v2-moe,nomic-v2-moe,EP-4627127-A1_en_q_de,EP-4627127-A1,synthetic,de,en,2,0.0
nomic-ai/nomic-embed-text-v2-moe,nomic-v2-moe,WO-2025185983-A1_en_q_es,WO-2025185983-A1,synthetic,es,en,2,0.0
nomic-ai/nomic-embed-text-v2-moe,nomic-v2-moe,EP-4627015-A1_en_q_de,EP-4627015-A1,synthetic,de,en,1,0.0
nomic-ai/nomic-embed-text-v2-moe,nomic-v2-moe,WO-2025212979-A1_en_q_de,WO-2025212979-A1,synthetic,de,en,2,0.0
nomic-ai/nomic-embed-text-v2-moe,nomic-v2-moe,MX-2025010953-A_en_q_zh,MX-2025010953-A,synthetic,zh,en,1,1.0
nomic-ai/nomic-embed-text-v2-moe,nomic-v2-moe,WO-2025207427-A1_en_q_de,WO-2025207427-A1,synthetic,de,en,2,0.5
nomic-ai/nomic-embed-text-v2-moe,nomic-v2-moe,MX-2025007532-A_en_q_de,MX-2025007532-A,synthetic,de,en,2,0.0
nomic-ai/nomic-embed-text-v2-moe,nomic-v2-moe,EP-4627092-A1_en_q_zh,EP-4627092-A1,synthetic,zh,en,1,0.0
nomic-ai/nomic-embed-text-v2-moe,nomic-v2-moe,EP-4584229-A1_en_q_es,EP-4584229-A1,synthetic,es,en,3,0.0
nomic-ai/nomic-embed-text-v2-moe,nomic-v2-moe,WO-2024054196-A1_en_q_zh,WO-2024054196-A1,synthetic,zh,en,1,0.0
nomic-ai/nomic-embed-text-v2-moe,nomic-v2-moe,WO-2025164618-A1_en_q_es,WO-2025164618-A1,synthetic,es,en,2,0.0
nomic-ai/nomic-embed-text-v2-moe,nomic-v2-moe,EP-4626889-A1_en_q_es,EP-4626889-A1,synthetic,es,en,1,0.0
nomic-ai/nomic-embed-text-v2-moe,nomic-v2-moe,MX-2025004761-A_en_q_zh,MX-2025004761-A,synthetic,zh,en,1,0.0
nomic-ai/nomic-embed-text-v2-moe,nomic-v2-moe,MX-2025009867-A_en_q_de,MX-2025009867-A,synthetic,de,en,2,0.0
nomic-ai/nomic-embed-text-v2-moe,nomic-v2-moe,WO-03042409-A3_en_q_es,WO-03042409-A3,synthetic,es,en,1,1.0
nomic-ai/nomic-embed-text-v2-moe,nomic-v2-moe,WO-2025212474-A1_en_q_de,WO-2025212474-A1,synthetic,de,en,1,0.0
nomic-ai/nomic-embed-text-v2-moe,nomic-v2-moe,ES-3028671-A1_en_q_zh,ES-3028671-A1,synthetic,zh,en,1,0.0
nomic-ai/nomic-embed-text-v2-moe,nomic-v2-moe,WO-2025212467-A1_en_q_de,WO-2025212467-A1,synthetic,de,en,1,1.0
nomic-ai/nomic-embed-text-v2-moe,nomic-v2-moe,MX-2025009862-A_en_q_fr,MX-2025009862-A,synthetic,fr,en,1,1.0
nomic-ai/nomic-embed-text-v2-moe,nomic-v2-moe,EP-4566167-A1_en_q_es,EP-4566167-A1,synthetic,es,en,3,0.3333333333333333
nomic-ai/nomic-embed-text-v2-moe,nomic-v2-moe,WO-2025216937-A1_en_q_es,WO-2025216937-A1,synthetic,es,en,2,1.0
nomic-ai/nomic-embed-text-v2-moe,nomic-v2-moe,EP-4630021-A1_en_q_de,EP-4630021-A1,synthetic,de,en,2,0.0
nomic-ai/nomic-embed-text-v2-moe,nomic-v2-moe,MX-2025007206-A_en_q_de,MX-2025007206-A,synthetic,de,en,1,0.0
nomic-ai/nomic-embed-text-v2-moe,nomic-v2-moe,EP-4504821-A1_en_q_es,EP-4504821-A1,synthetic,es,en,3,0.0
nomic-ai/nomic-embed-text-v2-moe,nomic-v2-moe,WO-2025205793-A1_en_q_de,WO-2025205793-A1,synthetic,de,en,2,0.0
nomic-ai/nomic-embed-text-v2-moe,nomic-v2-moe,WO-2025206825-A1_en_q_de,WO-2025206825-A1,synthetic,de,en,1,0.0
nomic-ai/nomic-embed-text-v2-moe,nomic-v2-moe,EP-4568770-A1_en_q_es,EP-4568770-A1,synthetic,es,en,3,0.0
nomic-ai/nomic-embed-text-v2-moe,nomic-v2-moe,WO-2025188827-A8_en_q_es,WO-2025188827-A8,synthetic,es,en,1,0.0
nomic-ai/nomic-embed-text-v2-moe,nomic-v2-moe,MX-2025008259-A_en_q_fr,MX-2025008259-A,synthetic,fr,en,2,0.0
nomic-ai/nomic-embed-text-v2-moe,nomic-v2-moe,WO-2025132504-A1_en_q_es,WO-2025132504-A1,synthetic,es,en,3,0.0
nomic-ai/nomic-embed-text-v2-moe,nomic-v2-moe,MX-2025007237-A_en_q_fr,MX-2025007237-A,synthetic,fr,en,2,0.5
nomic-ai/nomic-embed-text-v2-moe,nomic-v2-moe,MX-2025005647-A_en_q_zh,MX-2025005647-A,synthetic,zh,en,1,0.0
nomic-ai/nomic-embed-text-v2-moe,nomic-v2-moe,WO-2025214411-A1_en_q_de,WO-2025214411-A1,synthetic,de,en,1,1.0
nomic-ai/nomic-embed-text-v2-moe,nomic-v2-moe,EP-4623093-A2_en_q_es,EP-4623093-A2,synthetic,es,en,2,1.0
nomic-ai/nomic-embed-text-v2-moe,nomic-v2-moe,EP-4634148-A1_en_q_de,EP-4634148-A1,synthetic,de,en,2,1.0
nomic-ai/nomic-embed-text-v2-moe,nomic-v2-moe,WO-2025202170-A1_en_q_es,WO-2025202170-A1,synthetic,es,en,1,0.0
nomic-ai/nomic-embed-text-v2-moe,nomic-v2-moe,EP-4507673-A1_en_q_de,EP-4507673-A1,synthetic,de,en,1,0.0
nomic-ai/nomic-embed-text-v2-moe,nomic-v2-moe,MX-2025007577-A_en_q_fr,MX-2025007577-A,synthetic,fr,en,2,1.0
nomic-ai/nomic-embed-text-v2-moe,nomic-v2-moe,MX-2025009131-A_en_q_zh,MX-2025009131-A,synthetic,zh,en,1,0.0
nomic-ai/nomic-embed-text-v2-moe,nomic-v2-moe,MX-2025009990-A_en_q_zh,MX-2025009990-A,synthetic,zh,en,1,0.0
nomic-ai/nomic-embed-text-v2-moe,nomic-v2-moe,WO-2023153953-A1_en_q_es,WO-2023153953-A1,synthetic,es,en,2,0.5
nomic-ai/nomic-embed-text-v2-moe,nomic-v2-moe,WO-2025183548-A1_en_q_de,WO-2025183548-A1,synthetic,de,en,2,0.0
nomic-ai/nomic-embed-text-v2-moe,nomic-v2-moe,WO-2025007163-A1_en_q_de,WO-2025007163-A1,synthetic,de,en,2,0.0
nomic-ai/nomic-embed-text-v2-moe,nomic-v2-moe,WO-2025206959-A1_en_q_de,WO-2025206959-A1,synthetic,de,en,2,0.5
nomic-ai/nomic-embed-text-v2-moe,nomic-v2-moe,WO-2025207810-A1_en_q_zh,WO-2025207810-A1,synthetic,zh,en,1,0.0
nomic-ai/nomic-embed-text-v2-moe,nomic-v2-moe,WO-2025215476-A1_en_q_de,WO-2025215476-A1,synthetic,de,en,2,0.0
nomic-ai/nomic-embed-text-v2-moe,nomic-v2-moe,WO-2023149795-A1_en_q_en,WO-2023149795-A1,original,en,en,2,0.0
nomic-ai/nomic-embed-text-v2-moe,nomic-v2-moe,WO-2022124934-A1_en_q_es,WO-2022124934-A1,synthetic,es,en,1,1.0
nomic-ai/nomic-embed-text-v2-moe,nomic-v2-moe,WO-2025187134-A8_en_q_en,WO-2025187134-A8,original,en,en,2,0.0
nomic-ai/nomic-embed-text-v2-moe,nomic-v2-moe,WO-2023200358-A1_en_q_en,WO-2023200358-A1,original,en,en,2,0.0
nomic-ai/nomic-embed-text-v2-moe,nomic-v2-moe,WO-2025216105-A1_fr_q_fr,WO-2025216105-A1,original,fr,fr,2,0.0
nomic-ai/nomic-embed-text-v2-moe,nomic-v2-moe,MX-2025005014-A_es_q_es,MX-2025005014-A,original,es,es,1,1.0
nomic-ai/nomic-embed-text-v2-moe,nomic-v2-moe,WO-2025216873-A1_fr_q_fr,WO-2025216873-A1,original,fr,fr,1,0.0
nomic-ai/nomic-embed-text-v2-moe,nomic-v2-moe,WO-2025205780-A1_zh_q_zh,WO-2025205780-A1,original,zh,zh,2,0.0
nomic-ai/nomic-embed-text-v2-moe,nomic-v2-moe,MX-2025009666-A_en_q_en,MX-2025009666-A,original,en,en,2,0.0
nomic-ai/nomic-embed-text-v2-moe,nomic-v2-moe,WO-2025212049-A1_fr_q_fr,WO-2025212049-A1,original,fr,fr,2,0.0
nomic-ai/nomic-embed-text-v2-moe,nomic-v2-moe,EP-4627347-A1_fr_q_fr,EP-4627347-A1,original,fr,fr,1,1.0
nomic-ai/nomic-embed-text-v2-moe,nomic-v2-moe,MX-2025004786-A_es_q_es,MX-2025004786-A,original,es,es,1,1.0
nomic-ai/nomic-embed-text-v2-moe,nomic-v2-moe,WO-2024063632-A1_en_q_en,WO-2024063632-A1,original,en,en,2,0.0
nomic-ai/nomic-embed-text-v2-moe,nomic-v2-moe,WO-2025206783-A1_fr_q_fr,WO-2025206783-A1,original,fr,fr,1,1.0
nomic-ai/nomic-embed-text-v2-moe,nomic-v2-moe,MX-2025010991-A_en_q_en,MX-2025010991-A,original,en,en,1,0.0
nomic-ai/nomic-embed-text-v2-moe,nomic-v2-moe,MX-2025006977-A_en_q_en,MX-2025006977-A,original,en,en,1,1.0
nomic-ai/nomic-embed-text-v2-moe,nomic-v2-moe,MX-2025008400-A_en_q_en,MX-2025008400-A,original,en,en,1,1.0
nomic-ai/nomic-embed-text-v2-moe,nomic-v2-moe,WO-2025132390-A1_de_q_de,WO-2025132390-A1,original,de,de,3,0.3333333333333333
nomic-ai/nomic-embed-text-v2-moe,nomic-v2-moe,WO-2025204766-A1_fr_q_fr,WO-2025204766-A1,original,fr,fr,2,0.5
nomic-ai/nomic-embed-text-v2-moe,nomic-v2-moe,WO-2025098664-A1_de_q_de,WO-2025098664-A1,original,de,de,2,1.0
nomic-ai/nomic-embed-text-v2-moe,nomic-v2-moe,EP-4627583-A1_en_q_en,EP-4627583-A1,original,en,en,1,1.0
nomic-ai/nomic-embed-text-v2-moe,nomic-v2-moe,EP-4630558-A2_zh_q_zh,EP-4630558-A2,original,zh,zh,2,0.0
nomic-ai/nomic-embed-text-v2-moe,nomic-v2-moe,MX-2025010573-A_es_q_es,MX-2025010573-A,original,es,es,1,0.0
nomic-ai/nomic-embed-text-v2-moe,nomic-v2-moe,WO-2025210917-A1_fr_q_fr,WO-2025210917-A1,original,fr,fr,2,0.0
nomic-ai/nomic-embed-text-v2-moe,nomic-v2-moe,WO-2025150394-A1_en_q_en,WO-2025150394-A1,original,en,en,1,0.0
nomic-ai/nomic-embed-text-v2-moe,nomic-v2-moe,MX-2025005728-A_en_q_en,MX-2025005728-A,original,en,en,1,0.0
nomic-ai/nomic-embed-text-v2-moe,nomic-v2-moe,WO-2025177605-A1_fr_q_fr,WO-2025177605-A1,original,fr,fr,1,0.0
nomic-ai/nomic-embed-text-v2-moe,nomic-v2-moe,MX-2025006958-A_en_q_en,MX-2025006958-A,original,en,en,2,0.5
nomic-ai/nomic-embed-text-v2-moe,nomic-v2-moe,EP-4551675-A1_de_q_de,EP-4551675-A1,original,de,de,2,0.0
nomic-ai/nomic-embed-text-v2-moe,nomic-v2-moe,EP-4627325-A1_fr_q_fr,EP-4627325-A1,original,fr,fr,2,0.0
nomic-ai/nomic-embed-text-v2-moe,nomic-v2-moe,WO-2025208050-A2_en_q_en,WO-2025208050-A2,original,en,en,1,1.0
nomic-ai/nomic-embed-text-v2-moe,nomic-v2-moe,WO-2025202994-A1_fr_q_fr,WO-2025202994-A1,original,fr,fr,1,1.0
nomic-ai/nomic-embed-text-v2-moe,nomic-v2-moe,MX-2025006551-A_en_q_en,MX-2025006551-A,original,en,en,1,0.0
nomic-ai/nomic-embed-text-v2-moe,nomic-v2-moe,WO-2005069422-A1_en_q_en,WO-2005069422-A1,original,en,en,1,0.0
nomic-ai/nomic-embed-text-v2-moe,nomic-v2-moe,WO-2025194610-A1_fr_q_fr,WO-2025194610-A1,original,fr,fr,1,1.0
nomic-ai/nomic-embed-text-v2-moe,nomic-v2-moe,MX-2025001644-A_zh_q_zh,MX-2025001644-A,original,zh,zh,2,0.0
nomic-ai/nomic-embed-text-v2-moe,nomic-v2-moe,WO-2025216492-A1_fr_q_fr,WO-2025216492-A1,original,fr,fr,2,1.0
nomic-ai/nomic-embed-text-v2-moe,nomic-v2-moe,WO-2025216629-A1_fr_q_fr,WO-2025216629-A1,original,fr,fr,2,0.0
nomic-ai/nomic-embed-text-v2-moe,nomic-v2-moe,MX-2025005081-A_en_q_en,MX-2025005081-A,original,en,en,1,1.0
nomic-ai/nomic-embed-text-v2-moe,nomic-v2-moe,WO-2025205506-A1_fr_q_fr,WO-2025205506-A1,original,fr,fr,1,1.0
nomic-ai/nomic-embed-text-v2-moe,nomic-v2-moe,WO-2025132391-A1_de_q_de,WO-2025132391-A1,original,de,de,3,0.0
nomic-ai/nomic-embed-text-v2-moe,nomic-v2-moe,WO-2025205634-A1_en_q_en,WO-2025205634-A1,original,en,en,1,1.0
nomic-ai/nomic-embed-text-v2-moe,nomic-v2-moe,WO-2025120243-A1_es_q_es,WO-2025120243-A1,original,es,es,2,0.0
nomic-ai/nomic-embed-text-v2-moe,nomic-v2-moe,WO-2025201672-A1_fr_q_fr,WO-2025201672-A1,original,fr,fr,1,1.0
nomic-ai/nomic-embed-text-v2-moe,nomic-v2-moe,MX-2025008970-A_es_q_es,MX-2025008970-A,original,es,es,1,1.0
nomic-ai/nomic-embed-text-v2-moe,nomic-v2-moe,MX-2025009075-A_zh_q_zh,MX-2025009075-A,original,zh,zh,2,0.0
nomic-ai/nomic-embed-text-v2-moe,nomic-v2-moe,WO-2025210445-A1_fr_q_fr,WO-2025210445-A1,original,fr,fr,1,0.0
nomic-ai/nomic-embed-text-v2-moe,nomic-v2-moe,WO-2025206090-A1_fr_q_fr,WO-2025206090-A1,original,fr,fr,1,0.0
nomic-ai/nomic-embed-text-v2-moe,nomic-v2-moe,MX-2025006643-A_en_q_en,MX-2025006643-A,original,en,en,1,1.0
nomic-ai/nomic-embed-text-v2-moe,nomic-v2-moe,MX-2025010190-A_en_q_en,MX-2025010190-A,original,en,en,2,0.5
nomic-ai/nomic-embed-text-v2-moe,nomic-v2-moe,EP-4577789-A1_zh_q_zh,EP-4577789-A1,original,zh,zh,3,0.0
nomic-ai/nomic-embed-text-v2-moe,nomic-v2-moe,WO-2025204469-A1_en_q_en,WO-2025204469-A1,original,en,en,2,0.0
nomic-ai/nomic-embed-text-v2-moe,nomic-v2-moe,WO-2025204469-A1_en_q_de,WO-2025204469-A1,synthetic,de,en,2,0.0
nomic-ai/nomic-embed-text-v2-moe,nomic-v2-moe,WO-2025204469-A1_fr_q_fr,WO-2025204469-A1,original,fr,fr,2,0.0
nomic-ai/nomic-embed-text-v2-moe,nomic-v2-moe,WO-2025204469-A1_en_q_es,WO-2025204469-A1,synthetic,es,en,2,0.0
nomic-ai/nomic-embed-text-v2-moe,nomic-v2-moe,WO-2025204469-A1_zh_q_zh,WO-2025204469-A1,original,zh,zh,2,0.0
nomic-ai/nomic-embed-text-v2-moe,nomic-v2-moe,MX-2025010085-A_en_q_en,MX-2025010085-A,original,en,en,1,1.0
nomic-ai/nomic-embed-text-v2-moe,nomic-v2-moe,MX-2025010085-A_en_q_de,MX-2025010085-A,synthetic,de,en,1,1.0
nomic-ai/nomic-embed-text-v2-moe,nomic-v2-moe,MX-2025010085-A_en_q_fr,MX-2025010085-A,synthetic,fr,en,1,1.0
nomic-ai/nomic-embed-text-v2-moe,nomic-v2-moe,MX-2025010085-A_es_q_es,MX-2025010085-A,original,es,es,1,0.0
nomic-ai/nomic-embed-text-v2-moe,nomic-v2-moe,MX-2025010085-A_en_q_zh,MX-2025010085-A,synthetic,zh,en,1,0.0
nomic-ai/nomic-embed-text-v2-moe,nomic-v2-moe,MX-2025005421-A_en_q_en,MX-2025005421-A,original,en,en,1,0.0
nomic-ai/nomic-embed-text-v2-moe,nomic-v2-moe,MX-2025005421-A_en_q_de,MX-2025005421-A,synthetic,de,en,1,0.0
nomic-ai/nomic-embed-text-v2-moe,nomic-v2-moe,MX-2025005421-A_en_q_fr,MX-2025005421-A,synthetic,fr,en,1,0.0
nomic-ai/nomic-embed-text-v2-moe,nomic-v2-moe,MX-2025005421-A_es_q_es,MX-2025005421-A,original,es,es,1,0.0
nomic-ai/nomic-embed-text-v2-moe,nomic-v2-moe,MX-2025005421-A_en_q_zh,MX-2025005421-A,synthetic,zh,en,1,0.0
nomic-ai/nomic-embed-text-v2-moe,nomic-v2-moe,MX-2025002688-A_en_q_en,MX-2025002688-A,original,en,en,1,0.0
nomic-ai/nomic-embed-text-v2-moe,nomic-v2-moe,MX-2025002688-A_en_q_de,MX-2025002688-A,synthetic,de,en,1,0.0
nomic-ai/nomic-embed-text-v2-moe,nomic-v2-moe,MX-2025002688-A_en_q_fr,MX-2025002688-A,synthetic,fr,en,1,0.0
nomic-ai/nomic-embed-text-v2-moe,nomic-v2-moe,MX-2025002688-A_es_q_es,MX-2025002688-A,original,es,es,1,0.0
nomic-ai/nomic-embed-text-v2-moe,nomic-v2-moe,MX-2025002688-A_en_q_zh,MX-2025002688-A,synthetic,zh,en,1,0.0
nomic-ai/nomic-embed-text-v2-moe,nomic-v2-moe,WO-2025211147-A1_en_q_en,WO-2025211147-A1,original,en,en,1,0.0
nomic-ai/nomic-embed-text-v2-moe,nomic-v2-moe,WO-2025211147-A1_en_q_de,WO-2025211147-A1,synthetic,de,en,1,0.0
nomic-ai/nomic-embed-text-v2-moe,nomic-v2-moe,WO-2025211147-A1_fr_q_fr,WO-2025211147-A1,original,fr,fr,1,0.0
nomic-ai/nomic-embed-text-v2-moe,nomic-v2-moe,WO-2025211147-A1_en_q_es,WO-2025211147-A1,synthetic,es,en,1,0.0
nomic-ai/nomic-embed-text-v2-moe,nomic-v2-moe,WO-2025211147-A1_en_q_zh,WO-2025211147-A1,synthetic,zh,en,1,0.0
nomic-ai/nomic-embed-text-v2-moe,nomic-v2-moe,WO-2025187712-A8_en_q_en,WO-2025187712-A8,original,en,en,1,0.0
nomic-ai/nomic-embed-text-v2-moe,nomic-v2-moe,WO-2025187712-A8_en_q_de,WO-2025187712-A8,synthetic,de,en,1,0.0
nomic-ai/nomic-embed-text-v2-moe,nomic-v2-moe,WO-2025187712-A8_fr_q_fr,WO-2025187712-A8,original,fr,fr,1,0.0
nomic-ai/nomic-embed-text-v2-moe,nomic-v2-moe,WO-2025187712-A8_en_q_es,WO-2025187712-A8,synthetic,es,en,1,0.0
nomic-ai/nomic-embed-text-v2-moe,nomic-v2-moe,WO-2025187712-A8_en_q_zh,WO-2025187712-A8,synthetic,zh,en,1,0.0
nomic-ai/nomic-embed-text-v2-moe,nomic-v2-moe,EP-4630253-A1_en_q_en,EP-4630253-A1,original,en,en,2,0.0
nomic-ai/nomic-embed-text-v2-moe,nomic-v2-moe,EP-4630253-A1_en_q_de,EP-4630253-A1,synthetic,de,en,2,0.0
nomic-ai/nomic-embed-text-v2-moe,nomic-v2-moe,EP-4630253-A1_fr_q_fr,EP-4630253-A1,original,fr,fr,2,0.0
nomic-ai/nomic-embed-text-v2-moe,nomic-v2-moe,EP-4630253-A1_en_q_es,EP-4630253-A1,synthetic,es,en,2,0.0
nomic-ai/nomic-embed-text-v2-moe,nomic-v2-moe,EP-4630253-A1_zh_q_zh,EP-4630253-A1,original,zh,zh,2,0.0
nomic-ai/nomic-embed-text-v2-moe,nomic-v2-moe,MX-2025007798-A_en_q_en,MX-2025007798-A,original,en,en,1,1.0
nomic-ai/nomic-embed-text-v2-moe,nomic-v2-moe,WO-2025206382-A1_en_q_en,WO-2025206382-A1,original,en,en,1,1.0
nomic-ai/nomic-embed-text-v2-moe,nomic-v2-moe,MX-2025009144-A_en_q_en,MX-2025009144-A,original,en,en,2,0.0
nomic-ai/nomic-embed-text-v2-moe,nomic-v2-moe,WO-2025206195-A1_en_q_de,WO-2025206195-A1,synthetic,de,en,1,1.0
nomic-ai/nomic-embed-text-v2-moe,nomic-v2-moe,WO-2024128938-A1_en_q_de,WO-2024128938-A1,synthetic,de,en,2,0.5
nomic-ai/nomic-embed-text-v2-moe,nomic-v2-moe,MX-2025007510-A_es_q_es,MX-2025007510-A,original,es,es,1,0.0
nomic-ai/nomic-embed-text-v2-moe,nomic-v2-moe,WO-2025172752-A1_en_q_en,WO-2025172752-A1,original,en,en,2,1.0
nomic-ai/nomic-embed-text-v2-moe,nomic-v2-moe,WO-2024245507-A9_en_q_en,WO-2024245507-A9,original,en,en,2,0.0
nomic-ai/nomic-embed-text-v2-moe,nomic-v2-moe,WO-2024245507-A9_de_q_de,WO-2024245507-A9,original,de,de,2,1.0
nomic-ai/nomic-embed-text-v2-moe,nomic-v2-moe,WO-2024245507-A9_fr_q_fr,WO-2024245507-A9,original,fr,fr,2,0.0
nomic-ai/nomic-embed-text-v2-moe,nomic-v2-moe,WO-2024245507-A9_en_q_es,WO-2024245507-A9,synthetic,es,en,2,1.0
nomic-ai/nomic-embed-text-v2-moe,nomic-v2-moe,WO-2024245507-A9_en_q_zh,WO-2024245507-A9,synthetic,zh,en,2,0.0
nomic-ai/nomic-embed-text-v2-moe,nomic-v2-moe,EP-4630245-A1_zh_q_zh,EP-4630245-A1,original,zh,zh,2,0.0
nomic-ai/nomic-embed-text-v2-moe,nomic-v2-moe,WO-2025192625-A1_en_q_en,WO-2025192625-A1,original,en,en,2,0.0
nomic-ai/nomic-embed-text-v2-moe,nomic-v2-moe,WO-2025192625-A1_en_q_de,WO-2025192625-A1,synthetic,de,en,2,0.0
nomic-ai/nomic-embed-text-v2-moe,nomic-v2-moe,WO-2025192625-A1_fr_q_fr,WO-2025192625-A1,original,fr,fr,2,0.0
nomic-ai/nomic-embed-text-v2-moe,nomic-v2-moe,WO-2025192625-A1_en_q_es,WO-2025192625-A1,synthetic,es,en,2,0.0
nomic-ai/nomic-embed-text-v2-moe,nomic-v2-moe,WO-2025192625-A1_zh_q_zh,WO-2025192625-A1,original,zh,zh,2,0.0
nomic-ai/nomic-embed-text-v2-moe,nomic-v2-moe,MX-2025006818-A_es_q_es,MX-2025006818-A,original,es,es,1,0.0
nomic-ai/nomic-embed-text-v2-moe,nomic-v2-moe,MX-2025007695-A_es_q_es,MX-2025007695-A,original,es,es,1,1.0
nomic-ai/nomic-embed-text-v2-moe,nomic-v2-moe,WO-2025187736-A8_en_q_zh,WO-2025187736-A8,synthetic,zh,en,1,0.0
nomic-ai/nomic-embed-text-v2-moe,nomic-v2-moe,WO-2025203012-A1_en_q_es,WO-2025203012-A1,synthetic,es,en,1,1.0
nomic-ai/nomic-embed-text-v2-moe,nomic-v2-moe,EP-4626837-A1_en_q_zh,EP-4626837-A1,synthetic,zh,en,1,1.0
nomic-ai/nomic-embed-text-v2-moe,nomic-v2-moe,WO-2025202104-A1_zh_q_zh,WO-2025202104-A1,original,zh,zh,2,0.5
nomic-ai/nomic-embed-text-v2-moe,nomic-v2-moe,EP-4626928-A2_fr_q_fr,EP-4626928-A2,original,fr,fr,2,0.5
nomic-ai/nomic-embed-text-v2-moe,nomic-v2-moe,MX-2025008327-A_en_q_en,MX-2025008327-A,original,en,en,1,0.0
nomic-ai/nomic-embed-text-v2-moe,nomic-v2-moe,EP-4634127-A1_en_q_en,EP-4634127-A1,original,en,en,1,0.0
nomic-ai/nomic-embed-text-v2-moe,nomic-v2-moe,WO-2024058685-A1_en_q_zh,WO-2024058685-A1,synthetic,zh,en,1,0.0
nomic-ai/nomic-embed-text-v2-moe,nomic-v2-moe,WO-2024089298-A9_fr_q_fr,WO-2024089298-A9,original,fr,fr,1,1.0
nomic-ai/nomic-embed-text-v2-moe,nomic-v2-moe,MX-2025010028-A_en_q_en,MX-2025010028-A,original,en,en,1,1.0
nomic-ai/nomic-embed-text-v2-moe,nomic-v2-moe,WO-2025202253-A1_en_q_es,WO-2025202253-A1,synthetic,es,en,1,1.0
nomic-ai/nomic-embed-text-v2-moe,nomic-v2-moe,MX-2025009821-A_es_q_es,MX-2025009821-A,original,es,es,2,0.5
nomic-ai/nomic-embed-text-v2-moe,nomic-v2-moe,MX-2025006624-A_en_q_fr,MX-2025006624-A,synthetic,fr,en,1,1.0
nomic-ai/nomic-embed-text-v2-moe,nomic-v2-moe,MX-2025003345-A_en_q_de,MX-2025003345-A,synthetic,de,en,1,0.0
nomic-ai/nomic-embed-text-v2-moe,nomic-v2-moe,WO-2024259508-A1_en_q_en,WO-2024259508-A1,original,en,en,2,0.5
nomic-ai/nomic-embed-text-v2-moe,nomic-v2-moe,EP-4630051-A1_fr_q_fr,EP-4630051-A1,original,fr,fr,1,1.0
nomic-ai/nomic-embed-text-v2-moe,nomic-v2-moe,MX-2025010268-A_en_q_zh,MX-2025010268-A,synthetic,zh,en,1,1.0
nomic-ai/nomic-embed-text-v2-moe,nomic-v2-moe,WO-2025212655-A1_en_q_de,WO-2025212655-A1,synthetic,de,en,2,1.0
nomic-ai/nomic-embed-text-v2-moe,nomic-v2-moe,WO-2025205978-A1_en_q_en,WO-2025205978-A1,original,en,en,2,0.0
nomic-ai/nomic-embed-text-v2-moe,nomic-v2-moe,WO-2025206105-A1_zh_q_zh,WO-2025206105-A1,original,zh,zh,2,0.5
nomic-ai/nomic-embed-text-v2-moe,nomic-v2-moe,EP-4633669-A2_fr_q_fr,EP-4633669-A2,original,fr,fr,2,1.0
nomic-ai/nomic-embed-text-v2-moe,nomic-v2-moe,WO-2025021351-A1_en_q_zh,WO-2025021351-A1,synthetic,zh,en,2,1.0
nomic-ai/nomic-embed-text-v2-moe,nomic-v2-moe,WO-2025187706-A8_fr_q_fr,WO-2025187706-A8,original,fr,fr,1,0.0
nomic-ai/nomic-embed-text-v2-moe,nomic-v2-moe,EP-4623104-A1_zh_q_zh,EP-4623104-A1,original,zh,zh,2,1.0
nomic-ai/nomic-embed-text-v2-moe,nomic-v2-moe,WO-2025164232-A1_en_q_de,WO-2025164232-A1,synthetic,de,en,1,1.0
nomic-ai/nomic-embed-text-v2-moe,nomic-v2-moe,WO-2025206823-A1_en_q_de,WO-2025206823-A1,synthetic,de,en,2,0.0
nomic-ai/nomic-embed-text-v2-moe,nomic-v2-moe,EP-4626944-A1_en_q_de,EP-4626944-A1,synthetic,de,en,1,0.0
nomic-ai/nomic-embed-text-v2-moe,nomic-v2-moe,EP-4626879-A1_en_q_en,EP-4626879-A1,original,en,en,2,1.0
nomic-ai/nomic-embed-text-v2-moe,nomic-v2-moe,EP-4626874-A1_en_q_zh,EP-4626874-A1,synthetic,zh,en,1,0.0
nomic-ai/nomic-embed-text-v2-moe,nomic-v2-moe,MX-2025008798-A_en_q_fr,MX-2025008798-A,synthetic,fr,en,1,0.0
nomic-ai/nomic-embed-text-v2-moe,nomic-v2-moe,MX-2025005939-A_es_q_es,MX-2025005939-A,original,es,es,2,0.5
nomic-ai/nomic-embed-text-v2-moe,nomic-v2-moe,WO-2025204745-A1_en_q_zh,WO-2025204745-A1,synthetic,zh,en,1,0.0
nomic-ai/nomic-embed-text-v2-moe,nomic-v2-moe,WO-2025217208-A1_en_q_en,WO-2025217208-A1,original,en,en,2,1.0
nomic-ai/nomic-embed-text-v2-moe,nomic-v2-moe,WO-2025205163-A1_en_q_en,WO-2025205163-A1,original,en,en,1,0.0
nomic-ai/nomic-embed-text-v2-moe,nomic-v2-moe,WO-2025186172-A8_fr_q_fr,WO-2025186172-A8,original,fr,fr,3,0.0
nomic-ai/nomic-embed-text-v2-moe,nomic-v2-moe,WO-2025188156-A8_en_q_de,WO-2025188156-A8,synthetic,de,en,1,0.0
nomic-ai/nomic-embed-text-v2-moe,nomic-v2-moe,MX-2025009759-A_en_q_fr,MX-2025009759-A,synthetic,fr,en,2,0.5
nomic-ai/nomic-embed-text-v2-moe,nomic-v2-moe,WO-2025189017-A8_en_q_de,WO-2025189017-A8,synthetic,de,en,2,0.5
nomic-ai/nomic-embed-text-v2-moe,nomic-v2-moe,CR-20250096-A_en_q_zh,CR-20250096-A,synthetic,zh,en,1,1.0
nomic-ai/nomic-embed-text-v2-moe,nomic-v2-moe,WO-2025169953-A1_en_q_de,WO-2025169953-A1,synthetic,de,en,2,0.0
nomic-ai/nomic-embed-text-v2-moe,nomic-v2-moe,MX-2025006319-A_en_q_de,MX-2025006319-A,synthetic,de,en,1,0.0
nomic-ai/nomic-embed-text-v2-moe,nomic-v2-moe,MX-2025004974-A_en_q_fr,MX-2025004974-A,synthetic,fr,en,1,1.0
nomic-ai/nomic-embed-text-v2-moe,nomic-v2-moe,WO-2025170405-A1_en_q_de,WO-2025170405-A1,synthetic,de,en,2,1.0
nomic-ai/nomic-embed-text-v2-moe,nomic-v2-moe,WO-2025208198-A1_en_q_zh,WO-2025208198-A1,synthetic,zh,en,1,1.0
nomic-ai/nomic-embed-text-v2-moe,nomic-v2-moe,WO-2025054647-A1_en_q_es,WO-2025054647-A1,synthetic,es,en,2,1.0
nomic-ai/nomic-embed-text-v2-moe,nomic-v2-moe,WO-2025210166-A1_en_q_de,WO-2025210166-A1,synthetic,de,en,2,0.0
nomic-ai/nomic-embed-text-v2-moe,nomic-v2-moe,WO-2025211178-A1_en_q_es,WO-2025211178-A1,synthetic,es,en,2,0.5
nomic-ai/nomic-embed-text-v2-moe,nomic-v2-moe,MX-2025004012-A_en_q_zh,MX-2025004012-A,synthetic,zh,en,1,1.0
nomic-ai/nomic-embed-text-v2-moe,nomic-v2-moe,WO-2025206949-A1_en_q_es,WO-2025206949-A1,synthetic,es,en,1,0.0
nomic-ai/nomic-embed-text-v2-moe,nomic-v2-moe,MX-2025007614-A_en_q_zh,MX-2025007614-A,synthetic,zh,en,1,1.0
nomic-ai/nomic-embed-text-v2-moe,nomic-v2-moe,WO-2025146513-A1_en_q_de,WO-2025146513-A1,synthetic,de,en,2,1.0
nomic-ai/nomic-embed-text-v2-moe,nomic-v2-moe,WO-2025211949-A1_en_q_es,WO-2025211949-A1,synthetic,es,en,2,1.0
nomic-ai/nomic-embed-text-v2-moe,nomic-v2-moe,EP-4626831-A1_en_q_zh,EP-4626831-A1,synthetic,zh,en,1,1.0
nomic-ai/nomic-embed-text-v2-moe,nomic-v2-moe,WO-2025186644-A8_en_q_de,WO-2025186644-A8,synthetic,de,en,2,1.0
nomic-ai/nomic-embed-text-v2-moe,nomic-v2-moe,WO-2025192587-A1_en_q_de,WO-2025192587-A1,synthetic,de,en,1,0.0
nomic-ai/nomic-embed-text-v2-moe,nomic-v2-moe,EP-4633779-A1_en_q_es,EP-4633779-A1,synthetic,es,en,1,1.0
nomic-ai/nomic-embed-text-v2-moe,nomic-v2-moe,WO-2022098263-A1_en_q_es,WO-2022098263-A1,synthetic,es,en,2,0.5
nomic-ai/nomic-embed-text-v2-moe,nomic-v2-moe,WO-2025215251-A1_en_q_es,WO-2025215251-A1,synthetic,es,en,2,0.0
nomic-ai/nomic-embed-text-v2-moe,nomic-v2-moe,EP-4493405-A1_en_q_zh,EP-4493405-A1,synthetic,zh,en,2,0.5
nomic-ai/nomic-embed-text-v2-moe,nomic-v2-moe,WO-2025103555-A1_en_q_zh,WO-2025103555-A1,synthetic,zh,en,2,0.0
nomic-ai/nomic-embed-text-v2-moe,nomic-v2-moe,EP-4626386-A1_en_q_de,EP-4626386-A1,synthetic,de,en,1,0.0
nomic-ai/nomic-embed-text-v2-moe,nomic-v2-moe,MX-2025010613-A_en_q_de,MX-2025010613-A,synthetic,de,en,2,0.0
nomic-ai/nomic-embed-text-v2-moe,nomic-v2-moe,EP-4626547-A1_en_q_de,EP-4626547-A1,synthetic,de,en,1,1.0
nomic-ai/nomic-embed-text-v2-moe,nomic-v2-moe,EP-4626593-A1_en_q_de,EP-4626593-A1,synthetic,de,en,2,0.5
nomic-ai/nomic-embed-text-v2-moe,nomic-v2-moe,WO-2025207414-A1_en_q_es,WO-2025207414-A1,synthetic,es,en,2,0.5
nomic-ai/nomic-embed-text-v2-moe,nomic-v2-moe,MX-2025005049-A_en_q_zh,MX-2025005049-A,synthetic,zh,en,1,0.0
nomic-ai/nomic-embed-text-v2-moe,nomic-v2-moe,WO-2024246082-A3_en_q_es,WO-2024246082-A3,synthetic,es,en,2,1.0
nomic-ai/nomic-embed-text-v2-moe,nomic-v2-moe,WO-2025180718-A1_en_q_es,WO-2025180718-A1,synthetic,es,en,2,1.0
nomic-ai/nomic-embed-text-v2-moe,nomic-v2-moe,MX-2025006336-A_en_q_de,MX-2025006336-A,synthetic,de,en,2,0.5
nomic-ai/nomic-embed-text-v2-moe,nomic-v2-moe,WO-2025202347-A1_en_q_de,WO-2025202347-A1,synthetic,de,en,2,1.0
nomic-ai/nomic-embed-text-v2-moe,nomic-v2-moe,MX-2025010373-A_en_q_zh,MX-2025010373-A,synthetic,zh,en,1,0.0
nomic-ai/nomic-embed-text-v2-moe,nomic-v2-moe,WO-2025200075-A1_en_q_zh,WO-2025200075-A1,synthetic,zh,en,1,1.0
nomic-ai/nomic-embed-text-v2-moe,nomic-v2-moe,WO-2025189151-A8_en_q_de,WO-2025189151-A8,synthetic,de,en,2,1.0
nomic-ai/nomic-embed-text-v2-moe,nomic-v2-moe,MX-2025007174-A_en_q_de,MX-2025007174-A,synthetic,de,en,1,1.0
nomic-ai/nomic-embed-text-v2-moe,nomic-v2-moe,MX-2025010619-A_en_q_de,MX-2025010619-A,synthetic,de,en,2,0.0
nomic-ai/nomic-embed-text-v2-moe,nomic-v2-moe,EP-4532651-A1_en_q_es,EP-4532651-A1,synthetic,es,en,2,0.5
nomic-ai/nomic-embed-text-v2-moe,nomic-v2-moe,WO-2025173342-A1_en_q_es,WO-2025173342-A1,synthetic,es,en,2,1.0
nomic-ai/nomic-embed-text-v2-moe,nomic-v2-moe,WO-2024019637-A1_en_q_de,WO-2024019637-A1,synthetic,de,en,2,1.0
nomic-ai/nomic-embed-text-v2-moe,nomic-v2-moe,MX-2025008968-A_en_q_zh,MX-2025008968-A,synthetic,zh,en,1,1.0
nomic-ai/nomic-embed-text-v2-moe,nomic-v2-moe,WO-2025202625-A1_en_q_de,WO-2025202625-A1,synthetic,de,en,1,0.0
nomic-ai/nomic-embed-text-v2-moe,nomic-v2-moe,WO-2025187661-A8_en_q_es,WO-2025187661-A8,synthetic,es,en,1,1.0
nomic-ai/nomic-embed-text-v2-moe,nomic-v2-moe,WO-2025101062-A1_en_q_zh,WO-2025101062-A1,synthetic,zh,en,2,1.0
nomic-ai/nomic-embed-text-v2-moe,nomic-v2-moe,WO-2025150711-A1_en_q_de,WO-2025150711-A1,synthetic,de,en,1,1.0
nomic-ai/nomic-embed-text-v2-moe,nomic-v2-moe,WO-2025207828-A1_en_q_zh,WO-2025207828-A1,synthetic,zh,en,1,0.0
nomic-ai/nomic-embed-text-v2-moe,nomic-v2-moe,WO-2025203197-A1_en_q_zh,WO-2025203197-A1,synthetic,zh,en,1,0.0
nomic-ai/nomic-embed-text-v2-moe,nomic-v2-moe,EP-4634141-A2_en_q_en,EP-4634141-A2,original,en,en,1,1.0
nomic-ai/nomic-embed-text-v2-moe,nomic-v2-moe,EP-4633971-A1_fr_q_fr,EP-4633971-A1,original,fr,fr,1,1.0
nomic-ai/nomic-embed-text-v2-moe,nomic-v2-moe,WO-2025197272-A1_en_q_en,WO-2025197272-A1,original,en,en,1,0.0
nomic-ai/nomic-embed-text-v2-moe,nomic-v2-moe,WO-2025189168-A8_fr_q_fr,WO-2025189168-A8,original,fr,fr,2,0.5
nomic-ai/nomic-embed-text-v2-moe,nomic-v2-moe,MX-2025008124-A_es_q_es,MX-2025008124-A,original,es,es,1,0.0
nomic-ai/nomic-embed-text-v2-moe,nomic-v2-moe,MX-2025007669-A_en_q_en,MX-2025007669-A,original,en,en,2,0.0
nomic-ai/nomic-embed-text-v2-moe,nomic-v2-moe,WO-2025195675-A1_en_q_en,WO-2025195675-A1,original,en,en,3,0.0
nomic-ai/nomic-embed-text-v2-moe,nomic-v2-moe,WO-2022005333-A1_en_q_en,WO-2022005333-A1,original,en,en,1,0.0
nomic-ai/nomic-embed-text-v2-moe,nomic-v2-moe,MX-2025005748-A_es_q_es,MX-2025005748-A,original,es,es,1,1.0
nomic-ai/nomic-embed-text-v2-moe,nomic-v2-moe,MX-2025002923-A_es_q_es,MX-2025002923-A,original,es,es,2,0.5
nomic-ai/nomic-embed-text-v2-moe,nomic-v2-moe,MX-2025010611-A_es_q_es,MX-2025010611-A,original,es,es,2,0.0
nomic-ai/nomic-embed-text-v2-moe,nomic-v2-moe,WO-2025217553-A1_fr_q_fr,WO-2025217553-A1,original,fr,fr,2,0.0
nomic-ai/nomic-embed-text-v2-moe,nomic-v2-moe,WO-2025186530-A8_en_q_en,WO-2025186530-A8,original,en,en,1,1.0
nomic-ai/nomic-embed-text-v2-moe,nomic-v2-moe,EP-4627050-A1_fr_q_fr,EP-4627050-A1,original,fr,fr,2,0.5
nomic-ai/nomic-embed-text-v2-moe,nomic-v2-moe,MX-2025008249-A_en_q_en,MX-2025008249-A,original,en,en,1,0.0
nomic-ai/nomic-embed-text-v2-moe,nomic-v2-moe,WO-2025184858-A8_fr_q_fr,WO-2025184858-A8,original,fr,fr,1,1.0
nomic-ai/nomic-embed-text-v2-moe,nomic-v2-moe,MX-2025004649-A_es_q_es,MX-2025004649-A,original,es,es,1,1.0
nomic-ai/nomic-embed-text-v2-moe,nomic-v2-moe,ES-1320636-U_en_q_en,ES-1320636-U,original,en,en,1,0.0
nomic-ai/nomic-embed-text-v2-moe,nomic-v2-moe,MX-2025006800-A_en_q_en,MX-2025006800-A,original,en,en,1,1.0
nomic-ai/nomic-embed-text-v2-moe,nomic-v2-moe,EP-4626866-A1_en_q_en,EP-4626866-A1,original,en,en,2,1.0
nomic-ai/nomic-embed-text-v2-moe,nomic-v2-moe,MX-2025006721-A_en_q_en,MX-2025006721-A,original,en,en,1,0.0
nomic-ai/nomic-embed-text-v2-moe,nomic-v2-moe,WO-2024073831-A1_en_q_en,WO-2024073831-A1,original,en,en,2,0.0
nomic-ai/nomic-embed-text-v2-moe,nomic-v2-moe,WO-2025200966-A1_fr_q_fr,WO-2025200966-A1,original,fr,fr,1,1.0
nomic-ai/nomic-embed-text-v2-moe,nomic-v2-moe,MX-2025005215-A_es_q_es,MX-2025005215-A,original,es,es,1,1.0
nomic-ai/nomic-embed-text-v2-moe,nomic-v2-moe,WO-2025080163-A1_fr_q_fr,WO-2025080163-A1,original,fr,fr,2,0.0
nomic-ai/nomic-embed-text-v2-moe,nomic-v2-moe,WO-2025200089-A1_en_q_en,WO-2025200089-A1,original,en,en,2,0.5
nomic-ai/nomic-embed-text-v2-moe,nomic-v2-moe,WO-2025073021-A1_en_q_en,WO-2025073021-A1,original,en,en,2,0.5
nomic-ai/nomic-embed-text-v2-moe,nomic-v2-moe,WO-2025186263-A8_fr_q_fr,WO-2025186263-A8,original,fr,fr,1,1.0
nomic-ai/nomic-embed-text-v2-moe,nomic-v2-moe,WO-2025211336-A1_en_q_en,WO-2025211336-A1,original,en,en,1,0.0
nomic-ai/nomic-embed-text-v2-moe,nomic-v2-moe,WO-2025078189-A1_en_q_en,WO-2025078189-A1,original,en,en,3,0.0
nomic-ai/nomic-embed-text-v2-moe,nomic-v2-moe,ES-3033921-A1_en_q_en,ES-3033921-A1,original,en,en,1,1.0
nomic-ai/nomic-embed-text-v2-moe,nomic-v2-moe,WO-2025154762-A1_fr_q_fr,WO-2025154762-A1,original,fr,fr,2,0.5
nomic-ai/nomic-embed-text-v2-moe,nomic-v2-moe,EP-4634323-A1_en_q_en,EP-4634323-A1,original,en,en,2,0.0
nomic-ai/nomic-embed-text-v2-moe,nomic-v2-moe,WO-2025189143-A8_en_q_en,WO-2025189143-A8,original,en,en,1,1.0
nomic-ai/nomic-embed-text-v2-moe,nomic-v2-moe,MX-2025009632-A_en_q_en,MX-2025009632-A,original,en,en,2,0.5
nomic-ai/nomic-embed-text-v2-moe,nomic-v2-moe,EP-4626395-A1_fr_q_fr,EP-4626395-A1,original,fr,fr,1,1.0
nomic-ai/nomic-embed-text-v2-moe,nomic-v2-moe,WO-2025203678-A1_fr_q_fr,WO-2025203678-A1,original,fr,fr,2,0.5
nomic-ai/nomic-embed-text-v2-moe,nomic-v2-moe,WO-2025187095-A8_fr_q_fr,WO-2025187095-A8,original,fr,fr,1,1.0
nomic-ai/nomic-embed-text-v2-moe,nomic-v2-moe,EP-4626938-A1_en_q_en,EP-4626938-A1,original,en,en,2,0.5
nomic-ai/nomic-embed-text-v2-moe,nomic-v2-moe,MX-2025006010-A_en_q_en,MX-2025006010-A,original,en,en,1,0.0
nomic-ai/nomic-embed-text-v2-moe,nomic-v2-moe,WO-2025215647-A1_fr_q_fr,WO-2025215647-A1,original,fr,fr,2,0.5
nomic-ai/nomic-embed-text-v2-moe,nomic-v2-moe,WO-2025207093-A1_fr_q_fr,WO-2025207093-A1,original,fr,fr,1,1.0
nomic-ai/nomic-embed-text-v2-moe,nomic-v2-moe,MX-2025004470-A_en_q_en,MX-2025004470-A,original,en,en,1,1.0
nomic-ai/nomic-embed-text-v2-moe,nomic-v2-moe,EP-4626949-A1_fr_q_fr,EP-4626949-A1,original,fr,fr,1,1.0
nomic-ai/nomic-embed-text-v2-moe,nomic-v2-moe,WO-2025206197-A1_fr_q_fr,WO-2025206197-A1,original,fr,fr,2,0.0
nomic-ai/nomic-embed-text-v2-moe,nomic-v2-moe,WO-2022246526-A8_fr_q_fr,WO-2022246526-A8,original,fr,fr,1,1.0
nomic-ai/nomic-embed-text-v2-moe,nomic-v2-moe,MX-2025006489-A_es_q_es,MX-2025006489-A,original,es,es,2,0.5
nomic-ai/nomic-embed-text-v2-moe,nomic-v2-moe,WO-2021255541-A1_en_q_en,WO-2021255541-A1,original,en,en,2,0.0
nomic-ai/nomic-embed-text-v2-moe,nomic-v2-moe,WO-2021255541-A1_en_q_de,WO-2021255541-A1,synthetic,de,en,2,0.0
nomic-ai/nomic-embed-text-v2-moe,nomic-v2-moe,WO-2021255541-A1_fr_q_fr,WO-2021255541-A1,original,fr,fr,2,0.5
nomic-ai/nomic-embed-text-v2-moe,nomic-v2-moe,WO-2021255541-A1_en_q_es,WO-2021255541-A1,synthetic,es,en,2,0.0
nomic-ai/nomic-embed-text-v2-moe,nomic-v2-moe,WO-2021255541-A1_zh_q_zh,WO-2021255541-A1,original,zh,zh,2,0.5
nomic-ai/nomic-embed-text-v2-moe,nomic-v2-moe,EP-4634663-A1_en_q_en,EP-4634663-A1,original,en,en,1,1.0
nomic-ai/nomic-embed-text-v2-moe,nomic-v2-moe,EP-4634663-A1_en_q_de,EP-4634663-A1,synthetic,de,en,1,1.0
nomic-ai/nomic-embed-text-v2-moe,nomic-v2-moe,EP-4634663-A1_fr_q_fr,EP-4634663-A1,original,fr,fr,1,0.0
nomic-ai/nomic-embed-text-v2-moe,nomic-v2-moe,EP-4634663-A1_en_q_es,EP-4634663-A1,synthetic,es,en,1,1.0
nomic-ai/nomic-embed-text-v2-moe,nomic-v2-moe,EP-4634663-A1_en_q_zh,EP-4634663-A1,synthetic,zh,en,1,1.0
nomic-ai/nomic-embed-text-v2-moe,nomic-v2-moe,MX-2025005046-A_en_q_en,MX-2025005046-A,original,en,en,1,0.0
nomic-ai/nomic-embed-text-v2-moe,nomic-v2-moe,MX-2025005046-A_en_q_de,MX-2025005046-A,synthetic,de,en,1,0.0
nomic-ai/nomic-embed-text-v2-moe,nomic-v2-moe,MX-2025005046-A_en_q_fr,MX-2025005046-A,synthetic,fr,en,1,1.0
nomic-ai/nomic-embed-text-v2-moe,nomic-v2-moe,MX-2025005046-A_es_q_es,MX-2025005046-A,original,es,es,1,0.0
nomic-ai/nomic-embed-text-v2-moe,nomic-v2-moe,MX-2025005046-A_en_q_zh,MX-2025005046-A,synthetic,zh,en,1,1.0
nomic-ai/nomic-embed-text-v2-moe,nomic-v2-moe,MX-2025007733-A_en_q_en,MX-2025007733-A,original,en,en,2,0.0
nomic-ai/nomic-embed-text-v2-moe,nomic-v2-moe,MX-2025007733-A_en_q_de,MX-2025007733-A,synthetic,de,en,2,0.0
nomic-ai/nomic-embed-text-v2-moe,nomic-v2-moe,MX-2025007733-A_en_q_fr,MX-2025007733-A,synthetic,fr,en,2,0.0
nomic-ai/nomic-embed-text-v2-moe,nomic-v2-moe,MX-2025007733-A_es_q_es,MX-2025007733-A,original,es,es,2,0.0
nomic-ai/nomic-embed-text-v2-moe,nomic-v2-moe,MX-2025007733-A_zh_q_zh,MX-2025007733-A,original,zh,zh,2,0.5
nomic-ai/nomic-embed-text-v2-moe,nomic-v2-moe,MX-2025008227-A_en_q_en,MX-2025008227-A,original,en,en,1,1.0
nomic-ai/nomic-embed-text-v2-moe,nomic-v2-moe,MX-2025008227-A_en_q_de,MX-2025008227-A,synthetic,de,en,1,1.0
nomic-ai/nomic-embed-text-v2-moe,nomic-v2-moe,MX-2025008227-A_en_q_fr,MX-2025008227-A,synthetic,fr,en,1,1.0
nomic-ai/nomic-embed-text-v2-moe,nomic-v2-moe,MX-2025008227-A_es_q_es,MX-2025008227-A,original,es,es,1,1.0
nomic-ai/nomic-embed-text-v2-moe,nomic-v2-moe,MX-2025008227-A_en_q_zh,MX-2025008227-A,synthetic,zh,en,1,1.0
nomic-ai/nomic-embed-text-v2-moe,nomic-v2-moe,WO-2025186592-A8_en_q_en,WO-2025186592-A8,original,en,en,1,1.0
nomic-ai/nomic-embed-text-v2-moe,nomic-v2-moe,WO-2025186592-A8_en_q_de,WO-2025186592-A8,synthetic,de,en,1,1.0
nomic-ai/nomic-embed-text-v2-moe,nomic-v2-moe,WO-2025186592-A8_fr_q_fr,WO-2025186592-A8,original,fr,fr,1,0.0
nomic-ai/nomic-embed-text-v2-moe,nomic-v2-moe,WO-2025186592-A8_en_q_es,WO-2025186592-A8,synthetic,es,en,1,1.0
nomic-ai/nomic-embed-text-v2-moe,nomic-v2-moe,WO-2025186592-A8_en_q_zh,WO-2025186592-A8,synthetic,zh,en,1,1.0
nomic-ai/nomic-embed-text-v2-moe,nomic-v2-moe,MX-2025005709-A_en_q_en,MX-2025005709-A,original,en,en,1,0.0
nomic-ai/nomic-embed-text-v2-moe,nomic-v2-moe,MX-2025005709-A_en_q_de,MX-2025005709-A,synthetic,de,en,1,0.0
nomic-ai/nomic-embed-text-v2-moe,nomic-v2-moe,MX-2025005709-A_en_q_fr,MX-2025005709-A,synthetic,fr,en,1,0.0
nomic-ai/nomic-embed-text-v2-moe,nomic-v2-moe,MX-2025005709-A_es_q_es,MX-2025005709-A,original,es,es,1,0.0
nomic-ai/nomic-embed-text-v2-moe,nomic-v2-moe,MX-2025005709-A_en_q_zh,MX-2025005709-A,synthetic,zh,en,1,0.0
nomic-ai/nomic-embed-text-v2-moe,nomic-v2-moe,MX-2025009739-A_en_q_en,MX-2025009739-A,original,en,en,2,0.0
nomic-ai/nomic-embed-text-v2-moe,nomic-v2-moe,MX-2025009739-A_en_q_de,MX-2025009739-A,synthetic,de,en,2,0.0
nomic-ai/nomic-embed-text-v2-moe,nomic-v2-moe,MX-2025009739-A_en_q_fr,MX-2025009739-A,synthetic,fr,en,2,0.5
nomic-ai/nomic-embed-text-v2-moe,nomic-v2-moe,MX-2025009739-A_es_q_es,MX-2025009739-A,original,es,es,2,0.0
nomic-ai/nomic-embed-text-v2-moe,nomic-v2-moe,MX-2025009739-A_zh_q_zh,MX-2025009739-A,original,zh,zh,2,0.0
nomic-ai/nomic-embed-text-v2-moe,nomic-v2-moe,MX-2025008260-A_en_q_en,MX-2025008260-A,original,en,en,2,1.0
nomic-ai/nomic-embed-text-v2-moe,nomic-v2-moe,MX-2025008260-A_en_q_de,MX-2025008260-A,synthetic,de,en,2,0.0
nomic-ai/nomic-embed-text-v2-moe,nomic-v2-moe,MX-2025008260-A_en_q_fr,MX-2025008260-A,synthetic,fr,en,2,0.0
nomic-ai/nomic-embed-text-v2-moe,nomic-v2-moe,MX-2025008260-A_es_q_es,MX-2025008260-A,original,es,es,2,0.0
nomic-ai/nomic-embed-text-v2-moe,nomic-v2-moe,MX-2025008260-A_zh_q_zh,MX-2025008260-A,original,zh,zh,2,0.0
nomic-ai/nomic-embed-text-v2-moe,nomic-v2-moe,WO-2025216711-A1_en_q_en,WO-2025216711-A1,original,en,en,2,1.0
nomic-ai/nomic-embed-text-v2-moe,nomic-v2-moe,WO-2025216711-A1_en_q_de,WO-2025216711-A1,synthetic,de,en,2,1.0
nomic-ai/nomic-embed-text-v2-moe,nomic-v2-moe,WO-2025216711-A1_fr_q_fr,WO-2025216711-A1,original,fr,fr,2,1.0
nomic-ai/nomic-embed-text-v2-moe,nomic-v2-moe,WO-2025216711-A1_en_q_es,WO-2025216711-A1,synthetic,es,en,2,1.0
nomic-ai/nomic-embed-text-v2-moe,nomic-v2-moe,WO-2025216711-A1_zh_q_zh,WO-2025216711-A1,original,zh,zh,2,1.0
ibm-granite/granite-embedding-278m-multilingual,granite-278m,EP-4633662-A1_en_q_en,EP-4633662-A1,original,en,en,1,0.0
ibm-granite/granite-embedding-278m-multilingual,granite-278m,EP-4630509-A1_fr_q_fr,EP-4630509-A1,original,fr,fr,2,0.0
ibm-granite/granite-embedding-278m-multilingual,granite-278m,EP-4634248-A1_en_q_es,EP-4634248-A1,synthetic,es,en,1,0.0
ibm-granite/granite-embedding-278m-multilingual,granite-278m,EP-4634187-A1_en_q_es,EP-4634187-A1,synthetic,es,en,1,1.0
ibm-granite/granite-embedding-278m-multilingual,granite-278m,EP-4634142-A1_fr_q_fr,EP-4634142-A1,original,fr,fr,2,0.0
ibm-granite/granite-embedding-278m-multilingual,granite-278m,EP-4633768-A2_en_q_es,EP-4633768-A2,synthetic,es,en,1,0.0
ibm-granite/granite-embedding-278m-multilingual,granite-278m,EP-4633645-A1_fr_q_fr,EP-4633645-A1,original,fr,fr,1,0.0
ibm-granite/granite-embedding-278m-multilingual,granite-278m,EP-4633622-A2_en_q_de,EP-4633622-A2,synthetic,de,en,1,0.0
ibm-granite/granite-embedding-278m-multilingual,granite-278m,EP-4634601-A1_en_q_en,EP-4634601-A1,original,en,en,1,0.0
ibm-granite/granite-embedding-278m-multilingual,granite-278m,EP-4630626-A1_de_q_de,EP-4630626-A1,original,de,de,2,0.5
ibm-granite/granite-embedding-278m-multilingual,granite-278m,EP-4630600-A1_de_q_en,EP-4630600-A1,synthetic,en,de,2,0.0
ibm-granite/granite-embedding-278m-multilingual,granite-278m,EP-4633632-A1_en_q_es,EP-4633632-A1,synthetic,es,en,2,0.0
ibm-granite/granite-embedding-278m-multilingual,granite-278m,EP-4634136-A1_en_q_es,EP-4634136-A1,synthetic,es,en,1,0.0
ibm-granite/granite-embedding-278m-multilingual,granite-278m,EP-4634157-A1_en_q_de,EP-4634157-A1,synthetic,de,en,1,0.0
ibm-granite/granite-embedding-278m-multilingual,granite-278m,EP-4630574-A1_de_q_en,EP-4630574-A1,synthetic,en,de,2,0.0
ibm-granite/granite-embedding-278m-multilingual,granite-278m,EP-4634111-A1_en_q_de,EP-4634111-A1,synthetic,de,en,1,0.0
ibm-granite/granite-embedding-278m-multilingual,granite-278m,EP-4634596-A1_en_q_es,EP-4634596-A1,synthetic,es,en,1,0.0
ibm-granite/granite-embedding-278m-multilingual,granite-278m,EP-4634139-A1_en_q_es,EP-4634139-A1,synthetic,es,en,1,1.0
ibm-granite/granite-embedding-278m-multilingual,granite-278m,WO-2025153617-A3_de_q_en,WO-2025153617-A3,synthetic,en,de,2,0.0
ibm-granite/granite-embedding-278m-multilingual,granite-278m,EP-4634251-A1_en_q_es,EP-4634251-A1,synthetic,es,en,2,0.0
ibm-granite/granite-embedding-278m-multilingual,granite-278m,EP-4634426-A1_en_q_es,EP-4634426-A1,synthetic,es,en,2,0.0
ibm-granite/granite-embedding-278m-multilingual,granite-278m,EP-4634729-A1_en_q_de,EP-4634729-A1,synthetic,de,en,1,1.0
ibm-granite/granite-embedding-278m-multilingual,granite-278m,EP-4626569-A1_de_q_en,EP-4626569-A1,synthetic,en,de,2,0.0
ibm-granite/granite-embedding-278m-multilingual,granite-278m,EP-4634394-A2_en_q_es,EP-4634394-A2,synthetic,es,en,1,0.0
ibm-granite/granite-embedding-278m-multilingual,granite-278m,EP-4634424-A1_en_q_es,EP-4634424-A1,synthetic,es,en,1,0.0
ibm-granite/granite-embedding-278m-multilingual,granite-278m,EP-4633602-A1_en_q_de,EP-4633602-A1,synthetic,de,en,1,0.0
ibm-granite/granite-embedding-278m-multilingual,granite-278m,EP-4634337-A1_en_q_en,EP-4634337-A1,original,en,en,2,0.0
ibm-granite/granite-embedding-278m-multilingual,granite-278m,EP-4634128-A1_en_q_en,EP-4634128-A1,original,en,en,1,0.0
ibm-granite/granite-embedding-278m-multilingual,granite-278m,EP-4633896-A1_en_q_en,EP-4633896-A1,original,en,en,1,0.0
ibm-granite/granite-embedding-278m-multilingual,granite-278m,WO-2025215091-A1_fr_q_fr,WO-2025215091-A1,original,fr,fr,2,0.5
ibm-granite/granite-embedding-278m-multilingual,granite-278m,EP-4633599-A1_fr_q_fr,EP-4633599-A1,original,fr,fr,1,0.0
ibm-granite/granite-embedding-278m-multilingual,granite-278m,EP-4633656-A1_fr_q_fr,EP-4633656-A1,original,fr,fr,1,0.0
ibm-granite/granite-embedding-278m-multilingual,granite-278m,WO-2025208167-A1_de_q_de,WO-2025208167-A1,original,de,de,2,0.0
ibm-granite/granite-embedding-278m-multilingual,granite-278m,EP-4634396-A1_fr_q_fr,EP-4634396-A1,original,fr,fr,1,1.0
ibm-granite/granite-embedding-278m-multilingual,granite-278m,EP-4633893-A1_fr_q_fr,EP-4633893-A1,original,fr,fr,1,0.0
ibm-granite/granite-embedding-278m-multilingual,granite-278m,EP-4633462-A1_en_q_en,EP-4633462-A1,original,en,en,2,1.0
ibm-granite/granite-embedding-278m-multilingual,granite-278m,EP-4633386-A1_en_q_en,EP-4633386-A1,original,en,en,1,0.0
ibm-granite/granite-embedding-278m-multilingual,granite-278m,EP-4633970-A1_fr_q_fr,EP-4633970-A1,original,fr,fr,1,0.0
ibm-granite/granite-embedding-278m-multilingual,granite-278m,EP-4633415-A1_en_q_en,EP-4633415-A1,original,en,en,1,0.0
ibm-granite/granite-embedding-278m-multilingual,granite-278m,EP-4633415-A1_en_q_de,EP-4633415-A1,synthetic,de,en,1,1.0
ibm-granite/granite-embedding-278m-multilingual,granite-278m,EP-4633415-A1_fr_q_fr,EP-4633415-A1,original,fr,fr,1,0.0
ibm-granite/granite-embedding-278m-multilingual,granite-278m,EP-4633415-A1_en_q_es,EP-4633415-A1,synthetic,es,en,1,1.0
ibm-granite/granite-embedding-278m-multilingual,granite-278m,EP-4633950-A1_en_q_en,EP-4633950-A1,original,en,en,1,0.0
ibm-granite/granite-embedding-278m-multilingual,granite-278m,EP-4633950-A1_en_q_de,EP-4633950-A1,synthetic,de,en,1,0.0
ibm-granite/granite-embedding-278m-multilingual,granite-278m,EP-4633950-A1_fr_q_fr,EP-4633950-A1,original,fr,fr,1,0.0
ibm-granite/granite-embedding-278m-multilingual,granite-278m,EP-4633950-A1_en_q_es,EP-4633950-A1,synthetic,es,en,1,0.0
ibm-granite/granite-embedding-278m-multilingual,granite-278m,EP-4634629-A1_en_q_en,EP-4634629-A1,original,en,en,2,0.0
ibm-granite/granite-embedding-278m-multilingual,granite-278m,EP-4634629-A1_de_q_de,EP-4634629-A1,original,de,de,2,0.0
ibm-granite/granite-embedding-278m-multilingual,granite-278m,EP-4634629-A1_fr_q_fr,EP-4634629-A1,original,fr,fr,2,0.0
ibm-granite/granite-embedding-278m-multilingual,granite-278m,EP-4634629-A1_en_q_es,EP-4634629-A1,synthetic,es,en,2,0.0
ibm-granite/granite-embedding-278m-multilingual,granite-278m,EP-4633582-A1_en_q_es,EP-4633582-A1,synthetic,es,en,1,0.0
ibm-granite/granite-embedding-278m-multilingual,granite-278m,EP-4634165-A1_en_q_es,EP-4634165-A1,synthetic,es,en,1,1.0
ibm-granite/granite-embedding-278m-multilingual,granite-278m,EP-4633677-A1_en_q_de,EP-4633677-A1,synthetic,de,en,1,0.0
ibm-granite/granite-embedding-278m-multilingual,granite-278m,EP-4634246-A1_en_q_en,EP-4634246-A1,original,en,en,1,0.0
ibm-granite/granite-embedding-278m-multilingual,granite-278m,EP-4634120-A1_en_q_de,EP-4634120-A1,synthetic,de,en,1,0.0
ibm-granite/granite-embedding-278m-multilingual,granite-278m,EP-4633638-A1_en_q_en,EP-4633638-A1,original,en,en,1,1.0
ibm-granite/granite-embedding-278m-multilingual,granite-278m,EP-4633389-A1_en_q_en,EP-4633389-A1,original,en,en,1,1.0
ibm-granite/granite-embedding-278m-multilingual,granite-278m,WO-2025209629-A1_de_q_es,WO-2025209629-A1,synthetic,es,de,2,1.0
ibm-granite/granite-embedding-278m-multilingual,granite-278m,EP-4634132-A2_en_q_en,EP-4634132-A2,original,en,en,1,0.0
ibm-granite/granite-embedding-278m-multilingual,granite-278m,EP-4634914-A1_en_q_es,EP-4634914-A1,synthetic,es,en,1,0.0
ibm-granite/granite-embedding-278m-multilingual,granite-278m,EP-4634285-A1_en_q_de,EP-4634285-A1,synthetic,de,en,1,0.0
ibm-granite/granite-embedding-278m-multilingual,granite-278m,EP-4634122-A1_fr_q_fr,EP-4634122-A1,original,fr,fr,1,0.0
ibm-granite/granite-embedding-278m-multilingual,granite-278m,EP-4634365-A1_fr_q_fr,EP-4634365-A1,original,fr,fr,1,1.0
ibm-granite/granite-embedding-278m-multilingual,granite-278m,WO-2025214709-A1_de_q_es,WO-2025214709-A1,synthetic,es,de,2,0.0
ibm-granite/granite-embedding-278m-multilingual,granite-278m,EP-4633426-A2_en_q_es,EP-4633426-A2,synthetic,es,en,2,1.0
ibm-granite/granite-embedding-278m-multilingual,granite-278m,EP-4630604-A1_de_q_es,EP-4630604-A1,synthetic,es,de,2,0.0
ibm-granite/granite-embedding-278m-multilingual,granite-278m,EP-4634118-A1_en_q_es,EP-4634118-A1,synthetic,es,en,2,0.0
ibm-granite/granite-embedding-278m-multilingual,granite-278m,EP-4634404-A1_en_q_de,EP-4634404-A1,synthetic,de,en,1,1.0
ibm-granite/granite-embedding-278m-multilingual,granite-278m,EP-4633465-A1_en_q_de,EP-4633465-A1,synthetic,de,en,1,1.0
ibm-granite/granite-embedding-278m-multilingual,granite-278m,EP-4633680-A1_en_q_es,EP-4633680-A1,synthetic,es,en,1,1.0
ibm-granite/granite-embedding-278m-multilingual,granite-278m,WO-2025201606-A1_de_q_es,WO-2025201606-A1,synthetic,es,de,2,1.0
ibm-granite/granite-embedding-278m-multilingual,granite-278m,EP-4634435-A1_en_q_de,EP-4634435-A1,synthetic,de,en,1,1.0
ibm-granite/granite-embedding-278m-multilingual,granite-278m,EP-4634143-A1_en_q_de,EP-4634143-A1,synthetic,de,en,1,0.0
ibm-granite/granite-embedding-278m-multilingual,granite-278m,EP-4634411-A1_en_q_de,EP-4634411-A1,synthetic,de,en,1,0.0
ibm-granite/granite-embedding-278m-multilingual,granite-278m,EP-4634287-A1_en_q_es,EP-4634287-A1,synthetic,es,en,2,0.0
ibm-granite/granite-embedding-278m-multilingual,granite-278m,EP-4633627-A1_en_q_de,EP-4633627-A1,synthetic,de,en,1,1.0
ibm-granite/granite-embedding-278m-multilingual,granite-278m,EP-4633670-A1_fr_q_fr,EP-4633670-A1,original,fr,fr,1,1.0
ibm-granite/granite-embedding-278m-multilingual,granite-278m,WO-2025202163-A1_fr_q_fr,WO-2025202163-A1,original,fr,fr,2,1.0
ibm-granite/granite-embedding-278m-multilingual,granite-278m,WO-2025214852-A1_fr_q_fr,WO-2025214852-A1,original,fr,fr,2,0.0
ibm-granite/granite-embedding-278m-multilingual,granite-278m,WO-2025214996-A1_fr_q_fr,WO-2025214996-A1,original,fr,fr,2,0.0
ibm-granite/granite-embedding-278m-multilingual,granite-278m,EP-4630123-A1_de_q_de,EP-4630123-A1,original,de,de,2,0.0
ibm-granite/granite-embedding-278m-multilingual,granite-278m,EP-4634646-A1_en_q_en,EP-4634646-A1,original,en,en,1,1.0
ibm-granite/granite-embedding-278m-multilingual,granite-278m,EP-4634294-A1_en_q_en,EP-4634294-A1,original,en,en,1,0.0
ibm-granite/granite-embedding-278m-multilingual,granite-278m,EP-4634436-A1_fr_q_fr,EP-4634436-A1,original,fr,fr,1,0.0
ibm-granite/granite-embedding-278m-multilingual,granite-278m,EP-4633761-A1_en_q_en,EP-4633761-A1,original,en,en,1,0.0
ibm-granite/granite-embedding-278m-multilingual,granite-278m,WO-2025215167-A1_de_q_de,WO-2025215167-A1,original,de,de,2,0.5
ibm-granite/granite-embedding-278m-multilingual,granite-278m,EP-4626962-A1_de_q_en,EP-4626962-A1,synthetic,en,de,2,1.0
ibm-granite/granite-embedding-278m-multilingual,granite-278m,EP-4626962-A1_de_q_de,EP-4626962-A1,original,de,de,2,1.0
ibm-granite/granite-embedding-278m-multilingual,granite-278m,EP-4626962-A1_fr_q_fr,EP-4626962-A1,original,fr,fr,2,1.0
ibm-granite/granite-embedding-278m-multilingual,granite-278m,EP-4626962-A1_de_q_es,EP-4626962-A1,synthetic,es,de,2,1.0
ibm-granite/granite-embedding-278m-multilingual,granite-278m,WO-2025201936-A1_de_q_en,WO-2025201936-A1,synthetic,en,de,2,0.0
ibm-granite/granite-embedding-278m-multilingual,granite-278m,WO-2025201936-A1_fr_q_fr,WO-2025201936-A1,original,fr,fr,2,0.0
ibm-granite/granite-embedding-278m-multilingual,granite-278m,WO-2025201936-A1_de_q_es,WO-2025201936-A1,synthetic,es,de,2,0.5
ibm-granite/granite-embedding-278m-multilingual,granite-278m,EP-4634597-A1_en_q_en,EP-4634597-A1,original,en,en,1,0.0
ibm-granite/granite-embedding-278m-multilingual,granite-278m,EP-4634597-A1_en_q_de,EP-4634597-A1,synthetic,de,en,1,0.0
ibm-granite/granite-embedding-278m-multilingual,granite-278m,EP-4634597-A1_fr_q_fr,EP-4634597-A1,original,fr,fr,1,0.0
ibm-granite/granite-embedding-278m-multilingual,granite-278m,EP-4634597-A1_en_q_es,EP-4634597-A1,synthetic,es,en,1,0.0
ibm-granite/granite-embedding-278m-multilingual,granite-278m,EP-4634381-A1_en_q_zh,EP-4634381-A1,synthetic,zh,en,1,0.0
ibm-granite/granite-embedding-278m-multilingual,granite-278m,EP-4633589-A1_en_q_zh,EP-4633589-A1,synthetic,zh,en,1,0.0
ibm-granite/granite-embedding-278m-multilingual,granite-278m,EP-4627024-A1_de_q_zh,EP-4627024-A1,synthetic,zh,de,2,0.0
ibm-granite/granite-embedding-278m-multilingual,granite-278m,EP-4634926-A1_en_q_zh,EP-4634926-A1,synthetic,zh,en,1,0.0
ibm-granite/granite-embedding-278m-multilingual,granite-278m,EP-4633863-A2_en_q_zh,EP-4633863-A2,synthetic,zh,en,2,0.0
ibm-granite/granite-embedding-278m-multilingual,granite-278m,EP-4633797-A1_en_q_zh,EP-4633797-A1,synthetic,zh,en,1,1.0
ibm-granite/granite-embedding-278m-multilingual,granite-278m,EP-4633777-A1_en_q_zh,EP-4633777-A1,synthetic,zh,en,1,0.0
ibm-granite/granite-embedding-278m-multilingual,granite-278m,EP-4633621-A1_en_q_zh,EP-4633621-A1,synthetic,zh,en,1,1.0
ibm-granite/granite-embedding-278m-multilingual,granite-278m,EP-4634723-A1_en_q_zh,EP-4634723-A1,synthetic,zh,en,1,0.0
ibm-granite/granite-embedding-278m-multilingual,granite-278m,EP-4633581-A1_en_q_zh,EP-4633581-A1,synthetic,zh,en,1,0.0
ibm-granite/granite-embedding-278m-multilingual,granite-278m,EP-4634416-A1_en_q_zh,EP-4634416-A1,synthetic,zh,en,1,0.0
ibm-granite/granite-embedding-278m-multilingual,granite-278m,EP-4634305-A1_en_q_zh,EP-4634305-A1,synthetic,zh,en,1,1.0
ibm-granite/granite-embedding-278m-multilingual,granite-278m,EP-4633531-A1_en_q_zh,EP-4633531-A1,synthetic,zh,en,1,0.0
ibm-granite/granite-embedding-278m-multilingual,granite-278m,EP-4634333-A1_en_q_zh,EP-4634333-A1,synthetic,zh,en,1,0.0
ibm-granite/granite-embedding-278m-multilingual,granite-278m,EP-4634212-A1_en_q_zh,EP-4634212-A1,synthetic,zh,en,1,1.0
ibm-granite/granite-embedding-278m-multilingual,granite-278m,EP-4629959-A1_de_q_zh,EP-4629959-A1,synthetic,zh,de,2,0.0
ibm-granite/granite-embedding-278m-multilingual,granite-278m,EP-4627881-A1_de_q_zh,EP-4627881-A1,synthetic,zh,de,2,0.0
ibm-granite/granite-embedding-278m-multilingual,granite-278m,EP-4633576-A1_en_q_zh,EP-4633576-A1,synthetic,zh,en,1,0.0
ibm-granite/granite-embedding-278m-multilingual,granite-278m,EP-4633742-A2_en_q_zh,EP-4633742-A2,synthetic,zh,en,1,0.0
ibm-granite/granite-embedding-278m-multilingual,granite-278m,EP-4633791-A1_en_q_zh,EP-4633791-A1,synthetic,zh,en,1,1.0
ibm-granite/granite-embedding-278m-multilingual,granite-278m,EP-4630574-A1_fr_q_fr,EP-4630574-A1,original,fr,fr,2,0.0
ibm-granite/granite-embedding-278m-multilingual,granite-278m,EP-4634111-A1_fr_q_fr,EP-4634111-A1,original,fr,fr,1,0.0
ibm-granite/granite-embedding-278m-multilingual,granite-278m,EP-4633622-A2_en_q_es,EP-4633622-A2,synthetic,es,en,1,0.0
ibm-granite/granite-embedding-278m-multilingual,granite-278m,EP-4634187-A1_en_q_es_120,EP-4634187-A1,synthetic,es,en,1,1.0
ibm-granite/granite-embedding-278m-multilingual,granite-278m,EP-4634139-A1_fr_q_fr,EP-4634139-A1,original,fr,fr,1,1.0
ibm-granite/granite-embedding-278m-multilingual,granite-278m,EP-4634136-A1_en_q_en,EP-4634136-A1,original,en,en,1,0.0
ibm-granite/granite-embedding-278m-multilingual,granite-278m,EP-4634136-A1_en_q_de,EP-4634136-A1,synthetic,de,en,1,0.0
ibm-granite/granite-embedding-278m-multilingual,granite-278m,EP-4634136-A1_fr_q_fr,EP-4634136-A1,original,fr,fr,1,0.0
ibm-granite/granite-embedding-278m-multilingual,granite-278m,EP-4634136-A1_en_q_es_125,EP-4634136-A1,synthetic,es,en,1,0.0
ibm-granite/granite-embedding-278m-multilingual,granite-278m,q_126_zh,EP-4634136-A1,original,zh,,2,0.0
ibm-granite/granite-embedding-278m-multilingual,granite-278m,EP-4634248-A1_en_q_en,EP-4634248-A1,original,en,en,1,1.0
ibm-granite/granite-embedding-278m-multilingual,granite-278m,EP-4634142-A1_en_q_es,EP-4634142-A1,synthetic,es,en,2,0.0
ibm-granite/granite-embedding-278m-multilingual,granite-278m,WO-2025214812-A1_de_q_es,WO-2025214812-A1,synthetic,es,de,2,0.0
ibm-granite/granite-embedding-278m-multilingual,granite-278m,EP-4633662-A1_en_q_de,EP-4633662-A1,synthetic,de,en,1,0.0
ibm-granite/granite-embedding-278m-multilingual,granite-278m,WO-2025153617-A3_de_q_de,WO-2025153617-A3,original,de,de,2,1.0
ibm-granite/granite-embedding-278m-multilingual,granite-278m,EP-4634596-A1_en_q_en,EP-4634596-A1,original,en,en,1,1.0
ibm-granite/granite-embedding-278m-multilingual,granite-278m,EP-4634596-A1_en_q_de,EP-4634596-A1,synthetic,de,en,1,0.0
ibm-granite/granite-embedding-278m-multilingual,granite-278m,EP-4634596-A1_fr_q_fr,EP-4634596-A1,original,fr,fr,1,1.0
ibm-granite/granite-embedding-278m-multilingual,granite-278m,EP-4634596-A1_en_q_es_135,EP-4634596-A1,synthetic,es,en,1,1.0
ibm-granite/granite-embedding-278m-multilingual,granite-278m,q_136_zh,EP-4634596-A1,original,zh,,2,0.0
ibm-granite/granite-embedding-278m-multilingual,granite-278m,EP-4626887-A1_en_q_en,EP-4626887-A1,original,en,en,1,1.0
ibm-granite/granite-embedding-278m-multilingual,granite-278m,EP-4630033-A1_en_q_en,EP-4630033-A1,original,en,en,1,1.0
ibm-granite/granite-embedding-278m-multilingual,granite-278m,EP-4532639-A1_fr_q_fr,EP-4532639-A1,original,fr,fr,2,0.0
ibm-granite/granite-embedding-278m-multilingual,granite-278m,EP-4627010-A1_en_q_de,EP-4627010-A1,synthetic,de,en,1,0.0
ibm-granite/granite-embedding-278m-multilingual,granite-278m,EP-4626937-A1_en_q_de,EP-4626937-A1,synthetic,de,en,1,0.0
ibm-granite/granite-embedding-278m-multilingual,granite-278m,WO-2022119476-A1_en_q_de,WO-2022119476-A1,synthetic,de,en,1,0.0
ibm-granite/granite-embedding-278m-multilingual,granite-278m,WO-2025131900-A1_en_q_en,WO-2025131900-A1,original,en,en,3,0.0
ibm-granite/granite-embedding-278m-multilingual,granite-278m,WO-2025200741-A1_en_q_zh,WO-2025200741-A1,synthetic,zh,en,1,0.0
ibm-granite/granite-embedding-278m-multilingual,granite-278m,MX-2025009603-A_en_q_en,MX-2025009603-A,original,en,en,2,0.0
ibm-granite/granite-embedding-278m-multilingual,granite-278m,MX-2025009952-A_en_q_zh,MX-2025009952-A,synthetic,zh,en,1,0.0
ibm-granite/granite-embedding-278m-multilingual,granite-278m,WO-2025150253-A1_en_q_es,WO-2025150253-A1,synthetic,es,en,1,0.0
ibm-granite/granite-embedding-278m-multilingual,granite-278m,WO-2025186929-A8_en_q_en,WO-2025186929-A8,original,en,en,1,0.0
ibm-granite/granite-embedding-278m-multilingual,granite-278m,WO-2025211042-A1_en_q_en,WO-2025211042-A1,original,en,en,1,0.0
ibm-granite/granite-embedding-278m-multilingual,granite-278m,WO-2025209205-A1_en_q_en,WO-2025209205-A1,original,en,en,2,0.0
ibm-granite/granite-embedding-278m-multilingual,granite-278m,WO-2025207982-A1_en_q_de,WO-2025207982-A1,synthetic,de,en,1,1.0
ibm-granite/granite-embedding-278m-multilingual,granite-278m,WO-2025210325-A1_en_q_de,WO-2025210325-A1,synthetic,de,en,1,0.0
ibm-granite/granite-embedding-278m-multilingual,granite-278m,WO-2025216427-A1_zh_q_zh,WO-2025216427-A1,original,zh,zh,2,0.0
ibm-granite/granite-embedding-278m-multilingual,granite-278m,WO-2025197823-A1_zh_q_zh,WO-2025197823-A1,original,zh,zh,2,0.0
ibm-granite/granite-embedding-278m-multilingual,granite-278m,MX-2025002756-A_en_q_en,MX-2025002756-A,original,en,en,1,1.0
ibm-granite/granite-embedding-278m-multilingual,granite-278m,WO-2025202632-A1_en_q_en,WO-2025202632-A1,original,en,en,1,1.0
ibm-granite/granite-embedding-278m-multilingual,granite-278m,EP-4627608-A1_en_q_en,EP-4627608-A1,original,en,en,1,0.0
ibm-granite/granite-embedding-278m-multilingual,granite-278m,EP-4634668-A1_fr_q_fr,EP-4634668-A1,original,fr,fr,1,1.0
ibm-granite/granite-embedding-278m-multilingual,granite-278m,MX-2025009965-A_en_q_de,MX-2025009965-A,synthetic,de,en,1,0.0
ibm-granite/granite-embedding-278m-multilingual,granite-278m,WO-2025164300-A1_en_q_de,WO-2025164300-A1,synthetic,de,en,1,0.0
ibm-granite/granite-embedding-278m-multilingual,granite-278m,MX-2025009189-A_en_q_de,MX-2025009189-A,synthetic,de,en,1,1.0
ibm-granite/granite-embedding-278m-multilingual,granite-278m,WO-2024253632-A1_en_q_en,WO-2024253632-A1,original,en,en,1,0.0
ibm-granite/granite-embedding-278m-multilingual,granite-278m,WO-2025216023-A1_zh_q_zh,WO-2025216023-A1,original,zh,zh,2,0.0
ibm-granite/granite-embedding-278m-multilingual,granite-278m,WO-2025211128-A1_en_q_en,WO-2025211128-A1,original,en,en,1,1.0
ibm-granite/granite-embedding-278m-multilingual,granite-278m,MX-2025010237-A_en_q_zh,MX-2025010237-A,synthetic,zh,en,1,0.0
ibm-granite/granite-embedding-278m-multilingual,granite-278m,EP-4633785-A2_en_q_es,EP-4633785-A2,synthetic,es,en,1,0.0
ibm-granite/granite-embedding-278m-multilingual,granite-278m,MX-2025005737-A_en_q_en,MX-2025005737-A,original,en,en,1,0.0
ibm-granite/granite-embedding-278m-multilingual,granite-278m,MX-2025010606-A_en_q_en,MX-2025010606-A,original,en,en,1,1.0
ibm-granite/granite-embedding-278m-multilingual,granite-278m,MX-2025010877-A_en_q_en,MX-2025010877-A,original,en,en,1,0.0
ibm-granite/granite-embedding-278m-multilingual,granite-278m,EP-4584035-A1_de_q_de,EP-4584035-A1,original,de,de,3,0.3333333333333333
ibm-granite/granite-embedding-278m-multilingual,granite-278m,WO-2025170306-A1_en_q_de,WO-2025170306-A1,synthetic,de,en,2,0.5
ibm-granite/granite-embedding-278m-multilingual,granite-278m,WO-2025210569-A1_zh_q_zh,WO-2025210569-A1,original,zh,zh,2,0.0
ibm-granite/granite-embedding-278m-multilingual,granite-278m,MX-2025010084-A_en_q_zh,MX-2025010084-A,synthetic,zh,en,1,0.0
ibm-granite/granite-embedding-278m-multilingual,granite-278m,WO-2025186542-A8_en_q_en,WO-2025186542-A8,original,en,en,1,0.0
ibm-granite/granite-embedding-278m-multilingual,granite-278m,WO-2025206130-A1_zh_q_zh,WO-2025206130-A1,original,zh,zh,2,0.0
ibm-granite/granite-embedding-278m-multilingual,granite-278m,WO-2025208054-A1_en_q_de,WO-2025208054-A1,synthetic,de,en,1,1.0
ibm-granite/granite-embedding-278m-multilingual,granite-278m,WO-2025201708-A1_en_q_zh,WO-2025201708-A1,synthetic,zh,en,1,0.0
ibm-granite/granite-embedding-278m-multilingual,granite-278m,WO-2025141238-A1_es_q_es,WO-2025141238-A1,original,es,es,2,0.0
ibm-granite/granite-embedding-278m-multilingual,granite-278m,MX-2025004351-A_en_q_en,MX-2025004351-A,original,en,en,1,0.0
ibm-granite/granite-embedding-278m-multilingual,granite-278m,WO-2025200809-A1_en_q_en,WO-2025200809-A1,original,en,en,2,0.0
ibm-granite/granite-embedding-278m-multilingual,granite-278m,WO-2025201644-A1_fr_q_fr,WO-2025201644-A1,original,fr,fr,2,1.0
ibm-granite/granite-embedding-278m-multilingual,granite-278m,MX-2025003633-A_en_q_de,MX-2025003633-A,synthetic,de,en,1,0.0
ibm-granite/granite-embedding-278m-multilingual,granite-278m,WO-2025170482-A1_en_q_de,WO-2025170482-A1,synthetic,de,en,2,0.0
ibm-granite/granite-embedding-278m-multilingual,granite-278m,MX-2025002762-A_en_q_en,MX-2025002762-A,original,en,en,1,0.0
ibm-granite/granite-embedding-278m-multilingual,granite-278m,MX-2025009196-A_en_q_de,MX-2025009196-A,synthetic,de,en,1,0.0
ibm-granite/granite-embedding-278m-multilingual,granite-278m,EP-4584246-A1_en_q_zh,EP-4584246-A1,synthetic,zh,en,2,0.5
ibm-granite/granite-embedding-278m-multilingual,granite-278m,WO-2022031256-A1_en_q_zh,WO-2022031256-A1,synthetic,zh,en,1,0.0
ibm-granite/granite-embedding-278m-multilingual,granite-278m,ES-3035119-A1_en_q_fr,ES-3035119-A1,synthetic,fr,en,2,0.0
ibm-granite/granite-embedding-278m-multilingual,granite-278m,WO-2022231470-A1_en_q_de,WO-2022231470-A1,synthetic,de,en,1,0.0
ibm-granite/granite-embedding-278m-multilingual,granite-278m,EP-4627127-A1_en_q_de,EP-4627127-A1,synthetic,de,en,2,0.0
ibm-granite/granite-embedding-278m-multilingual,granite-278m,WO-2025185983-A1_en_q_es,WO-2025185983-A1,synthetic,es,en,2,0.0
ibm-granite/granite-embedding-278m-multilingual,granite-278m,EP-4627015-A1_en_q_de,EP-4627015-A1,synthetic,de,en,1,0.0
ibm-granite/granite-embedding-278m-multilingual,granite-278m,WO-2025212979-A1_en_q_de,WO-2025212979-A1,synthetic,de,en,2,0.0
ibm-granite/granite-embedding-278m-multilingual,granite-278m,MX-2025010953-A_en_q_zh,MX-2025010953-A,synthetic,zh,en,1,1.0
ibm-granite/granite-embedding-278m-multilingual,granite-278m,WO-2025207427-A1_en_q_de,WO-2025207427-A1,synthetic,de,en,2,0.0
ibm-granite/granite-embedding-278m-multilingual,granite-278m,MX-2025007532-A_en_q_de,MX-2025007532-A,synthetic,de,en,2,0.0
ibm-granite/granite-embedding-278m-multilingual,granite-278m,EP-4627092-A1_en_q_zh,EP-4627092-A1,synthetic,zh,en,1,0.0
ibm-granite/granite-embedding-278m-multilingual,granite-278m,EP-4584229-A1_en_q_es,EP-4584229-A1,synthetic,es,en,3,0.0
ibm-granite/granite-embedding-278m-multilingual,granite-278m,WO-2024054196-A1_en_q_zh,WO-2024054196-A1,synthetic,zh,en,1,0.0
ibm-granite/granite-embedding-278m-multilingual,granite-278m,WO-2025164618-A1_en_q_es,WO-2025164618-A1,synthetic,es,en,2,0.0
ibm-granite/granite-embedding-278m-multilingual,granite-278m,EP-4626889-A1_en_q_es,EP-4626889-A1,synthetic,es,en,1,0.0
ibm-granite/granite-embedding-278m-multilingual,granite-278m,MX-2025004761-A_en_q_zh,MX-2025004761-A,synthetic,zh,en,1,0.0
ibm-granite/granite-embedding-278m-multilingual,granite-278m,MX-2025009867-A_en_q_de,MX-2025009867-A,synthetic,de,en,2,0.0
ibm-granite/granite-embedding-278m-multilingual,granite-278m,WO-03042409-A3_en_q_es,WO-03042409-A3,synthetic,es,en,1,1.0
ibm-granite/granite-embedding-278m-multilingual,granite-278m,WO-2025212474-A1_en_q_de,WO-2025212474-A1,synthetic,de,en,1,0.0
ibm-granite/granite-embedding-278m-multilingual,granite-278m,ES-3028671-A1_en_q_zh,ES-3028671-A1,synthetic,zh,en,1,0.0
ibm-granite/granite-embedding-278m-multilingual,granite-278m,WO-2025212467-A1_en_q_de,WO-2025212467-A1,synthetic,de,en,1,1.0
ibm-granite/granite-embedding-278m-multilingual,granite-278m,MX-2025009862-A_en_q_fr,MX-2025009862-A,synthetic,fr,en,1,1.0
ibm-granite/granite-embedding-278m-multilingual,granite-278m,EP-4566167-A1_en_q_es,EP-4566167-A1,synthetic,es,en,3,0.0
ibm-granite/granite-embedding-278m-multilingual,granite-278m,WO-2025216937-A1_en_q_es,WO-2025216937-A1,synthetic,es,en,2,0.5
ibm-granite/granite-embedding-278m-multilingual,granite-278m,EP-4630021-A1_en_q_de,EP-4630021-A1,synthetic,de,en,2,0.0
ibm-granite/granite-embedding-278m-multilingual,granite-278m,MX-2025007206-A_en_q_de,MX-2025007206-A,synthetic,de,en,1,0.0
ibm-granite/granite-embedding-278m-multilingual,granite-278m,EP-4504821-A1_en_q_es,EP-4504821-A1,synthetic,es,en,3,0.0
ibm-granite/granite-embedding-278m-multilingual,granite-278m,WO-2025205793-A1_en_q_de,WO-2025205793-A1,synthetic,de,en,2,0.0
ibm-granite/granite-embedding-278m-multilingual,granite-278m,WO-2025206825-A1_en_q_de,WO-2025206825-A1,synthetic,de,en,1,1.0
ibm-granite/granite-embedding-278m-multilingual,granite-278m,EP-4568770-A1_en_q_es,EP-4568770-A1,synthetic,es,en,3,0.0
ibm-granite/granite-embedding-278m-multilingual,granite-278m,WO-2025188827-A8_en_q_es,WO-2025188827-A8,synthetic,es,en,1,0.0
ibm-granite/granite-embedding-278m-multilingual,granite-278m,MX-2025008259-A_en_q_fr,MX-2025008259-A,synthetic,fr,en,2,0.0
ibm-granite/granite-embedding-278m-multilingual,granite-278m,WO-2025132504-A1_en_q_es,WO-2025132504-A1,synthetic,es,en,3,0.0
ibm-granite/granite-embedding-278m-multilingual,granite-278m,MX-2025007237-A_en_q_fr,MX-2025007237-A,synthetic,fr,en,2,0.0
ibm-granite/granite-embedding-278m-multilingual,granite-278m,MX-2025005647-A_en_q_zh,MX-2025005647-A,synthetic,zh,en,1,0.0
ibm-granite/granite-embedding-278m-multilingual,granite-278m,WO-2025214411-A1_en_q_de,WO-2025214411-A1,synthetic,de,en,1,0.0
ibm-granite/granite-embedding-278m-multilingual,granite-278m,EP-4623093-A2_en_q_es,EP-4623093-A2,synthetic,es,en,2,1.0
ibm-granite/granite-embedding-278m-multilingual,granite-278m,EP-4634148-A1_en_q_de,EP-4634148-A1,synthetic,de,en,2,1.0
ibm-granite/granite-embedding-278m-multilingual,granite-278m,WO-2025202170-A1_en_q_es,WO-2025202170-A1,synthetic,es,en,1,0.0
ibm-granite/granite-embedding-278m-multilingual,granite-278m,EP-4507673-A1_en_q_de,EP-4507673-A1,synthetic,de,en,1,0.0
ibm-granite/granite-embedding-278m-multilingual,granite-278m,MX-2025007577-A_en_q_fr,MX-2025007577-A,synthetic,fr,en,2,1.0
ibm-granite/granite-embedding-278m-multilingual,granite-278m,MX-2025009131-A_en_q_zh,MX-2025009131-A,synthetic,zh,en,1,0.0
ibm-granite/granite-embedding-278m-multilingual,granite-278m,MX-2025009990-A_en_q_zh,MX-2025009990-A,synthetic,zh,en,1,0.0
ibm-granite/granite-embedding-278m-multilingual,granite-278m,WO-2023153953-A1_en_q_es,WO-2023153953-A1,synthetic,es,en,2,0.5
ibm-granite/granite-embedding-278m-multilingual,granite-278m,WO-2025183548-A1_en_q_de,WO-2025183548-A1,synthetic,de,en,2,0.0
ibm-granite/granite-embedding-278m-multilingual,granite-278m,WO-2025007163-A1_en_q_de,WO-2025007163-A1,synthetic,de,en,2,0.0
ibm-granite/granite-embedding-278m-multilingual,granite-278m,WO-2025206959-A1_en_q_de,WO-2025206959-A1,synthetic,de,en,2,0.0
ibm-granite/granite-embedding-278m-multilingual,granite-278m,WO-2025207810-A1_en_q_zh,WO-2025207810-A1,synthetic,zh,en,1,0.0
ibm-granite/granite-embedding-278m-multilingual,granite-278m,WO-2025215476-A1_en_q_de,WO-2025215476-A1,synthetic,de,en,2,0.0
ibm-granite/granite-embedding-278m-multilingual,granite-278m,WO-2023149795-A1_en_q_en,WO-2023149795-A1,original,en,en,2,0.0
ibm-granite/granite-embedding-278m-multilingual,granite-278m,WO-2022124934-A1_en_q_es,WO-2022124934-A1,synthetic,es,en,1,0.0
ibm-granite/granite-embedding-278m-multilingual,granite-278m,WO-2025187134-A8_en_q_en,WO-2025187134-A8,original,en,en,2,0.0
ibm-granite/granite-embedding-278m-multilingual,granite-278m,WO-2023200358-A1_en_q_en,WO-2023200358-A1,original,en,en,2,0.0
ibm-granite/granite-embedding-278m-multilingual,granite-278m,WO-2025216105-A1_fr_q_fr,WO-2025216105-A1,original,fr,fr,2,0.0
ibm-granite/granite-embedding-278m-multilingual,granite-278m,MX-2025005014-A_es_q_es,MX-2025005014-A,original,es,es,1,1.0
ibm-granite/granite-embedding-278m-multilingual,granite-278m,WO-2025216873-A1_fr_q_fr,WO-2025216873-A1,original,fr,fr,1,0.0
ibm-granite/granite-embedding-278m-multilingual,granite-278m,WO-2025205780-A1_zh_q_zh,WO-2025205780-A1,original,zh,zh,2,0.0
ibm-granite/granite-embedding-278m-multilingual,granite-278m,MX-2025009666-A_en_q_en,MX-2025009666-A,original,en,en,2,0.0
ibm-granite/granite-embedding-278m-multilingual,granite-278m,WO-2025212049-A1_fr_q_fr,WO-2025212049-A1,original,fr,fr,2,0.0
ibm-granite/granite-embedding-278m-multilingual,granite-278m,EP-4627347-A1_fr_q_fr,EP-4627347-A1,original,fr,fr,1,1.0
ibm-granite/granite-embedding-278m-multilingual,granite-278m,MX-2025004786-A_es_q_es,MX-2025004786-A,original,es,es,1,1.0
ibm-granite/granite-embedding-278m-multilingual,granite-278m,WO-2024063632-A1_en_q_en,WO-2024063632-A1,original,en,en,2,0.5
ibm-granite/granite-embedding-278m-multilingual,granite-278m,WO-2025206783-A1_fr_q_fr,WO-2025206783-A1,original,fr,fr,1,1.0
ibm-granite/granite-embedding-278m-multilingual,granite-278m,MX-2025010991-A_en_q_en,MX-2025010991-A,original,en,en,1,0.0
ibm-granite/granite-embedding-278m-multilingual,granite-278m,MX-2025006977-A_en_q_en,MX-2025006977-A,original,en,en,1,1.0
ibm-granite/granite-embedding-278m-multilingual,granite-278m,MX-2025008400-A_en_q_en,MX-2025008400-A,original,en,en,1,1.0
ibm-granite/granite-embedding-278m-multilingual,granite-278m,WO-2025132390-A1_de_q_de,WO-2025132390-A1,original,de,de,3,0.3333333333333333
ibm-granite/granite-embedding-278m-multilingual,granite-278m,WO-2025204766-A1_fr_q_fr,WO-2025204766-A1,original,fr,fr,2,0.5
ibm-granite/granite-embedding-278m-multilingual,granite-278m,WO-2025098664-A1_de_q_de,WO-2025098664-A1,original,de,de,2,1.0
ibm-granite/granite-embedding-278m-multilingual,granite-278m,EP-4627583-A1_en_q_en,EP-4627583-A1,original,en,en,1,1.0
ibm-granite/granite-embedding-278m-multilingual,granite-278m,EP-4630558-A2_zh_q_zh,EP-4630558-A2,original,zh,zh,2,0.0
ibm-granite/granite-embedding-278m-multilingual,granite-278m,MX-2025010573-A_es_q_es,MX-2025010573-A,original,es,es,1,0.0
ibm-granite/granite-embedding-278m-multilingual,granite-278m,WO-2025210917-A1_fr_q_fr,WO-2025210917-A1,original,fr,fr,2,0.0
ibm-granite/granite-embedding-278m-multilingual,granite-278m,WO-2025150394-A1_en_q_en,WO-2025150394-A1,original,en,en,1,0.0
ibm-granite/granite-embedding-278m-multilingual,granite-278m,MX-2025005728-A_en_q_en,MX-2025005728-A,original,en,en,1,0.0
ibm-granite/granite-embedding-278m-multilingual,granite-278m,WO-2025177605-A1_fr_q_fr,WO-2025177605-A1,original,fr,fr,1,0.0
ibm-granite/granite-embedding-278m-multilingual,granite-278m,MX-2025006958-A_en_q_en,MX-2025006958-A,original,en,en,2,1.0
ibm-granite/granite-embedding-278m-multilingual,granite-278m,EP-4551675-A1_de_q_de,EP-4551675-A1,original,de,de,2,0.0
ibm-granite/granite-embedding-278m-multilingual,granite-278m,EP-4627325-A1_fr_q_fr,EP-4627325-A1,original,fr,fr,2,0.5
ibm-granite/granite-embedding-278m-multilingual,granite-278m,WO-2025208050-A2_en_q_en,WO-2025208050-A2,original,en,en,1,1.0
ibm-granite/granite-embedding-278m-multilingual,granite-278m,WO-2025202994-A1_fr_q_fr,WO-2025202994-A1,original,fr,fr,1,0.0
ibm-granite/granite-embedding-278m-multilingual,granite-278m,MX-2025006551-A_en_q_en,MX-2025006551-A,original,en,en,1,0.0
ibm-granite/granite-embedding-278m-multilingual,granite-278m,WO-2005069422-A1_en_q_en,WO-2005069422-A1,original,en,en,1,0.0
ibm-granite/granite-embedding-278m-multilingual,granite-278m,WO-2025194610-A1_fr_q_fr,WO-2025194610-A1,original,fr,fr,1,1.0
ibm-granite/granite-embedding-278m-multilingual,granite-278m,MX-2025001644-A_zh_q_zh,MX-2025001644-A,original,zh,zh,2,1.0
ibm-granite/granite-embedding-278m-multilingual,granite-278m,WO-2025216492-A1_fr_q_fr,WO-2025216492-A1,original,fr,fr,2,1.0
ibm-granite/granite-embedding-278m-multilingual,granite-278m,WO-2025216629-A1_fr_q_fr,WO-2025216629-A1,original,fr,fr,2,0.0
ibm-granite/granite-embedding-278m-multilingual,granite-278m,MX-2025005081-A_en_q_en,MX-2025005081-A,original,en,en,1,0.0
ibm-granite/granite-embedding-278m-multilingual,granite-278m,WO-2025205506-A1_fr_q_fr,WO-2025205506-A1,original,fr,fr,1,1.0
ibm-granite/granite-embedding-278m-multilingual,granite-278m,WO-2025132391-A1_de_q_de,WO-2025132391-A1,original,de,de,3,0.0
ibm-granite/granite-embedding-278m-multilingual,granite-278m,WO-2025205634-A1_en_q_en,WO-2025205634-A1,original,en,en,1,1.0
ibm-granite/granite-embedding-278m-multilingual,granite-278m,WO-2025120243-A1_es_q_es,WO-2025120243-A1,original,es,es,2,0.0
ibm-granite/granite-embedding-278m-multilingual,granite-278m,WO-2025201672-A1_fr_q_fr,WO-2025201672-A1,original,fr,fr,1,1.0
ibm-granite/granite-embedding-278m-multilingual,granite-278m,MX-2025008970-A_es_q_es,MX-2025008970-A,original,es,es,1,1.0
ibm-granite/granite-embedding-278m-multilingual,granite-278m,MX-2025009075-A_zh_q_zh,MX-2025009075-A,original,zh,zh,2,0.0
ibm-granite/granite-embedding-278m-multilingual,granite-278m,WO-2025210445-A1_fr_q_fr,WO-2025210445-A1,original,fr,fr,1,0.0
ibm-granite/granite-embedding-278m-multilingual,granite-278m,WO-2025206090-A1_fr_q_fr,WO-2025206090-A1,original,fr,fr,1,1.0
ibm-granite/granite-embedding-278m-multilingual,granite-278m,MX-2025006643-A_en_q_en,MX-2025006643-A,original,en,en,1,1.0
ibm-granite/granite-embedding-278m-multilingual,granite-278m,MX-2025010190-A_en_q_en,MX-2025010190-A,original,en,en,2,0.5
ibm-granite/granite-embedding-278m-multilingual,granite-278m,EP-4577789-A1_zh_q_zh,EP-4577789-A1,original,zh,zh,3,0.0
ibm-granite/granite-embedding-278m-multilingual,granite-278m,WO-2025204469-A1_en_q_en,WO-2025204469-A1,original,en,en,2,0.0
ibm-granite/granite-embedding-278m-multilingual,granite-278m,WO-2025204469-A1_en_q_de,WO-2025204469-A1,synthetic,de,en,2,1.0
ibm-granite/granite-embedding-278m-multilingual,granite-278m,WO-2025204469-A1_fr_q_fr,WO-2025204469-A1,original,fr,fr,2,0.0
ibm-granite/granite-embedding-278m-multilingual,granite-278m,WO-2025204469-A1_en_q_es,WO-2025204469-A1,synthetic,es,en,2,0.0
ibm-granite/granite-embedding-278m-multilingual,granite-278m,WO-2025204469-A1_zh_q_zh,WO-2025204469-A1,original,zh,zh,2,0.0
ibm-granite/granite-embedding-278m-multilingual,granite-278m,MX-2025010085-A_en_q_en,MX-2025010085-A,original,en,en,1,1.0
ibm-granite/granite-embedding-278m-multilingual,granite-278m,MX-2025010085-A_en_q_de,MX-2025010085-A,synthetic,de,en,1,1.0
ibm-granite/granite-embedding-278m-multilingual,granite-278m,MX-2025010085-A_en_q_fr,MX-2025010085-A,synthetic,fr,en,1,1.0
ibm-granite/granite-embedding-278m-multilingual,granite-278m,MX-2025010085-A_es_q_es,MX-2025010085-A,original,es,es,1,0.0
ibm-granite/granite-embedding-278m-multilingual,granite-278m,MX-2025010085-A_en_q_zh,MX-2025010085-A,synthetic,zh,en,1,0.0
ibm-granite/granite-embedding-278m-multilingual,granite-278m,MX-2025005421-A_en_q_en,MX-2025005421-A,original,en,en,1,0.0
ibm-granite/granite-embedding-278m-multilingual,granite-278m,MX-2025005421-A_en_q_de,MX-2025005421-A,synthetic,de,en,1,0.0
ibm-granite/granite-embedding-278m-multilingual,granite-278m,MX-2025005421-A_en_q_fr,MX-2025005421-A,synthetic,fr,en,1,0.0
ibm-granite/granite-embedding-278m-multilingual,granite-278m,MX-2025005421-A_es_q_es,MX-2025005421-A,original,es,es,1,0.0
ibm-granite/granite-embedding-278m-multilingual,granite-278m,MX-2025005421-A_en_q_zh,MX-2025005421-A,synthetic,zh,en,1,0.0
ibm-granite/granite-embedding-278m-multilingual,granite-278m,MX-2025002688-A_en_q_en,MX-2025002688-A,original,en,en,1,0.0
ibm-granite/granite-embedding-278m-multilingual,granite-278m,MX-2025002688-A_en_q_de,MX-2025002688-A,synthetic,de,en,1,0.0
ibm-granite/granite-embedding-278m-multilingual,granite-278m,MX-2025002688-A_en_q_fr,MX-2025002688-A,synthetic,fr,en,1,0.0
ibm-granite/granite-embedding-278m-multilingual,granite-278m,MX-2025002688-A_es_q_es,MX-2025002688-A,original,es,es,1,0.0
ibm-granite/granite-embedding-278m-multilingual,granite-278m,MX-2025002688-A_en_q_zh,MX-2025002688-A,synthetic,zh,en,1,0.0
ibm-granite/granite-embedding-278m-multilingual,granite-278m,WO-2025211147-A1_en_q_en,WO-2025211147-A1,original,en,en,1,0.0
ibm-granite/granite-embedding-278m-multilingual,granite-278m,WO-2025211147-A1_en_q_de,WO-2025211147-A1,synthetic,de,en,1,0.0
ibm-granite/granite-embedding-278m-multilingual,granite-278m,WO-2025211147-A1_fr_q_fr,WO-2025211147-A1,original,fr,fr,1,1.0
ibm-granite/granite-embedding-278m-multilingual,granite-278m,WO-2025211147-A1_en_q_es,WO-2025211147-A1,synthetic,es,en,1,0.0
ibm-granite/granite-embedding-278m-multilingual,granite-278m,WO-2025211147-A1_en_q_zh,WO-2025211147-A1,synthetic,zh,en,1,0.0
ibm-granite/granite-embedding-278m-multilingual,granite-278m,WO-2025187712-A8_en_q_en,WO-2025187712-A8,original,en,en,1,0.0
ibm-granite/granite-embedding-278m-multilingual,granite-278m,WO-2025187712-A8_en_q_de,WO-2025187712-A8,synthetic,de,en,1,0.0
ibm-granite/granite-embedding-278m-multilingual,granite-278m,WO-2025187712-A8_fr_q_fr,WO-2025187712-A8,original,fr,fr,1,0.0
ibm-granite/granite-embedding-278m-multilingual,granite-278m,WO-2025187712-A8_en_q_es,WO-2025187712-A8,synthetic,es,en,1,0.0
ibm-granite/granite-embedding-278m-multilingual,granite-278m,WO-2025187712-A8_en_q_zh,WO-2025187712-A8,synthetic,zh,en,1,0.0
ibm-granite/granite-embedding-278m-multilingual,granite-278m,EP-4630253-A1_en_q_en,EP-4630253-A1,original,en,en,2,0.0
ibm-granite/granite-embedding-278m-multilingual,granite-278m,EP-4630253-A1_en_q_de,EP-4630253-A1,synthetic,de,en,2,0.0
ibm-granite/granite-embedding-278m-multilingual,granite-278m,EP-4630253-A1_fr_q_fr,EP-4630253-A1,original,fr,fr,2,0.0
ibm-granite/granite-embedding-278m-multilingual,granite-278m,EP-4630253-A1_en_q_es,EP-4630253-A1,synthetic,es,en,2,0.0
ibm-granite/granite-embedding-278m-multilingual,granite-278m,EP-4630253-A1_zh_q_zh,EP-4630253-A1,original,zh,zh,2,0.0
ibm-granite/granite-embedding-278m-multilingual,granite-278m,MX-2025007798-A_en_q_en,MX-2025007798-A,original,en,en,1,1.0
ibm-granite/granite-embedding-278m-multilingual,granite-278m,WO-2025206382-A1_en_q_en,WO-2025206382-A1,original,en,en,1,1.0
ibm-granite/granite-embedding-278m-multilingual,granite-278m,MX-2025009144-A_en_q_en,MX-2025009144-A,original,en,en,2,0.0
ibm-granite/granite-embedding-278m-multilingual,granite-278m,WO-2025206195-A1_en_q_de,WO-2025206195-A1,synthetic,de,en,1,1.0
ibm-granite/granite-embedding-278m-multilingual,granite-278m,WO-2024128938-A1_en_q_de,WO-2024128938-A1,synthetic,de,en,2,1.0
ibm-granite/granite-embedding-278m-multilingual,granite-278m,MX-2025007510-A_es_q_es,MX-2025007510-A,original,es,es,1,0.0
ibm-granite/granite-embedding-278m-multilingual,granite-278m,WO-2025172752-A1_en_q_en,WO-2025172752-A1,original,en,en,2,1.0
ibm-granite/granite-embedding-278m-multilingual,granite-278m,WO-2024245507-A9_en_q_en,WO-2024245507-A9,original,en,en,2,0.0
ibm-granite/granite-embedding-278m-multilingual,granite-278m,WO-2024245507-A9_de_q_de,WO-2024245507-A9,original,de,de,2,0.5
ibm-granite/granite-embedding-278m-multilingual,granite-278m,WO-2024245507-A9_fr_q_fr,WO-2024245507-A9,original,fr,fr,2,0.0
ibm-granite/granite-embedding-278m-multilingual,granite-278m,WO-2024245507-A9_en_q_es,WO-2024245507-A9,synthetic,es,en,2,0.5
ibm-granite/granite-embedding-278m-multilingual,granite-278m,WO-2024245507-A9_en_q_zh,WO-2024245507-A9,synthetic,zh,en,2,0.0
ibm-granite/granite-embedding-278m-multilingual,granite-278m,EP-4630245-A1_zh_q_zh,EP-4630245-A1,original,zh,zh,2,0.5
ibm-granite/granite-embedding-278m-multilingual,granite-278m,WO-2025192625-A1_en_q_en,WO-2025192625-A1,original,en,en,2,0.5
ibm-granite/granite-embedding-278m-multilingual,granite-278m,WO-2025192625-A1_en_q_de,WO-2025192625-A1,synthetic,de,en,2,0.0
ibm-granite/granite-embedding-278m-multilingual,granite-278m,WO-2025192625-A1_fr_q_fr,WO-2025192625-A1,original,fr,fr,2,0.0
ibm-granite/granite-embedding-278m-multilingual,granite-278m,WO-2025192625-A1_en_q_es,WO-2025192625-A1,synthetic,es,en,2,0.0
ibm-granite/granite-embedding-278m-multilingual,granite-278m,WO-2025192625-A1_zh_q_zh,WO-2025192625-A1,original,zh,zh,2,0.0
ibm-granite/granite-embedding-278m-multilingual,granite-278m,MX-2025006818-A_es_q_es,MX-2025006818-A,original,es,es,1,1.0
ibm-granite/granite-embedding-278m-multilingual,granite-278m,MX-2025007695-A_es_q_es,MX-2025007695-A,original,es,es,1,1.0
ibm-granite/granite-embedding-278m-multilingual,granite-278m,WO-2025187736-A8_en_q_zh,WO-2025187736-A8,synthetic,zh,en,1,0.0
ibm-granite/granite-embedding-278m-multilingual,granite-278m,WO-2025203012-A1_en_q_es,WO-2025203012-A1,synthetic,es,en,1,1.0
ibm-granite/granite-embedding-278m-multilingual,granite-278m,EP-4626837-A1_en_q_zh,EP-4626837-A1,synthetic,zh,en,1,1.0
ibm-granite/granite-embedding-278m-multilingual,granite-278m,WO-2025202104-A1_zh_q_zh,WO-2025202104-A1,original,zh,zh,2,1.0
ibm-granite/granite-embedding-278m-multilingual,granite-278m,EP-4626928-A2_fr_q_fr,EP-4626928-A2,original,fr,fr,2,1.0
ibm-granite/granite-embedding-278m-multilingual,granite-278m,MX-2025008327-A_en_q_en,MX-2025008327-A,original,en,en,1,0.0
ibm-granite/granite-embedding-278m-multilingual,granite-278m,EP-4634127-A1_en_q_en,EP-4634127-A1,original,en,en,1,0.0
ibm-granite/granite-embedding-278m-multilingual,granite-278m,WO-2024058685-A1_en_q_zh,WO-2024058685-A1,synthetic,zh,en,1,0.0
ibm-granite/granite-embedding-278m-multilingual,granite-278m,WO-2024089298-A9_fr_q_fr,WO-2024089298-A9,original,fr,fr,1,1.0
ibm-granite/granite-embedding-278m-multilingual,granite-278m,MX-2025010028-A_en_q_en,MX-2025010028-A,original,en,en,1,1.0
ibm-granite/granite-embedding-278m-multilingual,granite-278m,WO-2025202253-A1_en_q_es,WO-2025202253-A1,synthetic,es,en,1,1.0
ibm-granite/granite-embedding-278m-multilingual,granite-278m,MX-2025009821-A_es_q_es,MX-2025009821-A,original,es,es,2,0.5
ibm-granite/granite-embedding-278m-multilingual,granite-278m,MX-2025006624-A_en_q_fr,MX-2025006624-A,synthetic,fr,en,1,1.0
ibm-granite/granite-embedding-278m-multilingual,granite-278m,MX-2025003345-A_en_q_de,MX-2025003345-A,synthetic,de,en,1,0.0
ibm-granite/granite-embedding-278m-multilingual,granite-278m,WO-2024259508-A1_en_q_en,WO-2024259508-A1,original,en,en,2,1.0
ibm-granite/granite-embedding-278m-multilingual,granite-278m,EP-4630051-A1_fr_q_fr,EP-4630051-A1,original,fr,fr,1,1.0
ibm-granite/granite-embedding-278m-multilingual,granite-278m,MX-2025010268-A_en_q_zh,MX-2025010268-A,synthetic,zh,en,1,1.0
ibm-granite/granite-embedding-278m-multilingual,granite-278m,WO-2025212655-A1_en_q_de,WO-2025212655-A1,synthetic,de,en,2,1.0
ibm-granite/granite-embedding-278m-multilingual,granite-278m,WO-2025205978-A1_en_q_en,WO-2025205978-A1,original,en,en,2,0.5
ibm-granite/granite-embedding-278m-multilingual,granite-278m,WO-2025206105-A1_zh_q_zh,WO-2025206105-A1,original,zh,zh,2,1.0
ibm-granite/granite-embedding-278m-multilingual,granite-278m,EP-4633669-A2_fr_q_fr,EP-4633669-A2,original,fr,fr,2,1.0
ibm-granite/granite-embedding-278m-multilingual,granite-278m,WO-2025021351-A1_en_q_zh,WO-2025021351-A1,synthetic,zh,en,2,1.0
ibm-granite/granite-embedding-278m-multilingual,granite-278m,WO-2025187706-A8_fr_q_fr,WO-2025187706-A8,original,fr,fr,1,0.0
ibm-granite/granite-embedding-278m-multilingual,granite-278m,EP-4623104-A1_zh_q_zh,EP-4623104-A1,original,zh,zh,2,1.0
ibm-granite/granite-embedding-278m-multilingual,granite-278m,WO-2025164232-A1_en_q_de,WO-2025164232-A1,synthetic,de,en,1,1.0
ibm-granite/granite-embedding-278m-multilingual,granite-278m,WO-2025206823-A1_en_q_de,WO-2025206823-A1,synthetic,de,en,2,0.0
ibm-granite/granite-embedding-278m-multilingual,granite-278m,EP-4626944-A1_en_q_de,EP-4626944-A1,synthetic,de,en,1,0.0
ibm-granite/granite-embedding-278m-multilingual,granite-278m,EP-4626879-A1_en_q_en,EP-4626879-A1,original,en,en,2,1.0
ibm-granite/granite-embedding-278m-multilingual,granite-278m,EP-4626874-A1_en_q_zh,EP-4626874-A1,synthetic,zh,en,1,0.0
ibm-granite/granite-embedding-278m-multilingual,granite-278m,MX-2025008798-A_en_q_fr,MX-2025008798-A,synthetic,fr,en,1,0.0
ibm-granite/granite-embedding-278m-multilingual,granite-278m,MX-2025005939-A_es_q_es,MX-2025005939-A,original,es,es,2,0.5
ibm-granite/granite-embedding-278m-multilingual,granite-278m,WO-2025204745-A1_en_q_zh,WO-2025204745-A1,synthetic,zh,en,1,0.0
ibm-granite/granite-embedding-278m-multilingual,granite-278m,WO-2025217208-A1_en_q_en,WO-2025217208-A1,original,en,en,2,1.0
ibm-granite/granite-embedding-278m-multilingual,granite-278m,WO-2025205163-A1_en_q_en,WO-2025205163-A1,original,en,en,1,0.0
ibm-granite/granite-embedding-278m-multilingual,granite-278m,WO-2025186172-A8_fr_q_fr,WO-2025186172-A8,original,fr,fr,3,0.6666666666666666
ibm-granite/granite-embedding-278m-multilingual,granite-278m,WO-2025188156-A8_en_q_de,WO-2025188156-A8,synthetic,de,en,1,0.0
ibm-granite/granite-embedding-278m-multilingual,granite-278m,MX-2025009759-A_en_q_fr,MX-2025009759-A,synthetic,fr,en,2,1.0
ibm-granite/granite-embedding-278m-multilingual,granite-278m,WO-2025189017-A8_en_q_de,WO-2025189017-A8,synthetic,de,en,2,1.0
ibm-granite/granite-embedding-278m-multilingual,granite-278m,CR-20250096-A_en_q_zh,CR-20250096-A,synthetic,zh,en,1,1.0
ibm-granite/granite-embedding-278m-multilingual,granite-278m,WO-2025169953-A1_en_q_de,WO-2025169953-A1,synthetic,de,en,2,0.5
ibm-granite/granite-embedding-278m-multilingual,granite-278m,MX-2025006319-A_en_q_de,MX-2025006319-A,synthetic,de,en,1,0.0
ibm-granite/granite-embedding-278m-multilingual,granite-278m,MX-2025004974-A_en_q_fr,MX-2025004974-A,synthetic,fr,en,1,0.0
ibm-granite/granite-embedding-278m-multilingual,granite-278m,WO-2025170405-A1_en_q_de,WO-2025170405-A1,synthetic,de,en,2,0.5
ibm-granite/granite-embedding-278m-multilingual,granite-278m,WO-2025208198-A1_en_q_zh,WO-2025208198-A1,synthetic,zh,en,1,0.0
ibm-granite/granite-embedding-278m-multilingual,granite-278m,WO-2025054647-A1_en_q_es,WO-2025054647-A1,synthetic,es,en,2,0.5
ibm-granite/granite-embedding-278m-multilingual,granite-278m,WO-2025210166-A1_en_q_de,WO-2025210166-A1,synthetic,de,en,2,0.0
ibm-granite/granite-embedding-278m-multilingual,granite-278m,WO-2025211178-A1_en_q_es,WO-2025211178-A1,synthetic,es,en,2,0.5
ibm-granite/granite-embedding-278m-multilingual,granite-278m,MX-2025004012-A_en_q_zh,MX-2025004012-A,synthetic,zh,en,1,1.0
ibm-granite/granite-embedding-278m-multilingual,granite-278m,WO-2025206949-A1_en_q_es,WO-2025206949-A1,synthetic,es,en,1,0.0
ibm-granite/granite-embedding-278m-multilingual,granite-278m,MX-2025007614-A_en_q_zh,MX-2025007614-A,synthetic,zh,en,1,1.0
ibm-granite/granite-embedding-278m-multilingual,granite-278m,WO-2025146513-A1_en_q_de,WO-2025146513-A1,synthetic,de,en,2,1.0
ibm-granite/granite-embedding-278m-multilingual,granite-278m,WO-2025211949-A1_en_q_es,WO-2025211949-A1,synthetic,es,en,2,0.5
ibm-granite/granite-embedding-278m-multilingual,granite-278m,EP-4626831-A1_en_q_zh,EP-4626831-A1,synthetic,zh,en,1,0.0
ibm-granite/granite-embedding-278m-multilingual,granite-278m,WO-2025186644-A8_en_q_de,WO-2025186644-A8,synthetic,de,en,2,1.0
ibm-granite/granite-embedding-278m-multilingual,granite-278m,WO-2025192587-A1_en_q_de,WO-2025192587-A1,synthetic,de,en,1,0.0
ibm-granite/granite-embedding-278m-multilingual,granite-278m,EP-4633779-A1_en_q_es,EP-4633779-A1,synthetic,es,en,1,1.0
ibm-granite/granite-embedding-278m-multilingual,granite-278m,WO-2022098263-A1_en_q_es,WO-2022098263-A1,synthetic,es,en,2,1.0
ibm-granite/granite-embedding-278m-multilingual,granite-278m,WO-2025215251-A1_en_q_es,WO-2025215251-A1,synthetic,es,en,2,0.5
ibm-granite/granite-embedding-278m-multilingual,granite-278m,EP-4493405-A1_en_q_zh,EP-4493405-A1,synthetic,zh,en,2,0.0
ibm-granite/granite-embedding-278m-multilingual,granite-278m,WO-2025103555-A1_en_q_zh,WO-2025103555-A1,synthetic,zh,en,2,1.0
ibm-granite/granite-embedding-278m-multilingual,granite-278m,EP-4626386-A1_en_q_de,EP-4626386-A1,synthetic,de,en,1,0.0
ibm-granite/granite-embedding-278m-multilingual,granite-278m,MX-2025010613-A_en_q_de,MX-2025010613-A,synthetic,de,en,2,0.0
ibm-granite/granite-embedding-278m-multilingual,granite-278m,EP-4626547-A1_en_q_de,EP-4626547-A1,synthetic,de,en,1,1.0
ibm-granite/granite-embedding-278m-multilingual,granite-278m,EP-4626593-A1_en_q_de,EP-4626593-A1,synthetic,de,en,2,0.5
ibm-granite/granite-embedding-278m-multilingual,granite-278m,WO-2025207414-A1_en_q_es,WO-2025207414-A1,synthetic,es,en,2,1.0
ibm-granite/granite-embedding-278m-multilingual,granite-278m,MX-2025005049-A_en_q_zh,MX-2025005049-A,synthetic,zh,en,1,0.0
ibm-granite/granite-embedding-278m-multilingual,granite-278m,WO-2024246082-A3_en_q_es,WO-2024246082-A3,synthetic,es,en,2,1.0
ibm-granite/granite-embedding-278m-multilingual,granite-278m,WO-2025180718-A1_en_q_es,WO-2025180718-A1,synthetic,es,en,2,0.0
ibm-granite/granite-embedding-278m-multilingual,granite-278m,MX-2025006336-A_en_q_de,MX-2025006336-A,synthetic,de,en,2,0.5
ibm-granite/granite-embedding-278m-multilingual,granite-278m,WO-2025202347-A1_en_q_de,WO-2025202347-A1,synthetic,de,en,2,1.0
ibm-granite/granite-embedding-278m-multilingual,granite-278m,MX-2025010373-A_en_q_zh,MX-2025010373-A,synthetic,zh,en,1,0.0
ibm-granite/granite-embedding-278m-multilingual,granite-278m,WO-2025200075-A1_en_q_zh,WO-2025200075-A1,synthetic,zh,en,1,1.0
ibm-granite/granite-embedding-278m-multilingual,granite-278m,WO-2025189151-A8_en_q_de,WO-2025189151-A8,synthetic,de,en,2,1.0
ibm-granite/granite-embedding-278m-multilingual,granite-278m,MX-2025007174-A_en_q_de,MX-2025007174-A,synthetic,de,en,1,1.0
ibm-granite/granite-embedding-278m-multilingual,granite-278m,MX-2025010619-A_en_q_de,MX-2025010619-A,synthetic,de,en,2,0.5
ibm-granite/granite-embedding-278m-multilingual,granite-278m,EP-4532651-A1_en_q_es,EP-4532651-A1,synthetic,es,en,2,0.5
ibm-granite/granite-embedding-278m-multilingual,granite-278m,WO-2025173342-A1_en_q_es,WO-2025173342-A1,synthetic,es,en,2,0.5
ibm-granite/granite-embedding-278m-multilingual,granite-278m,WO-2024019637-A1_en_q_de,WO-2024019637-A1,synthetic,de,en,2,0.5
ibm-granite/granite-embedding-278m-multilingual,granite-278m,MX-2025008968-A_en_q_zh,MX-2025008968-A,synthetic,zh,en,1,1.0
ibm-granite/granite-embedding-278m-multilingual,granite-278m,WO-2025202625-A1_en_q_de,WO-2025202625-A1,synthetic,de,en,1,0.0
ibm-granite/granite-embedding-278m-multilingual,granite-278m,WO-2025187661-A8_en_q_es,WO-2025187661-A8,synthetic,es,en,1,1.0
ibm-granite/granite-embedding-278m-multilingual,granite-278m,WO-2025101062-A1_en_q_zh,WO-2025101062-A1,synthetic,zh,en,2,1.0
ibm-granite/granite-embedding-278m-multilingual,granite-278m,WO-2025150711-A1_en_q_de,WO-2025150711-A1,synthetic,de,en,1,1.0
ibm-granite/granite-embedding-278m-multilingual,granite-278m,WO-2025207828-A1_en_q_zh,WO-2025207828-A1,synthetic,zh,en,1,0.0
ibm-granite/granite-embedding-278m-multilingual,granite-278m,WO-2025203197-A1_en_q_zh,WO-2025203197-A1,synthetic,zh,en,1,1.0
ibm-granite/granite-embedding-278m-multilingual,granite-278m,EP-4634141-A2_en_q_en,EP-4634141-A2,original,en,en,1,1.0
ibm-granite/granite-embedding-278m-multilingual,granite-278m,EP-4633971-A1_fr_q_fr,EP-4633971-A1,original,fr,fr,1,0.0
ibm-granite/granite-embedding-278m-multilingual,granite-278m,WO-2025197272-A1_en_q_en,WO-2025197272-A1,original,en,en,1,0.0
ibm-granite/granite-embedding-278m-multilingual,granite-278m,WO-2025189168-A8_fr_q_fr,WO-2025189168-A8,original,fr,fr,2,1.0
ibm-granite/granite-embedding-278m-multilingual,granite-278m,MX-2025008124-A_es_q_es,MX-2025008124-A,original,es,es,1,0.0
ibm-granite/granite-embedding-278m-multilingual,granite-278m,MX-2025007669-A_en_q_en,MX-2025007669-A,original,en,en,2,1.0
ibm-granite/granite-embedding-278m-multilingual,granite-278m,WO-2025195675-A1_en_q_en,WO-2025195675-A1,original,en,en,3,0.0
ibm-granite/granite-embedding-278m-multilingual,granite-278m,WO-2022005333-A1_en_q_en,WO-2022005333-A1,original,en,en,1,0.0
ibm-granite/granite-embedding-278m-multilingual,granite-278m,MX-2025005748-A_es_q_es,MX-2025005748-A,original,es,es,1,1.0
ibm-granite/granite-embedding-278m-multilingual,granite-278m,MX-2025002923-A_es_q_es,MX-2025002923-A,original,es,es,2,1.0
ibm-granite/granite-embedding-278m-multilingual,granite-278m,MX-2025010611-A_es_q_es,MX-2025010611-A,original,es,es,2,0.0
ibm-granite/granite-embedding-278m-multilingual,granite-278m,WO-2025217553-A1_fr_q_fr,WO-2025217553-A1,original,fr,fr,2,0.0
ibm-granite/granite-embedding-278m-multilingual,granite-278m,WO-2025186530-A8_en_q_en,WO-2025186530-A8,original,en,en,1,1.0
ibm-granite/granite-embedding-278m-multilingual,granite-278m,EP-4627050-A1_fr_q_fr,EP-4627050-A1,original,fr,fr,2,0.5
ibm-granite/granite-embedding-278m-multilingual,granite-278m,MX-2025008249-A_en_q_en,MX-2025008249-A,original,en,en,1,1.0
ibm-granite/granite-embedding-278m-multilingual,granite-278m,WO-2025184858-A8_fr_q_fr,WO-2025184858-A8,original,fr,fr,1,1.0
ibm-granite/granite-embedding-278m-multilingual,granite-278m,MX-2025004649-A_es_q_es,MX-2025004649-A,original,es,es,1,1.0
ibm-granite/granite-embedding-278m-multilingual,granite-278m,ES-1320636-U_en_q_en,ES-1320636-U,original,en,en,1,0.0
ibm-granite/granite-embedding-278m-multilingual,granite-278m,MX-2025006800-A_en_q_en,MX-2025006800-A,original,en,en,1,1.0
ibm-granite/granite-embedding-278m-multilingual,granite-278m,EP-4626866-A1_en_q_en,EP-4626866-A1,original,en,en,2,1.0
ibm-granite/granite-embedding-278m-multilingual,granite-278m,MX-2025006721-A_en_q_en,MX-2025006721-A,original,en,en,1,0.0
ibm-granite/granite-embedding-278m-multilingual,granite-278m,WO-2024073831-A1_en_q_en,WO-2024073831-A1,original,en,en,2,0.5
ibm-granite/granite-embedding-278m-multilingual,granite-278m,WO-2025200966-A1_fr_q_fr,WO-2025200966-A1,original,fr,fr,1,1.0
ibm-granite/granite-embedding-278m-multilingual,granite-278m,MX-2025005215-A_es_q_es,MX-2025005215-A,original,es,es,1,1.0
ibm-granite/granite-embedding-278m-multilingual,granite-278m,WO-2025080163-A1_fr_q_fr,WO-2025080163-A1,original,fr,fr,2,0.5
ibm-granite/granite-embedding-278m-multilingual,granite-278m,WO-2025200089-A1_en_q_en,WO-2025200089-A1,original,en,en,2,0.5
ibm-granite/granite-embedding-278m-multilingual,granite-278m,WO-2025073021-A1_en_q_en,WO-2025073021-A1,original,en,en,2,1.0
ibm-granite/granite-embedding-278m-multilingual,granite-278m,WO-2025186263-A8_fr_q_fr,WO-2025186263-A8,original,fr,fr,1,1.0
ibm-granite/granite-embedding-278m-multilingual,granite-278m,WO-2025211336-A1_en_q_en,WO-2025211336-A1,original,en,en,1,0.0
ibm-granite/granite-embedding-278m-multilingual,granite-278m,WO-2025078189-A1_en_q_en,WO-2025078189-A1,original,en,en,3,0.0
ibm-granite/granite-embedding-278m-multilingual,granite-278m,ES-3033921-A1_en_q_en,ES-3033921-A1,original,en,en,1,1.0
ibm-granite/granite-embedding-278m-multilingual,granite-278m,WO-2025154762-A1_fr_q_fr,WO-2025154762-A1,original,fr,fr,2,0.5
ibm-granite/granite-embedding-278m-multilingual,granite-278m,EP-4634323-A1_en_q_en,EP-4634323-A1,original,en,en,2,0.0
ibm-granite/granite-embedding-278m-multilingual,granite-278m,WO-2025189143-A8_en_q_en,WO-2025189143-A8,original,en,en,1,1.0
ibm-granite/granite-embedding-278m-multilingual,granite-278m,MX-2025009632-A_en_q_en,MX-2025009632-A,original,en,en,2,0.5
ibm-granite/granite-embedding-278m-multilingual,granite-278m,EP-4626395-A1_fr_q_fr,EP-4626395-A1,original,fr,fr,1,1.0
ibm-granite/granite-embedding-278m-multilingual,granite-278m,WO-2025203678-A1_fr_q_fr,WO-2025203678-A1,original,fr,fr,2,0.5
ibm-granite/granite-embedding-278m-multilingual,granite-278m,WO-2025187095-A8_fr_q_fr,WO-2025187095-A8,original,fr,fr,1,1.0
ibm-granite/granite-embedding-278m-multilingual,granite-278m,EP-4626938-A1_en_q_en,EP-4626938-A1,original,en,en,2,1.0
ibm-granite/granite-embedding-278m-multilingual,granite-278m,MX-2025006010-A_en_q_en,MX-2025006010-A,original,en,en,1,0.0
ibm-granite/granite-embedding-278m-multilingual,granite-278m,WO-2025215647-A1_fr_q_fr,WO-2025215647-A1,original,fr,fr,2,1.0
ibm-granite/granite-embedding-278m-multilingual,granite-278m,WO-2025207093-A1_fr_q_fr,WO-2025207093-A1,original,fr,fr,1,1.0
ibm-granite/granite-embedding-278m-multilingual,granite-278m,MX-2025004470-A_en_q_en,MX-2025004470-A,original,en,en,1,1.0
ibm-granite/granite-embedding-278m-multilingual,granite-278m,EP-4626949-A1_fr_q_fr,EP-4626949-A1,original,fr,fr,1,1.0
ibm-granite/granite-embedding-278m-multilingual,granite-278m,WO-2025206197-A1_fr_q_fr,WO-2025206197-A1,original,fr,fr,2,0.0
ibm-granite/granite-embedding-278m-multilingual,granite-278m,WO-2022246526-A8_fr_q_fr,WO-2022246526-A8,original,fr,fr,1,1.0
ibm-granite/granite-embedding-278m-multilingual,granite-278m,MX-2025006489-A_es_q_es,MX-2025006489-A,original,es,es,2,1.0
ibm-granite/granite-embedding-278m-multilingual,granite-278m,WO-2021255541-A1_en_q_en,WO-2021255541-A1,original,en,en,2,0.0
ibm-granite/granite-embedding-278m-multilingual,granite-278m,WO-2021255541-A1_en_q_de,WO-2021255541-A1,synthetic,de,en,2,0.0
ibm-granite/granite-embedding-278m-multilingual,granite-278m,WO-2021255541-A1_fr_q_fr,WO-2021255541-A1,original,fr,fr,2,0.5
ibm-granite/granite-embedding-278m-multilingual,granite-278m,WO-2021255541-A1_en_q_es,WO-2021255541-A1,synthetic,es,en,2,0.0
ibm-granite/granite-embedding-278m-multilingual,granite-278m,WO-2021255541-A1_zh_q_zh,WO-2021255541-A1,original,zh,zh,2,0.0
ibm-granite/granite-embedding-278m-multilingual,granite-278m,EP-4634663-A1_en_q_en,EP-4634663-A1,original,en,en,1,1.0
ibm-granite/granite-embedding-278m-multilingual,granite-278m,EP-4634663-A1_en_q_de,EP-4634663-A1,synthetic,de,en,1,1.0
ibm-granite/granite-embedding-278m-multilingual,granite-278m,EP-4634663-A1_fr_q_fr,EP-4634663-A1,original,fr,fr,1,0.0
ibm-granite/granite-embedding-278m-multilingual,granite-278m,EP-4634663-A1_en_q_es,EP-4634663-A1,synthetic,es,en,1,1.0
ibm-granite/granite-embedding-278m-multilingual,granite-278m,EP-4634663-A1_en_q_zh,EP-4634663-A1,synthetic,zh,en,1,1.0
ibm-granite/granite-embedding-278m-multilingual,granite-278m,MX-2025005046-A_en_q_en,MX-2025005046-A,original,en,en,1,0.0
ibm-granite/granite-embedding-278m-multilingual,granite-278m,MX-2025005046-A_en_q_de,MX-2025005046-A,synthetic,de,en,1,0.0
ibm-granite/granite-embedding-278m-multilingual,granite-278m,MX-2025005046-A_en_q_fr,MX-2025005046-A,synthetic,fr,en,1,1.0
ibm-granite/granite-embedding-278m-multilingual,granite-278m,MX-2025005046-A_es_q_es,MX-2025005046-A,original,es,es,1,0.0
ibm-granite/granite-embedding-278m-multilingual,granite-278m,MX-2025005046-A_en_q_zh,MX-2025005046-A,synthetic,zh,en,1,1.0
ibm-granite/granite-embedding-278m-multilingual,granite-278m,MX-2025007733-A_en_q_en,MX-2025007733-A,original,en,en,2,0.0
ibm-granite/granite-embedding-278m-multilingual,granite-278m,MX-2025007733-A_en_q_de,MX-2025007733-A,synthetic,de,en,2,1.0
ibm-granite/granite-embedding-278m-multilingual,granite-278m,MX-2025007733-A_en_q_fr,MX-2025007733-A,synthetic,fr,en,2,0.0
ibm-granite/granite-embedding-278m-multilingual,granite-278m,MX-2025007733-A_es_q_es,MX-2025007733-A,original,es,es,2,0.0
ibm-granite/granite-embedding-278m-multilingual,granite-278m,MX-2025007733-A_zh_q_zh,MX-2025007733-A,original,zh,zh,2,0.5
ibm-granite/granite-embedding-278m-multilingual,granite-278m,MX-2025008227-A_en_q_en,MX-2025008227-A,original,en,en,1,1.0
ibm-granite/granite-embedding-278m-multilingual,granite-278m,MX-2025008227-A_en_q_de,MX-2025008227-A,synthetic,de,en,1,1.0
ibm-granite/granite-embedding-278m-multilingual,granite-278m,MX-2025008227-A_en_q_fr,MX-2025008227-A,synthetic,fr,en,1,1.0
ibm-granite/granite-embedding-278m-multilingual,granite-278m,MX-2025008227-A_es_q_es,MX-2025008227-A,original,es,es,1,0.0
ibm-granite/granite-embedding-278m-multilingual,granite-278m,MX-2025008227-A_en_q_zh,MX-2025008227-A,synthetic,zh,en,1,0.0
ibm-granite/granite-embedding-278m-multilingual,granite-278m,WO-2025186592-A8_en_q_en,WO-2025186592-A8,original,en,en,1,1.0
ibm-granite/granite-embedding-278m-multilingual,granite-278m,WO-2025186592-A8_en_q_de,WO-2025186592-A8,synthetic,de,en,1,1.0
ibm-granite/granite-embedding-278m-multilingual,granite-278m,WO-2025186592-A8_fr_q_fr,WO-2025186592-A8,original,fr,fr,1,0.0
ibm-granite/granite-embedding-278m-multilingual,granite-278m,WO-2025186592-A8_en_q_es,WO-2025186592-A8,synthetic,es,en,1,1.0
ibm-granite/granite-embedding-278m-multilingual,granite-278m,WO-2025186592-A8_en_q_zh,WO-2025186592-A8,synthetic,zh,en,1,0.0
ibm-granite/granite-embedding-278m-multilingual,granite-278m,MX-2025005709-A_en_q_en,MX-2025005709-A,original,en,en,1,0.0
ibm-granite/granite-embedding-278m-multilingual,granite-278m,MX-2025005709-A_en_q_de,MX-2025005709-A,synthetic,de,en,1,0.0
ibm-granite/granite-embedding-278m-multilingual,granite-278m,MX-2025005709-A_en_q_fr,MX-2025005709-A,synthetic,fr,en,1,0.0
ibm-granite/granite-embedding-278m-multilingual,granite-278m,MX-2025005709-A_es_q_es,MX-2025005709-A,original,es,es,1,0.0
ibm-granite/granite-embedding-278m-multilingual,granite-278m,MX-2025005709-A_en_q_zh,MX-2025005709-A,synthetic,zh,en,1,0.0
ibm-granite/granite-embedding-278m-multilingual,granite-278m,MX-2025009739-A_en_q_en,MX-2025009739-A,original,en,en,2,0.5
ibm-granite/granite-embedding-278m-multilingual,granite-278m,MX-2025009739-A_en_q_de,MX-2025009739-A,synthetic,de,en,2,0.0
ibm-granite/granite-embedding-278m-multilingual,granite-278m,MX-2025009739-A_en_q_fr,MX-2025009739-A,synthetic,fr,en,2,0.0
ibm-granite/granite-embedding-278m-multilingual,granite-278m,MX-2025009739-A_es_q_es,MX-2025009739-A,original,es,es,2,0.0
ibm-granite/granite-embedding-278m-multilingual,granite-278m,MX-2025009739-A_zh_q_zh,MX-2025009739-A,original,zh,zh,2,0.0
ibm-granite/granite-embedding-278m-multilingual,granite-278m,MX-2025008260-A_en_q_en,MX-2025008260-A,original,en,en,2,1.0
ibm-granite/granite-embedding-278m-multilingual,granite-278m,MX-2025008260-A_en_q_de,MX-2025008260-A,synthetic,de,en,2,0.0
ibm-granite/granite-embedding-278m-multilingual,granite-278m,MX-2025008260-A_en_q_fr,MX-2025008260-A,synthetic,fr,en,2,0.0
ibm-granite/granite-embedding-278m-multilingual,granite-278m,MX-2025008260-A_es_q_es,MX-2025008260-A,original,es,es,2,0.0
ibm-granite/granite-embedding-278m-multilingual,granite-278m,MX-2025008260-A_zh_q_zh,MX-2025008260-A,original,zh,zh,2,0.5
ibm-granite/granite-embedding-278m-multilingual,granite-278m,WO-2025216711-A1_en_q_en,WO-2025216711-A1,original,en,en,2,1.0
ibm-granite/granite-embedding-278m-multilingual,granite-278m,WO-2025216711-A1_en_q_de,WO-2025216711-A1,synthetic,de,en,2,1.0
ibm-granite/granite-embedding-278m-multilingual,granite-278m,WO-2025216711-A1_fr_q_fr,WO-2025216711-A1,original,fr,fr,2,1.0
ibm-granite/granite-embedding-278m-multilingual,granite-278m,WO-2025216711-A1_en_q_es,WO-2025216711-A1,synthetic,es,en,2,1.0
ibm-granite/granite-embedding-278m-multilingual,granite-278m,WO-2025216711-A1_zh_q_zh,WO-2025216711-A1,original,zh,zh,2,1.0
sentence-transformers/LaBSE,LaBSE,EP-4633662-A1_en_q_en,EP-4633662-A1,original,en,en,1,0.0
sentence-transformers/LaBSE,LaBSE,EP-4630509-A1_fr_q_fr,EP-4630509-A1,original,fr,fr,2,1.0
sentence-transformers/LaBSE,LaBSE,EP-4634248-A1_en_q_es,EP-4634248-A1,synthetic,es,en,1,0.0
sentence-transformers/LaBSE,LaBSE,EP-4634187-A1_en_q_es,EP-4634187-A1,synthetic,es,en,1,0.0
sentence-transformers/LaBSE,LaBSE,EP-4634142-A1_fr_q_fr,EP-4634142-A1,original,fr,fr,2,0.0
sentence-transformers/LaBSE,LaBSE,EP-4633768-A2_en_q_es,EP-4633768-A2,synthetic,es,en,1,0.0
sentence-transformers/LaBSE,LaBSE,EP-4633645-A1_fr_q_fr,EP-4633645-A1,original,fr,fr,1,0.0
sentence-transformers/LaBSE,LaBSE,EP-4633622-A2_en_q_de,EP-4633622-A2,synthetic,de,en,1,1.0
sentence-transformers/LaBSE,LaBSE,EP-4634601-A1_en_q_en,EP-4634601-A1,original,en,en,1,1.0
sentence-transformers/LaBSE,LaBSE,EP-4630626-A1_de_q_de,EP-4630626-A1,original,de,de,2,0.5
sentence-transformers/LaBSE,LaBSE,EP-4630600-A1_de_q_en,EP-4630600-A1,synthetic,en,de,2,0.0
sentence-transformers/LaBSE,LaBSE,EP-4633632-A1_en_q_es,EP-4633632-A1,synthetic,es,en,2,0.0
sentence-transformers/LaBSE,LaBSE,EP-4634136-A1_en_q_es,EP-4634136-A1,synthetic,es,en,1,0.0
sentence-transformers/LaBSE,LaBSE,EP-4634157-A1_en_q_de,EP-4634157-A1,synthetic,de,en,1,0.0
sentence-transformers/LaBSE,LaBSE,EP-4630574-A1_de_q_en,EP-4630574-A1,synthetic,en,de,2,0.0
sentence-transformers/LaBSE,LaBSE,EP-4634111-A1_en_q_de,EP-4634111-A1,synthetic,de,en,1,0.0
sentence-transformers/LaBSE,LaBSE,EP-4634596-A1_en_q_es,EP-4634596-A1,synthetic,es,en,1,0.0
sentence-transformers/LaBSE,LaBSE,EP-4634139-A1_en_q_es,EP-4634139-A1,synthetic,es,en,1,1.0
sentence-transformers/LaBSE,LaBSE,WO-2025153617-A3_de_q_en,WO-2025153617-A3,synthetic,en,de,2,0.0
sentence-transformers/LaBSE,LaBSE,EP-4634251-A1_en_q_es,EP-4634251-A1,synthetic,es,en,2,0.0
sentence-transformers/LaBSE,LaBSE,EP-4634426-A1_en_q_es,EP-4634426-A1,synthetic,es,en,2,0.0
sentence-transformers/LaBSE,LaBSE,EP-4634729-A1_en_q_de,EP-4634729-A1,synthetic,de,en,1,1.0
sentence-transformers/LaBSE,LaBSE,EP-4626569-A1_de_q_en,EP-4626569-A1,synthetic,en,de,2,0.0
sentence-transformers/LaBSE,LaBSE,EP-4634394-A2_en_q_es,EP-4634394-A2,synthetic,es,en,1,1.0
sentence-transformers/LaBSE,LaBSE,EP-4634424-A1_en_q_es,EP-4634424-A1,synthetic,es,en,1,0.0
sentence-transformers/LaBSE,LaBSE,EP-4633602-A1_en_q_de,EP-4633602-A1,synthetic,de,en,1,0.0
sentence-transformers/LaBSE,LaBSE,EP-4634337-A1_en_q_en,EP-4634337-A1,original,en,en,2,0.5
sentence-transformers/LaBSE,LaBSE,EP-4634128-A1_en_q_en,EP-4634128-A1,original,en,en,1,0.0
sentence-transformers/LaBSE,LaBSE,EP-4633896-A1_en_q_en,EP-4633896-A1,original,en,en,1,0.0
sentence-transformers/LaBSE,LaBSE,WO-2025215091-A1_fr_q_fr,WO-2025215091-A1,original,fr,fr,2,0.5
sentence-transformers/LaBSE,LaBSE,EP-4633599-A1_fr_q_fr,EP-4633599-A1,original,fr,fr,1,0.0
sentence-transformers/LaBSE,LaBSE,EP-4633656-A1_fr_q_fr,EP-4633656-A1,original,fr,fr,1,0.0
sentence-transformers/LaBSE,LaBSE,WO-2025208167-A1_de_q_de,WO-2025208167-A1,original,de,de,2,0.0
sentence-transformers/LaBSE,LaBSE,EP-4634396-A1_fr_q_fr,EP-4634396-A1,original,fr,fr,1,0.0
sentence-transformers/LaBSE,LaBSE,EP-4633893-A1_fr_q_fr,EP-4633893-A1,original,fr,fr,1,0.0
sentence-transformers/LaBSE,LaBSE,EP-4633462-A1_en_q_en,EP-4633462-A1,original,en,en,2,1.0
sentence-transformers/LaBSE,LaBSE,EP-4633386-A1_en_q_en,EP-4633386-A1,original,en,en,1,0.0
sentence-transformers/LaBSE,LaBSE,EP-4633970-A1_fr_q_fr,EP-4633970-A1,original,fr,fr,1,0.0
sentence-transformers/LaBSE,LaBSE,EP-4633415-A1_en_q_en,EP-4633415-A1,original,en,en,1,0.0
sentence-transformers/LaBSE,LaBSE,EP-4633415-A1_en_q_de,EP-4633415-A1,synthetic,de,en,1,0.0
sentence-transformers/LaBSE,LaBSE,EP-4633415-A1_fr_q_fr,EP-4633415-A1,original,fr,fr,1,0.0
sentence-transformers/LaBSE,LaBSE,EP-4633415-A1_en_q_es,EP-4633415-A1,synthetic,es,en,1,0.0
sentence-transformers/LaBSE,LaBSE,EP-4633950-A1_en_q_en,EP-4633950-A1,original,en,en,1,0.0
sentence-transformers/LaBSE,LaBSE,EP-4633950-A1_en_q_de,EP-4633950-A1,synthetic,de,en,1,0.0
sentence-transformers/LaBSE,LaBSE,EP-4633950-A1_fr_q_fr,EP-4633950-A1,original,fr,fr,1,0.0
sentence-transformers/LaBSE,LaBSE,EP-4633950-A1_en_q_es,EP-4633950-A1,synthetic,es,en,1,0.0
sentence-transformers/LaBSE,LaBSE,EP-4634629-A1_en_q_en,EP-4634629-A1,original,en,en,2,0.0
sentence-transformers/LaBSE,LaBSE,EP-4634629-A1_de_q_de,EP-4634629-A1,original,de,de,2,0.0
sentence-transformers/LaBSE,LaBSE,EP-4634629-A1_fr_q_fr,EP-4634629-A1,original,fr,fr,2,0.0
sentence-transformers/LaBSE,LaBSE,EP-4634629-A1_en_q_es,EP-4634629-A1,synthetic,es,en,2,0.0
sentence-transformers/LaBSE,LaBSE,EP-4633582-A1_en_q_es,EP-4633582-A1,synthetic,es,en,1,0.0
sentence-transformers/LaBSE,LaBSE,EP-4634165-A1_en_q_es,EP-4634165-A1,synthetic,es,en,1,1.0
sentence-transformers/LaBSE,LaBSE,EP-4633677-A1_en_q_de,EP-4633677-A1,synthetic,de,en,1,0.0
sentence-transformers/LaBSE,LaBSE,EP-4634246-A1_en_q_en,EP-4634246-A1,original,en,en,1,0.0
sentence-transformers/LaBSE,LaBSE,EP-4634120-A1_en_q_de,EP-4634120-A1,synthetic,de,en,1,0.0
sentence-transformers/LaBSE,LaBSE,EP-4633638-A1_en_q_en,EP-4633638-A1,original,en,en,1,1.0
sentence-transformers/LaBSE,LaBSE,EP-4633389-A1_en_q_en,EP-4633389-A1,original,en,en,1,1.0
sentence-transformers/LaBSE,LaBSE,WO-2025209629-A1_de_q_es,WO-2025209629-A1,synthetic,es,de,2,1.0
sentence-transformers/LaBSE,LaBSE,EP-4634132-A2_en_q_en,EP-4634132-A2,original,en,en,1,0.0
sentence-transformers/LaBSE,LaBSE,EP-4634914-A1_en_q_es,EP-4634914-A1,synthetic,es,en,1,0.0
sentence-transformers/LaBSE,LaBSE,EP-4634285-A1_en_q_de,EP-4634285-A1,synthetic,de,en,1,0.0
sentence-transformers/LaBSE,LaBSE,EP-4634122-A1_fr_q_fr,EP-4634122-A1,original,fr,fr,1,0.0
sentence-transformers/LaBSE,LaBSE,EP-4634365-A1_fr_q_fr,EP-4634365-A1,original,fr,fr,1,0.0
sentence-transformers/LaBSE,LaBSE,WO-2025214709-A1_de_q_es,WO-2025214709-A1,synthetic,es,de,2,0.5
sentence-transformers/LaBSE,LaBSE,EP-4633426-A2_en_q_es,EP-4633426-A2,synthetic,es,en,2,1.0
sentence-transformers/LaBSE,LaBSE,EP-4630604-A1_de_q_es,EP-4630604-A1,synthetic,es,de,2,0.5
sentence-transformers/LaBSE,LaBSE,EP-4634118-A1_en_q_es,EP-4634118-A1,synthetic,es,en,2,0.0
sentence-transformers/LaBSE,LaBSE,EP-4634404-A1_en_q_de,EP-4634404-A1,synthetic,de,en,1,1.0
sentence-transformers/LaBSE,LaBSE,EP-4633465-A1_en_q_de,EP-4633465-A1,synthetic,de,en,1,1.0
sentence-transformers/LaBSE,LaBSE,EP-4633680-A1_en_q_es,EP-4633680-A1,synthetic,es,en,1,0.0
sentence-transformers/LaBSE,LaBSE,WO-2025201606-A1_de_q_es,WO-2025201606-A1,synthetic,es,de,2,1.0
sentence-transformers/LaBSE,LaBSE,EP-4634435-A1_en_q_de,EP-4634435-A1,synthetic,de,en,1,0.0
sentence-transformers/LaBSE,LaBSE,EP-4634143-A1_en_q_de,EP-4634143-A1,synthetic,de,en,1,1.0
sentence-transformers/LaBSE,LaBSE,EP-4634411-A1_en_q_de,EP-4634411-A1,synthetic,de,en,1,0.0
sentence-transformers/LaBSE,LaBSE,EP-4634287-A1_en_q_es,EP-4634287-A1,synthetic,es,en,2,0.0
sentence-transformers/LaBSE,LaBSE,EP-4633627-A1_en_q_de,EP-4633627-A1,synthetic,de,en,1,1.0
sentence-transformers/LaBSE,LaBSE,EP-4633670-A1_fr_q_fr,EP-4633670-A1,original,fr,fr,1,0.0
sentence-transformers/LaBSE,LaBSE,WO-2025202163-A1_fr_q_fr,WO-2025202163-A1,original,fr,fr,2,0.5
sentence-transformers/LaBSE,LaBSE,WO-2025214852-A1_fr_q_fr,WO-2025214852-A1,original,fr,fr,2,0.0
sentence-transformers/LaBSE,LaBSE,WO-2025214996-A1_fr_q_fr,WO-2025214996-A1,original,fr,fr,2,0.0
sentence-transformers/LaBSE,LaBSE,EP-4630123-A1_de_q_de,EP-4630123-A1,original,de,de,2,0.0
sentence-transformers/LaBSE,LaBSE,EP-4634646-A1_en_q_en,EP-4634646-A1,original,en,en,1,1.0
sentence-transformers/LaBSE,LaBSE,EP-4634294-A1_en_q_en,EP-4634294-A1,original,en,en,1,0.0
sentence-transformers/LaBSE,LaBSE,EP-4634436-A1_fr_q_fr,EP-4634436-A1,original,fr,fr,1,0.0
sentence-transformers/LaBSE,LaBSE,EP-4633761-A1_en_q_en,EP-4633761-A1,original,en,en,1,0.0
sentence-transformers/LaBSE,LaBSE,WO-2025215167-A1_de_q_de,WO-2025215167-A1,original,de,de,2,0.0
sentence-transformers/LaBSE,LaBSE,EP-4626962-A1_de_q_en,EP-4626962-A1,synthetic,en,de,2,1.0
sentence-transformers/LaBSE,LaBSE,EP-4626962-A1_de_q_de,EP-4626962-A1,original,de,de,2,0.5
sentence-transformers/LaBSE,LaBSE,EP-4626962-A1_fr_q_fr,EP-4626962-A1,original,fr,fr,2,0.0
sentence-transformers/LaBSE,LaBSE,EP-4626962-A1_de_q_es,EP-4626962-A1,synthetic,es,de,2,0.5
sentence-transformers/LaBSE,LaBSE,WO-2025201936-A1_de_q_en,WO-2025201936-A1,synthetic,en,de,2,0.0
sentence-transformers/LaBSE,LaBSE,WO-2025201936-A1_fr_q_fr,WO-2025201936-A1,original,fr,fr,2,0.0
sentence-transformers/LaBSE,LaBSE,WO-2025201936-A1_de_q_es,WO-2025201936-A1,synthetic,es,de,2,0.0
sentence-transformers/LaBSE,LaBSE,EP-4634597-A1_en_q_en,EP-4634597-A1,original,en,en,1,0.0
sentence-transformers/LaBSE,LaBSE,EP-4634597-A1_en_q_de,EP-4634597-A1,synthetic,de,en,1,1.0
sentence-transformers/LaBSE,LaBSE,EP-4634597-A1_fr_q_fr,EP-4634597-A1,original,fr,fr,1,0.0
sentence-transformers/LaBSE,LaBSE,EP-4634597-A1_en_q_es,EP-4634597-A1,synthetic,es,en,1,0.0
sentence-transformers/LaBSE,LaBSE,EP-4634381-A1_en_q_zh,EP-4634381-A1,synthetic,zh,en,1,0.0
sentence-transformers/LaBSE,LaBSE,EP-4633589-A1_en_q_zh,EP-4633589-A1,synthetic,zh,en,1,0.0
sentence-transformers/LaBSE,LaBSE,EP-4627024-A1_de_q_zh,EP-4627024-A1,synthetic,zh,de,2,0.0
sentence-transformers/LaBSE,LaBSE,EP-4634926-A1_en_q_zh,EP-4634926-A1,synthetic,zh,en,1,0.0
sentence-transformers/LaBSE,LaBSE,EP-4633863-A2_en_q_zh,EP-4633863-A2,synthetic,zh,en,2,0.5
sentence-transformers/LaBSE,LaBSE,EP-4633797-A1_en_q_zh,EP-4633797-A1,synthetic,zh,en,1,1.0
sentence-transformers/LaBSE,LaBSE,EP-4633777-A1_en_q_zh,EP-4633777-A1,synthetic,zh,en,1,1.0
sentence-transformers/LaBSE,LaBSE,EP-4633621-A1_en_q_zh,EP-4633621-A1,synthetic,zh,en,1,0.0
sentence-transformers/LaBSE,LaBSE,EP-4634723-A1_en_q_zh,EP-4634723-A1,synthetic,zh,en,1,0.0
sentence-transformers/LaBSE,LaBSE,EP-4633581-A1_en_q_zh,EP-4633581-A1,synthetic,zh,en,1,0.0
sentence-transformers/LaBSE,LaBSE,EP-4634416-A1_en_q_zh,EP-4634416-A1,synthetic,zh,en,1,1.0
sentence-transformers/LaBSE,LaBSE,EP-4634305-A1_en_q_zh,EP-4634305-A1,synthetic,zh,en,1,1.0
sentence-transformers/LaBSE,LaBSE,EP-4633531-A1_en_q_zh,EP-4633531-A1,synthetic,zh,en,1,1.0
sentence-transformers/LaBSE,LaBSE,EP-4634333-A1_en_q_zh,EP-4634333-A1,synthetic,zh,en,1,0.0
sentence-transformers/LaBSE,LaBSE,EP-4634212-A1_en_q_zh,EP-4634212-A1,synthetic,zh,en,1,1.0
sentence-transformers/LaBSE,LaBSE,EP-4629959-A1_de_q_zh,EP-4629959-A1,synthetic,zh,de,2,0.0
sentence-transformers/LaBSE,LaBSE,EP-4627881-A1_de_q_zh,EP-4627881-A1,synthetic,zh,de,2,0.0
sentence-transformers/LaBSE,LaBSE,EP-4633576-A1_en_q_zh,EP-4633576-A1,synthetic,zh,en,1,0.0
sentence-transformers/LaBSE,LaBSE,EP-4633742-A2_en_q_zh,EP-4633742-A2,synthetic,zh,en,1,1.0
sentence-transformers/LaBSE,LaBSE,EP-4633791-A1_en_q_zh,EP-4633791-A1,synthetic,zh,en,1,1.0
sentence-transformers/LaBSE,LaBSE,EP-4630574-A1_fr_q_fr,EP-4630574-A1,original,fr,fr,2,0.0
sentence-transformers/LaBSE,LaBSE,EP-4634111-A1_fr_q_fr,EP-4634111-A1,original,fr,fr,1,0.0
sentence-transformers/LaBSE,LaBSE,EP-4633622-A2_en_q_es,EP-4633622-A2,synthetic,es,en,1,1.0
sentence-transformers/LaBSE,LaBSE,EP-4634187-A1_en_q_es_120,EP-4634187-A1,synthetic,es,en,1,1.0
sentence-transformers/LaBSE,LaBSE,EP-4634139-A1_fr_q_fr,EP-4634139-A1,original,fr,fr,1,0.0
sentence-transformers/LaBSE,LaBSE,EP-4634136-A1_en_q_en,EP-4634136-A1,original,en,en,1,0.0
sentence-transformers/LaBSE,LaBSE,EP-4634136-A1_en_q_de,EP-4634136-A1,synthetic,de,en,1,0.0
sentence-transformers/LaBSE,LaBSE,EP-4634136-A1_fr_q_fr,EP-4634136-A1,original,fr,fr,1,0.0
sentence-transformers/LaBSE,LaBSE,EP-4634136-A1_en_q_es_125,EP-4634136-A1,synthetic,es,en,1,0.0
sentence-transformers/LaBSE,LaBSE,q_126_zh,EP-4634136-A1,original,zh,,2,0.0
sentence-transformers/LaBSE,LaBSE,EP-4634248-A1_en_q_en,EP-4634248-A1,original,en,en,1,0.0
sentence-transformers/LaBSE,LaBSE,EP-4634142-A1_en_q_es,EP-4634142-A1,synthetic,es,en,2,0.5
sentence-transformers/LaBSE,LaBSE,WO-2025214812-A1_de_q_es,WO-2025214812-A1,synthetic,es,de,2,0.0
sentence-transformers/LaBSE,LaBSE,EP-4633662-A1_en_q_de,EP-4633662-A1,synthetic,de,en,1,0.0
sentence-transformers/LaBSE,LaBSE,WO-2025153617-A3_de_q_de,WO-2025153617-A3,original,de,de,2,0.0
sentence-transformers/LaBSE,LaBSE,EP-4634596-A1_en_q_en,EP-4634596-A1,original,en,en,1,1.0
sentence-transformers/LaBSE,LaBSE,EP-4634596-A1_en_q_de,EP-4634596-A1,synthetic,de,en,1,1.0
sentence-transformers/LaBSE,LaBSE,EP-4634596-A1_fr_q_fr,EP-4634596-A1,original,fr,fr,1,0.0
sentence-transformers/LaBSE,LaBSE,EP-4634596-A1_en_q_es_135,EP-4634596-A1,synthetic,es,en,1,0.0
sentence-transformers/LaBSE,LaBSE,q_136_zh,EP-4634596-A1,original,zh,,2,0.5
sentence-transformers/LaBSE,LaBSE,EP-4626887-A1_en_q_en,EP-4626887-A1,original,en,en,1,0.0
sentence-transformers/LaBSE,LaBSE,EP-4630033-A1_en_q_en,EP-4630033-A1,original,en,en,1,1.0
sentence-transformers/LaBSE,LaBSE,EP-4532639-A1_fr_q_fr,EP-4532639-A1,original,fr,fr,2,0.0
sentence-transformers/LaBSE,LaBSE,EP-4627010-A1_en_q_de,EP-4627010-A1,synthetic,de,en,1,0.0
sentence-transformers/LaBSE,LaBSE,EP-4626937-A1_en_q_de,EP-4626937-A1,synthetic,de,en,1,1.0
sentence-transformers/LaBSE,LaBSE,WO-2022119476-A1_en_q_de,WO-2022119476-A1,synthetic,de,en,1,0.0
sentence-transformers/LaBSE,LaBSE,WO-2025131900-A1_en_q_en,WO-2025131900-A1,original,en,en,3,0.0
sentence-transformers/LaBSE,LaBSE,WO-2025200741-A1_en_q_zh,WO-2025200741-A1,synthetic,zh,en,1,0.0
sentence-transformers/LaBSE,LaBSE,MX-2025009603-A_en_q_en,MX-2025009603-A,original,en,en,2,0.0
sentence-transformers/LaBSE,LaBSE,MX-2025009952-A_en_q_zh,MX-2025009952-A,synthetic,zh,en,1,1.0
sentence-transformers/LaBSE,LaBSE,WO-2025150253-A1_en_q_es,WO-2025150253-A1,synthetic,es,en,1,0.0
sentence-transformers/LaBSE,LaBSE,WO-2025186929-A8_en_q_en,WO-2025186929-A8,original,en,en,1,1.0
sentence-transformers/LaBSE,LaBSE,WO-2025211042-A1_en_q_en,WO-2025211042-A1,original,en,en,1,1.0
sentence-transformers/LaBSE,LaBSE,WO-2025209205-A1_en_q_en,WO-2025209205-A1,original,en,en,2,0.0
sentence-transformers/LaBSE,LaBSE,WO-2025207982-A1_en_q_de,WO-2025207982-A1,synthetic,de,en,1,1.0
sentence-transformers/LaBSE,LaBSE,WO-2025210325-A1_en_q_de,WO-2025210325-A1,synthetic,de,en,1,0.0
sentence-transformers/LaBSE,LaBSE,WO-2025216427-A1_zh_q_zh,WO-2025216427-A1,original,zh,zh,2,0.0
sentence-transformers/LaBSE,LaBSE,WO-2025197823-A1_zh_q_zh,WO-2025197823-A1,original,zh,zh,2,0.0
sentence-transformers/LaBSE,LaBSE,MX-2025002756-A_en_q_en,MX-2025002756-A,original,en,en,1,1.0
sentence-transformers/LaBSE,LaBSE,WO-2025202632-A1_en_q_en,WO-2025202632-A1,original,en,en,1,1.0
sentence-transformers/LaBSE,LaBSE,EP-4627608-A1_en_q_en,EP-4627608-A1,original,en,en,1,0.0
sentence-transformers/LaBSE,LaBSE,EP-4634668-A1_fr_q_fr,EP-4634668-A1,original,fr,fr,1,0.0
sentence-transformers/LaBSE,LaBSE,MX-2025009965-A_en_q_de,MX-2025009965-A,synthetic,de,en,1,0.0
sentence-transformers/LaBSE,LaBSE,WO-2025164300-A1_en_q_de,WO-2025164300-A1,synthetic,de,en,1,0.0
sentence-transformers/LaBSE,LaBSE,MX-2025009189-A_en_q_de,MX-2025009189-A,synthetic,de,en,1,1.0
sentence-transformers/LaBSE,LaBSE,WO-2024253632-A1_en_q_en,WO-2024253632-A1,original,en,en,1,0.0
sentence-transformers/LaBSE,LaBSE,WO-2025216023-A1_zh_q_zh,WO-2025216023-A1,original,zh,zh,2,0.0
sentence-transformers/LaBSE,LaBSE,WO-2025211128-A1_en_q_en,WO-2025211128-A1,original,en,en,1,1.0
sentence-transformers/LaBSE,LaBSE,MX-2025010237-A_en_q_zh,MX-2025010237-A,synthetic,zh,en,1,1.0
sentence-transformers/LaBSE,LaBSE,EP-4633785-A2_en_q_es,EP-4633785-A2,synthetic,es,en,1,1.0
sentence-transformers/LaBSE,LaBSE,MX-2025005737-A_en_q_en,MX-2025005737-A,original,en,en,1,0.0
sentence-transformers/LaBSE,LaBSE,MX-2025010606-A_en_q_en,MX-2025010606-A,original,en,en,1,1.0
sentence-transformers/LaBSE,LaBSE,MX-2025010877-A_en_q_en,MX-2025010877-A,original,en,en,1,1.0
sentence-transformers/LaBSE,LaBSE,EP-4584035-A1_de_q_de,EP-4584035-A1,original,de,de,3,0.0
sentence-transformers/LaBSE,LaBSE,WO-2025170306-A1_en_q_de,WO-2025170306-A1,synthetic,de,en,2,0.0
sentence-transformers/LaBSE,LaBSE,WO-2025210569-A1_zh_q_zh,WO-2025210569-A1,original,zh,zh,2,0.0
sentence-transformers/LaBSE,LaBSE,MX-2025010084-A_en_q_zh,MX-2025010084-A,synthetic,zh,en,1,0.0
sentence-transformers/LaBSE,LaBSE,WO-2025186542-A8_en_q_en,WO-2025186542-A8,original,en,en,1,1.0
sentence-transformers/LaBSE,LaBSE,WO-2025206130-A1_zh_q_zh,WO-2025206130-A1,original,zh,zh,2,0.0
sentence-transformers/LaBSE,LaBSE,WO-2025208054-A1_en_q_de,WO-2025208054-A1,synthetic,de,en,1,1.0
sentence-transformers/LaBSE,LaBSE,WO-2025201708-A1_en_q_zh,WO-2025201708-A1,synthetic,zh,en,1,0.0
sentence-transformers/LaBSE,LaBSE,WO-2025141238-A1_es_q_es,WO-2025141238-A1,original,es,es,2,0.0
sentence-transformers/LaBSE,LaBSE,MX-2025004351-A_en_q_en,MX-2025004351-A,original,en,en,1,1.0
sentence-transformers/LaBSE,LaBSE,WO-2025200809-A1_en_q_en,WO-2025200809-A1,original,en,en,2,1.0
sentence-transformers/LaBSE,LaBSE,WO-2025201644-A1_fr_q_fr,WO-2025201644-A1,original,fr,fr,2,0.0
sentence-transformers/LaBSE,LaBSE,MX-2025003633-A_en_q_de,MX-2025003633-A,synthetic,de,en,1,0.0
sentence-transformers/LaBSE,LaBSE,WO-2025170482-A1_en_q_de,WO-2025170482-A1,synthetic,de,en,2,0.5
sentence-transformers/LaBSE,LaBSE,MX-2025002762-A_en_q_en,MX-2025002762-A,original,en,en,1,0.0
sentence-transformers/LaBSE,LaBSE,MX-2025009196-A_en_q_de,MX-2025009196-A,synthetic,de,en,1,0.0
sentence-transformers/LaBSE,LaBSE,EP-4584246-A1_en_q_zh,EP-4584246-A1,synthetic,zh,en,2,0.5
sentence-transformers/LaBSE,LaBSE,WO-2022031256-A1_en_q_zh,WO-2022031256-A1,synthetic,zh,en,1,0.0
sentence-transformers/LaBSE,LaBSE,ES-3035119-A1_en_q_fr,ES-3035119-A1,synthetic,fr,en,2,0.0
sentence-transformers/LaBSE,LaBSE,WO-2022231470-A1_en_q_de,WO-2022231470-A1,synthetic,de,en,1,0.0
sentence-transformers/LaBSE,LaBSE,EP-4627127-A1_en_q_de,EP-4627127-A1,synthetic,de,en,2,0.0
sentence-transformers/LaBSE,LaBSE,WO-2025185983-A1_en_q_es,WO-2025185983-A1,synthetic,es,en,2,0.0
sentence-transformers/LaBSE,LaBSE,EP-4627015-A1_en_q_de,EP-4627015-A1,synthetic,de,en,1,0.0
sentence-transformers/LaBSE,LaBSE,WO-2025212979-A1_en_q_de,WO-2025212979-A1,synthetic,de,en,2,0.0
sentence-transformers/LaBSE,LaBSE,MX-2025010953-A_en_q_zh,MX-2025010953-A,synthetic,zh,en,1,1.0
sentence-transformers/LaBSE,LaBSE,WO-2025207427-A1_en_q_de,WO-2025207427-A1,synthetic,de,en,2,0.5
sentence-transformers/LaBSE,LaBSE,MX-2025007532-A_en_q_de,MX-2025007532-A,synthetic,de,en,2,0.0
sentence-transformers/LaBSE,LaBSE,EP-4627092-A1_en_q_zh,EP-4627092-A1,synthetic,zh,en,1,1.0
sentence-transformers/LaBSE,LaBSE,EP-4584229-A1_en_q_es,EP-4584229-A1,synthetic,es,en,3,0.0
sentence-transformers/LaBSE,LaBSE,WO-2024054196-A1_en_q_zh,WO-2024054196-A1,synthetic,zh,en,1,0.0
sentence-transformers/LaBSE,LaBSE,WO-2025164618-A1_en_q_es,WO-2025164618-A1,synthetic,es,en,2,0.0
sentence-transformers/LaBSE,LaBSE,EP-4626889-A1_en_q_es,EP-4626889-A1,synthetic,es,en,1,0.0
sentence-transformers/LaBSE,LaBSE,MX-2025004761-A_en_q_zh,MX-2025004761-A,synthetic,zh,en,1,0.0
sentence-transformers/LaBSE,LaBSE,MX-2025009867-A_en_q_de,MX-2025009867-A,synthetic,de,en,2,0.0
sentence-transformers/LaBSE,LaBSE,WO-03042409-A3_en_q_es,WO-03042409-A3,synthetic,es,en,1,0.0
sentence-transformers/LaBSE,LaBSE,WO-2025212474-A1_en_q_de,WO-2025212474-A1,synthetic,de,en,1,0.0
sentence-transformers/LaBSE,LaBSE,ES-3028671-A1_en_q_zh,ES-3028671-A1,synthetic,zh,en,1,0.0
sentence-transformers/LaBSE,LaBSE,WO-2025212467-A1_en_q_de,WO-2025212467-A1,synthetic,de,en,1,1.0
sentence-transformers/LaBSE,LaBSE,MX-2025009862-A_en_q_fr,MX-2025009862-A,synthetic,fr,en,1,1.0
sentence-transformers/LaBSE,LaBSE,EP-4566167-A1_en_q_es,EP-4566167-A1,synthetic,es,en,3,0.6666666666666666
sentence-transformers/LaBSE,LaBSE,WO-2025216937-A1_en_q_es,WO-2025216937-A1,synthetic,es,en,2,0.0
sentence-transformers/LaBSE,LaBSE,EP-4630021-A1_en_q_de,EP-4630021-A1,synthetic,de,en,2,0.5
sentence-transformers/LaBSE,LaBSE,MX-2025007206-A_en_q_de,MX-2025007206-A,synthetic,de,en,1,0.0
sentence-transformers/LaBSE,LaBSE,EP-4504821-A1_en_q_es,EP-4504821-A1,synthetic,es,en,3,0.0
sentence-transformers/LaBSE,LaBSE,WO-2025205793-A1_en_q_de,WO-2025205793-A1,synthetic,de,en,2,0.0
sentence-transformers/LaBSE,LaBSE,WO-2025206825-A1_en_q_de,WO-2025206825-A1,synthetic,de,en,1,0.0
sentence-transformers/LaBSE,LaBSE,EP-4568770-A1_en_q_es,EP-4568770-A1,synthetic,es,en,3,0.0
sentence-transformers/LaBSE,LaBSE,WO-2025188827-A8_en_q_es,WO-2025188827-A8,synthetic,es,en,1,0.0
sentence-transformers/LaBSE,LaBSE,MX-2025008259-A_en_q_fr,MX-2025008259-A,synthetic,fr,en,2,0.0
sentence-transformers/LaBSE,LaBSE,WO-2025132504-A1_en_q_es,WO-2025132504-A1,synthetic,es,en,3,0.0
sentence-transformers/LaBSE,LaBSE,MX-2025007237-A_en_q_fr,MX-2025007237-A,synthetic,fr,en,2,0.0
sentence-transformers/LaBSE,LaBSE,MX-2025005647-A_en_q_zh,MX-2025005647-A,synthetic,zh,en,1,0.0
sentence-transformers/LaBSE,LaBSE,WO-2025214411-A1_en_q_de,WO-2025214411-A1,synthetic,de,en,1,0.0
sentence-transformers/LaBSE,LaBSE,EP-4623093-A2_en_q_es,EP-4623093-A2,synthetic,es,en,2,1.0
sentence-transformers/LaBSE,LaBSE,EP-4634148-A1_en_q_de,EP-4634148-A1,synthetic,de,en,2,1.0
sentence-transformers/LaBSE,LaBSE,WO-2025202170-A1_en_q_es,WO-2025202170-A1,synthetic,es,en,1,0.0
sentence-transformers/LaBSE,LaBSE,EP-4507673-A1_en_q_de,EP-4507673-A1,synthetic,de,en,1,0.0
sentence-transformers/LaBSE,LaBSE,MX-2025007577-A_en_q_fr,MX-2025007577-A,synthetic,fr,en,2,0.0
sentence-transformers/LaBSE,LaBSE,MX-2025009131-A_en_q_zh,MX-2025009131-A,synthetic,zh,en,1,0.0
sentence-transformers/LaBSE,LaBSE,MX-2025009990-A_en_q_zh,MX-2025009990-A,synthetic,zh,en,1,1.0
sentence-transformers/LaBSE,LaBSE,WO-2023153953-A1_en_q_es,WO-2023153953-A1,synthetic,es,en,2,0.0
sentence-transformers/LaBSE,LaBSE,WO-2025183548-A1_en_q_de,WO-2025183548-A1,synthetic,de,en,2,0.0
sentence-transformers/LaBSE,LaBSE,WO-2025007163-A1_en_q_de,WO-2025007163-A1,synthetic,de,en,2,0.0
sentence-transformers/LaBSE,LaBSE,WO-2025206959-A1_en_q_de,WO-2025206959-A1,synthetic,de,en,2,1.0
sentence-transformers/LaBSE,LaBSE,WO-2025207810-A1_en_q_zh,WO-2025207810-A1,synthetic,zh,en,1,1.0
sentence-transformers/LaBSE,LaBSE,WO-2025215476-A1_en_q_de,WO-2025215476-A1,synthetic,de,en,2,0.0
sentence-transformers/LaBSE,LaBSE,WO-2023149795-A1_en_q_en,WO-2023149795-A1,original,en,en,2,0.0
sentence-transformers/LaBSE,LaBSE,WO-2022124934-A1_en_q_es,WO-2022124934-A1,synthetic,es,en,1,0.0
sentence-transformers/LaBSE,LaBSE,WO-2025187134-A8_en_q_en,WO-2025187134-A8,original,en,en,2,0.0
sentence-transformers/LaBSE,LaBSE,WO-2023200358-A1_en_q_en,WO-2023200358-A1,original,en,en,2,0.0
sentence-transformers/LaBSE,LaBSE,WO-2025216105-A1_fr_q_fr,WO-2025216105-A1,original,fr,fr,2,0.0
sentence-transformers/LaBSE,LaBSE,MX-2025005014-A_es_q_es,MX-2025005014-A,original,es,es,1,0.0
sentence-transformers/LaBSE,LaBSE,WO-2025216873-A1_fr_q_fr,WO-2025216873-A1,original,fr,fr,1,0.0
sentence-transformers/LaBSE,LaBSE,WO-2025205780-A1_zh_q_zh,WO-2025205780-A1,original,zh,zh,2,0.0
sentence-transformers/LaBSE,LaBSE,MX-2025009666-A_en_q_en,MX-2025009666-A,original,en,en,2,0.0
sentence-transformers/LaBSE,LaBSE,WO-2025212049-A1_fr_q_fr,WO-2025212049-A1,original,fr,fr,2,0.0
sentence-transformers/LaBSE,LaBSE,EP-4627347-A1_fr_q_fr,EP-4627347-A1,original,fr,fr,1,0.0
sentence-transformers/LaBSE,LaBSE,MX-2025004786-A_es_q_es,MX-2025004786-A,original,es,es,1,1.0
sentence-transformers/LaBSE,LaBSE,WO-2024063632-A1_en_q_en,WO-2024063632-A1,original,en,en,2,0.0
sentence-transformers/LaBSE,LaBSE,WO-2025206783-A1_fr_q_fr,WO-2025206783-A1,original,fr,fr,1,0.0
sentence-transformers/LaBSE,LaBSE,MX-2025010991-A_en_q_en,MX-2025010991-A,original,en,en,1,0.0
sentence-transformers/LaBSE,LaBSE,MX-2025006977-A_en_q_en,MX-2025006977-A,original,en,en,1,1.0
sentence-transformers/LaBSE,LaBSE,MX-2025008400-A_en_q_en,MX-2025008400-A,original,en,en,1,1.0
sentence-transformers/LaBSE,LaBSE,WO-2025132390-A1_de_q_de,WO-2025132390-A1,original,de,de,3,0.0
sentence-transformers/LaBSE,LaBSE,WO-2025204766-A1_fr_q_fr,WO-2025204766-A1,original,fr,fr,2,0.5
sentence-transformers/LaBSE,LaBSE,WO-2025098664-A1_de_q_de,WO-2025098664-A1,original,de,de,2,0.5
sentence-transformers/LaBSE,LaBSE,EP-4627583-A1_en_q_en,EP-4627583-A1,original,en,en,1,1.0
sentence-transformers/LaBSE,LaBSE,EP-4630558-A2_zh_q_zh,EP-4630558-A2,original,zh,zh,2,0.0
sentence-transformers/LaBSE,LaBSE,MX-2025010573-A_es_q_es,MX-2025010573-A,original,es,es,1,0.0
sentence-transformers/LaBSE,LaBSE,WO-2025210917-A1_fr_q_fr,WO-2025210917-A1,original,fr,fr,2,0.0
sentence-transformers/LaBSE,LaBSE,WO-2025150394-A1_en_q_en,WO-2025150394-A1,original,en,en,1,1.0
sentence-transformers/LaBSE,LaBSE,MX-2025005728-A_en_q_en,MX-2025005728-A,original,en,en,1,0.0
sentence-transformers/LaBSE,LaBSE,WO-2025177605-A1_fr_q_fr,WO-2025177605-A1,original,fr,fr,1,0.0
sentence-transformers/LaBSE,LaBSE,MX-2025006958-A_en_q_en,MX-2025006958-A,original,en,en,2,1.0
sentence-transformers/LaBSE,LaBSE,EP-4551675-A1_de_q_de,EP-4551675-A1,original,de,de,2,0.0
sentence-transformers/LaBSE,LaBSE,EP-4627325-A1_fr_q_fr,EP-4627325-A1,original,fr,fr,2,0.0
sentence-transformers/LaBSE,LaBSE,WO-2025208050-A2_en_q_en,WO-2025208050-A2,original,en,en,1,1.0
sentence-transformers/LaBSE,LaBSE,WO-2025202994-A1_fr_q_fr,WO-2025202994-A1,original,fr,fr,1,0.0
sentence-transformers/LaBSE,LaBSE,MX-2025006551-A_en_q_en,MX-2025006551-A,original,en,en,1,1.0
sentence-transformers/LaBSE,LaBSE,WO-2005069422-A1_en_q_en,WO-2005069422-A1,original,en,en,1,1.0
sentence-transformers/LaBSE,LaBSE,WO-2025194610-A1_fr_q_fr,WO-2025194610-A1,original,fr,fr,1,0.0
sentence-transformers/LaBSE,LaBSE,MX-2025001644-A_zh_q_zh,MX-2025001644-A,original,zh,zh,2,0.5
sentence-transformers/LaBSE,LaBSE,WO-2025216492-A1_fr_q_fr,WO-2025216492-A1,original,fr,fr,2,1.0
sentence-transformers/LaBSE,LaBSE,WO-2025216629-A1_fr_q_fr,WO-2025216629-A1,original,fr,fr,2,0.0
sentence-transformers/LaBSE,LaBSE,MX-2025005081-A_en_q_en,MX-2025005081-A,original,en,en,1,1.0
sentence-transformers/LaBSE,LaBSE,WO-2025205506-A1_fr_q_fr,WO-2025205506-A1,original,fr,fr,1,0.0
sentence-transformers/LaBSE,LaBSE,WO-2025132391-A1_de_q_de,WO-2025132391-A1,original,de,de,3,0.3333333333333333
sentence-transformers/LaBSE,LaBSE,WO-2025205634-A1_en_q_en,WO-2025205634-A1,original,en,en,1,1.0
sentence-transformers/LaBSE,LaBSE,WO-2025120243-A1_es_q_es,WO-2025120243-A1,original,es,es,2,0.0
sentence-transformers/LaBSE,LaBSE,WO-2025201672-A1_fr_q_fr,WO-2025201672-A1,original,fr,fr,1,0.0
sentence-transformers/LaBSE,LaBSE,MX-2025008970-A_es_q_es,MX-2025008970-A,original,es,es,1,1.0
sentence-transformers/LaBSE,LaBSE,MX-2025009075-A_zh_q_zh,MX-2025009075-A,original,zh,zh,2,0.0
sentence-transformers/LaBSE,LaBSE,WO-2025210445-A1_fr_q_fr,WO-2025210445-A1,original,fr,fr,1,0.0
sentence-transformers/LaBSE,LaBSE,WO-2025206090-A1_fr_q_fr,WO-2025206090-A1,original,fr,fr,1,0.0
sentence-transformers/LaBSE,LaBSE,MX-2025006643-A_en_q_en,MX-2025006643-A,original,en,en,1,1.0
sentence-transformers/LaBSE,LaBSE,MX-2025010190-A_en_q_en,MX-2025010190-A,original,en,en,2,0.5
sentence-transformers/LaBSE,LaBSE,EP-4577789-A1_zh_q_zh,EP-4577789-A1,original,zh,zh,3,0.0
sentence-transformers/LaBSE,LaBSE,WO-2025204469-A1_en_q_en,WO-2025204469-A1,original,en,en,2,0.5
sentence-transformers/LaBSE,LaBSE,WO-2025204469-A1_en_q_de,WO-2025204469-A1,synthetic,de,en,2,0.5
sentence-transformers/LaBSE,LaBSE,WO-2025204469-A1_fr_q_fr,WO-2025204469-A1,original,fr,fr,2,0.0
sentence-transformers/LaBSE,LaBSE,WO-2025204469-A1_en_q_es,WO-2025204469-A1,synthetic,es,en,2,0.0
sentence-transformers/LaBSE,LaBSE,WO-2025204469-A1_zh_q_zh,WO-2025204469-A1,original,zh,zh,2,0.0
sentence-transformers/LaBSE,LaBSE,MX-2025010085-A_en_q_en,MX-2025010085-A,original,en,en,1,0.0
sentence-transformers/LaBSE,LaBSE,MX-2025010085-A_en_q_de,MX-2025010085-A,synthetic,de,en,1,1.0
sentence-transformers/LaBSE,LaBSE,MX-2025010085-A_en_q_fr,MX-2025010085-A,synthetic,fr,en,1,0.0
sentence-transformers/LaBSE,LaBSE,MX-2025010085-A_es_q_es,MX-2025010085-A,original,es,es,1,0.0
sentence-transformers/LaBSE,LaBSE,MX-2025010085-A_en_q_zh,MX-2025010085-A,synthetic,zh,en,1,0.0
sentence-transformers/LaBSE,LaBSE,MX-2025005421-A_en_q_en,MX-2025005421-A,original,en,en,1,0.0
sentence-transformers/LaBSE,LaBSE,MX-2025005421-A_en_q_de,MX-2025005421-A,synthetic,de,en,1,0.0
sentence-transformers/LaBSE,LaBSE,MX-2025005421-A_en_q_fr,MX-2025005421-A,synthetic,fr,en,1,0.0
sentence-transformers/LaBSE,LaBSE,MX-2025005421-A_es_q_es,MX-2025005421-A,original,es,es,1,0.0
sentence-transformers/LaBSE,LaBSE,MX-2025005421-A_en_q_zh,MX-2025005421-A,synthetic,zh,en,1,0.0
sentence-transformers/LaBSE,LaBSE,MX-2025002688-A_en_q_en,MX-2025002688-A,original,en,en,1,0.0
sentence-transformers/LaBSE,LaBSE,MX-2025002688-A_en_q_de,MX-2025002688-A,synthetic,de,en,1,0.0
sentence-transformers/LaBSE,LaBSE,MX-2025002688-A_en_q_fr,MX-2025002688-A,synthetic,fr,en,1,0.0
sentence-transformers/LaBSE,LaBSE,MX-2025002688-A_es_q_es,MX-2025002688-A,original,es,es,1,0.0
sentence-transformers/LaBSE,LaBSE,MX-2025002688-A_en_q_zh,MX-2025002688-A,synthetic,zh,en,1,0.0
sentence-transformers/LaBSE,LaBSE,WO-2025211147-A1_en_q_en,WO-2025211147-A1,original,en,en,1,0.0
sentence-transformers/LaBSE,LaBSE,WO-2025211147-A1_en_q_de,WO-2025211147-A1,synthetic,de,en,1,0.0
sentence-transformers/LaBSE,LaBSE,WO-2025211147-A1_fr_q_fr,WO-2025211147-A1,original,fr,fr,1,0.0
sentence-transformers/LaBSE,LaBSE,WO-2025211147-A1_en_q_es,WO-2025211147-A1,synthetic,es,en,1,1.0
sentence-transformers/LaBSE,LaBSE,WO-2025211147-A1_en_q_zh,WO-2025211147-A1,synthetic,zh,en,1,0.0
sentence-transformers/LaBSE,LaBSE,WO-2025187712-A8_en_q_en,WO-2025187712-A8,original,en,en,1,1.0
sentence-transformers/LaBSE,LaBSE,WO-2025187712-A8_en_q_de,WO-2025187712-A8,synthetic,de,en,1,0.0
sentence-transformers/LaBSE,LaBSE,WO-2025187712-A8_fr_q_fr,WO-2025187712-A8,original,fr,fr,1,0.0
sentence-transformers/LaBSE,LaBSE,WO-2025187712-A8_en_q_es,WO-2025187712-A8,synthetic,es,en,1,0.0
sentence-transformers/LaBSE,LaBSE,WO-2025187712-A8_en_q_zh,WO-2025187712-A8,synthetic,zh,en,1,0.0
sentence-transformers/LaBSE,LaBSE,EP-4630253-A1_en_q_en,EP-4630253-A1,original,en,en,2,0.0
sentence-transformers/LaBSE,LaBSE,EP-4630253-A1_en_q_de,EP-4630253-A1,synthetic,de,en,2,0.0
sentence-transformers/LaBSE,LaBSE,EP-4630253-A1_fr_q_fr,EP-4630253-A1,original,fr,fr,2,0.0
sentence-transformers/LaBSE,LaBSE,EP-4630253-A1_en_q_es,EP-4630253-A1,synthetic,es,en,2,0.0
sentence-transformers/LaBSE,LaBSE,EP-4630253-A1_zh_q_zh,EP-4630253-A1,original,zh,zh,2,0.0
sentence-transformers/LaBSE,LaBSE,MX-2025007798-A_en_q_en,MX-2025007798-A,original,en,en,1,0.0
sentence-transformers/LaBSE,LaBSE,WO-2025206382-A1_en_q_en,WO-2025206382-A1,original,en,en,1,1.0
sentence-transformers/LaBSE,LaBSE,MX-2025009144-A_en_q_en,MX-2025009144-A,original,en,en,2,0.0
sentence-transformers/LaBSE,LaBSE,WO-2025206195-A1_en_q_de,WO-2025206195-A1,synthetic,de,en,1,0.0
sentence-transformers/LaBSE,LaBSE,WO-2024128938-A1_en_q_de,WO-2024128938-A1,synthetic,de,en,2,1.0
sentence-transformers/LaBSE,LaBSE,MX-2025007510-A_es_q_es,MX-2025007510-A,original,es,es,1,0.0
sentence-transformers/LaBSE,LaBSE,WO-2025172752-A1_en_q_en,WO-2025172752-A1,original,en,en,2,1.0
sentence-transformers/LaBSE,LaBSE,WO-2024245507-A9_en_q_en,WO-2024245507-A9,original,en,en,2,0.0
sentence-transformers/LaBSE,LaBSE,WO-2024245507-A9_de_q_de,WO-2024245507-A9,original,de,de,2,0.5
sentence-transformers/LaBSE,LaBSE,WO-2024245507-A9_fr_q_fr,WO-2024245507-A9,original,fr,fr,2,0.5
sentence-transformers/LaBSE,LaBSE,WO-2024245507-A9_en_q_es,WO-2024245507-A9,synthetic,es,en,2,1.0
sentence-transformers/LaBSE,LaBSE,WO-2024245507-A9_en_q_zh,WO-2024245507-A9,synthetic,zh,en,2,1.0
sentence-transformers/LaBSE,LaBSE,EP-4630245-A1_zh_q_zh,EP-4630245-A1,original,zh,zh,2,0.0
sentence-transformers/LaBSE,LaBSE,WO-2025192625-A1_en_q_en,WO-2025192625-A1,original,en,en,2,0.5
sentence-transformers/LaBSE,LaBSE,WO-2025192625-A1_en_q_de,WO-2025192625-A1,synthetic,de,en,2,0.0
sentence-transformers/LaBSE,LaBSE,WO-2025192625-A1_fr_q_fr,WO-2025192625-A1,original,fr,fr,2,0.0
sentence-transformers/LaBSE,LaBSE,WO-2025192625-A1_en_q_es,WO-2025192625-A1,synthetic,es,en,2,0.0
sentence-transformers/LaBSE,LaBSE,WO-2025192625-A1_zh_q_zh,WO-2025192625-A1,original,zh,zh,2,0.0
sentence-transformers/LaBSE,LaBSE,MX-2025006818-A_es_q_es,MX-2025006818-A,original,es,es,1,0.0
sentence-transformers/LaBSE,LaBSE,MX-2025007695-A_es_q_es,MX-2025007695-A,original,es,es,1,1.0
sentence-transformers/LaBSE,LaBSE,WO-2025187736-A8_en_q_zh,WO-2025187736-A8,synthetic,zh,en,1,0.0
sentence-transformers/LaBSE,LaBSE,WO-2025203012-A1_en_q_es,WO-2025203012-A1,synthetic,es,en,1,0.0
sentence-transformers/LaBSE,LaBSE,EP-4626837-A1_en_q_zh,EP-4626837-A1,synthetic,zh,en,1,1.0
sentence-transformers/LaBSE,LaBSE,WO-2025202104-A1_zh_q_zh,WO-2025202104-A1,original,zh,zh,2,1.0
sentence-transformers/LaBSE,LaBSE,EP-4626928-A2_fr_q_fr,EP-4626928-A2,original,fr,fr,2,0.0
sentence-transformers/LaBSE,LaBSE,MX-2025008327-A_en_q_en,MX-2025008327-A,original,en,en,1,0.0
sentence-transformers/LaBSE,LaBSE,EP-4634127-A1_en_q_en,EP-4634127-A1,original,en,en,1,1.0
sentence-transformers/LaBSE,LaBSE,WO-2024058685-A1_en_q_zh,WO-2024058685-A1,synthetic,zh,en,1,1.0
sentence-transformers/LaBSE,LaBSE,WO-2024089298-A9_fr_q_fr,WO-2024089298-A9,original,fr,fr,1,0.0
sentence-transformers/LaBSE,LaBSE,MX-2025010028-A_en_q_en,MX-2025010028-A,original,en,en,1,1.0
sentence-transformers/LaBSE,LaBSE,WO-2025202253-A1_en_q_es,WO-2025202253-A1,synthetic,es,en,1,1.0
sentence-transformers/LaBSE,LaBSE,MX-2025009821-A_es_q_es,MX-2025009821-A,original,es,es,2,0.0
sentence-transformers/LaBSE,LaBSE,MX-2025006624-A_en_q_fr,MX-2025006624-A,synthetic,fr,en,1,0.0
sentence-transformers/LaBSE,LaBSE,MX-2025003345-A_en_q_de,MX-2025003345-A,synthetic,de,en,1,0.0
sentence-transformers/LaBSE,LaBSE,WO-2024259508-A1_en_q_en,WO-2024259508-A1,original,en,en,2,0.0
sentence-transformers/LaBSE,LaBSE,EP-4630051-A1_fr_q_fr,EP-4630051-A1,original,fr,fr,1,1.0
sentence-transformers/LaBSE,LaBSE,MX-2025010268-A_en_q_zh,MX-2025010268-A,synthetic,zh,en,1,0.0
sentence-transformers/LaBSE,LaBSE,WO-2025212655-A1_en_q_de,WO-2025212655-A1,synthetic,de,en,2,0.5
sentence-transformers/LaBSE,LaBSE,WO-2025205978-A1_en_q_en,WO-2025205978-A1,original,en,en,2,1.0
sentence-transformers/LaBSE,LaBSE,WO-2025206105-A1_zh_q_zh,WO-2025206105-A1,original,zh,zh,2,0.0
sentence-transformers/LaBSE,LaBSE,EP-4633669-A2_fr_q_fr,EP-4633669-A2,original,fr,fr,2,0.0
sentence-transformers/LaBSE,LaBSE,WO-2025021351-A1_en_q_zh,WO-2025021351-A1,synthetic,zh,en,2,1.0
sentence-transformers/LaBSE,LaBSE,WO-2025187706-A8_fr_q_fr,WO-2025187706-A8,original,fr,fr,1,0.0
sentence-transformers/LaBSE,LaBSE,EP-4623104-A1_zh_q_zh,EP-4623104-A1,original,zh,zh,2,1.0
sentence-transformers/LaBSE,LaBSE,WO-2025164232-A1_en_q_de,WO-2025164232-A1,synthetic,de,en,1,1.0
sentence-transformers/LaBSE,LaBSE,WO-2025206823-A1_en_q_de,WO-2025206823-A1,synthetic,de,en,2,0.5
sentence-transformers/LaBSE,LaBSE,EP-4626944-A1_en_q_de,EP-4626944-A1,synthetic,de,en,1,0.0
sentence-transformers/LaBSE,LaBSE,EP-4626879-A1_en_q_en,EP-4626879-A1,original,en,en,2,1.0
sentence-transformers/LaBSE,LaBSE,EP-4626874-A1_en_q_zh,EP-4626874-A1,synthetic,zh,en,1,1.0
sentence-transformers/LaBSE,LaBSE,MX-2025008798-A_en_q_fr,MX-2025008798-A,synthetic,fr,en,1,0.0
sentence-transformers/LaBSE,LaBSE,MX-2025005939-A_es_q_es,MX-2025005939-A,original,es,es,2,0.0
sentence-transformers/LaBSE,LaBSE,WO-2025204745-A1_en_q_zh,WO-2025204745-A1,synthetic,zh,en,1,0.0
sentence-transformers/LaBSE,LaBSE,WO-2025217208-A1_en_q_en,WO-2025217208-A1,original,en,en,2,0.5
sentence-transformers/LaBSE,LaBSE,WO-2025205163-A1_en_q_en,WO-2025205163-A1,original,en,en,1,1.0
sentence-transformers/LaBSE,LaBSE,WO-2025186172-A8_fr_q_fr,WO-2025186172-A8,original,fr,fr,3,0.3333333333333333
sentence-transformers/LaBSE,LaBSE,WO-2025188156-A8_en_q_de,WO-2025188156-A8,synthetic,de,en,1,0.0
sentence-transformers/LaBSE,LaBSE,MX-2025009759-A_en_q_fr,MX-2025009759-A,synthetic,fr,en,2,1.0
sentence-transformers/LaBSE,LaBSE,WO-2025189017-A8_en_q_de,WO-2025189017-A8,synthetic,de,en,2,0.5
sentence-transformers/LaBSE,LaBSE,CR-20250096-A_en_q_zh,CR-20250096-A,synthetic,zh,en,1,1.0
sentence-transformers/LaBSE,LaBSE,WO-2025169953-A1_en_q_de,WO-2025169953-A1,synthetic,de,en,2,0.0
sentence-transformers/LaBSE,LaBSE,MX-2025006319-A_en_q_de,MX-2025006319-A,synthetic,de,en,1,0.0
sentence-transformers/LaBSE,LaBSE,MX-2025004974-A_en_q_fr,MX-2025004974-A,synthetic,fr,en,1,0.0
sentence-transformers/LaBSE,LaBSE,WO-2025170405-A1_en_q_de,WO-2025170405-A1,synthetic,de,en,2,0.0
sentence-transformers/LaBSE,LaBSE,WO-2025208198-A1_en_q_zh,WO-2025208198-A1,synthetic,zh,en,1,1.0
sentence-transformers/LaBSE,LaBSE,WO-2025054647-A1_en_q_es,WO-2025054647-A1,synthetic,es,en,2,1.0
sentence-transformers/LaBSE,LaBSE,WO-2025210166-A1_en_q_de,WO-2025210166-A1,synthetic,de,en,2,0.0
sentence-transformers/LaBSE,LaBSE,WO-2025211178-A1_en_q_es,WO-2025211178-A1,synthetic,es,en,2,0.0
sentence-transformers/LaBSE,LaBSE,MX-2025004012-A_en_q_zh,MX-2025004012-A,synthetic,zh,en,1,0.0
sentence-transformers/LaBSE,LaBSE,WO-2025206949-A1_en_q_es,WO-2025206949-A1,synthetic,es,en,1,0.0
sentence-transformers/LaBSE,LaBSE,MX-2025007614-A_en_q_zh,MX-2025007614-A,synthetic,zh,en,1,1.0
sentence-transformers/LaBSE,LaBSE,WO-2025146513-A1_en_q_de,WO-2025146513-A1,synthetic,de,en,2,0.0
sentence-transformers/LaBSE,LaBSE,WO-2025211949-A1_en_q_es,WO-2025211949-A1,synthetic,es,en,2,0.0
sentence-transformers/LaBSE,LaBSE,EP-4626831-A1_en_q_zh,EP-4626831-A1,synthetic,zh,en,1,1.0
sentence-transformers/LaBSE,LaBSE,WO-2025186644-A8_en_q_de,WO-2025186644-A8,synthetic,de,en,2,0.0
sentence-transformers/LaBSE,LaBSE,WO-2025192587-A1_en_q_de,WO-2025192587-A1,synthetic,de,en,1,0.0
sentence-transformers/LaBSE,LaBSE,EP-4633779-A1_en_q_es,EP-4633779-A1,synthetic,es,en,1,1.0
sentence-transformers/LaBSE,LaBSE,WO-2022098263-A1_en_q_es,WO-2022098263-A1,synthetic,es,en,2,0.5
sentence-transformers/LaBSE,LaBSE,WO-2025215251-A1_en_q_es,WO-2025215251-A1,synthetic,es,en,2,0.0
sentence-transformers/LaBSE,LaBSE,EP-4493405-A1_en_q_zh,EP-4493405-A1,synthetic,zh,en,2,0.0
sentence-transformers/LaBSE,LaBSE,WO-2025103555-A1_en_q_zh,WO-2025103555-A1,synthetic,zh,en,2,1.0
sentence-transformers/LaBSE,LaBSE,EP-4626386-A1_en_q_de,EP-4626386-A1,synthetic,de,en,1,1.0
sentence-transformers/LaBSE,LaBSE,MX-2025010613-A_en_q_de,MX-2025010613-A,synthetic,de,en,2,0.0
sentence-transformers/LaBSE,LaBSE,EP-4626547-A1_en_q_de,EP-4626547-A1,synthetic,de,en,1,1.0
sentence-transformers/LaBSE,LaBSE,EP-4626593-A1_en_q_de,EP-4626593-A1,synthetic,de,en,2,0.0
sentence-transformers/LaBSE,LaBSE,WO-2025207414-A1_en_q_es,WO-2025207414-A1,synthetic,es,en,2,0.0
sentence-transformers/LaBSE,LaBSE,MX-2025005049-A_en_q_zh,MX-2025005049-A,synthetic,zh,en,1,0.0
sentence-transformers/LaBSE,LaBSE,WO-2024246082-A3_en_q_es,WO-2024246082-A3,synthetic,es,en,2,1.0
sentence-transformers/LaBSE,LaBSE,WO-2025180718-A1_en_q_es,WO-2025180718-A1,synthetic,es,en,2,0.0
sentence-transformers/LaBSE,LaBSE,MX-2025006336-A_en_q_de,MX-2025006336-A,synthetic,de,en,2,0.5
sentence-transformers/LaBSE,LaBSE,WO-2025202347-A1_en_q_de,WO-2025202347-A1,synthetic,de,en,2,1.0
sentence-transformers/LaBSE,LaBSE,MX-2025010373-A_en_q_zh,MX-2025010373-A,synthetic,zh,en,1,0.0
sentence-transformers/LaBSE,LaBSE,WO-2025200075-A1_en_q_zh,WO-2025200075-A1,synthetic,zh,en,1,1.0
sentence-transformers/LaBSE,LaBSE,WO-2025189151-A8_en_q_de,WO-2025189151-A8,synthetic,de,en,2,0.5
sentence-transformers/LaBSE,LaBSE,MX-2025007174-A_en_q_de,MX-2025007174-A,synthetic,de,en,1,1.0
sentence-transformers/LaBSE,LaBSE,MX-2025010619-A_en_q_de,MX-2025010619-A,synthetic,de,en,2,0.5
sentence-transformers/LaBSE,LaBSE,EP-4532651-A1_en_q_es,EP-4532651-A1,synthetic,es,en,2,0.0
sentence-transformers/LaBSE,LaBSE,WO-2025173342-A1_en_q_es,WO-2025173342-A1,synthetic,es,en,2,0.0
sentence-transformers/LaBSE,LaBSE,WO-2024019637-A1_en_q_de,WO-2024019637-A1,synthetic,de,en,2,0.0
sentence-transformers/LaBSE,LaBSE,MX-2025008968-A_en_q_zh,MX-2025008968-A,synthetic,zh,en,1,1.0
sentence-transformers/LaBSE,LaBSE,WO-2025202625-A1_en_q_de,WO-2025202625-A1,synthetic,de,en,1,0.0
sentence-transformers/LaBSE,LaBSE,WO-2025187661-A8_en_q_es,WO-2025187661-A8,synthetic,es,en,1,1.0
sentence-transformers/LaBSE,LaBSE,WO-2025101062-A1_en_q_zh,WO-2025101062-A1,synthetic,zh,en,2,1.0
sentence-transformers/LaBSE,LaBSE,WO-2025150711-A1_en_q_de,WO-2025150711-A1,synthetic,de,en,1,0.0
sentence-transformers/LaBSE,LaBSE,WO-2025207828-A1_en_q_zh,WO-2025207828-A1,synthetic,zh,en,1,0.0
sentence-transformers/LaBSE,LaBSE,WO-2025203197-A1_en_q_zh,WO-2025203197-A1,synthetic,zh,en,1,1.0
sentence-transformers/LaBSE,LaBSE,EP-4634141-A2_en_q_en,EP-4634141-A2,original,en,en,1,0.0
sentence-transformers/LaBSE,LaBSE,EP-4633971-A1_fr_q_fr,EP-4633971-A1,original,fr,fr,1,0.0
sentence-transformers/LaBSE,LaBSE,WO-2025197272-A1_en_q_en,WO-2025197272-A1,original,en,en,1,0.0
sentence-transformers/LaBSE,LaBSE,WO-2025189168-A8_fr_q_fr,WO-2025189168-A8,original,fr,fr,2,0.0
sentence-transformers/LaBSE,LaBSE,MX-2025008124-A_es_q_es,MX-2025008124-A,original,es,es,1,0.0
sentence-transformers/LaBSE,LaBSE,MX-2025007669-A_en_q_en,MX-2025007669-A,original,en,en,2,1.0
sentence-transformers/LaBSE,LaBSE,WO-2025195675-A1_en_q_en,WO-2025195675-A1,original,en,en,3,0.6666666666666666
sentence-transformers/LaBSE,LaBSE,WO-2022005333-A1_en_q_en,WO-2022005333-A1,original,en,en,1,0.0
sentence-transformers/LaBSE,LaBSE,MX-2025005748-A_es_q_es,MX-2025005748-A,original,es,es,1,0.0
sentence-transformers/LaBSE,LaBSE,MX-2025002923-A_es_q_es,MX-2025002923-A,original,es,es,2,0.5
sentence-transformers/LaBSE,LaBSE,MX-2025010611-A_es_q_es,MX-2025010611-A,original,es,es,2,0.0
sentence-transformers/LaBSE,LaBSE,WO-2025217553-A1_fr_q_fr,WO-2025217553-A1,original,fr,fr,2,0.0
sentence-transformers/LaBSE,LaBSE,WO-2025186530-A8_en_q_en,WO-2025186530-A8,original,en,en,1,0.0
sentence-transformers/LaBSE,LaBSE,EP-4627050-A1_fr_q_fr,EP-4627050-A1,original,fr,fr,2,0.0
sentence-transformers/LaBSE,LaBSE,MX-2025008249-A_en_q_en,MX-2025008249-A,original,en,en,1,0.0
sentence-transformers/LaBSE,LaBSE,WO-2025184858-A8_fr_q_fr,WO-2025184858-A8,original,fr,fr,1,0.0
sentence-transformers/LaBSE,LaBSE,MX-2025004649-A_es_q_es,MX-2025004649-A,original,es,es,1,1.0
sentence-transformers/LaBSE,LaBSE,ES-1320636-U_en_q_en,ES-1320636-U,original,en,en,1,0.0
sentence-transformers/LaBSE,LaBSE,MX-2025006800-A_en_q_en,MX-2025006800-A,original,en,en,1,1.0
sentence-transformers/LaBSE,LaBSE,EP-4626866-A1_en_q_en,EP-4626866-A1,original,en,en,2,1.0
sentence-transformers/LaBSE,LaBSE,MX-2025006721-A_en_q_en,MX-2025006721-A,original,en,en,1,0.0
sentence-transformers/LaBSE,LaBSE,WO-2024073831-A1_en_q_en,WO-2024073831-A1,original,en,en,2,1.0
sentence-transformers/LaBSE,LaBSE,WO-2025200966-A1_fr_q_fr,WO-2025200966-A1,original,fr,fr,1,0.0
sentence-transformers/LaBSE,LaBSE,MX-2025005215-A_es_q_es,MX-2025005215-A,original,es,es,1,0.0
sentence-transformers/LaBSE,LaBSE,WO-2025080163-A1_fr_q_fr,WO-2025080163-A1,original,fr,fr,2,0.0
sentence-transformers/LaBSE,LaBSE,WO-2025200089-A1_en_q_en,WO-2025200089-A1,original,en,en,2,0.5
sentence-transformers/LaBSE,LaBSE,WO-2025073021-A1_en_q_en,WO-2025073021-A1,original,en,en,2,0.5
sentence-transformers/LaBSE,LaBSE,WO-2025186263-A8_fr_q_fr,WO-2025186263-A8,original,fr,fr,1,0.0
sentence-transformers/LaBSE,LaBSE,WO-2025211336-A1_en_q_en,WO-2025211336-A1,original,en,en,1,0.0
sentence-transformers/LaBSE,LaBSE,WO-2025078189-A1_en_q_en,WO-2025078189-A1,original,en,en,3,0.0
sentence-transformers/LaBSE,LaBSE,ES-3033921-A1_en_q_en,ES-3033921-A1,original,en,en,1,1.0
sentence-transformers/LaBSE,LaBSE,WO-2025154762-A1_fr_q_fr,WO-2025154762-A1,original,fr,fr,2,0.0
sentence-transformers/LaBSE,LaBSE,EP-4634323-A1_en_q_en,EP-4634323-A1,original,en,en,2,0.0
sentence-transformers/LaBSE,LaBSE,WO-2025189143-A8_en_q_en,WO-2025189143-A8,original,en,en,1,1.0
sentence-transformers/LaBSE,LaBSE,MX-2025009632-A_en_q_en,MX-2025009632-A,original,en,en,2,0.5
sentence-transformers/LaBSE,LaBSE,EP-4626395-A1_fr_q_fr,EP-4626395-A1,original,fr,fr,1,0.0
sentence-transformers/LaBSE,LaBSE,WO-2025203678-A1_fr_q_fr,WO-2025203678-A1,original,fr,fr,2,0.0
sentence-transformers/LaBSE,LaBSE,WO-2025187095-A8_fr_q_fr,WO-2025187095-A8,original,fr,fr,1,0.0
sentence-transformers/LaBSE,LaBSE,EP-4626938-A1_en_q_en,EP-4626938-A1,original,en,en,2,0.5
sentence-transformers/LaBSE,LaBSE,MX-2025006010-A_en_q_en,MX-2025006010-A,original,en,en,1,0.0
sentence-transformers/LaBSE,LaBSE,WO-2025215647-A1_fr_q_fr,WO-2025215647-A1,original,fr,fr,2,0.0
sentence-transformers/LaBSE,LaBSE,WO-2025207093-A1_fr_q_fr,WO-2025207093-A1,original,fr,fr,1,0.0
sentence-transformers/LaBSE,LaBSE,MX-2025004470-A_en_q_en,MX-2025004470-A,original,en,en,1,1.0
sentence-transformers/LaBSE,LaBSE,EP-4626949-A1_fr_q_fr,EP-4626949-A1,original,fr,fr,1,0.0
sentence-transformers/LaBSE,LaBSE,WO-2025206197-A1_fr_q_fr,WO-2025206197-A1,original,fr,fr,2,0.0
sentence-transformers/LaBSE,LaBSE,WO-2022246526-A8_fr_q_fr,WO-2022246526-A8,original,fr,fr,1,1.0
sentence-transformers/LaBSE,LaBSE,MX-2025006489-A_es_q_es,MX-2025006489-A,original,es,es,2,0.0
sentence-transformers/LaBSE,LaBSE,WO-2021255541-A1_en_q_en,WO-2021255541-A1,original,en,en,2,0.0
sentence-transformers/LaBSE,LaBSE,WO-2021255541-A1_en_q_de,WO-2021255541-A1,synthetic,de,en,2,0.5
sentence-transformers/LaBSE,LaBSE,WO-2021255541-A1_fr_q_fr,WO-2021255541-A1,original,fr,fr,2,0.0
sentence-transformers/LaBSE,LaBSE,WO-2021255541-A1_en_q_es,WO-2021255541-A1,synthetic,es,en,2,0.0
sentence-transformers/LaBSE,LaBSE,WO-2021255541-A1_zh_q_zh,WO-2021255541-A1,original,zh,zh,2,0.0
sentence-transformers/LaBSE,LaBSE,EP-4634663-A1_en_q_en,EP-4634663-A1,original,en,en,1,1.0
sentence-transformers/LaBSE,LaBSE,EP-4634663-A1_en_q_de,EP-4634663-A1,synthetic,de,en,1,1.0
sentence-transformers/LaBSE,LaBSE,EP-4634663-A1_fr_q_fr,EP-4634663-A1,original,fr,fr,1,0.0
sentence-transformers/LaBSE,LaBSE,EP-4634663-A1_en_q_es,EP-4634663-A1,synthetic,es,en,1,1.0
sentence-transformers/LaBSE,LaBSE,EP-4634663-A1_en_q_zh,EP-4634663-A1,synthetic,zh,en,1,1.0
sentence-transformers/LaBSE,LaBSE,MX-2025005046-A_en_q_en,MX-2025005046-A,original,en,en,1,0.0
sentence-transformers/LaBSE,LaBSE,MX-2025005046-A_en_q_de,MX-2025005046-A,synthetic,de,en,1,0.0
sentence-transformers/LaBSE,LaBSE,MX-2025005046-A_en_q_fr,MX-2025005046-A,synthetic,fr,en,1,1.0
sentence-transformers/LaBSE,LaBSE,MX-2025005046-A_es_q_es,MX-2025005046-A,original,es,es,1,0.0
sentence-transformers/LaBSE,LaBSE,MX-2025005046-A_en_q_zh,MX-2025005046-A,synthetic,zh,en,1,1.0
sentence-transformers/LaBSE,LaBSE,MX-2025007733-A_en_q_en,MX-2025007733-A,original,en,en,2,0.0
sentence-transformers/LaBSE,LaBSE,MX-2025007733-A_en_q_de,MX-2025007733-A,synthetic,de,en,2,0.0
sentence-transformers/LaBSE,LaBSE,MX-2025007733-A_en_q_fr,MX-2025007733-A,synthetic,fr,en,2,0.0
sentence-transformers/LaBSE,LaBSE,MX-2025007733-A_es_q_es,MX-2025007733-A,original,es,es,2,0.0
sentence-transformers/LaBSE,LaBSE,MX-2025007733-A_zh_q_zh,MX-2025007733-A,original,zh,zh,2,0.0
sentence-transformers/LaBSE,LaBSE,MX-2025008227-A_en_q_en,MX-2025008227-A,original,en,en,1,1.0
sentence-transformers/LaBSE,LaBSE,MX-2025008227-A_en_q_de,MX-2025008227-A,synthetic,de,en,1,1.0
sentence-transformers/LaBSE,LaBSE,MX-2025008227-A_en_q_fr,MX-2025008227-A,synthetic,fr,en,1,1.0
sentence-transformers/LaBSE,LaBSE,MX-2025008227-A_es_q_es,MX-2025008227-A,original,es,es,1,0.0
sentence-transformers/LaBSE,LaBSE,MX-2025008227-A_en_q_zh,MX-2025008227-A,synthetic,zh,en,1,1.0
sentence-transformers/LaBSE,LaBSE,WO-2025186592-A8_en_q_en,WO-2025186592-A8,original,en,en,1,1.0
sentence-transformers/LaBSE,LaBSE,WO-2025186592-A8_en_q_de,WO-2025186592-A8,synthetic,de,en,1,1.0
sentence-transformers/LaBSE,LaBSE,WO-2025186592-A8_fr_q_fr,WO-2025186592-A8,original,fr,fr,1,0.0
sentence-transformers/LaBSE,LaBSE,WO-2025186592-A8_en_q_es,WO-2025186592-A8,synthetic,es,en,1,1.0
sentence-transformers/LaBSE,LaBSE,WO-2025186592-A8_en_q_zh,WO-2025186592-A8,synthetic,zh,en,1,1.0
sentence-transformers/LaBSE,LaBSE,MX-2025005709-A_en_q_en,MX-2025005709-A,original,en,en,1,0.0
sentence-transformers/LaBSE,LaBSE,MX-2025005709-A_en_q_de,MX-2025005709-A,synthetic,de,en,1,0.0
sentence-transformers/LaBSE,LaBSE,MX-2025005709-A_en_q_fr,MX-2025005709-A,synthetic,fr,en,1,0.0
sentence-transformers/LaBSE,LaBSE,MX-2025005709-A_es_q_es,MX-2025005709-A,original,es,es,1,0.0
sentence-transformers/LaBSE,LaBSE,MX-2025005709-A_en_q_zh,MX-2025005709-A,synthetic,zh,en,1,0.0
sentence-transformers/LaBSE,LaBSE,MX-2025009739-A_en_q_en,MX-2025009739-A,original,en,en,2,0.0
sentence-transformers/LaBSE,LaBSE,MX-2025009739-A_en_q_de,MX-2025009739-A,synthetic,de,en,2,0.0
sentence-transformers/LaBSE,LaBSE,MX-2025009739-A_en_q_fr,MX-2025009739-A,synthetic,fr,en,2,0.0
sentence-transformers/LaBSE,LaBSE,MX-2025009739-A_es_q_es,MX-2025009739-A,original,es,es,2,0.0
sentence-transformers/LaBSE,LaBSE,MX-2025009739-A_zh_q_zh,MX-2025009739-A,original,zh,zh,2,0.0
sentence-transformers/LaBSE,LaBSE,MX-2025008260-A_en_q_en,MX-2025008260-A,original,en,en,2,1.0
sentence-transformers/LaBSE,LaBSE,MX-2025008260-A_en_q_de,MX-2025008260-A,synthetic,de,en,2,0.0
sentence-transformers/LaBSE,LaBSE,MX-2025008260-A_en_q_fr,MX-2025008260-A,synthetic,fr,en,2,0.0
sentence-transformers/LaBSE,LaBSE,MX-2025008260-A_es_q_es,MX-2025008260-A,original,es,es,2,0.0
sentence-transformers/LaBSE,LaBSE,MX-2025008260-A_zh_q_zh,MX-2025008260-A,original,zh,zh,2,0.5
sentence-transformers/LaBSE,LaBSE,WO-2025216711-A1_en_q_en,WO-2025216711-A1,original,en,en,2,1.0
sentence-transformers/LaBSE,LaBSE,WO-2025216711-A1_en_q_de,WO-2025216711-A1,synthetic,de,en,2,1.0
sentence-transformers/LaBSE,LaBSE,WO-2025216711-A1_fr_q_fr,WO-2025216711-A1,original,fr,fr,2,1.0
sentence-transformers/LaBSE,LaBSE,WO-2025216711-A1_en_q_es,WO-2025216711-A1,synthetic,es,en,2,0.0
sentence-transformers/LaBSE,LaBSE,WO-2025216711-A1_zh_q_zh,WO-2025216711-A1,original,zh,zh,2,1.0
cambridgeltl/SapBERT-UMLS-2020AB-all-lang-from-XLMR,SapBERT,EP-4633662-A1_en_q_en,EP-4633662-A1,original,en,en,1,0.0
cambridgeltl/SapBERT-UMLS-2020AB-all-lang-from-XLMR,SapBERT,EP-4630509-A1_fr_q_fr,EP-4630509-A1,original,fr,fr,2,0.0
cambridgeltl/SapBERT-UMLS-2020AB-all-lang-from-XLMR,SapBERT,EP-4634248-A1_en_q_es,EP-4634248-A1,synthetic,es,en,1,0.0
cambridgeltl/SapBERT-UMLS-2020AB-all-lang-from-XLMR,SapBERT,EP-4634187-A1_en_q_es,EP-4634187-A1,synthetic,es,en,1,0.0
cambridgeltl/SapBERT-UMLS-2020AB-all-lang-from-XLMR,SapBERT,EP-4634142-A1_fr_q_fr,EP-4634142-A1,original,fr,fr,2,0.0
cambridgeltl/SapBERT-UMLS-2020AB-all-lang-from-XLMR,SapBERT,EP-4633768-A2_en_q_es,EP-4633768-A2,synthetic,es,en,1,0.0
cambridgeltl/SapBERT-UMLS-2020AB-all-lang-from-XLMR,SapBERT,EP-4633645-A1_fr_q_fr,EP-4633645-A1,original,fr,fr,1,0.0
cambridgeltl/SapBERT-UMLS-2020AB-all-lang-from-XLMR,SapBERT,EP-4633622-A2_en_q_de,EP-4633622-A2,synthetic,de,en,1,1.0
cambridgeltl/SapBERT-UMLS-2020AB-all-lang-from-XLMR,SapBERT,EP-4634601-A1_en_q_en,EP-4634601-A1,original,en,en,1,0.0
cambridgeltl/SapBERT-UMLS-2020AB-all-lang-from-XLMR,SapBERT,EP-4630626-A1_de_q_de,EP-4630626-A1,original,de,de,2,1.0
cambridgeltl/SapBERT-UMLS-2020AB-all-lang-from-XLMR,SapBERT,EP-4630600-A1_de_q_en,EP-4630600-A1,synthetic,en,de,2,0.0
cambridgeltl/SapBERT-UMLS-2020AB-all-lang-from-XLMR,SapBERT,EP-4633632-A1_en_q_es,EP-4633632-A1,synthetic,es,en,2,0.0
cambridgeltl/SapBERT-UMLS-2020AB-all-lang-from-XLMR,SapBERT,EP-4634136-A1_en_q_es,EP-4634136-A1,synthetic,es,en,1,0.0
cambridgeltl/SapBERT-UMLS-2020AB-all-lang-from-XLMR,SapBERT,EP-4634157-A1_en_q_de,EP-4634157-A1,synthetic,de,en,1,0.0
cambridgeltl/SapBERT-UMLS-2020AB-all-lang-from-XLMR,SapBERT,EP-4630574-A1_de_q_en,EP-4630574-A1,synthetic,en,de,2,0.0
cambridgeltl/SapBERT-UMLS-2020AB-all-lang-from-XLMR,SapBERT,EP-4634111-A1_en_q_de,EP-4634111-A1,synthetic,de,en,1,0.0
cambridgeltl/SapBERT-UMLS-2020AB-all-lang-from-XLMR,SapBERT,EP-4634596-A1_en_q_es,EP-4634596-A1,synthetic,es,en,1,0.0
cambridgeltl/SapBERT-UMLS-2020AB-all-lang-from-XLMR,SapBERT,EP-4634139-A1_en_q_es,EP-4634139-A1,synthetic,es,en,1,1.0
cambridgeltl/SapBERT-UMLS-2020AB-all-lang-from-XLMR,SapBERT,WO-2025153617-A3_de_q_en,WO-2025153617-A3,synthetic,en,de,2,0.0
cambridgeltl/SapBERT-UMLS-2020AB-all-lang-from-XLMR,SapBERT,EP-4634251-A1_en_q_es,EP-4634251-A1,synthetic,es,en,2,0.0
cambridgeltl/SapBERT-UMLS-2020AB-all-lang-from-XLMR,SapBERT,EP-4634426-A1_en_q_es,EP-4634426-A1,synthetic,es,en,2,0.0
cambridgeltl/SapBERT-UMLS-2020AB-all-lang-from-XLMR,SapBERT,EP-4634729-A1_en_q_de,EP-4634729-A1,synthetic,de,en,1,1.0
cambridgeltl/SapBERT-UMLS-2020AB-all-lang-from-XLMR,SapBERT,EP-4626569-A1_de_q_en,EP-4626569-A1,synthetic,en,de,2,0.5
cambridgeltl/SapBERT-UMLS-2020AB-all-lang-from-XLMR,SapBERT,EP-4634394-A2_en_q_es,EP-4634394-A2,synthetic,es,en,1,0.0
cambridgeltl/SapBERT-UMLS-2020AB-all-lang-from-XLMR,SapBERT,EP-4634424-A1_en_q_es,EP-4634424-A1,synthetic,es,en,1,0.0
cambridgeltl/SapBERT-UMLS-2020AB-all-lang-from-XLMR,SapBERT,EP-4633602-A1_en_q_de,EP-4633602-A1,synthetic,de,en,1,0.0
cambridgeltl/SapBERT-UMLS-2020AB-all-lang-from-XLMR,SapBERT,EP-4634337-A1_en_q_en,EP-4634337-A1,original,en,en,2,0.0
cambridgeltl/SapBERT-UMLS-2020AB-all-lang-from-XLMR,SapBERT,EP-4634128-A1_en_q_en,EP-4634128-A1,original,en,en,1,0.0
cambridgeltl/SapBERT-UMLS-2020AB-all-lang-from-XLMR,SapBERT,EP-4633896-A1_en_q_en,EP-4633896-A1,original,en,en,1,0.0
cambridgeltl/SapBERT-UMLS-2020AB-all-lang-from-XLMR,SapBERT,WO-2025215091-A1_fr_q_fr,WO-2025215091-A1,original,fr,fr,2,0.0
cambridgeltl/SapBERT-UMLS-2020AB-all-lang-from-XLMR,SapBERT,EP-4633599-A1_fr_q_fr,EP-4633599-A1,original,fr,fr,1,0.0
cambridgeltl/SapBERT-UMLS-2020AB-all-lang-from-XLMR,SapBERT,EP-4633656-A1_fr_q_fr,EP-4633656-A1,original,fr,fr,1,0.0
cambridgeltl/SapBERT-UMLS-2020AB-all-lang-from-XLMR,SapBERT,WO-2025208167-A1_de_q_de,WO-2025208167-A1,original,de,de,2,0.0
cambridgeltl/SapBERT-UMLS-2020AB-all-lang-from-XLMR,SapBERT,EP-4634396-A1_fr_q_fr,EP-4634396-A1,original,fr,fr,1,1.0
cambridgeltl/SapBERT-UMLS-2020AB-all-lang-from-XLMR,SapBERT,EP-4633893-A1_fr_q_fr,EP-4633893-A1,original,fr,fr,1,0.0
cambridgeltl/SapBERT-UMLS-2020AB-all-lang-from-XLMR,SapBERT,EP-4633462-A1_en_q_en,EP-4633462-A1,original,en,en,2,0.0
cambridgeltl/SapBERT-UMLS-2020AB-all-lang-from-XLMR,SapBERT,EP-4633386-A1_en_q_en,EP-4633386-A1,original,en,en,1,0.0
cambridgeltl/SapBERT-UMLS-2020AB-all-lang-from-XLMR,SapBERT,EP-4633970-A1_fr_q_fr,EP-4633970-A1,original,fr,fr,1,0.0
cambridgeltl/SapBERT-UMLS-2020AB-all-lang-from-XLMR,SapBERT,EP-4633415-A1_en_q_en,EP-4633415-A1,original,en,en,1,0.0
cambridgeltl/SapBERT-UMLS-2020AB-all-lang-from-XLMR,SapBERT,EP-4633415-A1_en_q_de,EP-4633415-A1,synthetic,de,en,1,0.0
cambridgeltl/SapBERT-UMLS-2020AB-all-lang-from-XLMR,SapBERT,EP-4633415-A1_fr_q_fr,EP-4633415-A1,original,fr,fr,1,0.0
cambridgeltl/SapBERT-UMLS-2020AB-all-lang-from-XLMR,SapBERT,EP-4633415-A1_en_q_es,EP-4633415-A1,synthetic,es,en,1,0.0
cambridgeltl/SapBERT-UMLS-2020AB-all-lang-from-XLMR,SapBERT,EP-4633950-A1_en_q_en,EP-4633950-A1,original,en,en,1,0.0
cambridgeltl/SapBERT-UMLS-2020AB-all-lang-from-XLMR,SapBERT,EP-4633950-A1_en_q_de,EP-4633950-A1,synthetic,de,en,1,0.0
cambridgeltl/SapBERT-UMLS-2020AB-all-lang-from-XLMR,SapBERT,EP-4633950-A1_fr_q_fr,EP-4633950-A1,original,fr,fr,1,0.0
cambridgeltl/SapBERT-UMLS-2020AB-all-lang-from-XLMR,SapBERT,EP-4633950-A1_en_q_es,EP-4633950-A1,synthetic,es,en,1,0.0
cambridgeltl/SapBERT-UMLS-2020AB-all-lang-from-XLMR,SapBERT,EP-4634629-A1_en_q_en,EP-4634629-A1,original,en,en,2,0.0
cambridgeltl/SapBERT-UMLS-2020AB-all-lang-from-XLMR,SapBERT,EP-4634629-A1_de_q_de,EP-4634629-A1,original,de,de,2,0.0
cambridgeltl/SapBERT-UMLS-2020AB-all-lang-from-XLMR,SapBERT,EP-4634629-A1_fr_q_fr,EP-4634629-A1,original,fr,fr,2,0.5
cambridgeltl/SapBERT-UMLS-2020AB-all-lang-from-XLMR,SapBERT,EP-4634629-A1_en_q_es,EP-4634629-A1,synthetic,es,en,2,0.0
cambridgeltl/SapBERT-UMLS-2020AB-all-lang-from-XLMR,SapBERT,EP-4633582-A1_en_q_es,EP-4633582-A1,synthetic,es,en,1,0.0
cambridgeltl/SapBERT-UMLS-2020AB-all-lang-from-XLMR,SapBERT,EP-4634165-A1_en_q_es,EP-4634165-A1,synthetic,es,en,1,0.0
cambridgeltl/SapBERT-UMLS-2020AB-all-lang-from-XLMR,SapBERT,EP-4633677-A1_en_q_de,EP-4633677-A1,synthetic,de,en,1,0.0
cambridgeltl/SapBERT-UMLS-2020AB-all-lang-from-XLMR,SapBERT,EP-4634246-A1_en_q_en,EP-4634246-A1,original,en,en,1,0.0
cambridgeltl/SapBERT-UMLS-2020AB-all-lang-from-XLMR,SapBERT,EP-4634120-A1_en_q_de,EP-4634120-A1,synthetic,de,en,1,0.0
cambridgeltl/SapBERT-UMLS-2020AB-all-lang-from-XLMR,SapBERT,EP-4633638-A1_en_q_en,EP-4633638-A1,original,en,en,1,1.0
cambridgeltl/SapBERT-UMLS-2020AB-all-lang-from-XLMR,SapBERT,EP-4633389-A1_en_q_en,EP-4633389-A1,original,en,en,1,0.0
cambridgeltl/SapBERT-UMLS-2020AB-all-lang-from-XLMR,SapBERT,WO-2025209629-A1_de_q_es,WO-2025209629-A1,synthetic,es,de,2,0.0
cambridgeltl/SapBERT-UMLS-2020AB-all-lang-from-XLMR,SapBERT,EP-4634132-A2_en_q_en,EP-4634132-A2,original,en,en,1,0.0
cambridgeltl/SapBERT-UMLS-2020AB-all-lang-from-XLMR,SapBERT,EP-4634914-A1_en_q_es,EP-4634914-A1,synthetic,es,en,1,0.0
cambridgeltl/SapBERT-UMLS-2020AB-all-lang-from-XLMR,SapBERT,EP-4634285-A1_en_q_de,EP-4634285-A1,synthetic,de,en,1,0.0
cambridgeltl/SapBERT-UMLS-2020AB-all-lang-from-XLMR,SapBERT,EP-4634122-A1_fr_q_fr,EP-4634122-A1,original,fr,fr,1,0.0
cambridgeltl/SapBERT-UMLS-2020AB-all-lang-from-XLMR,SapBERT,EP-4634365-A1_fr_q_fr,EP-4634365-A1,original,fr,fr,1,0.0
cambridgeltl/SapBERT-UMLS-2020AB-all-lang-from-XLMR,SapBERT,WO-2025214709-A1_de_q_es,WO-2025214709-A1,synthetic,es,de,2,0.0
cambridgeltl/SapBERT-UMLS-2020AB-all-lang-from-XLMR,SapBERT,EP-4633426-A2_en_q_es,EP-4633426-A2,synthetic,es,en,2,0.5
cambridgeltl/SapBERT-UMLS-2020AB-all-lang-from-XLMR,SapBERT,EP-4630604-A1_de_q_es,EP-4630604-A1,synthetic,es,de,2,0.5
cambridgeltl/SapBERT-UMLS-2020AB-all-lang-from-XLMR,SapBERT,EP-4634118-A1_en_q_es,EP-4634118-A1,synthetic,es,en,2,0.0
cambridgeltl/SapBERT-UMLS-2020AB-all-lang-from-XLMR,SapBERT,EP-4634404-A1_en_q_de,EP-4634404-A1,synthetic,de,en,1,1.0
cambridgeltl/SapBERT-UMLS-2020AB-all-lang-from-XLMR,SapBERT,EP-4633465-A1_en_q_de,EP-4633465-A1,synthetic,de,en,1,1.0
cambridgeltl/SapBERT-UMLS-2020AB-all-lang-from-XLMR,SapBERT,EP-4633680-A1_en_q_es,EP-4633680-A1,synthetic,es,en,1,1.0
cambridgeltl/SapBERT-UMLS-2020AB-all-lang-from-XLMR,SapBERT,WO-2025201606-A1_de_q_es,WO-2025201606-A1,synthetic,es,de,2,0.5
cambridgeltl/SapBERT-UMLS-2020AB-all-lang-from-XLMR,SapBERT,EP-4634435-A1_en_q_de,EP-4634435-A1,synthetic,de,en,1,0.0
cambridgeltl/SapBERT-UMLS-2020AB-all-lang-from-XLMR,SapBERT,EP-4634143-A1_en_q_de,EP-4634143-A1,synthetic,de,en,1,0.0
cambridgeltl/SapBERT-UMLS-2020AB-all-lang-from-XLMR,SapBERT,EP-4634411-A1_en_q_de,EP-4634411-A1,synthetic,de,en,1,0.0
cambridgeltl/SapBERT-UMLS-2020AB-all-lang-from-XLMR,SapBERT,EP-4634287-A1_en_q_es,EP-4634287-A1,synthetic,es,en,2,0.0
cambridgeltl/SapBERT-UMLS-2020AB-all-lang-from-XLMR,SapBERT,EP-4633627-A1_en_q_de,EP-4633627-A1,synthetic,de,en,1,1.0
cambridgeltl/SapBERT-UMLS-2020AB-all-lang-from-XLMR,SapBERT,EP-4633670-A1_fr_q_fr,EP-4633670-A1,original,fr,fr,1,0.0
cambridgeltl/SapBERT-UMLS-2020AB-all-lang-from-XLMR,SapBERT,WO-2025202163-A1_fr_q_fr,WO-2025202163-A1,original,fr,fr,2,0.5
cambridgeltl/SapBERT-UMLS-2020AB-all-lang-from-XLMR,SapBERT,WO-2025214852-A1_fr_q_fr,WO-2025214852-A1,original,fr,fr,2,0.0
cambridgeltl/SapBERT-UMLS-2020AB-all-lang-from-XLMR,SapBERT,WO-2025214996-A1_fr_q_fr,WO-2025214996-A1,original,fr,fr,2,0.0
cambridgeltl/SapBERT-UMLS-2020AB-all-lang-from-XLMR,SapBERT,EP-4630123-A1_de_q_de,EP-4630123-A1,original,de,de,2,0.0
cambridgeltl/SapBERT-UMLS-2020AB-all-lang-from-XLMR,SapBERT,EP-4634646-A1_en_q_en,EP-4634646-A1,original,en,en,1,0.0
cambridgeltl/SapBERT-UMLS-2020AB-all-lang-from-XLMR,SapBERT,EP-4634294-A1_en_q_en,EP-4634294-A1,original,en,en,1,0.0
cambridgeltl/SapBERT-UMLS-2020AB-all-lang-from-XLMR,SapBERT,EP-4634436-A1_fr_q_fr,EP-4634436-A1,original,fr,fr,1,0.0
cambridgeltl/SapBERT-UMLS-2020AB-all-lang-from-XLMR,SapBERT,EP-4633761-A1_en_q_en,EP-4633761-A1,original,en,en,1,0.0
cambridgeltl/SapBERT-UMLS-2020AB-all-lang-from-XLMR,SapBERT,WO-2025215167-A1_de_q_de,WO-2025215167-A1,original,de,de,2,0.5
cambridgeltl/SapBERT-UMLS-2020AB-all-lang-from-XLMR,SapBERT,EP-4626962-A1_de_q_en,EP-4626962-A1,synthetic,en,de,2,1.0
cambridgeltl/SapBERT-UMLS-2020AB-all-lang-from-XLMR,SapBERT,EP-4626962-A1_de_q_de,EP-4626962-A1,original,de,de,2,0.0
cambridgeltl/SapBERT-UMLS-2020AB-all-lang-from-XLMR,SapBERT,EP-4626962-A1_fr_q_fr,EP-4626962-A1,original,fr,fr,2,0.0
cambridgeltl/SapBERT-UMLS-2020AB-all-lang-from-XLMR,SapBERT,EP-4626962-A1_de_q_es,EP-4626962-A1,synthetic,es,de,2,0.0
cambridgeltl/SapBERT-UMLS-2020AB-all-lang-from-XLMR,SapBERT,WO-2025201936-A1_de_q_en,WO-2025201936-A1,synthetic,en,de,2,0.0
cambridgeltl/SapBERT-UMLS-2020AB-all-lang-from-XLMR,SapBERT,WO-2025201936-A1_fr_q_fr,WO-2025201936-A1,original,fr,fr,2,0.0
cambridgeltl/SapBERT-UMLS-2020AB-all-lang-from-XLMR,SapBERT,WO-2025201936-A1_de_q_es,WO-2025201936-A1,synthetic,es,de,2,0.0
cambridgeltl/SapBERT-UMLS-2020AB-all-lang-from-XLMR,SapBERT,EP-4634597-A1_en_q_en,EP-4634597-A1,original,en,en,1,0.0
cambridgeltl/SapBERT-UMLS-2020AB-all-lang-from-XLMR,SapBERT,EP-4634597-A1_en_q_de,EP-4634597-A1,synthetic,de,en,1,0.0
cambridgeltl/SapBERT-UMLS-2020AB-all-lang-from-XLMR,SapBERT,EP-4634597-A1_fr_q_fr,EP-4634597-A1,original,fr,fr,1,1.0
cambridgeltl/SapBERT-UMLS-2020AB-all-lang-from-XLMR,SapBERT,EP-4634597-A1_en_q_es,EP-4634597-A1,synthetic,es,en,1,0.0
cambridgeltl/SapBERT-UMLS-2020AB-all-lang-from-XLMR,SapBERT,EP-4634381-A1_en_q_zh,EP-4634381-A1,synthetic,zh,en,1,0.0
cambridgeltl/SapBERT-UMLS-2020AB-all-lang-from-XLMR,SapBERT,EP-4633589-A1_en_q_zh,EP-4633589-A1,synthetic,zh,en,1,0.0
cambridgeltl/SapBERT-UMLS-2020AB-all-lang-from-XLMR,SapBERT,EP-4627024-A1_de_q_zh,EP-4627024-A1,synthetic,zh,de,2,0.0
cambridgeltl/SapBERT-UMLS-2020AB-all-lang-from-XLMR,SapBERT,EP-4634926-A1_en_q_zh,EP-4634926-A1,synthetic,zh,en,1,0.0
cambridgeltl/SapBERT-UMLS-2020AB-all-lang-from-XLMR,SapBERT,EP-4633863-A2_en_q_zh,EP-4633863-A2,synthetic,zh,en,2,0.0
cambridgeltl/SapBERT-UMLS-2020AB-all-lang-from-XLMR,SapBERT,EP-4633797-A1_en_q_zh,EP-4633797-A1,synthetic,zh,en,1,0.0
cambridgeltl/SapBERT-UMLS-2020AB-all-lang-from-XLMR,SapBERT,EP-4633777-A1_en_q_zh,EP-4633777-A1,synthetic,zh,en,1,1.0
cambridgeltl/SapBERT-UMLS-2020AB-all-lang-from-XLMR,SapBERT,EP-4633621-A1_en_q_zh,EP-4633621-A1,synthetic,zh,en,1,0.0
cambridgeltl/SapBERT-UMLS-2020AB-all-lang-from-XLMR,SapBERT,EP-4634723-A1_en_q_zh,EP-4634723-A1,synthetic,zh,en,1,0.0
cambridgeltl/SapBERT-UMLS-2020AB-all-lang-from-XLMR,SapBERT,EP-4633581-A1_en_q_zh,EP-4633581-A1,synthetic,zh,en,1,0.0
cambridgeltl/SapBERT-UMLS-2020AB-all-lang-from-XLMR,SapBERT,EP-4634416-A1_en_q_zh,EP-4634416-A1,synthetic,zh,en,1,0.0
cambridgeltl/SapBERT-UMLS-2020AB-all-lang-from-XLMR,SapBERT,EP-4634305-A1_en_q_zh,EP-4634305-A1,synthetic,zh,en,1,1.0
cambridgeltl/SapBERT-UMLS-2020AB-all-lang-from-XLMR,SapBERT,EP-4633531-A1_en_q_zh,EP-4633531-A1,synthetic,zh,en,1,1.0
cambridgeltl/SapBERT-UMLS-2020AB-all-lang-from-XLMR,SapBERT,EP-4634333-A1_en_q_zh,EP-4634333-A1,synthetic,zh,en,1,0.0
cambridgeltl/SapBERT-UMLS-2020AB-all-lang-from-XLMR,SapBERT,EP-4634212-A1_en_q_zh,EP-4634212-A1,synthetic,zh,en,1,1.0
cambridgeltl/SapBERT-UMLS-2020AB-all-lang-from-XLMR,SapBERT,EP-4629959-A1_de_q_zh,EP-4629959-A1,synthetic,zh,de,2,0.0
cambridgeltl/SapBERT-UMLS-2020AB-all-lang-from-XLMR,SapBERT,EP-4627881-A1_de_q_zh,EP-4627881-A1,synthetic,zh,de,2,0.0
cambridgeltl/SapBERT-UMLS-2020AB-all-lang-from-XLMR,SapBERT,EP-4633576-A1_en_q_zh,EP-4633576-A1,synthetic,zh,en,1,0.0
cambridgeltl/SapBERT-UMLS-2020AB-all-lang-from-XLMR,SapBERT,EP-4633742-A2_en_q_zh,EP-4633742-A2,synthetic,zh,en,1,0.0
cambridgeltl/SapBERT-UMLS-2020AB-all-lang-from-XLMR,SapBERT,EP-4633791-A1_en_q_zh,EP-4633791-A1,synthetic,zh,en,1,1.0
cambridgeltl/SapBERT-UMLS-2020AB-all-lang-from-XLMR,SapBERT,EP-4630574-A1_fr_q_fr,EP-4630574-A1,original,fr,fr,2,0.0
cambridgeltl/SapBERT-UMLS-2020AB-all-lang-from-XLMR,SapBERT,EP-4634111-A1_fr_q_fr,EP-4634111-A1,original,fr,fr,1,0.0
cambridgeltl/SapBERT-UMLS-2020AB-all-lang-from-XLMR,SapBERT,EP-4633622-A2_en_q_es,EP-4633622-A2,synthetic,es,en,1,0.0
cambridgeltl/SapBERT-UMLS-2020AB-all-lang-from-XLMR,SapBERT,EP-4634187-A1_en_q_es_120,EP-4634187-A1,synthetic,es,en,1,0.0
cambridgeltl/SapBERT-UMLS-2020AB-all-lang-from-XLMR,SapBERT,EP-4634139-A1_fr_q_fr,EP-4634139-A1,original,fr,fr,1,1.0
cambridgeltl/SapBERT-UMLS-2020AB-all-lang-from-XLMR,SapBERT,EP-4634136-A1_en_q_en,EP-4634136-A1,original,en,en,1,0.0
cambridgeltl/SapBERT-UMLS-2020AB-all-lang-from-XLMR,SapBERT,EP-4634136-A1_en_q_de,EP-4634136-A1,synthetic,de,en,1,0.0
cambridgeltl/SapBERT-UMLS-2020AB-all-lang-from-XLMR,SapBERT,EP-4634136-A1_fr_q_fr,EP-4634136-A1,original,fr,fr,1,0.0
cambridgeltl/SapBERT-UMLS-2020AB-all-lang-from-XLMR,SapBERT,EP-4634136-A1_en_q_es_125,EP-4634136-A1,synthetic,es,en,1,0.0
cambridgeltl/SapBERT-UMLS-2020AB-all-lang-from-XLMR,SapBERT,q_126_zh,EP-4634136-A1,original,zh,,2,0.0
cambridgeltl/SapBERT-UMLS-2020AB-all-lang-from-XLMR,SapBERT,EP-4634248-A1_en_q_en,EP-4634248-A1,original,en,en,1,0.0
cambridgeltl/SapBERT-UMLS-2020AB-all-lang-from-XLMR,SapBERT,EP-4634142-A1_en_q_es,EP-4634142-A1,synthetic,es,en,2,0.0
cambridgeltl/SapBERT-UMLS-2020AB-all-lang-from-XLMR,SapBERT,WO-2025214812-A1_de_q_es,WO-2025214812-A1,synthetic,es,de,2,1.0
cambridgeltl/SapBERT-UMLS-2020AB-all-lang-from-XLMR,SapBERT,EP-4633662-A1_en_q_de,EP-4633662-A1,synthetic,de,en,1,0.0
cambridgeltl/SapBERT-UMLS-2020AB-all-lang-from-XLMR,SapBERT,WO-2025153617-A3_de_q_de,WO-2025153617-A3,original,de,de,2,0.0
cambridgeltl/SapBERT-UMLS-2020AB-all-lang-from-XLMR,SapBERT,EP-4634596-A1_en_q_en,EP-4634596-A1,original,en,en,1,0.0
cambridgeltl/SapBERT-UMLS-2020AB-all-lang-from-XLMR,SapBERT,EP-4634596-A1_en_q_de,EP-4634596-A1,synthetic,de,en,1,1.0
cambridgeltl/SapBERT-UMLS-2020AB-all-lang-from-XLMR,SapBERT,EP-4634596-A1_fr_q_fr,EP-4634596-A1,original,fr,fr,1,0.0
cambridgeltl/SapBERT-UMLS-2020AB-all-lang-from-XLMR,SapBERT,EP-4634596-A1_en_q_es_135,EP-4634596-A1,synthetic,es,en,1,0.0
cambridgeltl/SapBERT-UMLS-2020AB-all-lang-from-XLMR,SapBERT,q_136_zh,EP-4634596-A1,original,zh,,2,0.5
cambridgeltl/SapBERT-UMLS-2020AB-all-lang-from-XLMR,SapBERT,EP-4626887-A1_en_q_en,EP-4626887-A1,original,en,en,1,0.0
cambridgeltl/SapBERT-UMLS-2020AB-all-lang-from-XLMR,SapBERT,EP-4630033-A1_en_q_en,EP-4630033-A1,original,en,en,1,1.0
cambridgeltl/SapBERT-UMLS-2020AB-all-lang-from-XLMR,SapBERT,EP-4532639-A1_fr_q_fr,EP-4532639-A1,original,fr,fr,2,0.0
cambridgeltl/SapBERT-UMLS-2020AB-all-lang-from-XLMR,SapBERT,EP-4627010-A1_en_q_de,EP-4627010-A1,synthetic,de,en,1,0.0
cambridgeltl/SapBERT-UMLS-2020AB-all-lang-from-XLMR,SapBERT,EP-4626937-A1_en_q_de,EP-4626937-A1,synthetic,de,en,1,0.0
cambridgeltl/SapBERT-UMLS-2020AB-all-lang-from-XLMR,SapBERT,WO-2022119476-A1_en_q_de,WO-2022119476-A1,synthetic,de,en,1,0.0
cambridgeltl/SapBERT-UMLS-2020AB-all-lang-from-XLMR,SapBERT,WO-2025131900-A1_en_q_en,WO-2025131900-A1,original,en,en,3,0.0
cambridgeltl/SapBERT-UMLS-2020AB-all-lang-from-XLMR,SapBERT,WO-2025200741-A1_en_q_zh,WO-2025200741-A1,synthetic,zh,en,1,0.0
cambridgeltl/SapBERT-UMLS-2020AB-all-lang-from-XLMR,SapBERT,MX-2025009603-A_en_q_en,MX-2025009603-A,original,en,en,2,0.0
cambridgeltl/SapBERT-UMLS-2020AB-all-lang-from-XLMR,SapBERT,MX-2025009952-A_en_q_zh,MX-2025009952-A,synthetic,zh,en,1,1.0
cambridgeltl/SapBERT-UMLS-2020AB-all-lang-from-XLMR,SapBERT,WO-2025150253-A1_en_q_es,WO-2025150253-A1,synthetic,es,en,1,0.0
cambridgeltl/SapBERT-UMLS-2020AB-all-lang-from-XLMR,SapBERT,WO-2025186929-A8_en_q_en,WO-2025186929-A8,original,en,en,1,0.0
cambridgeltl/SapBERT-UMLS-2020AB-all-lang-from-XLMR,SapBERT,WO-2025211042-A1_en_q_en,WO-2025211042-A1,original,en,en,1,0.0
cambridgeltl/SapBERT-UMLS-2020AB-all-lang-from-XLMR,SapBERT,WO-2025209205-A1_en_q_en,WO-2025209205-A1,original,en,en,2,0.0
cambridgeltl/SapBERT-UMLS-2020AB-all-lang-from-XLMR,SapBERT,WO-2025207982-A1_en_q_de,WO-2025207982-A1,synthetic,de,en,1,1.0
cambridgeltl/SapBERT-UMLS-2020AB-all-lang-from-XLMR,SapBERT,WO-2025210325-A1_en_q_de,WO-2025210325-A1,synthetic,de,en,1,0.0
cambridgeltl/SapBERT-UMLS-2020AB-all-lang-from-XLMR,SapBERT,WO-2025216427-A1_zh_q_zh,WO-2025216427-A1,original,zh,zh,2,0.0
cambridgeltl/SapBERT-UMLS-2020AB-all-lang-from-XLMR,SapBERT,WO-2025197823-A1_zh_q_zh,WO-2025197823-A1,original,zh,zh,2,0.0
cambridgeltl/SapBERT-UMLS-2020AB-all-lang-from-XLMR,SapBERT,MX-2025002756-A_en_q_en,MX-2025002756-A,original,en,en,1,0.0
cambridgeltl/SapBERT-UMLS-2020AB-all-lang-from-XLMR,SapBERT,WO-2025202632-A1_en_q_en,WO-2025202632-A1,original,en,en,1,1.0
cambridgeltl/SapBERT-UMLS-2020AB-all-lang-from-XLMR,SapBERT,EP-4627608-A1_en_q_en,EP-4627608-A1,original,en,en,1,0.0
cambridgeltl/SapBERT-UMLS-2020AB-all-lang-from-XLMR,SapBERT,EP-4634668-A1_fr_q_fr,EP-4634668-A1,original,fr,fr,1,1.0
cambridgeltl/SapBERT-UMLS-2020AB-all-lang-from-XLMR,SapBERT,MX-2025009965-A_en_q_de,MX-2025009965-A,synthetic,de,en,1,0.0
cambridgeltl/SapBERT-UMLS-2020AB-all-lang-from-XLMR,SapBERT,WO-2025164300-A1_en_q_de,WO-2025164300-A1,synthetic,de,en,1,0.0
cambridgeltl/SapBERT-UMLS-2020AB-all-lang-from-XLMR,SapBERT,MX-2025009189-A_en_q_de,MX-2025009189-A,synthetic,de,en,1,1.0
cambridgeltl/SapBERT-UMLS-2020AB-all-lang-from-XLMR,SapBERT,WO-2024253632-A1_en_q_en,WO-2024253632-A1,original,en,en,1,0.0
cambridgeltl/SapBERT-UMLS-2020AB-all-lang-from-XLMR,SapBERT,WO-2025216023-A1_zh_q_zh,WO-2025216023-A1,original,zh,zh,2,0.5
cambridgeltl/SapBERT-UMLS-2020AB-all-lang-from-XLMR,SapBERT,WO-2025211128-A1_en_q_en,WO-2025211128-A1,original,en,en,1,0.0
cambridgeltl/SapBERT-UMLS-2020AB-all-lang-from-XLMR,SapBERT,MX-2025010237-A_en_q_zh,MX-2025010237-A,synthetic,zh,en,1,0.0
cambridgeltl/SapBERT-UMLS-2020AB-all-lang-from-XLMR,SapBERT,EP-4633785-A2_en_q_es,EP-4633785-A2,synthetic,es,en,1,0.0
cambridgeltl/SapBERT-UMLS-2020AB-all-lang-from-XLMR,SapBERT,MX-2025005737-A_en_q_en,MX-2025005737-A,original,en,en,1,0.0
cambridgeltl/SapBERT-UMLS-2020AB-all-lang-from-XLMR,SapBERT,MX-2025010606-A_en_q_en,MX-2025010606-A,original,en,en,1,0.0
cambridgeltl/SapBERT-UMLS-2020AB-all-lang-from-XLMR,SapBERT,MX-2025010877-A_en_q_en,MX-2025010877-A,original,en,en,1,0.0
cambridgeltl/SapBERT-UMLS-2020AB-all-lang-from-XLMR,SapBERT,EP-4584035-A1_de_q_de,EP-4584035-A1,original,de,de,3,0.0
cambridgeltl/SapBERT-UMLS-2020AB-all-lang-from-XLMR,SapBERT,WO-2025170306-A1_en_q_de,WO-2025170306-A1,synthetic,de,en,2,0.0
cambridgeltl/SapBERT-UMLS-2020AB-all-lang-from-XLMR,SapBERT,WO-2025210569-A1_zh_q_zh,WO-2025210569-A1,original,zh,zh,2,0.0
cambridgeltl/SapBERT-UMLS-2020AB-all-lang-from-XLMR,SapBERT,MX-2025010084-A_en_q_zh,MX-2025010084-A,synthetic,zh,en,1,0.0
cambridgeltl/SapBERT-UMLS-2020AB-all-lang-from-XLMR,SapBERT,WO-2025186542-A8_en_q_en,WO-2025186542-A8,original,en,en,1,0.0
cambridgeltl/SapBERT-UMLS-2020AB-all-lang-from-XLMR,SapBERT,WO-2025206130-A1_zh_q_zh,WO-2025206130-A1,original,zh,zh,2,0.0
cambridgeltl/SapBERT-UMLS-2020AB-all-lang-from-XLMR,SapBERT,WO-2025208054-A1_en_q_de,WO-2025208054-A1,synthetic,de,en,1,0.0
cambridgeltl/SapBERT-UMLS-2020AB-all-lang-from-XLMR,SapBERT,WO-2025201708-A1_en_q_zh,WO-2025201708-A1,synthetic,zh,en,1,0.0
cambridgeltl/SapBERT-UMLS-2020AB-all-lang-from-XLMR,SapBERT,WO-2025141238-A1_es_q_es,WO-2025141238-A1,original,es,es,2,0.0
cambridgeltl/SapBERT-UMLS-2020AB-all-lang-from-XLMR,SapBERT,MX-2025004351-A_en_q_en,MX-2025004351-A,original,en,en,1,0.0
cambridgeltl/SapBERT-UMLS-2020AB-all-lang-from-XLMR,SapBERT,WO-2025200809-A1_en_q_en,WO-2025200809-A1,original,en,en,2,0.0
cambridgeltl/SapBERT-UMLS-2020AB-all-lang-from-XLMR,SapBERT,WO-2025201644-A1_fr_q_fr,WO-2025201644-A1,original,fr,fr,2,0.0
cambridgeltl/SapBERT-UMLS-2020AB-all-lang-from-XLMR,SapBERT,MX-2025003633-A_en_q_de,MX-2025003633-A,synthetic,de,en,1,0.0
cambridgeltl/SapBERT-UMLS-2020AB-all-lang-from-XLMR,SapBERT,WO-2025170482-A1_en_q_de,WO-2025170482-A1,synthetic,de,en,2,0.5
cambridgeltl/SapBERT-UMLS-2020AB-all-lang-from-XLMR,SapBERT,MX-2025002762-A_en_q_en,MX-2025002762-A,original,en,en,1,0.0
cambridgeltl/SapBERT-UMLS-2020AB-all-lang-from-XLMR,SapBERT,MX-2025009196-A_en_q_de,MX-2025009196-A,synthetic,de,en,1,0.0
cambridgeltl/SapBERT-UMLS-2020AB-all-lang-from-XLMR,SapBERT,EP-4584246-A1_en_q_zh,EP-4584246-A1,synthetic,zh,en,2,1.0
cambridgeltl/SapBERT-UMLS-2020AB-all-lang-from-XLMR,SapBERT,WO-2022031256-A1_en_q_zh,WO-2022031256-A1,synthetic,zh,en,1,0.0
cambridgeltl/SapBERT-UMLS-2020AB-all-lang-from-XLMR,SapBERT,ES-3035119-A1_en_q_fr,ES-3035119-A1,synthetic,fr,en,2,0.0
cambridgeltl/SapBERT-UMLS-2020AB-all-lang-from-XLMR,SapBERT,WO-2022231470-A1_en_q_de,WO-2022231470-A1,synthetic,de,en,1,0.0
cambridgeltl/SapBERT-UMLS-2020AB-all-lang-from-XLMR,SapBERT,EP-4627127-A1_en_q_de,EP-4627127-A1,synthetic,de,en,2,0.0
cambridgeltl/SapBERT-UMLS-2020AB-all-lang-from-XLMR,SapBERT,WO-2025185983-A1_en_q_es,WO-2025185983-A1,synthetic,es,en,2,0.0
cambridgeltl/SapBERT-UMLS-2020AB-all-lang-from-XLMR,SapBERT,EP-4627015-A1_en_q_de,EP-4627015-A1,synthetic,de,en,1,0.0
cambridgeltl/SapBERT-UMLS-2020AB-all-lang-from-XLMR,SapBERT,WO-2025212979-A1_en_q_de,WO-2025212979-A1,synthetic,de,en,2,0.0
cambridgeltl/SapBERT-UMLS-2020AB-all-lang-from-XLMR,SapBERT,MX-2025010953-A_en_q_zh,MX-2025010953-A,synthetic,zh,en,1,1.0
cambridgeltl/SapBERT-UMLS-2020AB-all-lang-from-XLMR,SapBERT,WO-2025207427-A1_en_q_de,WO-2025207427-A1,synthetic,de,en,2,0.0
cambridgeltl/SapBERT-UMLS-2020AB-all-lang-from-XLMR,SapBERT,MX-2025007532-A_en_q_de,MX-2025007532-A,synthetic,de,en,2,0.0
cambridgeltl/SapBERT-UMLS-2020AB-all-lang-from-XLMR,SapBERT,EP-4627092-A1_en_q_zh,EP-4627092-A1,synthetic,zh,en,1,0.0
cambridgeltl/SapBERT-UMLS-2020AB-all-lang-from-XLMR,SapBERT,EP-4584229-A1_en_q_es,EP-4584229-A1,synthetic,es,en,3,0.0
cambridgeltl/SapBERT-UMLS-2020AB-all-lang-from-XLMR,SapBERT,WO-2024054196-A1_en_q_zh,WO-2024054196-A1,synthetic,zh,en,1,0.0
cambridgeltl/SapBERT-UMLS-2020AB-all-lang-from-XLMR,SapBERT,WO-2025164618-A1_en_q_es,WO-2025164618-A1,synthetic,es,en,2,0.0
cambridgeltl/SapBERT-UMLS-2020AB-all-lang-from-XLMR,SapBERT,EP-4626889-A1_en_q_es,EP-4626889-A1,synthetic,es,en,1,0.0
cambridgeltl/SapBERT-UMLS-2020AB-all-lang-from-XLMR,SapBERT,MX-2025004761-A_en_q_zh,MX-2025004761-A,synthetic,zh,en,1,0.0
cambridgeltl/SapBERT-UMLS-2020AB-all-lang-from-XLMR,SapBERT,MX-2025009867-A_en_q_de,MX-2025009867-A,synthetic,de,en,2,0.0
cambridgeltl/SapBERT-UMLS-2020AB-all-lang-from-XLMR,SapBERT,WO-03042409-A3_en_q_es,WO-03042409-A3,synthetic,es,en,1,1.0
cambridgeltl/SapBERT-UMLS-2020AB-all-lang-from-XLMR,SapBERT,WO-2025212474-A1_en_q_de,WO-2025212474-A1,synthetic,de,en,1,1.0
cambridgeltl/SapBERT-UMLS-2020AB-all-lang-from-XLMR,SapBERT,ES-3028671-A1_en_q_zh,ES-3028671-A1,synthetic,zh,en,1,0.0
cambridgeltl/SapBERT-UMLS-2020AB-all-lang-from-XLMR,SapBERT,WO-2025212467-A1_en_q_de,WO-2025212467-A1,synthetic,de,en,1,0.0
cambridgeltl/SapBERT-UMLS-2020AB-all-lang-from-XLMR,SapBERT,MX-2025009862-A_en_q_fr,MX-2025009862-A,synthetic,fr,en,1,1.0
cambridgeltl/SapBERT-UMLS-2020AB-all-lang-from-XLMR,SapBERT,EP-4566167-A1_en_q_es,EP-4566167-A1,synthetic,es,en,3,0.0
cambridgeltl/SapBERT-UMLS-2020AB-all-lang-from-XLMR,SapBERT,WO-2025216937-A1_en_q_es,WO-2025216937-A1,synthetic,es,en,2,0.0
cambridgeltl/SapBERT-UMLS-2020AB-all-lang-from-XLMR,SapBERT,EP-4630021-A1_en_q_de,EP-4630021-A1,synthetic,de,en,2,0.0
cambridgeltl/SapBERT-UMLS-2020AB-all-lang-from-XLMR,SapBERT,MX-2025007206-A_en_q_de,MX-2025007206-A,synthetic,de,en,1,0.0
cambridgeltl/SapBERT-UMLS-2020AB-all-lang-from-XLMR,SapBERT,EP-4504821-A1_en_q_es,EP-4504821-A1,synthetic,es,en,3,0.0
cambridgeltl/SapBERT-UMLS-2020AB-all-lang-from-XLMR,SapBERT,WO-2025205793-A1_en_q_de,WO-2025205793-A1,synthetic,de,en,2,0.0
cambridgeltl/SapBERT-UMLS-2020AB-all-lang-from-XLMR,SapBERT,WO-2025206825-A1_en_q_de,WO-2025206825-A1,synthetic,de,en,1,1.0
cambridgeltl/SapBERT-UMLS-2020AB-all-lang-from-XLMR,SapBERT,EP-4568770-A1_en_q_es,EP-4568770-A1,synthetic,es,en,3,0.0
cambridgeltl/SapBERT-UMLS-2020AB-all-lang-from-XLMR,SapBERT,WO-2025188827-A8_en_q_es,WO-2025188827-A8,synthetic,es,en,1,0.0
cambridgeltl/SapBERT-UMLS-2020AB-all-lang-from-XLMR,SapBERT,MX-2025008259-A_en_q_fr,MX-2025008259-A,synthetic,fr,en,2,0.0
cambridgeltl/SapBERT-UMLS-2020AB-all-lang-from-XLMR,SapBERT,WO-2025132504-A1_en_q_es,WO-2025132504-A1,synthetic,es,en,3,0.0
cambridgeltl/SapBERT-UMLS-2020AB-all-lang-from-XLMR,SapBERT,MX-2025007237-A_en_q_fr,MX-2025007237-A,synthetic,fr,en,2,0.0
cambridgeltl/SapBERT-UMLS-2020AB-all-lang-from-XLMR,SapBERT,MX-2025005647-A_en_q_zh,MX-2025005647-A,synthetic,zh,en,1,0.0
cambridgeltl/SapBERT-UMLS-2020AB-all-lang-from-XLMR,SapBERT,WO-2025214411-A1_en_q_de,WO-2025214411-A1,synthetic,de,en,1,0.0
cambridgeltl/SapBERT-UMLS-2020AB-all-lang-from-XLMR,SapBERT,EP-4623093-A2_en_q_es,EP-4623093-A2,synthetic,es,en,2,1.0
cambridgeltl/SapBERT-UMLS-2020AB-all-lang-from-XLMR,SapBERT,EP-4634148-A1_en_q_de,EP-4634148-A1,synthetic,de,en,2,1.0
cambridgeltl/SapBERT-UMLS-2020AB-all-lang-from-XLMR,SapBERT,WO-2025202170-A1_en_q_es,WO-2025202170-A1,synthetic,es,en,1,0.0
cambridgeltl/SapBERT-UMLS-2020AB-all-lang-from-XLMR,SapBERT,EP-4507673-A1_en_q_de,EP-4507673-A1,synthetic,de,en,1,0.0
cambridgeltl/SapBERT-UMLS-2020AB-all-lang-from-XLMR,SapBERT,MX-2025007577-A_en_q_fr,MX-2025007577-A,synthetic,fr,en,2,0.0
cambridgeltl/SapBERT-UMLS-2020AB-all-lang-from-XLMR,SapBERT,MX-2025009131-A_en_q_zh,MX-2025009131-A,synthetic,zh,en,1,0.0
cambridgeltl/SapBERT-UMLS-2020AB-all-lang-from-XLMR,SapBERT,MX-2025009990-A_en_q_zh,MX-2025009990-A,synthetic,zh,en,1,0.0
cambridgeltl/SapBERT-UMLS-2020AB-all-lang-from-XLMR,SapBERT,WO-2023153953-A1_en_q_es,WO-2023153953-A1,synthetic,es,en,2,0.0
cambridgeltl/SapBERT-UMLS-2020AB-all-lang-from-XLMR,SapBERT,WO-2025183548-A1_en_q_de,WO-2025183548-A1,synthetic,de,en,2,0.0
cambridgeltl/SapBERT-UMLS-2020AB-all-lang-from-XLMR,SapBERT,WO-2025007163-A1_en_q_de,WO-2025007163-A1,synthetic,de,en,2,0.0
cambridgeltl/SapBERT-UMLS-2020AB-all-lang-from-XLMR,SapBERT,WO-2025206959-A1_en_q_de,WO-2025206959-A1,synthetic,de,en,2,0.0
cambridgeltl/SapBERT-UMLS-2020AB-all-lang-from-XLMR,SapBERT,WO-2025207810-A1_en_q_zh,WO-2025207810-A1,synthetic,zh,en,1,0.0
cambridgeltl/SapBERT-UMLS-2020AB-all-lang-from-XLMR,SapBERT,WO-2025215476-A1_en_q_de,WO-2025215476-A1,synthetic,de,en,2,0.0
cambridgeltl/SapBERT-UMLS-2020AB-all-lang-from-XLMR,SapBERT,WO-2023149795-A1_en_q_en,WO-2023149795-A1,original,en,en,2,0.0
cambridgeltl/SapBERT-UMLS-2020AB-all-lang-from-XLMR,SapBERT,WO-2022124934-A1_en_q_es,WO-2022124934-A1,synthetic,es,en,1,0.0
cambridgeltl/SapBERT-UMLS-2020AB-all-lang-from-XLMR,SapBERT,WO-2025187134-A8_en_q_en,WO-2025187134-A8,original,en,en,2,0.0
cambridgeltl/SapBERT-UMLS-2020AB-all-lang-from-XLMR,SapBERT,WO-2023200358-A1_en_q_en,WO-2023200358-A1,original,en,en,2,0.0
cambridgeltl/SapBERT-UMLS-2020AB-all-lang-from-XLMR,SapBERT,WO-2025216105-A1_fr_q_fr,WO-2025216105-A1,original,fr,fr,2,0.0
cambridgeltl/SapBERT-UMLS-2020AB-all-lang-from-XLMR,SapBERT,MX-2025005014-A_es_q_es,MX-2025005014-A,original,es,es,1,1.0
cambridgeltl/SapBERT-UMLS-2020AB-all-lang-from-XLMR,SapBERT,WO-2025216873-A1_fr_q_fr,WO-2025216873-A1,original,fr,fr,1,0.0
cambridgeltl/SapBERT-UMLS-2020AB-all-lang-from-XLMR,SapBERT,WO-2025205780-A1_zh_q_zh,WO-2025205780-A1,original,zh,zh,2,0.0
cambridgeltl/SapBERT-UMLS-2020AB-all-lang-from-XLMR,SapBERT,MX-2025009666-A_en_q_en,MX-2025009666-A,original,en,en,2,0.0
cambridgeltl/SapBERT-UMLS-2020AB-all-lang-from-XLMR,SapBERT,WO-2025212049-A1_fr_q_fr,WO-2025212049-A1,original,fr,fr,2,0.0
cambridgeltl/SapBERT-UMLS-2020AB-all-lang-from-XLMR,SapBERT,EP-4627347-A1_fr_q_fr,EP-4627347-A1,original,fr,fr,1,1.0
cambridgeltl/SapBERT-UMLS-2020AB-all-lang-from-XLMR,SapBERT,MX-2025004786-A_es_q_es,MX-2025004786-A,original,es,es,1,1.0
cambridgeltl/SapBERT-UMLS-2020AB-all-lang-from-XLMR,SapBERT,WO-2024063632-A1_en_q_en,WO-2024063632-A1,original,en,en,2,0.0
cambridgeltl/SapBERT-UMLS-2020AB-all-lang-from-XLMR,SapBERT,WO-2025206783-A1_fr_q_fr,WO-2025206783-A1,original,fr,fr,1,0.0
cambridgeltl/SapBERT-UMLS-2020AB-all-lang-from-XLMR,SapBERT,MX-2025010991-A_en_q_en,MX-2025010991-A,original,en,en,1,0.0
cambridgeltl/SapBERT-UMLS-2020AB-all-lang-from-XLMR,SapBERT,MX-2025006977-A_en_q_en,MX-2025006977-A,original,en,en,1,1.0
cambridgeltl/SapBERT-UMLS-2020AB-all-lang-from-XLMR,SapBERT,MX-2025008400-A_en_q_en,MX-2025008400-A,original,en,en,1,1.0
cambridgeltl/SapBERT-UMLS-2020AB-all-lang-from-XLMR,SapBERT,WO-2025132390-A1_de_q_de,WO-2025132390-A1,original,de,de,3,0.0
cambridgeltl/SapBERT-UMLS-2020AB-all-lang-from-XLMR,SapBERT,WO-2025204766-A1_fr_q_fr,WO-2025204766-A1,original,fr,fr,2,0.0
cambridgeltl/SapBERT-UMLS-2020AB-all-lang-from-XLMR,SapBERT,WO-2025098664-A1_de_q_de,WO-2025098664-A1,original,de,de,2,1.0
cambridgeltl/SapBERT-UMLS-2020AB-all-lang-from-XLMR,SapBERT,EP-4627583-A1_en_q_en,EP-4627583-A1,original,en,en,1,0.0
cambridgeltl/SapBERT-UMLS-2020AB-all-lang-from-XLMR,SapBERT,EP-4630558-A2_zh_q_zh,EP-4630558-A2,original,zh,zh,2,0.0
cambridgeltl/SapBERT-UMLS-2020AB-all-lang-from-XLMR,SapBERT,MX-2025010573-A_es_q_es,MX-2025010573-A,original,es,es,1,0.0
cambridgeltl/SapBERT-UMLS-2020AB-all-lang-from-XLMR,SapBERT,WO-2025210917-A1_fr_q_fr,WO-2025210917-A1,original,fr,fr,2,0.0
cambridgeltl/SapBERT-UMLS-2020AB-all-lang-from-XLMR,SapBERT,WO-2025150394-A1_en_q_en,WO-2025150394-A1,original,en,en,1,0.0
cambridgeltl/SapBERT-UMLS-2020AB-all-lang-from-XLMR,SapBERT,MX-2025005728-A_en_q_en,MX-2025005728-A,original,en,en,1,0.0
cambridgeltl/SapBERT-UMLS-2020AB-all-lang-from-XLMR,SapBERT,WO-2025177605-A1_fr_q_fr,WO-2025177605-A1,original,fr,fr,1,0.0
cambridgeltl/SapBERT-UMLS-2020AB-all-lang-from-XLMR,SapBERT,MX-2025006958-A_en_q_en,MX-2025006958-A,original,en,en,2,1.0
cambridgeltl/SapBERT-UMLS-2020AB-all-lang-from-XLMR,SapBERT,EP-4551675-A1_de_q_de,EP-4551675-A1,original,de,de,2,0.0
cambridgeltl/SapBERT-UMLS-2020AB-all-lang-from-XLMR,SapBERT,EP-4627325-A1_fr_q_fr,EP-4627325-A1,original,fr,fr,2,0.0
cambridgeltl/SapBERT-UMLS-2020AB-all-lang-from-XLMR,SapBERT,WO-2025208050-A2_en_q_en,WO-2025208050-A2,original,en,en,1,0.0
cambridgeltl/SapBERT-UMLS-2020AB-all-lang-from-XLMR,SapBERT,WO-2025202994-A1_fr_q_fr,WO-2025202994-A1,original,fr,fr,1,1.0
cambridgeltl/SapBERT-UMLS-2020AB-all-lang-from-XLMR,SapBERT,MX-2025006551-A_en_q_en,MX-2025006551-A,original,en,en,1,1.0
cambridgeltl/SapBERT-UMLS-2020AB-all-lang-from-XLMR,SapBERT,WO-2005069422-A1_en_q_en,WO-2005069422-A1,original,en,en,1,0.0
cambridgeltl/SapBERT-UMLS-2020AB-all-lang-from-XLMR,SapBERT,WO-2025194610-A1_fr_q_fr,WO-2025194610-A1,original,fr,fr,1,1.0
cambridgeltl/SapBERT-UMLS-2020AB-all-lang-from-XLMR,SapBERT,MX-2025001644-A_zh_q_zh,MX-2025001644-A,original,zh,zh,2,0.0
cambridgeltl/SapBERT-UMLS-2020AB-all-lang-from-XLMR,SapBERT,WO-2025216492-A1_fr_q_fr,WO-2025216492-A1,original,fr,fr,2,1.0
cambridgeltl/SapBERT-UMLS-2020AB-all-lang-from-XLMR,SapBERT,WO-2025216629-A1_fr_q_fr,WO-2025216629-A1,original,fr,fr,2,0.0
cambridgeltl/SapBERT-UMLS-2020AB-all-lang-from-XLMR,SapBERT,MX-2025005081-A_en_q_en,MX-2025005081-A,original,en,en,1,0.0
cambridgeltl/SapBERT-UMLS-2020AB-all-lang-from-XLMR,SapBERT,WO-2025205506-A1_fr_q_fr,WO-2025205506-A1,original,fr,fr,1,0.0
cambridgeltl/SapBERT-UMLS-2020AB-all-lang-from-XLMR,SapBERT,WO-2025132391-A1_de_q_de,WO-2025132391-A1,original,de,de,3,0.0
cambridgeltl/SapBERT-UMLS-2020AB-all-lang-from-XLMR,SapBERT,WO-2025205634-A1_en_q_en,WO-2025205634-A1,original,en,en,1,0.0
cambridgeltl/SapBERT-UMLS-2020AB-all-lang-from-XLMR,SapBERT,WO-2025120243-A1_es_q_es,WO-2025120243-A1,original,es,es,2,0.0
cambridgeltl/SapBERT-UMLS-2020AB-all-lang-from-XLMR,SapBERT,WO-2025201672-A1_fr_q_fr,WO-2025201672-A1,original,fr,fr,1,0.0
cambridgeltl/SapBERT-UMLS-2020AB-all-lang-from-XLMR,SapBERT,MX-2025008970-A_es_q_es,MX-2025008970-A,original,es,es,1,0.0
cambridgeltl/SapBERT-UMLS-2020AB-all-lang-from-XLMR,SapBERT,MX-2025009075-A_zh_q_zh,MX-2025009075-A,original,zh,zh,2,1.0
cambridgeltl/SapBERT-UMLS-2020AB-all-lang-from-XLMR,SapBERT,WO-2025210445-A1_fr_q_fr,WO-2025210445-A1,original,fr,fr,1,0.0
cambridgeltl/SapBERT-UMLS-2020AB-all-lang-from-XLMR,SapBERT,WO-2025206090-A1_fr_q_fr,WO-2025206090-A1,original,fr,fr,1,0.0
cambridgeltl/SapBERT-UMLS-2020AB-all-lang-from-XLMR,SapBERT,MX-2025006643-A_en_q_en,MX-2025006643-A,original,en,en,1,1.0
cambridgeltl/SapBERT-UMLS-2020AB-all-lang-from-XLMR,SapBERT,MX-2025010190-A_en_q_en,MX-2025010190-A,original,en,en,2,0.5
cambridgeltl/SapBERT-UMLS-2020AB-all-lang-from-XLMR,SapBERT,EP-4577789-A1_zh_q_zh,EP-4577789-A1,original,zh,zh,3,0.0
cambridgeltl/SapBERT-UMLS-2020AB-all-lang-from-XLMR,SapBERT,WO-2025204469-A1_en_q_en,WO-2025204469-A1,original,en,en,2,0.0
cambridgeltl/SapBERT-UMLS-2020AB-all-lang-from-XLMR,SapBERT,WO-2025204469-A1_en_q_de,WO-2025204469-A1,synthetic,de,en,2,0.0
cambridgeltl/SapBERT-UMLS-2020AB-all-lang-from-XLMR,SapBERT,WO-2025204469-A1_fr_q_fr,WO-2025204469-A1,original,fr,fr,2,0.0
cambridgeltl/SapBERT-UMLS-2020AB-all-lang-from-XLMR,SapBERT,WO-2025204469-A1_en_q_es,WO-2025204469-A1,synthetic,es,en,2,0.0
cambridgeltl/SapBERT-UMLS-2020AB-all-lang-from-XLMR,SapBERT,WO-2025204469-A1_zh_q_zh,WO-2025204469-A1,original,zh,zh,2,0.0
cambridgeltl/SapBERT-UMLS-2020AB-all-lang-from-XLMR,SapBERT,MX-2025010085-A_en_q_en,MX-2025010085-A,original,en,en,1,1.0
cambridgeltl/SapBERT-UMLS-2020AB-all-lang-from-XLMR,SapBERT,MX-2025010085-A_en_q_de,MX-2025010085-A,synthetic,de,en,1,1.0
cambridgeltl/SapBERT-UMLS-2020AB-all-lang-from-XLMR,SapBERT,MX-2025010085-A_en_q_fr,MX-2025010085-A,synthetic,fr,en,1,1.0
cambridgeltl/SapBERT-UMLS-2020AB-all-lang-from-XLMR,SapBERT,MX-2025010085-A_es_q_es,MX-2025010085-A,original,es,es,1,1.0
cambridgeltl/SapBERT-UMLS-2020AB-all-lang-from-XLMR,SapBERT,MX-2025010085-A_en_q_zh,MX-2025010085-A,synthetic,zh,en,1,0.0
cambridgeltl/SapBERT-UMLS-2020AB-all-lang-from-XLMR,SapBERT,MX-2025005421-A_en_q_en,MX-2025005421-A,original,en,en,1,0.0
cambridgeltl/SapBERT-UMLS-2020AB-all-lang-from-XLMR,SapBERT,MX-2025005421-A_en_q_de,MX-2025005421-A,synthetic,de,en,1,0.0
cambridgeltl/SapBERT-UMLS-2020AB-all-lang-from-XLMR,SapBERT,MX-2025005421-A_en_q_fr,MX-2025005421-A,synthetic,fr,en,1,0.0
cambridgeltl/SapBERT-UMLS-2020AB-all-lang-from-XLMR,SapBERT,MX-2025005421-A_es_q_es,MX-2025005421-A,original,es,es,1,0.0
cambridgeltl/SapBERT-UMLS-2020AB-all-lang-from-XLMR,SapBERT,MX-2025005421-A_en_q_zh,MX-2025005421-A,synthetic,zh,en,1,0.0
cambridgeltl/SapBERT-UMLS-2020AB-all-lang-from-XLMR,SapBERT,MX-2025002688-A_en_q_en,MX-2025002688-A,original,en,en,1,0.0
cambridgeltl/SapBERT-UMLS-2020AB-all-lang-from-XLMR,SapBERT,MX-2025002688-A_en_q_de,MX-2025002688-A,synthetic,de,en,1,0.0
cambridgeltl/SapBERT-UMLS-2020AB-all-lang-from-XLMR,SapBERT,MX-2025002688-A_en_q_fr,MX-2025002688-A,synthetic,fr,en,1,0.0
cambridgeltl/SapBERT-UMLS-2020AB-all-lang-from-XLMR,SapBERT,MX-2025002688-A_es_q_es,MX-2025002688-A,original,es,es,1,0.0
cambridgeltl/SapBERT-UMLS-2020AB-all-lang-from-XLMR,SapBERT,MX-2025002688-A_en_q_zh,MX-2025002688-A,synthetic,zh,en,1,0.0
cambridgeltl/SapBERT-UMLS-2020AB-all-lang-from-XLMR,SapBERT,WO-2025211147-A1_en_q_en,WO-2025211147-A1,original,en,en,1,0.0
cambridgeltl/SapBERT-UMLS-2020AB-all-lang-from-XLMR,SapBERT,WO-2025211147-A1_en_q_de,WO-2025211147-A1,synthetic,de,en,1,0.0
cambridgeltl/SapBERT-UMLS-2020AB-all-lang-from-XLMR,SapBERT,WO-2025211147-A1_fr_q_fr,WO-2025211147-A1,original,fr,fr,1,0.0
cambridgeltl/SapBERT-UMLS-2020AB-all-lang-from-XLMR,SapBERT,WO-2025211147-A1_en_q_es,WO-2025211147-A1,synthetic,es,en,1,0.0
cambridgeltl/SapBERT-UMLS-2020AB-all-lang-from-XLMR,SapBERT,WO-2025211147-A1_en_q_zh,WO-2025211147-A1,synthetic,zh,en,1,0.0
cambridgeltl/SapBERT-UMLS-2020AB-all-lang-from-XLMR,SapBERT,WO-2025187712-A8_en_q_en,WO-2025187712-A8,original,en,en,1,0.0
cambridgeltl/SapBERT-UMLS-2020AB-all-lang-from-XLMR,SapBERT,WO-2025187712-A8_en_q_de,WO-2025187712-A8,synthetic,de,en,1,0.0
cambridgeltl/SapBERT-UMLS-2020AB-all-lang-from-XLMR,SapBERT,WO-2025187712-A8_fr_q_fr,WO-2025187712-A8,original,fr,fr,1,0.0
cambridgeltl/SapBERT-UMLS-2020AB-all-lang-from-XLMR,SapBERT,WO-2025187712-A8_en_q_es,WO-2025187712-A8,synthetic,es,en,1,0.0
cambridgeltl/SapBERT-UMLS-2020AB-all-lang-from-XLMR,SapBERT,WO-2025187712-A8_en_q_zh,WO-2025187712-A8,synthetic,zh,en,1,0.0
cambridgeltl/SapBERT-UMLS-2020AB-all-lang-from-XLMR,SapBERT,EP-4630253-A1_en_q_en,EP-4630253-A1,original,en,en,2,0.0
cambridgeltl/SapBERT-UMLS-2020AB-all-lang-from-XLMR,SapBERT,EP-4630253-A1_en_q_de,EP-4630253-A1,synthetic,de,en,2,0.0
cambridgeltl/SapBERT-UMLS-2020AB-all-lang-from-XLMR,SapBERT,EP-4630253-A1_fr_q_fr,EP-4630253-A1,original,fr,fr,2,0.0
cambridgeltl/SapBERT-UMLS-2020AB-all-lang-from-XLMR,SapBERT,EP-4630253-A1_en_q_es,EP-4630253-A1,synthetic,es,en,2,0.0
cambridgeltl/SapBERT-UMLS-2020AB-all-lang-from-XLMR,SapBERT,EP-4630253-A1_zh_q_zh,EP-4630253-A1,original,zh,zh,2,0.0
cambridgeltl/SapBERT-UMLS-2020AB-all-lang-from-XLMR,SapBERT,MX-2025007798-A_en_q_en,MX-2025007798-A,original,en,en,1,0.0
cambridgeltl/SapBERT-UMLS-2020AB-all-lang-from-XLMR,SapBERT,WO-2025206382-A1_en_q_en,WO-2025206382-A1,original,en,en,1,0.0
cambridgeltl/SapBERT-UMLS-2020AB-all-lang-from-XLMR,SapBERT,MX-2025009144-A_en_q_en,MX-2025009144-A,original,en,en,2,0.0
cambridgeltl/SapBERT-UMLS-2020AB-all-lang-from-XLMR,SapBERT,WO-2025206195-A1_en_q_de,WO-2025206195-A1,synthetic,de,en,1,0.0
cambridgeltl/SapBERT-UMLS-2020AB-all-lang-from-XLMR,SapBERT,WO-2024128938-A1_en_q_de,WO-2024128938-A1,synthetic,de,en,2,1.0
cambridgeltl/SapBERT-UMLS-2020AB-all-lang-from-XLMR,SapBERT,MX-2025007510-A_es_q_es,MX-2025007510-A,original,es,es,1,0.0
cambridgeltl/SapBERT-UMLS-2020AB-all-lang-from-XLMR,SapBERT,WO-2025172752-A1_en_q_en,WO-2025172752-A1,original,en,en,2,0.5
cambridgeltl/SapBERT-UMLS-2020AB-all-lang-from-XLMR,SapBERT,WO-2024245507-A9_en_q_en,WO-2024245507-A9,original,en,en,2,0.5
cambridgeltl/SapBERT-UMLS-2020AB-all-lang-from-XLMR,SapBERT,WO-2024245507-A9_de_q_de,WO-2024245507-A9,original,de,de,2,0.5
cambridgeltl/SapBERT-UMLS-2020AB-all-lang-from-XLMR,SapBERT,WO-2024245507-A9_fr_q_fr,WO-2024245507-A9,original,fr,fr,2,0.0
cambridgeltl/SapBERT-UMLS-2020AB-all-lang-from-XLMR,SapBERT,WO-2024245507-A9_en_q_es,WO-2024245507-A9,synthetic,es,en,2,0.5
cambridgeltl/SapBERT-UMLS-2020AB-all-lang-from-XLMR,SapBERT,WO-2024245507-A9_en_q_zh,WO-2024245507-A9,synthetic,zh,en,2,0.5
cambridgeltl/SapBERT-UMLS-2020AB-all-lang-from-XLMR,SapBERT,EP-4630245-A1_zh_q_zh,EP-4630245-A1,original,zh,zh,2,0.0
cambridgeltl/SapBERT-UMLS-2020AB-all-lang-from-XLMR,SapBERT,WO-2025192625-A1_en_q_en,WO-2025192625-A1,original,en,en,2,0.0
cambridgeltl/SapBERT-UMLS-2020AB-all-lang-from-XLMR,SapBERT,WO-2025192625-A1_en_q_de,WO-2025192625-A1,synthetic,de,en,2,0.0
cambridgeltl/SapBERT-UMLS-2020AB-all-lang-from-XLMR,SapBERT,WO-2025192625-A1_fr_q_fr,WO-2025192625-A1,original,fr,fr,2,0.0
cambridgeltl/SapBERT-UMLS-2020AB-all-lang-from-XLMR,SapBERT,WO-2025192625-A1_en_q_es,WO-2025192625-A1,synthetic,es,en,2,0.0
cambridgeltl/SapBERT-UMLS-2020AB-all-lang-from-XLMR,SapBERT,WO-2025192625-A1_zh_q_zh,WO-2025192625-A1,original,zh,zh,2,0.0
cambridgeltl/SapBERT-UMLS-2020AB-all-lang-from-XLMR,SapBERT,MX-2025006818-A_es_q_es,MX-2025006818-A,original,es,es,1,1.0
cambridgeltl/SapBERT-UMLS-2020AB-all-lang-from-XLMR,SapBERT,MX-2025007695-A_es_q_es,MX-2025007695-A,original,es,es,1,1.0
cambridgeltl/SapBERT-UMLS-2020AB-all-lang-from-XLMR,SapBERT,WO-2025187736-A8_en_q_zh,WO-2025187736-A8,synthetic,zh,en,1,0.0
cambridgeltl/SapBERT-UMLS-2020AB-all-lang-from-XLMR,SapBERT,WO-2025203012-A1_en_q_es,WO-2025203012-A1,synthetic,es,en,1,0.0
cambridgeltl/SapBERT-UMLS-2020AB-all-lang-from-XLMR,SapBERT,EP-4626837-A1_en_q_zh,EP-4626837-A1,synthetic,zh,en,1,1.0
cambridgeltl/SapBERT-UMLS-2020AB-all-lang-from-XLMR,SapBERT,WO-2025202104-A1_zh_q_zh,WO-2025202104-A1,original,zh,zh,2,1.0
cambridgeltl/SapBERT-UMLS-2020AB-all-lang-from-XLMR,SapBERT,EP-4626928-A2_fr_q_fr,EP-4626928-A2,original,fr,fr,2,0.0
cambridgeltl/SapBERT-UMLS-2020AB-all-lang-from-XLMR,SapBERT,MX-2025008327-A_en_q_en,MX-2025008327-A,original,en,en,1,0.0
cambridgeltl/SapBERT-UMLS-2020AB-all-lang-from-XLMR,SapBERT,EP-4634127-A1_en_q_en,EP-4634127-A1,original,en,en,1,0.0
cambridgeltl/SapBERT-UMLS-2020AB-all-lang-from-XLMR,SapBERT,WO-2024058685-A1_en_q_zh,WO-2024058685-A1,synthetic,zh,en,1,1.0
cambridgeltl/SapBERT-UMLS-2020AB-all-lang-from-XLMR,SapBERT,WO-2024089298-A9_fr_q_fr,WO-2024089298-A9,original,fr,fr,1,0.0
cambridgeltl/SapBERT-UMLS-2020AB-all-lang-from-XLMR,SapBERT,MX-2025010028-A_en_q_en,MX-2025010028-A,original,en,en,1,0.0
cambridgeltl/SapBERT-UMLS-2020AB-all-lang-from-XLMR,SapBERT,WO-2025202253-A1_en_q_es,WO-2025202253-A1,synthetic,es,en,1,1.0
cambridgeltl/SapBERT-UMLS-2020AB-all-lang-from-XLMR,SapBERT,MX-2025009821-A_es_q_es,MX-2025009821-A,original,es,es,2,0.0
cambridgeltl/SapBERT-UMLS-2020AB-all-lang-from-XLMR,SapBERT,MX-2025006624-A_en_q_fr,MX-2025006624-A,synthetic,fr,en,1,0.0
cambridgeltl/SapBERT-UMLS-2020AB-all-lang-from-XLMR,SapBERT,MX-2025003345-A_en_q_de,MX-2025003345-A,synthetic,de,en,1,0.0
cambridgeltl/SapBERT-UMLS-2020AB-all-lang-from-XLMR,SapBERT,WO-2024259508-A1_en_q_en,WO-2024259508-A1,original,en,en,2,1.0
cambridgeltl/SapBERT-UMLS-2020AB-all-lang-from-XLMR,SapBERT,EP-4630051-A1_fr_q_fr,EP-4630051-A1,original,fr,fr,1,1.0
cambridgeltl/SapBERT-UMLS-2020AB-all-lang-from-XLMR,SapBERT,MX-2025010268-A_en_q_zh,MX-2025010268-A,synthetic,zh,en,1,1.0
cambridgeltl/SapBERT-UMLS-2020AB-all-lang-from-XLMR,SapBERT,WO-2025212655-A1_en_q_de,WO-2025212655-A1,synthetic,de,en,2,0.0
cambridgeltl/SapBERT-UMLS-2020AB-all-lang-from-XLMR,SapBERT,WO-2025205978-A1_en_q_en,WO-2025205978-A1,original,en,en,2,0.0
cambridgeltl/SapBERT-UMLS-2020AB-all-lang-from-XLMR,SapBERT,WO-2025206105-A1_zh_q_zh,WO-2025206105-A1,original,zh,zh,2,0.0
cambridgeltl/SapBERT-UMLS-2020AB-all-lang-from-XLMR,SapBERT,EP-4633669-A2_fr_q_fr,EP-4633669-A2,original,fr,fr,2,1.0
cambridgeltl/SapBERT-UMLS-2020AB-all-lang-from-XLMR,SapBERT,WO-2025021351-A1_en_q_zh,WO-2025021351-A1,synthetic,zh,en,2,0.5
cambridgeltl/SapBERT-UMLS-2020AB-all-lang-from-XLMR,SapBERT,WO-2025187706-A8_fr_q_fr,WO-2025187706-A8,original,fr,fr,1,0.0
cambridgeltl/SapBERT-UMLS-2020AB-all-lang-from-XLMR,SapBERT,EP-4623104-A1_zh_q_zh,EP-4623104-A1,original,zh,zh,2,0.5
cambridgeltl/SapBERT-UMLS-2020AB-all-lang-from-XLMR,SapBERT,WO-2025164232-A1_en_q_de,WO-2025164232-A1,synthetic,de,en,1,0.0
cambridgeltl/SapBERT-UMLS-2020AB-all-lang-from-XLMR,SapBERT,WO-2025206823-A1_en_q_de,WO-2025206823-A1,synthetic,de,en,2,0.0
cambridgeltl/SapBERT-UMLS-2020AB-all-lang-from-XLMR,SapBERT,EP-4626944-A1_en_q_de,EP-4626944-A1,synthetic,de,en,1,0.0
cambridgeltl/SapBERT-UMLS-2020AB-all-lang-from-XLMR,SapBERT,EP-4626879-A1_en_q_en,EP-4626879-A1,original,en,en,2,0.5
cambridgeltl/SapBERT-UMLS-2020AB-all-lang-from-XLMR,SapBERT,EP-4626874-A1_en_q_zh,EP-4626874-A1,synthetic,zh,en,1,0.0
cambridgeltl/SapBERT-UMLS-2020AB-all-lang-from-XLMR,SapBERT,MX-2025008798-A_en_q_fr,MX-2025008798-A,synthetic,fr,en,1,0.0
cambridgeltl/SapBERT-UMLS-2020AB-all-lang-from-XLMR,SapBERT,MX-2025005939-A_es_q_es,MX-2025005939-A,original,es,es,2,0.0
cambridgeltl/SapBERT-UMLS-2020AB-all-lang-from-XLMR,SapBERT,WO-2025204745-A1_en_q_zh,WO-2025204745-A1,synthetic,zh,en,1,0.0
cambridgeltl/SapBERT-UMLS-2020AB-all-lang-from-XLMR,SapBERT,WO-2025217208-A1_en_q_en,WO-2025217208-A1,original,en,en,2,0.0
cambridgeltl/SapBERT-UMLS-2020AB-all-lang-from-XLMR,SapBERT,WO-2025205163-A1_en_q_en,WO-2025205163-A1,original,en,en,1,0.0
cambridgeltl/SapBERT-UMLS-2020AB-all-lang-from-XLMR,SapBERT,WO-2025186172-A8_fr_q_fr,WO-2025186172-A8,original,fr,fr,3,0.0
cambridgeltl/SapBERT-UMLS-2020AB-all-lang-from-XLMR,SapBERT,WO-2025188156-A8_en_q_de,WO-2025188156-A8,synthetic,de,en,1,0.0
cambridgeltl/SapBERT-UMLS-2020AB-all-lang-from-XLMR,SapBERT,MX-2025009759-A_en_q_fr,MX-2025009759-A,synthetic,fr,en,2,0.0
cambridgeltl/SapBERT-UMLS-2020AB-all-lang-from-XLMR,SapBERT,WO-2025189017-A8_en_q_de,WO-2025189017-A8,synthetic,de,en,2,0.0
cambridgeltl/SapBERT-UMLS-2020AB-all-lang-from-XLMR,SapBERT,CR-20250096-A_en_q_zh,CR-20250096-A,synthetic,zh,en,1,1.0
cambridgeltl/SapBERT-UMLS-2020AB-all-lang-from-XLMR,SapBERT,WO-2025169953-A1_en_q_de,WO-2025169953-A1,synthetic,de,en,2,0.0
cambridgeltl/SapBERT-UMLS-2020AB-all-lang-from-XLMR,SapBERT,MX-2025006319-A_en_q_de,MX-2025006319-A,synthetic,de,en,1,0.0
cambridgeltl/SapBERT-UMLS-2020AB-all-lang-from-XLMR,SapBERT,MX-2025004974-A_en_q_fr,MX-2025004974-A,synthetic,fr,en,1,0.0
cambridgeltl/SapBERT-UMLS-2020AB-all-lang-from-XLMR,SapBERT,WO-2025170405-A1_en_q_de,WO-2025170405-A1,synthetic,de,en,2,1.0
cambridgeltl/SapBERT-UMLS-2020AB-all-lang-from-XLMR,SapBERT,WO-2025208198-A1_en_q_zh,WO-2025208198-A1,synthetic,zh,en,1,0.0
cambridgeltl/SapBERT-UMLS-2020AB-all-lang-from-XLMR,SapBERT,WO-2025054647-A1_en_q_es,WO-2025054647-A1,synthetic,es,en,2,0.0
cambridgeltl/SapBERT-UMLS-2020AB-all-lang-from-XLMR,SapBERT,WO-2025210166-A1_en_q_de,WO-2025210166-A1,synthetic,de,en,2,0.0
cambridgeltl/SapBERT-UMLS-2020AB-all-lang-from-XLMR,SapBERT,WO-2025211178-A1_en_q_es,WO-2025211178-A1,synthetic,es,en,2,0.0
cambridgeltl/SapBERT-UMLS-2020AB-all-lang-from-XLMR,SapBERT,MX-2025004012-A_en_q_zh,MX-2025004012-A,synthetic,zh,en,1,0.0
cambridgeltl/SapBERT-UMLS-2020AB-all-lang-from-XLMR,SapBERT,WO-2025206949-A1_en_q_es,WO-2025206949-A1,synthetic,es,en,1,0.0
cambridgeltl/SapBERT-UMLS-2020AB-all-lang-from-XLMR,SapBERT,MX-2025007614-A_en_q_zh,MX-2025007614-A,synthetic,zh,en,1,1.0
cambridgeltl/SapBERT-UMLS-2020AB-all-lang-from-XLMR,SapBERT,WO-2025146513-A1_en_q_de,WO-2025146513-A1,synthetic,de,en,2,1.0
cambridgeltl/SapBERT-UMLS-2020AB-all-lang-from-XLMR,SapBERT,WO-2025211949-A1_en_q_es,WO-2025211949-A1,synthetic,es,en,2,0.0
cambridgeltl/SapBERT-UMLS-2020AB-all-lang-from-XLMR,SapBERT,EP-4626831-A1_en_q_zh,EP-4626831-A1,synthetic,zh,en,1,1.0
cambridgeltl/SapBERT-UMLS-2020AB-all-lang-from-XLMR,SapBERT,WO-2025186644-A8_en_q_de,WO-2025186644-A8,synthetic,de,en,2,0.0
cambridgeltl/SapBERT-UMLS-2020AB-all-lang-from-XLMR,SapBERT,WO-2025192587-A1_en_q_de,WO-2025192587-A1,synthetic,de,en,1,0.0
cambridgeltl/SapBERT-UMLS-2020AB-all-lang-from-XLMR,SapBERT,EP-4633779-A1_en_q_es,EP-4633779-A1,synthetic,es,en,1,0.0
cambridgeltl/SapBERT-UMLS-2020AB-all-lang-from-XLMR,SapBERT,WO-2022098263-A1_en_q_es,WO-2022098263-A1,synthetic,es,en,2,1.0
cambridgeltl/SapBERT-UMLS-2020AB-all-lang-from-XLMR,SapBERT,WO-2025215251-A1_en_q_es,WO-2025215251-A1,synthetic,es,en,2,0.0
cambridgeltl/SapBERT-UMLS-2020AB-all-lang-from-XLMR,SapBERT,EP-4493405-A1_en_q_zh,EP-4493405-A1,synthetic,zh,en,2,0.0
cambridgeltl/SapBERT-UMLS-2020AB-all-lang-from-XLMR,SapBERT,WO-2025103555-A1_en_q_zh,WO-2025103555-A1,synthetic,zh,en,2,1.0
cambridgeltl/SapBERT-UMLS-2020AB-all-lang-from-XLMR,SapBERT,EP-4626386-A1_en_q_de,EP-4626386-A1,synthetic,de,en,1,0.0
cambridgeltl/SapBERT-UMLS-2020AB-all-lang-from-XLMR,SapBERT,MX-2025010613-A_en_q_de,MX-2025010613-A,synthetic,de,en,2,0.0
cambridgeltl/SapBERT-UMLS-2020AB-all-lang-from-XLMR,SapBERT,EP-4626547-A1_en_q_de,EP-4626547-A1,synthetic,de,en,1,1.0
cambridgeltl/SapBERT-UMLS-2020AB-all-lang-from-XLMR,SapBERT,EP-4626593-A1_en_q_de,EP-4626593-A1,synthetic,de,en,2,0.0
cambridgeltl/SapBERT-UMLS-2020AB-all-lang-from-XLMR,SapBERT,WO-2025207414-A1_en_q_es,WO-2025207414-A1,synthetic,es,en,2,0.0
cambridgeltl/SapBERT-UMLS-2020AB-all-lang-from-XLMR,SapBERT,MX-2025005049-A_en_q_zh,MX-2025005049-A,synthetic,zh,en,1,0.0
cambridgeltl/SapBERT-UMLS-2020AB-all-lang-from-XLMR,SapBERT,WO-2024246082-A3_en_q_es,WO-2024246082-A3,synthetic,es,en,2,0.0
cambridgeltl/SapBERT-UMLS-2020AB-all-lang-from-XLMR,SapBERT,WO-2025180718-A1_en_q_es,WO-2025180718-A1,synthetic,es,en,2,0.0
cambridgeltl/SapBERT-UMLS-2020AB-all-lang-from-XLMR,SapBERT,MX-2025006336-A_en_q_de,MX-2025006336-A,synthetic,de,en,2,0.0
cambridgeltl/SapBERT-UMLS-2020AB-all-lang-from-XLMR,SapBERT,WO-2025202347-A1_en_q_de,WO-2025202347-A1,synthetic,de,en,2,1.0
cambridgeltl/SapBERT-UMLS-2020AB-all-lang-from-XLMR,SapBERT,MX-2025010373-A_en_q_zh,MX-2025010373-A,synthetic,zh,en,1,0.0
cambridgeltl/SapBERT-UMLS-2020AB-all-lang-from-XLMR,SapBERT,WO-2025200075-A1_en_q_zh,WO-2025200075-A1,synthetic,zh,en,1,0.0
cambridgeltl/SapBERT-UMLS-2020AB-all-lang-from-XLMR,SapBERT,WO-2025189151-A8_en_q_de,WO-2025189151-A8,synthetic,de,en,2,1.0
cambridgeltl/SapBERT-UMLS-2020AB-all-lang-from-XLMR,SapBERT,MX-2025007174-A_en_q_de,MX-2025007174-A,synthetic,de,en,1,0.0
cambridgeltl/SapBERT-UMLS-2020AB-all-lang-from-XLMR,SapBERT,MX-2025010619-A_en_q_de,MX-2025010619-A,synthetic,de,en,2,0.0
cambridgeltl/SapBERT-UMLS-2020AB-all-lang-from-XLMR,SapBERT,EP-4532651-A1_en_q_es,EP-4532651-A1,synthetic,es,en,2,0.0
cambridgeltl/SapBERT-UMLS-2020AB-all-lang-from-XLMR,SapBERT,WO-2025173342-A1_en_q_es,WO-2025173342-A1,synthetic,es,en,2,0.0
cambridgeltl/SapBERT-UMLS-2020AB-all-lang-from-XLMR,SapBERT,WO-2024019637-A1_en_q_de,WO-2024019637-A1,synthetic,de,en,2,0.0
cambridgeltl/SapBERT-UMLS-2020AB-all-lang-from-XLMR,SapBERT,MX-2025008968-A_en_q_zh,MX-2025008968-A,synthetic,zh,en,1,0.0
cambridgeltl/SapBERT-UMLS-2020AB-all-lang-from-XLMR,SapBERT,WO-2025202625-A1_en_q_de,WO-2025202625-A1,synthetic,de,en,1,0.0
cambridgeltl/SapBERT-UMLS-2020AB-all-lang-from-XLMR,SapBERT,WO-2025187661-A8_en_q_es,WO-2025187661-A8,synthetic,es,en,1,1.0
cambridgeltl/SapBERT-UMLS-2020AB-all-lang-from-XLMR,SapBERT,WO-2025101062-A1_en_q_zh,WO-2025101062-A1,synthetic,zh,en,2,1.0
cambridgeltl/SapBERT-UMLS-2020AB-all-lang-from-XLMR,SapBERT,WO-2025150711-A1_en_q_de,WO-2025150711-A1,synthetic,de,en,1,0.0
cambridgeltl/SapBERT-UMLS-2020AB-all-lang-from-XLMR,SapBERT,WO-2025207828-A1_en_q_zh,WO-2025207828-A1,synthetic,zh,en,1,0.0
cambridgeltl/SapBERT-UMLS-2020AB-all-lang-from-XLMR,SapBERT,WO-2025203197-A1_en_q_zh,WO-2025203197-A1,synthetic,zh,en,1,0.0
cambridgeltl/SapBERT-UMLS-2020AB-all-lang-from-XLMR,SapBERT,EP-4634141-A2_en_q_en,EP-4634141-A2,original,en,en,1,0.0
cambridgeltl/SapBERT-UMLS-2020AB-all-lang-from-XLMR,SapBERT,EP-4633971-A1_fr_q_fr,EP-4633971-A1,original,fr,fr,1,0.0
cambridgeltl/SapBERT-UMLS-2020AB-all-lang-from-XLMR,SapBERT,WO-2025197272-A1_en_q_en,WO-2025197272-A1,original,en,en,1,0.0
cambridgeltl/SapBERT-UMLS-2020AB-all-lang-from-XLMR,SapBERT,WO-2025189168-A8_fr_q_fr,WO-2025189168-A8,original,fr,fr,2,0.0
cambridgeltl/SapBERT-UMLS-2020AB-all-lang-from-XLMR,SapBERT,MX-2025008124-A_es_q_es,MX-2025008124-A,original,es,es,1,0.0
cambridgeltl/SapBERT-UMLS-2020AB-all-lang-from-XLMR,SapBERT,MX-2025007669-A_en_q_en,MX-2025007669-A,original,en,en,2,0.0
cambridgeltl/SapBERT-UMLS-2020AB-all-lang-from-XLMR,SapBERT,WO-2025195675-A1_en_q_en,WO-2025195675-A1,original,en,en,3,0.3333333333333333
cambridgeltl/SapBERT-UMLS-2020AB-all-lang-from-XLMR,SapBERT,WO-2022005333-A1_en_q_en,WO-2022005333-A1,original,en,en,1,0.0
cambridgeltl/SapBERT-UMLS-2020AB-all-lang-from-XLMR,SapBERT,MX-2025005748-A_es_q_es,MX-2025005748-A,original,es,es,1,1.0
cambridgeltl/SapBERT-UMLS-2020AB-all-lang-from-XLMR,SapBERT,MX-2025002923-A_es_q_es,MX-2025002923-A,original,es,es,2,1.0
cambridgeltl/SapBERT-UMLS-2020AB-all-lang-from-XLMR,SapBERT,MX-2025010611-A_es_q_es,MX-2025010611-A,original,es,es,2,0.0
cambridgeltl/SapBERT-UMLS-2020AB-all-lang-from-XLMR,SapBERT,WO-2025217553-A1_fr_q_fr,WO-2025217553-A1,original,fr,fr,2,0.0
cambridgeltl/SapBERT-UMLS-2020AB-all-lang-from-XLMR,SapBERT,WO-2025186530-A8_en_q_en,WO-2025186530-A8,original,en,en,1,0.0
cambridgeltl/SapBERT-UMLS-2020AB-all-lang-from-XLMR,SapBERT,EP-4627050-A1_fr_q_fr,EP-4627050-A1,original,fr,fr,2,1.0
cambridgeltl/SapBERT-UMLS-2020AB-all-lang-from-XLMR,SapBERT,MX-2025008249-A_en_q_en,MX-2025008249-A,original,en,en,1,0.0
cambridgeltl/SapBERT-UMLS-2020AB-all-lang-from-XLMR,SapBERT,WO-2025184858-A8_fr_q_fr,WO-2025184858-A8,original,fr,fr,1,0.0
cambridgeltl/SapBERT-UMLS-2020AB-all-lang-from-XLMR,SapBERT,MX-2025004649-A_es_q_es,MX-2025004649-A,original,es,es,1,1.0
cambridgeltl/SapBERT-UMLS-2020AB-all-lang-from-XLMR,SapBERT,ES-1320636-U_en_q_en,ES-1320636-U,original,en,en,1,0.0
cambridgeltl/SapBERT-UMLS-2020AB-all-lang-from-XLMR,SapBERT,MX-2025006800-A_en_q_en,MX-2025006800-A,original,en,en,1,1.0
cambridgeltl/SapBERT-UMLS-2020AB-all-lang-from-XLMR,SapBERT,EP-4626866-A1_en_q_en,EP-4626866-A1,original,en,en,2,0.0
cambridgeltl/SapBERT-UMLS-2020AB-all-lang-from-XLMR,SapBERT,MX-2025006721-A_en_q_en,MX-2025006721-A,original,en,en,1,0.0
cambridgeltl/SapBERT-UMLS-2020AB-all-lang-from-XLMR,SapBERT,WO-2024073831-A1_en_q_en,WO-2024073831-A1,original,en,en,2,0.0
cambridgeltl/SapBERT-UMLS-2020AB-all-lang-from-XLMR,SapBERT,WO-2025200966-A1_fr_q_fr,WO-2025200966-A1,original,fr,fr,1,1.0
cambridgeltl/SapBERT-UMLS-2020AB-all-lang-from-XLMR,SapBERT,MX-2025005215-A_es_q_es,MX-2025005215-A,original,es,es,1,1.0
cambridgeltl/SapBERT-UMLS-2020AB-all-lang-from-XLMR,SapBERT,WO-2025080163-A1_fr_q_fr,WO-2025080163-A1,original,fr,fr,2,0.0
cambridgeltl/SapBERT-UMLS-2020AB-all-lang-from-XLMR,SapBERT,WO-2025200089-A1_en_q_en,WO-2025200089-A1,original,en,en,2,0.0
cambridgeltl/SapBERT-UMLS-2020AB-all-lang-from-XLMR,SapBERT,WO-2025073021-A1_en_q_en,WO-2025073021-A1,original,en,en,2,0.0
cambridgeltl/SapBERT-UMLS-2020AB-all-lang-from-XLMR,SapBERT,WO-2025186263-A8_fr_q_fr,WO-2025186263-A8,original,fr,fr,1,0.0
cambridgeltl/SapBERT-UMLS-2020AB-all-lang-from-XLMR,SapBERT,WO-2025211336-A1_en_q_en,WO-2025211336-A1,original,en,en,1,0.0
cambridgeltl/SapBERT-UMLS-2020AB-all-lang-from-XLMR,SapBERT,WO-2025078189-A1_en_q_en,WO-2025078189-A1,original,en,en,3,0.0
cambridgeltl/SapBERT-UMLS-2020AB-all-lang-from-XLMR,SapBERT,ES-3033921-A1_en_q_en,ES-3033921-A1,original,en,en,1,0.0
cambridgeltl/SapBERT-UMLS-2020AB-all-lang-from-XLMR,SapBERT,WO-2025154762-A1_fr_q_fr,WO-2025154762-A1,original,fr,fr,2,0.0
cambridgeltl/SapBERT-UMLS-2020AB-all-lang-from-XLMR,SapBERT,EP-4634323-A1_en_q_en,EP-4634323-A1,original,en,en,2,0.0
cambridgeltl/SapBERT-UMLS-2020AB-all-lang-from-XLMR,SapBERT,WO-2025189143-A8_en_q_en,WO-2025189143-A8,original,en,en,1,0.0
cambridgeltl/SapBERT-UMLS-2020AB-all-lang-from-XLMR,SapBERT,MX-2025009632-A_en_q_en,MX-2025009632-A,original,en,en,2,0.5
cambridgeltl/SapBERT-UMLS-2020AB-all-lang-from-XLMR,SapBERT,EP-4626395-A1_fr_q_fr,EP-4626395-A1,original,fr,fr,1,0.0
cambridgeltl/SapBERT-UMLS-2020AB-all-lang-from-XLMR,SapBERT,WO-2025203678-A1_fr_q_fr,WO-2025203678-A1,original,fr,fr,2,0.0
cambridgeltl/SapBERT-UMLS-2020AB-all-lang-from-XLMR,SapBERT,WO-2025187095-A8_fr_q_fr,WO-2025187095-A8,original,fr,fr,1,0.0
cambridgeltl/SapBERT-UMLS-2020AB-all-lang-from-XLMR,SapBERT,EP-4626938-A1_en_q_en,EP-4626938-A1,original,en,en,2,0.0
cambridgeltl/SapBERT-UMLS-2020AB-all-lang-from-XLMR,SapBERT,MX-2025006010-A_en_q_en,MX-2025006010-A,original,en,en,1,0.0
cambridgeltl/SapBERT-UMLS-2020AB-all-lang-from-XLMR,SapBERT,WO-2025215647-A1_fr_q_fr,WO-2025215647-A1,original,fr,fr,2,0.0
cambridgeltl/SapBERT-UMLS-2020AB-all-lang-from-XLMR,SapBERT,WO-2025207093-A1_fr_q_fr,WO-2025207093-A1,original,fr,fr,1,0.0
cambridgeltl/SapBERT-UMLS-2020AB-all-lang-from-XLMR,SapBERT,MX-2025004470-A_en_q_en,MX-2025004470-A,original,en,en,1,1.0
cambridgeltl/SapBERT-UMLS-2020AB-all-lang-from-XLMR,SapBERT,EP-4626949-A1_fr_q_fr,EP-4626949-A1,original,fr,fr,1,0.0
cambridgeltl/SapBERT-UMLS-2020AB-all-lang-from-XLMR,SapBERT,WO-2025206197-A1_fr_q_fr,WO-2025206197-A1,original,fr,fr,2,0.0
cambridgeltl/SapBERT-UMLS-2020AB-all-lang-from-XLMR,SapBERT,WO-2022246526-A8_fr_q_fr,WO-2022246526-A8,original,fr,fr,1,0.0
cambridgeltl/SapBERT-UMLS-2020AB-all-lang-from-XLMR,SapBERT,MX-2025006489-A_es_q_es,MX-2025006489-A,original,es,es,2,0.0
cambridgeltl/SapBERT-UMLS-2020AB-all-lang-from-XLMR,SapBERT,WO-2021255541-A1_en_q_en,WO-2021255541-A1,original,en,en,2,0.0
cambridgeltl/SapBERT-UMLS-2020AB-all-lang-from-XLMR,SapBERT,WO-2021255541-A1_en_q_de,WO-2021255541-A1,synthetic,de,en,2,0.0
cambridgeltl/SapBERT-UMLS-2020AB-all-lang-from-XLMR,SapBERT,WO-2021255541-A1_fr_q_fr,WO-2021255541-A1,original,fr,fr,2,0.0
cambridgeltl/SapBERT-UMLS-2020AB-all-lang-from-XLMR,SapBERT,WO-2021255541-A1_en_q_es,WO-2021255541-A1,synthetic,es,en,2,0.0
cambridgeltl/SapBERT-UMLS-2020AB-all-lang-from-XLMR,SapBERT,WO-2021255541-A1_zh_q_zh,WO-2021255541-A1,original,zh,zh,2,0.0
cambridgeltl/SapBERT-UMLS-2020AB-all-lang-from-XLMR,SapBERT,EP-4634663-A1_en_q_en,EP-4634663-A1,original,en,en,1,0.0
cambridgeltl/SapBERT-UMLS-2020AB-all-lang-from-XLMR,SapBERT,EP-4634663-A1_en_q_de,EP-4634663-A1,synthetic,de,en,1,1.0
cambridgeltl/SapBERT-UMLS-2020AB-all-lang-from-XLMR,SapBERT,EP-4634663-A1_fr_q_fr,EP-4634663-A1,original,fr,fr,1,1.0
cambridgeltl/SapBERT-UMLS-2020AB-all-lang-from-XLMR,SapBERT,EP-4634663-A1_en_q_es,EP-4634663-A1,synthetic,es,en,1,0.0
cambridgeltl/SapBERT-UMLS-2020AB-all-lang-from-XLMR,SapBERT,EP-4634663-A1_en_q_zh,EP-4634663-A1,synthetic,zh,en,1,1.0
cambridgeltl/SapBERT-UMLS-2020AB-all-lang-from-XLMR,SapBERT,MX-2025005046-A_en_q_en,MX-2025005046-A,original,en,en,1,0.0
cambridgeltl/SapBERT-UMLS-2020AB-all-lang-from-XLMR,SapBERT,MX-2025005046-A_en_q_de,MX-2025005046-A,synthetic,de,en,1,0.0
cambridgeltl/SapBERT-UMLS-2020AB-all-lang-from-XLMR,SapBERT,MX-2025005046-A_en_q_fr,MX-2025005046-A,synthetic,fr,en,1,0.0
cambridgeltl/SapBERT-UMLS-2020AB-all-lang-from-XLMR,SapBERT,MX-2025005046-A_es_q_es,MX-2025005046-A,original,es,es,1,0.0
cambridgeltl/SapBERT-UMLS-2020AB-all-lang-from-XLMR,SapBERT,MX-2025005046-A_en_q_zh,MX-2025005046-A,synthetic,zh,en,1,0.0
cambridgeltl/SapBERT-UMLS-2020AB-all-lang-from-XLMR,SapBERT,MX-2025007733-A_en_q_en,MX-2025007733-A,original,en,en,2,0.0
cambridgeltl/SapBERT-UMLS-2020AB-all-lang-from-XLMR,SapBERT,MX-2025007733-A_en_q_de,MX-2025007733-A,synthetic,de,en,2,0.0
cambridgeltl/SapBERT-UMLS-2020AB-all-lang-from-XLMR,SapBERT,MX-2025007733-A_en_q_fr,MX-2025007733-A,synthetic,fr,en,2,0.0
cambridgeltl/SapBERT-UMLS-2020AB-all-lang-from-XLMR,SapBERT,MX-2025007733-A_es_q_es,MX-2025007733-A,original,es,es,2,0.0
cambridgeltl/SapBERT-UMLS-2020AB-all-lang-from-XLMR,SapBERT,MX-2025007733-A_zh_q_zh,MX-2025007733-A,original,zh,zh,2,0.0
cambridgeltl/SapBERT-UMLS-2020AB-all-lang-from-XLMR,SapBERT,MX-2025008227-A_en_q_en,MX-2025008227-A,original,en,en,1,1.0
cambridgeltl/SapBERT-UMLS-2020AB-all-lang-from-XLMR,SapBERT,MX-2025008227-A_en_q_de,MX-2025008227-A,synthetic,de,en,1,1.0
cambridgeltl/SapBERT-UMLS-2020AB-all-lang-from-XLMR,SapBERT,MX-2025008227-A_en_q_fr,MX-2025008227-A,synthetic,fr,en,1,1.0
cambridgeltl/SapBERT-UMLS-2020AB-all-lang-from-XLMR,SapBERT,MX-2025008227-A_es_q_es,MX-2025008227-A,original,es,es,1,0.0
cambridgeltl/SapBERT-UMLS-2020AB-all-lang-from-XLMR,SapBERT,MX-2025008227-A_en_q_zh,MX-2025008227-A,synthetic,zh,en,1,0.0
cambridgeltl/SapBERT-UMLS-2020AB-all-lang-from-XLMR,SapBERT,WO-2025186592-A8_en_q_en,WO-2025186592-A8,original,en,en,1,0.0
cambridgeltl/SapBERT-UMLS-2020AB-all-lang-from-XLMR,SapBERT,WO-2025186592-A8_en_q_de,WO-2025186592-A8,synthetic,de,en,1,1.0
cambridgeltl/SapBERT-UMLS-2020AB-all-lang-from-XLMR,SapBERT,WO-2025186592-A8_fr_q_fr,WO-2025186592-A8,original,fr,fr,1,0.0
cambridgeltl/SapBERT-UMLS-2020AB-all-lang-from-XLMR,SapBERT,WO-2025186592-A8_en_q_es,WO-2025186592-A8,synthetic,es,en,1,1.0
cambridgeltl/SapBERT-UMLS-2020AB-all-lang-from-XLMR,SapBERT,WO-2025186592-A8_en_q_zh,WO-2025186592-A8,synthetic,zh,en,1,0.0
cambridgeltl/SapBERT-UMLS-2020AB-all-lang-from-XLMR,SapBERT,MX-2025005709-A_en_q_en,MX-2025005709-A,original,en,en,1,0.0
cambridgeltl/SapBERT-UMLS-2020AB-all-lang-from-XLMR,SapBERT,MX-2025005709-A_en_q_de,MX-2025005709-A,synthetic,de,en,1,0.0
cambridgeltl/SapBERT-UMLS-2020AB-all-lang-from-XLMR,SapBERT,MX-2025005709-A_en_q_fr,MX-2025005709-A,synthetic,fr,en,1,0.0
cambridgeltl/SapBERT-UMLS-2020AB-all-lang-from-XLMR,SapBERT,MX-2025005709-A_es_q_es,MX-2025005709-A,original,es,es,1,0.0
cambridgeltl/SapBERT-UMLS-2020AB-all-lang-from-XLMR,SapBERT,MX-2025005709-A_en_q_zh,MX-2025005709-A,synthetic,zh,en,1,0.0
cambridgeltl/SapBERT-UMLS-2020AB-all-lang-from-XLMR,SapBERT,MX-2025009739-A_en_q_en,MX-2025009739-A,original,en,en,2,0.0
cambridgeltl/SapBERT-UMLS-2020AB-all-lang-from-XLMR,SapBERT,MX-2025009739-A_en_q_de,MX-2025009739-A,synthetic,de,en,2,0.0
cambridgeltl/SapBERT-UMLS-2020AB-all-lang-from-XLMR,SapBERT,MX-2025009739-A_en_q_fr,MX-2025009739-A,synthetic,fr,en,2,0.0
cambridgeltl/SapBERT-UMLS-2020AB-all-lang-from-XLMR,SapBERT,MX-2025009739-A_es_q_es,MX-2025009739-A,original,es,es,2,0.0
cambridgeltl/SapBERT-UMLS-2020AB-all-lang-from-XLMR,SapBERT,MX-2025009739-A_zh_q_zh,MX-2025009739-A,original,zh,zh,2,0.0
cambridgeltl/SapBERT-UMLS-2020AB-all-lang-from-XLMR,SapBERT,MX-2025008260-A_en_q_en,MX-2025008260-A,original,en,en,2,0.0
cambridgeltl/SapBERT-UMLS-2020AB-all-lang-from-XLMR,SapBERT,MX-2025008260-A_en_q_de,MX-2025008260-A,synthetic,de,en,2,0.0
cambridgeltl/SapBERT-UMLS-2020AB-all-lang-from-XLMR,SapBERT,MX-2025008260-A_en_q_fr,MX-2025008260-A,synthetic,fr,en,2,0.0
cambridgeltl/SapBERT-UMLS-2020AB-all-lang-from-XLMR,SapBERT,MX-2025008260-A_es_q_es,MX-2025008260-A,original,es,es,2,0.0
cambridgeltl/SapBERT-UMLS-2020AB-all-lang-from-XLMR,SapBERT,MX-2025008260-A_zh_q_zh,MX-2025008260-A,original,zh,zh,2,0.0
cambridgeltl/SapBERT-UMLS-2020AB-all-lang-from-XLMR,SapBERT,WO-2025216711-A1_en_q_en,WO-2025216711-A1,original,en,en,2,0.0
cambridgeltl/SapBERT-UMLS-2020AB-all-lang-from-XLMR,SapBERT,WO-2025216711-A1_en_q_de,WO-2025216711-A1,synthetic,de,en,2,0.5
cambridgeltl/SapBERT-UMLS-2020AB-all-lang-from-XLMR,SapBERT,WO-2025216711-A1_fr_q_fr,WO-2025216711-A1,original,fr,fr,2,1.0
cambridgeltl/SapBERT-UMLS-2020AB-all-lang-from-XLMR,SapBERT,WO-2025216711-A1_en_q_es,WO-2025216711-A1,synthetic,es,en,2,0.5
cambridgeltl/SapBERT-UMLS-2020AB-all-lang-from-XLMR,SapBERT,WO-2025216711-A1_zh_q_zh,WO-2025216711-A1,original,zh,zh,2,1.0
intfloat/multilingual-e5-large-instruct,e5-large-instruct,EP-4633662-A1_en_q_en,EP-4633662-A1,original,en,en,1,0.0
intfloat/multilingual-e5-large-instruct,e5-large-instruct,EP-4630509-A1_fr_q_fr,EP-4630509-A1,original,fr,fr,2,0.0
intfloat/multilingual-e5-large-instruct,e5-large-instruct,EP-4634248-A1_en_q_es,EP-4634248-A1,synthetic,es,en,1,0.0
intfloat/multilingual-e5-large-instruct,e5-large-instruct,EP-4634187-A1_en_q_es,EP-4634187-A1,synthetic,es,en,1,0.0
intfloat/multilingual-e5-large-instruct,e5-large-instruct,EP-4634142-A1_fr_q_fr,EP-4634142-A1,original,fr,fr,2,0.0
intfloat/multilingual-e5-large-instruct,e5-large-instruct,EP-4633768-A2_en_q_es,EP-4633768-A2,synthetic,es,en,1,0.0
intfloat/multilingual-e5-large-instruct,e5-large-instruct,EP-4633645-A1_fr_q_fr,EP-4633645-A1,original,fr,fr,1,0.0
intfloat/multilingual-e5-large-instruct,e5-large-instruct,EP-4633622-A2_en_q_de,EP-4633622-A2,synthetic,de,en,1,0.0
intfloat/multilingual-e5-large-instruct,e5-large-instruct,EP-4634601-A1_en_q_en,EP-4634601-A1,original,en,en,1,0.0
intfloat/multilingual-e5-large-instruct,e5-large-instruct,EP-4630626-A1_de_q_de,EP-4630626-A1,original,de,de,2,0.0
intfloat/multilingual-e5-large-instruct,e5-large-instruct,EP-4630600-A1_de_q_en,EP-4630600-A1,synthetic,en,de,2,0.0
intfloat/multilingual-e5-large-instruct,e5-large-instruct,EP-4633632-A1_en_q_es,EP-4633632-A1,synthetic,es,en,2,0.0
intfloat/multilingual-e5-large-instruct,e5-large-instruct,EP-4634136-A1_en_q_es,EP-4634136-A1,synthetic,es,en,1,0.0
intfloat/multilingual-e5-large-instruct,e5-large-instruct,EP-4634157-A1_en_q_de,EP-4634157-A1,synthetic,de,en,1,0.0
intfloat/multilingual-e5-large-instruct,e5-large-instruct,EP-4630574-A1_de_q_en,EP-4630574-A1,synthetic,en,de,2,0.0
intfloat/multilingual-e5-large-instruct,e5-large-instruct,EP-4634111-A1_en_q_de,EP-4634111-A1,synthetic,de,en,1,0.0
intfloat/multilingual-e5-large-instruct,e5-large-instruct,EP-4634596-A1_en_q_es,EP-4634596-A1,synthetic,es,en,1,0.0
intfloat/multilingual-e5-large-instruct,e5-large-instruct,EP-4634139-A1_en_q_es,EP-4634139-A1,synthetic,es,en,1,0.0
intfloat/multilingual-e5-large-instruct,e5-large-instruct,WO-2025153617-A3_de_q_en,WO-2025153617-A3,synthetic,en,de,2,0.0
intfloat/multilingual-e5-large-instruct,e5-large-instruct,EP-4634251-A1_en_q_es,EP-4634251-A1,synthetic,es,en,2,0.0
intfloat/multilingual-e5-large-instruct,e5-large-instruct,EP-4634426-A1_en_q_es,EP-4634426-A1,synthetic,es,en,2,0.0
intfloat/multilingual-e5-large-instruct,e5-large-instruct,EP-4634729-A1_en_q_de,EP-4634729-A1,synthetic,de,en,1,0.0
intfloat/multilingual-e5-large-instruct,e5-large-instruct,EP-4626569-A1_de_q_en,EP-4626569-A1,synthetic,en,de,2,0.0
intfloat/multilingual-e5-large-instruct,e5-large-instruct,EP-4634394-A2_en_q_es,EP-4634394-A2,synthetic,es,en,1,0.0
intfloat/multilingual-e5-large-instruct,e5-large-instruct,EP-4634424-A1_en_q_es,EP-4634424-A1,synthetic,es,en,1,0.0
intfloat/multilingual-e5-large-instruct,e5-large-instruct,EP-4633602-A1_en_q_de,EP-4633602-A1,synthetic,de,en,1,0.0
intfloat/multilingual-e5-large-instruct,e5-large-instruct,EP-4634337-A1_en_q_en,EP-4634337-A1,original,en,en,2,0.0
intfloat/multilingual-e5-large-instruct,e5-large-instruct,EP-4634128-A1_en_q_en,EP-4634128-A1,original,en,en,1,0.0
intfloat/multilingual-e5-large-instruct,e5-large-instruct,EP-4633896-A1_en_q_en,EP-4633896-A1,original,en,en,1,0.0
intfloat/multilingual-e5-large-instruct,e5-large-instruct,WO-2025215091-A1_fr_q_fr,WO-2025215091-A1,original,fr,fr,2,0.0
intfloat/multilingual-e5-large-instruct,e5-large-instruct,EP-4633599-A1_fr_q_fr,EP-4633599-A1,original,fr,fr,1,0.0
intfloat/multilingual-e5-large-instruct,e5-large-instruct,EP-4633656-A1_fr_q_fr,EP-4633656-A1,original,fr,fr,1,0.0
intfloat/multilingual-e5-large-instruct,e5-large-instruct,WO-2025208167-A1_de_q_de,WO-2025208167-A1,original,de,de,2,0.0
intfloat/multilingual-e5-large-instruct,e5-large-instruct,EP-4634396-A1_fr_q_fr,EP-4634396-A1,original,fr,fr,1,0.0
intfloat/multilingual-e5-large-instruct,e5-large-instruct,EP-4633893-A1_fr_q_fr,EP-4633893-A1,original,fr,fr,1,0.0
intfloat/multilingual-e5-large-instruct,e5-large-instruct,EP-4633462-A1_en_q_en,EP-4633462-A1,original,en,en,2,0.5
intfloat/multilingual-e5-large-instruct,e5-large-instruct,EP-4633386-A1_en_q_en,EP-4633386-A1,original,en,en,1,0.0
intfloat/multilingual-e5-large-instruct,e5-large-instruct,EP-4633970-A1_fr_q_fr,EP-4633970-A1,original,fr,fr,1,0.0
intfloat/multilingual-e5-large-instruct,e5-large-instruct,EP-4633415-A1_en_q_en,EP-4633415-A1,original,en,en,1,0.0
intfloat/multilingual-e5-large-instruct,e5-large-instruct,EP-4633415-A1_en_q_de,EP-4633415-A1,synthetic,de,en,1,0.0
intfloat/multilingual-e5-large-instruct,e5-large-instruct,EP-4633415-A1_fr_q_fr,EP-4633415-A1,original,fr,fr,1,0.0
intfloat/multilingual-e5-large-instruct,e5-large-instruct,EP-4633415-A1_en_q_es,EP-4633415-A1,synthetic,es,en,1,0.0
intfloat/multilingual-e5-large-instruct,e5-large-instruct,EP-4633950-A1_en_q_en,EP-4633950-A1,original,en,en,1,0.0
intfloat/multilingual-e5-large-instruct,e5-large-instruct,EP-4633950-A1_en_q_de,EP-4633950-A1,synthetic,de,en,1,0.0
intfloat/multilingual-e5-large-instruct,e5-large-instruct,EP-4633950-A1_fr_q_fr,EP-4633950-A1,original,fr,fr,1,0.0
intfloat/multilingual-e5-large-instruct,e5-large-instruct,EP-4633950-A1_en_q_es,EP-4633950-A1,synthetic,es,en,1,0.0
intfloat/multilingual-e5-large-instruct,e5-large-instruct,EP-4634629-A1_en_q_en,EP-4634629-A1,original,en,en,2,0.0
intfloat/multilingual-e5-large-instruct,e5-large-instruct,EP-4634629-A1_de_q_de,EP-4634629-A1,original,de,de,2,0.0
intfloat/multilingual-e5-large-instruct,e5-large-instruct,EP-4634629-A1_fr_q_fr,EP-4634629-A1,original,fr,fr,2,0.0
intfloat/multilingual-e5-large-instruct,e5-large-instruct,EP-4634629-A1_en_q_es,EP-4634629-A1,synthetic,es,en,2,0.0
intfloat/multilingual-e5-large-instruct,e5-large-instruct,EP-4633582-A1_en_q_es,EP-4633582-A1,synthetic,es,en,1,0.0
intfloat/multilingual-e5-large-instruct,e5-large-instruct,EP-4634165-A1_en_q_es,EP-4634165-A1,synthetic,es,en,1,1.0
intfloat/multilingual-e5-large-instruct,e5-large-instruct,EP-4633677-A1_en_q_de,EP-4633677-A1,synthetic,de,en,1,0.0
intfloat/multilingual-e5-large-instruct,e5-large-instruct,EP-4634246-A1_en_q_en,EP-4634246-A1,original,en,en,1,0.0
intfloat/multilingual-e5-large-instruct,e5-large-instruct,EP-4634120-A1_en_q_de,EP-4634120-A1,synthetic,de,en,1,0.0
intfloat/multilingual-e5-large-instruct,e5-large-instruct,EP-4633638-A1_en_q_en,EP-4633638-A1,original,en,en,1,1.0
intfloat/multilingual-e5-large-instruct,e5-large-instruct,EP-4633389-A1_en_q_en,EP-4633389-A1,original,en,en,1,1.0
intfloat/multilingual-e5-large-instruct,e5-large-instruct,WO-2025209629-A1_de_q_es,WO-2025209629-A1,synthetic,es,de,2,0.5
intfloat/multilingual-e5-large-instruct,e5-large-instruct,EP-4634132-A2_en_q_en,EP-4634132-A2,original,en,en,1,0.0
intfloat/multilingual-e5-large-instruct,e5-large-instruct,EP-4634914-A1_en_q_es,EP-4634914-A1,synthetic,es,en,1,0.0
intfloat/multilingual-e5-large-instruct,e5-large-instruct,EP-4634285-A1_en_q_de,EP-4634285-A1,synthetic,de,en,1,0.0
intfloat/multilingual-e5-large-instruct,e5-large-instruct,EP-4634122-A1_fr_q_fr,EP-4634122-A1,original,fr,fr,1,0.0
intfloat/multilingual-e5-large-instruct,e5-large-instruct,EP-4634365-A1_fr_q_fr,EP-4634365-A1,original,fr,fr,1,1.0
intfloat/multilingual-e5-large-instruct,e5-large-instruct,WO-2025214709-A1_de_q_es,WO-2025214709-A1,synthetic,es,de,2,0.0
intfloat/multilingual-e5-large-instruct,e5-large-instruct,EP-4633426-A2_en_q_es,EP-4633426-A2,synthetic,es,en,2,0.0
intfloat/multilingual-e5-large-instruct,e5-large-instruct,EP-4630604-A1_de_q_es,EP-4630604-A1,synthetic,es,de,2,0.0
intfloat/multilingual-e5-large-instruct,e5-large-instruct,EP-4634118-A1_en_q_es,EP-4634118-A1,synthetic,es,en,2,0.0
intfloat/multilingual-e5-large-instruct,e5-large-instruct,EP-4634404-A1_en_q_de,EP-4634404-A1,synthetic,de,en,1,0.0
intfloat/multilingual-e5-large-instruct,e5-large-instruct,EP-4633465-A1_en_q_de,EP-4633465-A1,synthetic,de,en,1,1.0
intfloat/multilingual-e5-large-instruct,e5-large-instruct,EP-4633680-A1_en_q_es,EP-4633680-A1,synthetic,es,en,1,0.0
intfloat/multilingual-e5-large-instruct,e5-large-instruct,WO-2025201606-A1_de_q_es,WO-2025201606-A1,synthetic,es,de,2,0.0
intfloat/multilingual-e5-large-instruct,e5-large-instruct,EP-4634435-A1_en_q_de,EP-4634435-A1,synthetic,de,en,1,0.0
intfloat/multilingual-e5-large-instruct,e5-large-instruct,EP-4634143-A1_en_q_de,EP-4634143-A1,synthetic,de,en,1,0.0
intfloat/multilingual-e5-large-instruct,e5-large-instruct,EP-4634411-A1_en_q_de,EP-4634411-A1,synthetic,de,en,1,0.0
intfloat/multilingual-e5-large-instruct,e5-large-instruct,EP-4634287-A1_en_q_es,EP-4634287-A1,synthetic,es,en,2,0.0
intfloat/multilingual-e5-large-instruct,e5-large-instruct,EP-4633627-A1_en_q_de,EP-4633627-A1,synthetic,de,en,1,1.0
intfloat/multilingual-e5-large-instruct,e5-large-instruct,EP-4633670-A1_fr_q_fr,EP-4633670-A1,original,fr,fr,1,0.0
intfloat/multilingual-e5-large-instruct,e5-large-instruct,WO-2025202163-A1_fr_q_fr,WO-2025202163-A1,original,fr,fr,2,0.0
intfloat/multilingual-e5-large-instruct,e5-large-instruct,WO-2025214852-A1_fr_q_fr,WO-2025214852-A1,original,fr,fr,2,0.0
intfloat/multilingual-e5-large-instruct,e5-large-instruct,WO-2025214996-A1_fr_q_fr,WO-2025214996-A1,original,fr,fr,2,0.0
intfloat/multilingual-e5-large-instruct,e5-large-instruct,EP-4630123-A1_de_q_de,EP-4630123-A1,original,de,de,2,0.0
intfloat/multilingual-e5-large-instruct,e5-large-instruct,EP-4634646-A1_en_q_en,EP-4634646-A1,original,en,en,1,1.0
intfloat/multilingual-e5-large-instruct,e5-large-instruct,EP-4634294-A1_en_q_en,EP-4634294-A1,original,en,en,1,0.0
intfloat/multilingual-e5-large-instruct,e5-large-instruct,EP-4634436-A1_fr_q_fr,EP-4634436-A1,original,fr,fr,1,0.0
intfloat/multilingual-e5-large-instruct,e5-large-instruct,EP-4633761-A1_en_q_en,EP-4633761-A1,original,en,en,1,0.0
intfloat/multilingual-e5-large-instruct,e5-large-instruct,WO-2025215167-A1_de_q_de,WO-2025215167-A1,original,de,de,2,0.0
intfloat/multilingual-e5-large-instruct,e5-large-instruct,EP-4626962-A1_de_q_en,EP-4626962-A1,synthetic,en,de,2,0.5
intfloat/multilingual-e5-large-instruct,e5-large-instruct,EP-4626962-A1_de_q_de,EP-4626962-A1,original,de,de,2,0.0
intfloat/multilingual-e5-large-instruct,e5-large-instruct,EP-4626962-A1_fr_q_fr,EP-4626962-A1,original,fr,fr,2,0.0
intfloat/multilingual-e5-large-instruct,e5-large-instruct,EP-4626962-A1_de_q_es,EP-4626962-A1,synthetic,es,de,2,0.0
intfloat/multilingual-e5-large-instruct,e5-large-instruct,WO-2025201936-A1_de_q_en,WO-2025201936-A1,synthetic,en,de,2,0.5
intfloat/multilingual-e5-large-instruct,e5-large-instruct,WO-2025201936-A1_fr_q_fr,WO-2025201936-A1,original,fr,fr,2,0.0
intfloat/multilingual-e5-large-instruct,e5-large-instruct,WO-2025201936-A1_de_q_es,WO-2025201936-A1,synthetic,es,de,2,0.0
intfloat/multilingual-e5-large-instruct,e5-large-instruct,EP-4634597-A1_en_q_en,EP-4634597-A1,original,en,en,1,0.0
intfloat/multilingual-e5-large-instruct,e5-large-instruct,EP-4634597-A1_en_q_de,EP-4634597-A1,synthetic,de,en,1,0.0
intfloat/multilingual-e5-large-instruct,e5-large-instruct,EP-4634597-A1_fr_q_fr,EP-4634597-A1,original,fr,fr,1,0.0
intfloat/multilingual-e5-large-instruct,e5-large-instruct,EP-4634597-A1_en_q_es,EP-4634597-A1,synthetic,es,en,1,0.0
intfloat/multilingual-e5-large-instruct,e5-large-instruct,EP-4634381-A1_en_q_zh,EP-4634381-A1,synthetic,zh,en,1,0.0
intfloat/multilingual-e5-large-instruct,e5-large-instruct,EP-4633589-A1_en_q_zh,EP-4633589-A1,synthetic,zh,en,1,0.0
intfloat/multilingual-e5-large-instruct,e5-large-instruct,EP-4627024-A1_de_q_zh,EP-4627024-A1,synthetic,zh,de,2,0.0
intfloat/multilingual-e5-large-instruct,e5-large-instruct,EP-4634926-A1_en_q_zh,EP-4634926-A1,synthetic,zh,en,1,0.0
intfloat/multilingual-e5-large-instruct,e5-large-instruct,EP-4633863-A2_en_q_zh,EP-4633863-A2,synthetic,zh,en,2,0.0
intfloat/multilingual-e5-large-instruct,e5-large-instruct,EP-4633797-A1_en_q_zh,EP-4633797-A1,synthetic,zh,en,1,0.0
intfloat/multilingual-e5-large-instruct,e5-large-instruct,EP-4633777-A1_en_q_zh,EP-4633777-A1,synthetic,zh,en,1,0.0
intfloat/multilingual-e5-large-instruct,e5-large-instruct,EP-4633621-A1_en_q_zh,EP-4633621-A1,synthetic,zh,en,1,0.0
intfloat/multilingual-e5-large-instruct,e5-large-instruct,EP-4634723-A1_en_q_zh,EP-4634723-A1,synthetic,zh,en,1,0.0
intfloat/multilingual-e5-large-instruct,e5-large-instruct,EP-4633581-A1_en_q_zh,EP-4633581-A1,synthetic,zh,en,1,0.0
intfloat/multilingual-e5-large-instruct,e5-large-instruct,EP-4634416-A1_en_q_zh,EP-4634416-A1,synthetic,zh,en,1,0.0
intfloat/multilingual-e5-large-instruct,e5-large-instruct,EP-4634305-A1_en_q_zh,EP-4634305-A1,synthetic,zh,en,1,0.0
intfloat/multilingual-e5-large-instruct,e5-large-instruct,EP-4633531-A1_en_q_zh,EP-4633531-A1,synthetic,zh,en,1,0.0
intfloat/multilingual-e5-large-instruct,e5-large-instruct,EP-4634333-A1_en_q_zh,EP-4634333-A1,synthetic,zh,en,1,0.0
intfloat/multilingual-e5-large-instruct,e5-large-instruct,EP-4634212-A1_en_q_zh,EP-4634212-A1,synthetic,zh,en,1,0.0
intfloat/multilingual-e5-large-instruct,e5-large-instruct,EP-4629959-A1_de_q_zh,EP-4629959-A1,synthetic,zh,de,2,0.0
intfloat/multilingual-e5-large-instruct,e5-large-instruct,EP-4627881-A1_de_q_zh,EP-4627881-A1,synthetic,zh,de,2,0.0
intfloat/multilingual-e5-large-instruct,e5-large-instruct,EP-4633576-A1_en_q_zh,EP-4633576-A1,synthetic,zh,en,1,0.0
intfloat/multilingual-e5-large-instruct,e5-large-instruct,EP-4633742-A2_en_q_zh,EP-4633742-A2,synthetic,zh,en,1,0.0
intfloat/multilingual-e5-large-instruct,e5-large-instruct,EP-4633791-A1_en_q_zh,EP-4633791-A1,synthetic,zh,en,1,0.0
intfloat/multilingual-e5-large-instruct,e5-large-instruct,EP-4630574-A1_fr_q_fr,EP-4630574-A1,original,fr,fr,2,0.0
intfloat/multilingual-e5-large-instruct,e5-large-instruct,EP-4634111-A1_fr_q_fr,EP-4634111-A1,original,fr,fr,1,0.0
intfloat/multilingual-e5-large-instruct,e5-large-instruct,EP-4633622-A2_en_q_es,EP-4633622-A2,synthetic,es,en,1,0.0
intfloat/multilingual-e5-large-instruct,e5-large-instruct,EP-4634187-A1_en_q_es_120,EP-4634187-A1,synthetic,es,en,1,0.0
intfloat/multilingual-e5-large-instruct,e5-large-instruct,EP-4634139-A1_fr_q_fr,EP-4634139-A1,original,fr,fr,1,0.0
intfloat/multilingual-e5-large-instruct,e5-large-instruct,EP-4634136-A1_en_q_en,EP-4634136-A1,original,en,en,1,0.0
intfloat/multilingual-e5-large-instruct,e5-large-instruct,EP-4634136-A1_en_q_de,EP-4634136-A1,synthetic,de,en,1,0.0
intfloat/multilingual-e5-large-instruct,e5-large-instruct,EP-4634136-A1_fr_q_fr,EP-4634136-A1,original,fr,fr,1,0.0
intfloat/multilingual-e5-large-instruct,e5-large-instruct,EP-4634136-A1_en_q_es_125,EP-4634136-A1,synthetic,es,en,1,0.0
intfloat/multilingual-e5-large-instruct,e5-large-instruct,q_126_zh,EP-4634136-A1,original,zh,,2,0.0
intfloat/multilingual-e5-large-instruct,e5-large-instruct,EP-4634248-A1_en_q_en,EP-4634248-A1,original,en,en,1,0.0
intfloat/multilingual-e5-large-instruct,e5-large-instruct,EP-4634142-A1_en_q_es,EP-4634142-A1,synthetic,es,en,2,0.0
intfloat/multilingual-e5-large-instruct,e5-large-instruct,WO-2025214812-A1_de_q_es,WO-2025214812-A1,synthetic,es,de,2,0.0
intfloat/multilingual-e5-large-instruct,e5-large-instruct,EP-4633662-A1_en_q_de,EP-4633662-A1,synthetic,de,en,1,0.0
intfloat/multilingual-e5-large-instruct,e5-large-instruct,WO-2025153617-A3_de_q_de,WO-2025153617-A3,original,de,de,2,0.0
intfloat/multilingual-e5-large-instruct,e5-large-instruct,EP-4634596-A1_en_q_en,EP-4634596-A1,original,en,en,1,1.0
intfloat/multilingual-e5-large-instruct,e5-large-instruct,EP-4634596-A1_en_q_de,EP-4634596-A1,synthetic,de,en,1,0.0
intfloat/multilingual-e5-large-instruct,e5-large-instruct,EP-4634596-A1_fr_q_fr,EP-4634596-A1,original,fr,fr,1,0.0
intfloat/multilingual-e5-large-instruct,e5-large-instruct,EP-4634596-A1_en_q_es_135,EP-4634596-A1,synthetic,es,en,1,0.0
intfloat/multilingual-e5-large-instruct,e5-large-instruct,q_136_zh,EP-4634596-A1,original,zh,,2,0.0
intfloat/multilingual-e5-large-instruct,e5-large-instruct,EP-4626887-A1_en_q_en,EP-4626887-A1,original,en,en,1,0.0
intfloat/multilingual-e5-large-instruct,e5-large-instruct,EP-4630033-A1_en_q_en,EP-4630033-A1,original,en,en,1,1.0
intfloat/multilingual-e5-large-instruct,e5-large-instruct,EP-4532639-A1_fr_q_fr,EP-4532639-A1,original,fr,fr,2,0.0
intfloat/multilingual-e5-large-instruct,e5-large-instruct,EP-4627010-A1_en_q_de,EP-4627010-A1,synthetic,de,en,1,0.0
intfloat/multilingual-e5-large-instruct,e5-large-instruct,EP-4626937-A1_en_q_de,EP-4626937-A1,synthetic,de,en,1,0.0
intfloat/multilingual-e5-large-instruct,e5-large-instruct,WO-2022119476-A1_en_q_de,WO-2022119476-A1,synthetic,de,en,1,0.0
intfloat/multilingual-e5-large-instruct,e5-large-instruct,WO-2025131900-A1_en_q_en,WO-2025131900-A1,original,en,en,3,0.0
intfloat/multilingual-e5-large-instruct,e5-large-instruct,WO-2025200741-A1_en_q_zh,WO-2025200741-A1,synthetic,zh,en,1,0.0
intfloat/multilingual-e5-large-instruct,e5-large-instruct,MX-2025009603-A_en_q_en,MX-2025009603-A,original,en,en,2,0.0
intfloat/multilingual-e5-large-instruct,e5-large-instruct,MX-2025009952-A_en_q_zh,MX-2025009952-A,synthetic,zh,en,1,0.0
intfloat/multilingual-e5-large-instruct,e5-large-instruct,WO-2025150253-A1_en_q_es,WO-2025150253-A1,synthetic,es,en,1,0.0
intfloat/multilingual-e5-large-instruct,e5-large-instruct,WO-2025186929-A8_en_q_en,WO-2025186929-A8,original,en,en,1,0.0
intfloat/multilingual-e5-large-instruct,e5-large-instruct,WO-2025211042-A1_en_q_en,WO-2025211042-A1,original,en,en,1,0.0
intfloat/multilingual-e5-large-instruct,e5-large-instruct,WO-2025209205-A1_en_q_en,WO-2025209205-A1,original,en,en,2,0.0
intfloat/multilingual-e5-large-instruct,e5-large-instruct,WO-2025207982-A1_en_q_de,WO-2025207982-A1,synthetic,de,en,1,1.0
intfloat/multilingual-e5-large-instruct,e5-large-instruct,WO-2025210325-A1_en_q_de,WO-2025210325-A1,synthetic,de,en,1,0.0
intfloat/multilingual-e5-large-instruct,e5-large-instruct,WO-2025216427-A1_zh_q_zh,WO-2025216427-A1,original,zh,zh,2,0.0
intfloat/multilingual-e5-large-instruct,e5-large-instruct,WO-2025197823-A1_zh_q_zh,WO-2025197823-A1,original,zh,zh,2,0.0
intfloat/multilingual-e5-large-instruct,e5-large-instruct,MX-2025002756-A_en_q_en,MX-2025002756-A,original,en,en,1,0.0
intfloat/multilingual-e5-large-instruct,e5-large-instruct,WO-2025202632-A1_en_q_en,WO-2025202632-A1,original,en,en,1,0.0
intfloat/multilingual-e5-large-instruct,e5-large-instruct,EP-4627608-A1_en_q_en,EP-4627608-A1,original,en,en,1,0.0
intfloat/multilingual-e5-large-instruct,e5-large-instruct,EP-4634668-A1_fr_q_fr,EP-4634668-A1,original,fr,fr,1,1.0
intfloat/multilingual-e5-large-instruct,e5-large-instruct,MX-2025009965-A_en_q_de,MX-2025009965-A,synthetic,de,en,1,0.0
intfloat/multilingual-e5-large-instruct,e5-large-instruct,WO-2025164300-A1_en_q_de,WO-2025164300-A1,synthetic,de,en,1,0.0
intfloat/multilingual-e5-large-instruct,e5-large-instruct,MX-2025009189-A_en_q_de,MX-2025009189-A,synthetic,de,en,1,0.0
intfloat/multilingual-e5-large-instruct,e5-large-instruct,WO-2024253632-A1_en_q_en,WO-2024253632-A1,original,en,en,1,0.0
intfloat/multilingual-e5-large-instruct,e5-large-instruct,WO-2025216023-A1_zh_q_zh,WO-2025216023-A1,original,zh,zh,2,0.0
intfloat/multilingual-e5-large-instruct,e5-large-instruct,WO-2025211128-A1_en_q_en,WO-2025211128-A1,original,en,en,1,1.0
intfloat/multilingual-e5-large-instruct,e5-large-instruct,MX-2025010237-A_en_q_zh,MX-2025010237-A,synthetic,zh,en,1,0.0
intfloat/multilingual-e5-large-instruct,e5-large-instruct,EP-4633785-A2_en_q_es,EP-4633785-A2,synthetic,es,en,1,0.0
intfloat/multilingual-e5-large-instruct,e5-large-instruct,MX-2025005737-A_en_q_en,MX-2025005737-A,original,en,en,1,0.0
intfloat/multilingual-e5-large-instruct,e5-large-instruct,MX-2025010606-A_en_q_en,MX-2025010606-A,original,en,en,1,0.0
intfloat/multilingual-e5-large-instruct,e5-large-instruct,MX-2025010877-A_en_q_en,MX-2025010877-A,original,en,en,1,0.0
intfloat/multilingual-e5-large-instruct,e5-large-instruct,EP-4584035-A1_de_q_de,EP-4584035-A1,original,de,de,3,0.0
intfloat/multilingual-e5-large-instruct,e5-large-instruct,WO-2025170306-A1_en_q_de,WO-2025170306-A1,synthetic,de,en,2,0.0
intfloat/multilingual-e5-large-instruct,e5-large-instruct,WO-2025210569-A1_zh_q_zh,WO-2025210569-A1,original,zh,zh,2,0.0
intfloat/multilingual-e5-large-instruct,e5-large-instruct,MX-2025010084-A_en_q_zh,MX-2025010084-A,synthetic,zh,en,1,0.0
intfloat/multilingual-e5-large-instruct,e5-large-instruct,WO-2025186542-A8_en_q_en,WO-2025186542-A8,original,en,en,1,0.0
intfloat/multilingual-e5-large-instruct,e5-large-instruct,WO-2025206130-A1_zh_q_zh,WO-2025206130-A1,original,zh,zh,2,0.0
intfloat/multilingual-e5-large-instruct,e5-large-instruct,WO-2025208054-A1_en_q_de,WO-2025208054-A1,synthetic,de,en,1,0.0
intfloat/multilingual-e5-large-instruct,e5-large-instruct,WO-2025201708-A1_en_q_zh,WO-2025201708-A1,synthetic,zh,en,1,0.0
intfloat/multilingual-e5-large-instruct,e5-large-instruct,WO-2025141238-A1_es_q_es,WO-2025141238-A1,original,es,es,2,0.0
intfloat/multilingual-e5-large-instruct,e5-large-instruct,MX-2025004351-A_en_q_en,MX-2025004351-A,original,en,en,1,0.0
intfloat/multilingual-e5-large-instruct,e5-large-instruct,WO-2025200809-A1_en_q_en,WO-2025200809-A1,original,en,en,2,0.0
intfloat/multilingual-e5-large-instruct,e5-large-instruct,WO-2025201644-A1_fr_q_fr,WO-2025201644-A1,original,fr,fr,2,0.5
intfloat/multilingual-e5-large-instruct,e5-large-instruct,MX-2025003633-A_en_q_de,MX-2025003633-A,synthetic,de,en,1,0.0
intfloat/multilingual-e5-large-instruct,e5-large-instruct,WO-2025170482-A1_en_q_de,WO-2025170482-A1,synthetic,de,en,2,0.5
intfloat/multilingual-e5-large-instruct,e5-large-instruct,MX-2025002762-A_en_q_en,MX-2025002762-A,original,en,en,1,0.0
intfloat/multilingual-e5-large-instruct,e5-large-instruct,MX-2025009196-A_en_q_de,MX-2025009196-A,synthetic,de,en,1,0.0
intfloat/multilingual-e5-large-instruct,e5-large-instruct,EP-4584246-A1_en_q_zh,EP-4584246-A1,synthetic,zh,en,2,0.0
intfloat/multilingual-e5-large-instruct,e5-large-instruct,WO-2022031256-A1_en_q_zh,WO-2022031256-A1,synthetic,zh,en,1,0.0
intfloat/multilingual-e5-large-instruct,e5-large-instruct,ES-3035119-A1_en_q_fr,ES-3035119-A1,synthetic,fr,en,2,0.0
intfloat/multilingual-e5-large-instruct,e5-large-instruct,WO-2022231470-A1_en_q_de,WO-2022231470-A1,synthetic,de,en,1,0.0
intfloat/multilingual-e5-large-instruct,e5-large-instruct,EP-4627127-A1_en_q_de,EP-4627127-A1,synthetic,de,en,2,0.0
intfloat/multilingual-e5-large-instruct,e5-large-instruct,WO-2025185983-A1_en_q_es,WO-2025185983-A1,synthetic,es,en,2,0.0
intfloat/multilingual-e5-large-instruct,e5-large-instruct,EP-4627015-A1_en_q_de,EP-4627015-A1,synthetic,de,en,1,0.0
intfloat/multilingual-e5-large-instruct,e5-large-instruct,WO-2025212979-A1_en_q_de,WO-2025212979-A1,synthetic,de,en,2,0.0
intfloat/multilingual-e5-large-instruct,e5-large-instruct,MX-2025010953-A_en_q_zh,MX-2025010953-A,synthetic,zh,en,1,0.0
intfloat/multilingual-e5-large-instruct,e5-large-instruct,WO-2025207427-A1_en_q_de,WO-2025207427-A1,synthetic,de,en,2,0.0
intfloat/multilingual-e5-large-instruct,e5-large-instruct,MX-2025007532-A_en_q_de,MX-2025007532-A,synthetic,de,en,2,0.0
intfloat/multilingual-e5-large-instruct,e5-large-instruct,EP-4627092-A1_en_q_zh,EP-4627092-A1,synthetic,zh,en,1,0.0
intfloat/multilingual-e5-large-instruct,e5-large-instruct,EP-4584229-A1_en_q_es,EP-4584229-A1,synthetic,es,en,3,0.0
intfloat/multilingual-e5-large-instruct,e5-large-instruct,WO-2024054196-A1_en_q_zh,WO-2024054196-A1,synthetic,zh,en,1,0.0
intfloat/multilingual-e5-large-instruct,e5-large-instruct,WO-2025164618-A1_en_q_es,WO-2025164618-A1,synthetic,es,en,2,0.0
intfloat/multilingual-e5-large-instruct,e5-large-instruct,EP-4626889-A1_en_q_es,EP-4626889-A1,synthetic,es,en,1,0.0
intfloat/multilingual-e5-large-instruct,e5-large-instruct,MX-2025004761-A_en_q_zh,MX-2025004761-A,synthetic,zh,en,1,0.0
intfloat/multilingual-e5-large-instruct,e5-large-instruct,MX-2025009867-A_en_q_de,MX-2025009867-A,synthetic,de,en,2,0.0
intfloat/multilingual-e5-large-instruct,e5-large-instruct,WO-03042409-A3_en_q_es,WO-03042409-A3,synthetic,es,en,1,0.0
intfloat/multilingual-e5-large-instruct,e5-large-instruct,WO-2025212474-A1_en_q_de,WO-2025212474-A1,synthetic,de,en,1,0.0
intfloat/multilingual-e5-large-instruct,e5-large-instruct,ES-3028671-A1_en_q_zh,ES-3028671-A1,synthetic,zh,en,1,0.0
intfloat/multilingual-e5-large-instruct,e5-large-instruct,WO-2025212467-A1_en_q_de,WO-2025212467-A1,synthetic,de,en,1,0.0
intfloat/multilingual-e5-large-instruct,e5-large-instruct,MX-2025009862-A_en_q_fr,MX-2025009862-A,synthetic,fr,en,1,0.0
intfloat/multilingual-e5-large-instruct,e5-large-instruct,EP-4566167-A1_en_q_es,EP-4566167-A1,synthetic,es,en,3,0.0
intfloat/multilingual-e5-large-instruct,e5-large-instruct,WO-2025216937-A1_en_q_es,WO-2025216937-A1,synthetic,es,en,2,0.0
intfloat/multilingual-e5-large-instruct,e5-large-instruct,EP-4630021-A1_en_q_de,EP-4630021-A1,synthetic,de,en,2,0.0
intfloat/multilingual-e5-large-instruct,e5-large-instruct,MX-2025007206-A_en_q_de,MX-2025007206-A,synthetic,de,en,1,0.0
intfloat/multilingual-e5-large-instruct,e5-large-instruct,EP-4504821-A1_en_q_es,EP-4504821-A1,synthetic,es,en,3,0.0
intfloat/multilingual-e5-large-instruct,e5-large-instruct,WO-2025205793-A1_en_q_de,WO-2025205793-A1,synthetic,de,en,2,0.0
intfloat/multilingual-e5-large-instruct,e5-large-instruct,WO-2025206825-A1_en_q_de,WO-2025206825-A1,synthetic,de,en,1,0.0
intfloat/multilingual-e5-large-instruct,e5-large-instruct,EP-4568770-A1_en_q_es,EP-4568770-A1,synthetic,es,en,3,0.0
intfloat/multilingual-e5-large-instruct,e5-large-instruct,WO-2025188827-A8_en_q_es,WO-2025188827-A8,synthetic,es,en,1,0.0
intfloat/multilingual-e5-large-instruct,e5-large-instruct,MX-2025008259-A_en_q_fr,MX-2025008259-A,synthetic,fr,en,2,0.0
intfloat/multilingual-e5-large-instruct,e5-large-instruct,WO-2025132504-A1_en_q_es,WO-2025132504-A1,synthetic,es,en,3,0.0
intfloat/multilingual-e5-large-instruct,e5-large-instruct,MX-2025007237-A_en_q_fr,MX-2025007237-A,synthetic,fr,en,2,0.0
intfloat/multilingual-e5-large-instruct,e5-large-instruct,MX-2025005647-A_en_q_zh,MX-2025005647-A,synthetic,zh,en,1,0.0
intfloat/multilingual-e5-large-instruct,e5-large-instruct,WO-2025214411-A1_en_q_de,WO-2025214411-A1,synthetic,de,en,1,0.0
intfloat/multilingual-e5-large-instruct,e5-large-instruct,EP-4623093-A2_en_q_es,EP-4623093-A2,synthetic,es,en,2,0.0
intfloat/multilingual-e5-large-instruct,e5-large-instruct,EP-4634148-A1_en_q_de,EP-4634148-A1,synthetic,de,en,2,1.0
intfloat/multilingual-e5-large-instruct,e5-large-instruct,WO-2025202170-A1_en_q_es,WO-2025202170-A1,synthetic,es,en,1,0.0
intfloat/multilingual-e5-large-instruct,e5-large-instruct,EP-4507673-A1_en_q_de,EP-4507673-A1,synthetic,de,en,1,0.0
intfloat/multilingual-e5-large-instruct,e5-large-instruct,MX-2025007577-A_en_q_fr,MX-2025007577-A,synthetic,fr,en,2,0.0
intfloat/multilingual-e5-large-instruct,e5-large-instruct,MX-2025009131-A_en_q_zh,MX-2025009131-A,synthetic,zh,en,1,0.0
intfloat/multilingual-e5-large-instruct,e5-large-instruct,MX-2025009990-A_en_q_zh,MX-2025009990-A,synthetic,zh,en,1,0.0
intfloat/multilingual-e5-large-instruct,e5-large-instruct,WO-2023153953-A1_en_q_es,WO-2023153953-A1,synthetic,es,en,2,0.0
intfloat/multilingual-e5-large-instruct,e5-large-instruct,WO-2025183548-A1_en_q_de,WO-2025183548-A1,synthetic,de,en,2,0.0
intfloat/multilingual-e5-large-instruct,e5-large-instruct,WO-2025007163-A1_en_q_de,WO-2025007163-A1,synthetic,de,en,2,0.0
intfloat/multilingual-e5-large-instruct,e5-large-instruct,WO-2025206959-A1_en_q_de,WO-2025206959-A1,synthetic,de,en,2,0.0
intfloat/multilingual-e5-large-instruct,e5-large-instruct,WO-2025207810-A1_en_q_zh,WO-2025207810-A1,synthetic,zh,en,1,0.0
intfloat/multilingual-e5-large-instruct,e5-large-instruct,WO-2025215476-A1_en_q_de,WO-2025215476-A1,synthetic,de,en,2,0.0
intfloat/multilingual-e5-large-instruct,e5-large-instruct,WO-2023149795-A1_en_q_en,WO-2023149795-A1,original,en,en,2,0.0
intfloat/multilingual-e5-large-instruct,e5-large-instruct,WO-2022124934-A1_en_q_es,WO-2022124934-A1,synthetic,es,en,1,0.0
intfloat/multilingual-e5-large-instruct,e5-large-instruct,WO-2025187134-A8_en_q_en,WO-2025187134-A8,original,en,en,2,0.0
intfloat/multilingual-e5-large-instruct,e5-large-instruct,WO-2023200358-A1_en_q_en,WO-2023200358-A1,original,en,en,2,0.0
intfloat/multilingual-e5-large-instruct,e5-large-instruct,WO-2025216105-A1_fr_q_fr,WO-2025216105-A1,original,fr,fr,2,0.0
intfloat/multilingual-e5-large-instruct,e5-large-instruct,MX-2025005014-A_es_q_es,MX-2025005014-A,original,es,es,1,1.0
intfloat/multilingual-e5-large-instruct,e5-large-instruct,WO-2025216873-A1_fr_q_fr,WO-2025216873-A1,original,fr,fr,1,0.0
intfloat/multilingual-e5-large-instruct,e5-large-instruct,WO-2025205780-A1_zh_q_zh,WO-2025205780-A1,original,zh,zh,2,0.0
intfloat/multilingual-e5-large-instruct,e5-large-instruct,MX-2025009666-A_en_q_en,MX-2025009666-A,original,en,en,2,0.0
intfloat/multilingual-e5-large-instruct,e5-large-instruct,WO-2025212049-A1_fr_q_fr,WO-2025212049-A1,original,fr,fr,2,0.0
intfloat/multilingual-e5-large-instruct,e5-large-instruct,EP-4627347-A1_fr_q_fr,EP-4627347-A1,original,fr,fr,1,0.0
intfloat/multilingual-e5-large-instruct,e5-large-instruct,MX-2025004786-A_es_q_es,MX-2025004786-A,original,es,es,1,0.0
intfloat/multilingual-e5-large-instruct,e5-large-instruct,WO-2024063632-A1_en_q_en,WO-2024063632-A1,original,en,en,2,0.0
intfloat/multilingual-e5-large-instruct,e5-large-instruct,WO-2025206783-A1_fr_q_fr,WO-2025206783-A1,original,fr,fr,1,0.0
intfloat/multilingual-e5-large-instruct,e5-large-instruct,MX-2025010991-A_en_q_en,MX-2025010991-A,original,en,en,1,0.0
intfloat/multilingual-e5-large-instruct,e5-large-instruct,MX-2025006977-A_en_q_en,MX-2025006977-A,original,en,en,1,0.0
intfloat/multilingual-e5-large-instruct,e5-large-instruct,MX-2025008400-A_en_q_en,MX-2025008400-A,original,en,en,1,1.0
intfloat/multilingual-e5-large-instruct,e5-large-instruct,WO-2025132390-A1_de_q_de,WO-2025132390-A1,original,de,de,3,0.0
intfloat/multilingual-e5-large-instruct,e5-large-instruct,WO-2025204766-A1_fr_q_fr,WO-2025204766-A1,original,fr,fr,2,0.0
intfloat/multilingual-e5-large-instruct,e5-large-instruct,WO-2025098664-A1_de_q_de,WO-2025098664-A1,original,de,de,2,0.0
intfloat/multilingual-e5-large-instruct,e5-large-instruct,EP-4627583-A1_en_q_en,EP-4627583-A1,original,en,en,1,0.0
intfloat/multilingual-e5-large-instruct,e5-large-instruct,EP-4630558-A2_zh_q_zh,EP-4630558-A2,original,zh,zh,2,0.0
intfloat/multilingual-e5-large-instruct,e5-large-instruct,MX-2025010573-A_es_q_es,MX-2025010573-A,original,es,es,1,0.0
intfloat/multilingual-e5-large-instruct,e5-large-instruct,WO-2025210917-A1_fr_q_fr,WO-2025210917-A1,original,fr,fr,2,0.0
intfloat/multilingual-e5-large-instruct,e5-large-instruct,WO-2025150394-A1_en_q_en,WO-2025150394-A1,original,en,en,1,0.0
intfloat/multilingual-e5-large-instruct,e5-large-instruct,MX-2025005728-A_en_q_en,MX-2025005728-A,original,en,en,1,0.0
intfloat/multilingual-e5-large-instruct,e5-large-instruct,WO-2025177605-A1_fr_q_fr,WO-2025177605-A1,original,fr,fr,1,0.0
intfloat/multilingual-e5-large-instruct,e5-large-instruct,MX-2025006958-A_en_q_en,MX-2025006958-A,original,en,en,2,0.0
intfloat/multilingual-e5-large-instruct,e5-large-instruct,EP-4551675-A1_de_q_de,EP-4551675-A1,original,de,de,2,0.0
intfloat/multilingual-e5-large-instruct,e5-large-instruct,EP-4627325-A1_fr_q_fr,EP-4627325-A1,original,fr,fr,2,0.0
intfloat/multilingual-e5-large-instruct,e5-large-instruct,WO-2025208050-A2_en_q_en,WO-2025208050-A2,original,en,en,1,0.0
intfloat/multilingual-e5-large-instruct,e5-large-instruct,WO-2025202994-A1_fr_q_fr,WO-2025202994-A1,original,fr,fr,1,0.0
intfloat/multilingual-e5-large-instruct,e5-large-instruct,MX-2025006551-A_en_q_en,MX-2025006551-A,original,en,en,1,0.0
intfloat/multilingual-e5-large-instruct,e5-large-instruct,WO-2005069422-A1_en_q_en,WO-2005069422-A1,original,en,en,1,0.0
intfloat/multilingual-e5-large-instruct,e5-large-instruct,WO-2025194610-A1_fr_q_fr,WO-2025194610-A1,original,fr,fr,1,1.0
intfloat/multilingual-e5-large-instruct,e5-large-instruct,MX-2025001644-A_zh_q_zh,MX-2025001644-A,original,zh,zh,2,0.0
intfloat/multilingual-e5-large-instruct,e5-large-instruct,WO-2025216492-A1_fr_q_fr,WO-2025216492-A1,original,fr,fr,2,0.5
intfloat/multilingual-e5-large-instruct,e5-large-instruct,WO-2025216629-A1_fr_q_fr,WO-2025216629-A1,original,fr,fr,2,0.0
intfloat/multilingual-e5-large-instruct,e5-large-instruct,MX-2025005081-A_en_q_en,MX-2025005081-A,original,en,en,1,0.0
intfloat/multilingual-e5-large-instruct,e5-large-instruct,WO-2025205506-A1_fr_q_fr,WO-2025205506-A1,original,fr,fr,1,0.0
intfloat/multilingual-e5-large-instruct,e5-large-instruct,WO-2025132391-A1_de_q_de,WO-2025132391-A1,original,de,de,3,0.0
intfloat/multilingual-e5-large-instruct,e5-large-instruct,WO-2025205634-A1_en_q_en,WO-2025205634-A1,original,en,en,1,0.0
intfloat/multilingual-e5-large-instruct,e5-large-instruct,WO-2025120243-A1_es_q_es,WO-2025120243-A1,original,es,es,2,0.0
intfloat/multilingual-e5-large-instruct,e5-large-instruct,WO-2025201672-A1_fr_q_fr,WO-2025201672-A1,original,fr,fr,1,0.0
intfloat/multilingual-e5-large-instruct,e5-large-instruct,MX-2025008970-A_es_q_es,MX-2025008970-A,original,es,es,1,1.0
intfloat/multilingual-e5-large-instruct,e5-large-instruct,MX-2025009075-A_zh_q_zh,MX-2025009075-A,original,zh,zh,2,0.0
intfloat/multilingual-e5-large-instruct,e5-large-instruct,WO-2025210445-A1_fr_q_fr,WO-2025210445-A1,original,fr,fr,1,0.0
intfloat/multilingual-e5-large-instruct,e5-large-instruct,WO-2025206090-A1_fr_q_fr,WO-2025206090-A1,original,fr,fr,1,0.0
intfloat/multilingual-e5-large-instruct,e5-large-instruct,MX-2025006643-A_en_q_en,MX-2025006643-A,original,en,en,1,0.0
intfloat/multilingual-e5-large-instruct,e5-large-instruct,MX-2025010190-A_en_q_en,MX-2025010190-A,original,en,en,2,0.0
intfloat/multilingual-e5-large-instruct,e5-large-instruct,EP-4577789-A1_zh_q_zh,EP-4577789-A1,original,zh,zh,3,0.0
intfloat/multilingual-e5-large-instruct,e5-large-instruct,WO-2025204469-A1_en_q_en,WO-2025204469-A1,original,en,en,2,0.0
intfloat/multilingual-e5-large-instruct,e5-large-instruct,WO-2025204469-A1_en_q_de,WO-2025204469-A1,synthetic,de,en,2,0.0
intfloat/multilingual-e5-large-instruct,e5-large-instruct,WO-2025204469-A1_fr_q_fr,WO-2025204469-A1,original,fr,fr,2,0.0
intfloat/multilingual-e5-large-instruct,e5-large-instruct,WO-2025204469-A1_en_q_es,WO-2025204469-A1,synthetic,es,en,2,0.0
intfloat/multilingual-e5-large-instruct,e5-large-instruct,WO-2025204469-A1_zh_q_zh,WO-2025204469-A1,original,zh,zh,2,0.0
intfloat/multilingual-e5-large-instruct,e5-large-instruct,MX-2025010085-A_en_q_en,MX-2025010085-A,original,en,en,1,0.0
intfloat/multilingual-e5-large-instruct,e5-large-instruct,MX-2025010085-A_en_q_de,MX-2025010085-A,synthetic,de,en,1,0.0
intfloat/multilingual-e5-large-instruct,e5-large-instruct,MX-2025010085-A_en_q_fr,MX-2025010085-A,synthetic,fr,en,1,0.0
intfloat/multilingual-e5-large-instruct,e5-large-instruct,MX-2025010085-A_es_q_es,MX-2025010085-A,original,es,es,1,0.0
intfloat/multilingual-e5-large-instruct,e5-large-instruct,MX-2025010085-A_en_q_zh,MX-2025010085-A,synthetic,zh,en,1,0.0
intfloat/multilingual-e5-large-instruct,e5-large-instruct,MX-2025005421-A_en_q_en,MX-2025005421-A,original,en,en,1,0.0
intfloat/multilingual-e5-large-instruct,e5-large-instruct,MX-2025005421-A_en_q_de,MX-2025005421-A,synthetic,de,en,1,0.0
intfloat/multilingual-e5-large-instruct,e5-large-instruct,MX-2025005421-A_en_q_fr,MX-2025005421-A,synthetic,fr,en,1,0.0
intfloat/multilingual-e5-large-instruct,e5-large-instruct,MX-2025005421-A_es_q_es,MX-2025005421-A,original,es,es,1,0.0
intfloat/multilingual-e5-large-instruct,e5-large-instruct,MX-2025005421-A_en_q_zh,MX-2025005421-A,synthetic,zh,en,1,0.0
intfloat/multilingual-e5-large-instruct,e5-large-instruct,MX-2025002688-A_en_q_en,MX-2025002688-A,original,en,en,1,0.0
intfloat/multilingual-e5-large-instruct,e5-large-instruct,MX-2025002688-A_en_q_de,MX-2025002688-A,synthetic,de,en,1,0.0
intfloat/multilingual-e5-large-instruct,e5-large-instruct,MX-2025002688-A_en_q_fr,MX-2025002688-A,synthetic,fr,en,1,0.0
intfloat/multilingual-e5-large-instruct,e5-large-instruct,MX-2025002688-A_es_q_es,MX-2025002688-A,original,es,es,1,0.0
intfloat/multilingual-e5-large-instruct,e5-large-instruct,MX-2025002688-A_en_q_zh,MX-2025002688-A,synthetic,zh,en,1,0.0
intfloat/multilingual-e5-large-instruct,e5-large-instruct,WO-2025211147-A1_en_q_en,WO-2025211147-A1,original,en,en,1,0.0
intfloat/multilingual-e5-large-instruct,e5-large-instruct,WO-2025211147-A1_en_q_de,WO-2025211147-A1,synthetic,de,en,1,0.0
intfloat/multilingual-e5-large-instruct,e5-large-instruct,WO-2025211147-A1_fr_q_fr,WO-2025211147-A1,original,fr,fr,1,0.0
intfloat/multilingual-e5-large-instruct,e5-large-instruct,WO-2025211147-A1_en_q_es,WO-2025211147-A1,synthetic,es,en,1,0.0
intfloat/multilingual-e5-large-instruct,e5-large-instruct,WO-2025211147-A1_en_q_zh,WO-2025211147-A1,synthetic,zh,en,1,0.0
intfloat/multilingual-e5-large-instruct,e5-large-instruct,WO-2025187712-A8_en_q_en,WO-2025187712-A8,original,en,en,1,0.0
intfloat/multilingual-e5-large-instruct,e5-large-instruct,WO-2025187712-A8_en_q_de,WO-2025187712-A8,synthetic,de,en,1,0.0
intfloat/multilingual-e5-large-instruct,e5-large-instruct,WO-2025187712-A8_fr_q_fr,WO-2025187712-A8,original,fr,fr,1,0.0
intfloat/multilingual-e5-large-instruct,e5-large-instruct,WO-2025187712-A8_en_q_es,WO-2025187712-A8,synthetic,es,en,1,0.0
intfloat/multilingual-e5-large-instruct,e5-large-instruct,WO-2025187712-A8_en_q_zh,WO-2025187712-A8,synthetic,zh,en,1,0.0
intfloat/multilingual-e5-large-instruct,e5-large-instruct,EP-4630253-A1_en_q_en,EP-4630253-A1,original,en,en,2,0.0
intfloat/multilingual-e5-large-instruct,e5-large-instruct,EP-4630253-A1_en_q_de,EP-4630253-A1,synthetic,de,en,2,0.0
intfloat/multilingual-e5-large-instruct,e5-large-instruct,EP-4630253-A1_fr_q_fr,EP-4630253-A1,original,fr,fr,2,0.0
intfloat/multilingual-e5-large-instruct,e5-large-instruct,EP-4630253-A1_en_q_es,EP-4630253-A1,synthetic,es,en,2,0.0
intfloat/multilingual-e5-large-instruct,e5-large-instruct,EP-4630253-A1_zh_q_zh,EP-4630253-A1,original,zh,zh,2,0.0
intfloat/multilingual-e5-large-instruct,e5-large-instruct,MX-2025007798-A_en_q_en,MX-2025007798-A,original,en,en,1,1.0
intfloat/multilingual-e5-large-instruct,e5-large-instruct,WO-2025206382-A1_en_q_en,WO-2025206382-A1,original,en,en,1,0.0
intfloat/multilingual-e5-large-instruct,e5-large-instruct,MX-2025009144-A_en_q_en,MX-2025009144-A,original,en,en,2,0.0
intfloat/multilingual-e5-large-instruct,e5-large-instruct,WO-2025206195-A1_en_q_de,WO-2025206195-A1,synthetic,de,en,1,1.0
intfloat/multilingual-e5-large-instruct,e5-large-instruct,WO-2024128938-A1_en_q_de,WO-2024128938-A1,synthetic,de,en,2,0.5
intfloat/multilingual-e5-large-instruct,e5-large-instruct,MX-2025007510-A_es_q_es,MX-2025007510-A,original,es,es,1,0.0
intfloat/multilingual-e5-large-instruct,e5-large-instruct,WO-2025172752-A1_en_q_en,WO-2025172752-A1,original,en,en,2,1.0
intfloat/multilingual-e5-large-instruct,e5-large-instruct,WO-2024245507-A9_en_q_en,WO-2024245507-A9,original,en,en,2,0.0
intfloat/multilingual-e5-large-instruct,e5-large-instruct,WO-2024245507-A9_de_q_de,WO-2024245507-A9,original,de,de,2,0.0
intfloat/multilingual-e5-large-instruct,e5-large-instruct,WO-2024245507-A9_fr_q_fr,WO-2024245507-A9,original,fr,fr,2,0.0
intfloat/multilingual-e5-large-instruct,e5-large-instruct,WO-2024245507-A9_en_q_es,WO-2024245507-A9,synthetic,es,en,2,0.0
intfloat/multilingual-e5-large-instruct,e5-large-instruct,WO-2024245507-A9_en_q_zh,WO-2024245507-A9,synthetic,zh,en,2,0.0
intfloat/multilingual-e5-large-instruct,e5-large-instruct,EP-4630245-A1_zh_q_zh,EP-4630245-A1,original,zh,zh,2,0.0
intfloat/multilingual-e5-large-instruct,e5-large-instruct,WO-2025192625-A1_en_q_en,WO-2025192625-A1,original,en,en,2,0.0
intfloat/multilingual-e5-large-instruct,e5-large-instruct,WO-2025192625-A1_en_q_de,WO-2025192625-A1,synthetic,de,en,2,0.0
intfloat/multilingual-e5-large-instruct,e5-large-instruct,WO-2025192625-A1_fr_q_fr,WO-2025192625-A1,original,fr,fr,2,0.0
intfloat/multilingual-e5-large-instruct,e5-large-instruct,WO-2025192625-A1_en_q_es,WO-2025192625-A1,synthetic,es,en,2,0.0
intfloat/multilingual-e5-large-instruct,e5-large-instruct,WO-2025192625-A1_zh_q_zh,WO-2025192625-A1,original,zh,zh,2,0.0
intfloat/multilingual-e5-large-instruct,e5-large-instruct,MX-2025006818-A_es_q_es,MX-2025006818-A,original,es,es,1,0.0
intfloat/multilingual-e5-large-instruct,e5-large-instruct,MX-2025007695-A_es_q_es,MX-2025007695-A,original,es,es,1,0.0
intfloat/multilingual-e5-large-instruct,e5-large-instruct,WO-2025187736-A8_en_q_zh,WO-2025187736-A8,synthetic,zh,en,1,0.0
intfloat/multilingual-e5-large-instruct,e5-large-instruct,WO-2025203012-A1_en_q_es,WO-2025203012-A1,synthetic,es,en,1,0.0
intfloat/multilingual-e5-large-instruct,e5-large-instruct,EP-4626837-A1_en_q_zh,EP-4626837-A1,synthetic,zh,en,1,0.0
intfloat/multilingual-e5-large-instruct,e5-large-instruct,WO-2025202104-A1_zh_q_zh,WO-2025202104-A1,original,zh,zh,2,0.0
intfloat/multilingual-e5-large-instruct,e5-large-instruct,EP-4626928-A2_fr_q_fr,EP-4626928-A2,original,fr,fr,2,0.0
intfloat/multilingual-e5-large-instruct,e5-large-instruct,MX-2025008327-A_en_q_en,MX-2025008327-A,original,en,en,1,0.0
intfloat/multilingual-e5-large-instruct,e5-large-instruct,EP-4634127-A1_en_q_en,EP-4634127-A1,original,en,en,1,0.0
intfloat/multilingual-e5-large-instruct,e5-large-instruct,WO-2024058685-A1_en_q_zh,WO-2024058685-A1,synthetic,zh,en,1,0.0
intfloat/multilingual-e5-large-instruct,e5-large-instruct,WO-2024089298-A9_fr_q_fr,WO-2024089298-A9,original,fr,fr,1,0.0
intfloat/multilingual-e5-large-instruct,e5-large-instruct,MX-2025010028-A_en_q_en,MX-2025010028-A,original,en,en,1,1.0
intfloat/multilingual-e5-large-instruct,e5-large-instruct,WO-2025202253-A1_en_q_es,WO-2025202253-A1,synthetic,es,en,1,1.0
intfloat/multilingual-e5-large-instruct,e5-large-instruct,MX-2025009821-A_es_q_es,MX-2025009821-A,original,es,es,2,0.0
intfloat/multilingual-e5-large-instruct,e5-large-instruct,MX-2025006624-A_en_q_fr,MX-2025006624-A,synthetic,fr,en,1,0.0
intfloat/multilingual-e5-large-instruct,e5-large-instruct,MX-2025003345-A_en_q_de,MX-2025003345-A,synthetic,de,en,1,0.0
intfloat/multilingual-e5-large-instruct,e5-large-instruct,WO-2024259508-A1_en_q_en,WO-2024259508-A1,original,en,en,2,0.0
intfloat/multilingual-e5-large-instruct,e5-large-instruct,EP-4630051-A1_fr_q_fr,EP-4630051-A1,original,fr,fr,1,0.0
intfloat/multilingual-e5-large-instruct,e5-large-instruct,MX-2025010268-A_en_q_zh,MX-2025010268-A,synthetic,zh,en,1,0.0
intfloat/multilingual-e5-large-instruct,e5-large-instruct,WO-2025212655-A1_en_q_de,WO-2025212655-A1,synthetic,de,en,2,0.0
intfloat/multilingual-e5-large-instruct,e5-large-instruct,WO-2025205978-A1_en_q_en,WO-2025205978-A1,original,en,en,2,0.0
intfloat/multilingual-e5-large-instruct,e5-large-instruct,WO-2025206105-A1_zh_q_zh,WO-2025206105-A1,original,zh,zh,2,0.0
intfloat/multilingual-e5-large-instruct,e5-large-instruct,EP-4633669-A2_fr_q_fr,EP-4633669-A2,original,fr,fr,2,0.0
intfloat/multilingual-e5-large-instruct,e5-large-instruct,WO-2025021351-A1_en_q_zh,WO-2025021351-A1,synthetic,zh,en,2,0.0
intfloat/multilingual-e5-large-instruct,e5-large-instruct,WO-2025187706-A8_fr_q_fr,WO-2025187706-A8,original,fr,fr,1,0.0
intfloat/multilingual-e5-large-instruct,e5-large-instruct,EP-4623104-A1_zh_q_zh,EP-4623104-A1,original,zh,zh,2,0.0
intfloat/multilingual-e5-large-instruct,e5-large-instruct,WO-2025164232-A1_en_q_de,WO-2025164232-A1,synthetic,de,en,1,0.0
intfloat/multilingual-e5-large-instruct,e5-large-instruct,WO-2025206823-A1_en_q_de,WO-2025206823-A1,synthetic,de,en,2,0.0
intfloat/multilingual-e5-large-instruct,e5-large-instruct,EP-4626944-A1_en_q_de,EP-4626944-A1,synthetic,de,en,1,0.0
intfloat/multilingual-e5-large-instruct,e5-large-instruct,EP-4626879-A1_en_q_en,EP-4626879-A1,original,en,en,2,0.0
intfloat/multilingual-e5-large-instruct,e5-large-instruct,EP-4626874-A1_en_q_zh,EP-4626874-A1,synthetic,zh,en,1,0.0
intfloat/multilingual-e5-large-instruct,e5-large-instruct,MX-2025008798-A_en_q_fr,MX-2025008798-A,synthetic,fr,en,1,0.0
intfloat/multilingual-e5-large-instruct,e5-large-instruct,MX-2025005939-A_es_q_es,MX-2025005939-A,original,es,es,2,0.0
intfloat/multilingual-e5-large-instruct,e5-large-instruct,WO-2025204745-A1_en_q_zh,WO-2025204745-A1,synthetic,zh,en,1,0.0
intfloat/multilingual-e5-large-instruct,e5-large-instruct,WO-2025217208-A1_en_q_en,WO-2025217208-A1,original,en,en,2,1.0
intfloat/multilingual-e5-large-instruct,e5-large-instruct,WO-2025205163-A1_en_q_en,WO-2025205163-A1,original,en,en,1,0.0
intfloat/multilingual-e5-large-instruct,e5-large-instruct,WO-2025186172-A8_fr_q_fr,WO-2025186172-A8,original,fr,fr,3,0.0
intfloat/multilingual-e5-large-instruct,e5-large-instruct,WO-2025188156-A8_en_q_de,WO-2025188156-A8,synthetic,de,en,1,0.0
intfloat/multilingual-e5-large-instruct,e5-large-instruct,MX-2025009759-A_en_q_fr,MX-2025009759-A,synthetic,fr,en,2,0.0
intfloat/multilingual-e5-large-instruct,e5-large-instruct,WO-2025189017-A8_en_q_de,WO-2025189017-A8,synthetic,de,en,2,0.0
intfloat/multilingual-e5-large-instruct,e5-large-instruct,CR-20250096-A_en_q_zh,CR-20250096-A,synthetic,zh,en,1,0.0
intfloat/multilingual-e5-large-instruct,e5-large-instruct,WO-2025169953-A1_en_q_de,WO-2025169953-A1,synthetic,de,en,2,0.0
intfloat/multilingual-e5-large-instruct,e5-large-instruct,MX-2025006319-A_en_q_de,MX-2025006319-A,synthetic,de,en,1,0.0
intfloat/multilingual-e5-large-instruct,e5-large-instruct,MX-2025004974-A_en_q_fr,MX-2025004974-A,synthetic,fr,en,1,0.0
intfloat/multilingual-e5-large-instruct,e5-large-instruct,WO-2025170405-A1_en_q_de,WO-2025170405-A1,synthetic,de,en,2,0.0
intfloat/multilingual-e5-large-instruct,e5-large-instruct,WO-2025208198-A1_en_q_zh,WO-2025208198-A1,synthetic,zh,en,1,0.0
intfloat/multilingual-e5-large-instruct,e5-large-instruct,WO-2025054647-A1_en_q_es,WO-2025054647-A1,synthetic,es,en,2,0.0
intfloat/multilingual-e5-large-instruct,e5-large-instruct,WO-2025210166-A1_en_q_de,WO-2025210166-A1,synthetic,de,en,2,0.0
intfloat/multilingual-e5-large-instruct,e5-large-instruct,WO-2025211178-A1_en_q_es,WO-2025211178-A1,synthetic,es,en,2,0.0
intfloat/multilingual-e5-large-instruct,e5-large-instruct,MX-2025004012-A_en_q_zh,MX-2025004012-A,synthetic,zh,en,1,0.0
intfloat/multilingual-e5-large-instruct,e5-large-instruct,WO-2025206949-A1_en_q_es,WO-2025206949-A1,synthetic,es,en,1,0.0
intfloat/multilingual-e5-large-instruct,e5-large-instruct,MX-2025007614-A_en_q_zh,MX-2025007614-A,synthetic,zh,en,1,0.0
intfloat/multilingual-e5-large-instruct,e5-large-instruct,WO-2025146513-A1_en_q_de,WO-2025146513-A1,synthetic,de,en,2,0.0
intfloat/multilingual-e5-large-instruct,e5-large-instruct,WO-2025211949-A1_en_q_es,WO-2025211949-A1,synthetic,es,en,2,0.0
intfloat/multilingual-e5-large-instruct,e5-large-instruct,EP-4626831-A1_en_q_zh,EP-4626831-A1,synthetic,zh,en,1,0.0
intfloat/multilingual-e5-large-instruct,e5-large-instruct,WO-2025186644-A8_en_q_de,WO-2025186644-A8,synthetic,de,en,2,1.0
intfloat/multilingual-e5-large-instruct,e5-large-instruct,WO-2025192587-A1_en_q_de,WO-2025192587-A1,synthetic,de,en,1,0.0
intfloat/multilingual-e5-large-instruct,e5-large-instruct,EP-4633779-A1_en_q_es,EP-4633779-A1,synthetic,es,en,1,0.0
intfloat/multilingual-e5-large-instruct,e5-large-instruct,WO-2022098263-A1_en_q_es,WO-2022098263-A1,synthetic,es,en,2,0.0
intfloat/multilingual-e5-large-instruct,e5-large-instruct,WO-2025215251-A1_en_q_es,WO-2025215251-A1,synthetic,es,en,2,0.0
intfloat/multilingual-e5-large-instruct,e5-large-instruct,EP-4493405-A1_en_q_zh,EP-4493405-A1,synthetic,zh,en,2,0.0
intfloat/multilingual-e5-large-instruct,e5-large-instruct,WO-2025103555-A1_en_q_zh,WO-2025103555-A1,synthetic,zh,en,2,0.0
intfloat/multilingual-e5-large-instruct,e5-large-instruct,EP-4626386-A1_en_q_de,EP-4626386-A1,synthetic,de,en,1,0.0
intfloat/multilingual-e5-large-instruct,e5-large-instruct,MX-2025010613-A_en_q_de,MX-2025010613-A,synthetic,de,en,2,0.0
intfloat/multilingual-e5-large-instruct,e5-large-instruct,EP-4626547-A1_en_q_de,EP-4626547-A1,synthetic,de,en,1,1.0
intfloat/multilingual-e5-large-instruct,e5-large-instruct,EP-4626593-A1_en_q_de,EP-4626593-A1,synthetic,de,en,2,0.0
intfloat/multilingual-e5-large-instruct,e5-large-instruct,WO-2025207414-A1_en_q_es,WO-2025207414-A1,synthetic,es,en,2,0.0
intfloat/multilingual-e5-large-instruct,e5-large-instruct,MX-2025005049-A_en_q_zh,MX-2025005049-A,synthetic,zh,en,1,0.0
intfloat/multilingual-e5-large-instruct,e5-large-instruct,WO-2024246082-A3_en_q_es,WO-2024246082-A3,synthetic,es,en,2,0.0
intfloat/multilingual-e5-large-instruct,e5-large-instruct,WO-2025180718-A1_en_q_es,WO-2025180718-A1,synthetic,es,en,2,0.0
intfloat/multilingual-e5-large-instruct,e5-large-instruct,MX-2025006336-A_en_q_de,MX-2025006336-A,synthetic,de,en,2,0.0
intfloat/multilingual-e5-large-instruct,e5-large-instruct,WO-2025202347-A1_en_q_de,WO-2025202347-A1,synthetic,de,en,2,1.0
intfloat/multilingual-e5-large-instruct,e5-large-instruct,MX-2025010373-A_en_q_zh,MX-2025010373-A,synthetic,zh,en,1,0.0
intfloat/multilingual-e5-large-instruct,e5-large-instruct,WO-2025200075-A1_en_q_zh,WO-2025200075-A1,synthetic,zh,en,1,0.0
intfloat/multilingual-e5-large-instruct,e5-large-instruct,WO-2025189151-A8_en_q_de,WO-2025189151-A8,synthetic,de,en,2,1.0
intfloat/multilingual-e5-large-instruct,e5-large-instruct,MX-2025007174-A_en_q_de,MX-2025007174-A,synthetic,de,en,1,0.0
intfloat/multilingual-e5-large-instruct,e5-large-instruct,MX-2025010619-A_en_q_de,MX-2025010619-A,synthetic,de,en,2,0.0
intfloat/multilingual-e5-large-instruct,e5-large-instruct,EP-4532651-A1_en_q_es,EP-4532651-A1,synthetic,es,en,2,0.0
intfloat/multilingual-e5-large-instruct,e5-large-instruct,WO-2025173342-A1_en_q_es,WO-2025173342-A1,synthetic,es,en,2,0.0
intfloat/multilingual-e5-large-instruct,e5-large-instruct,WO-2024019637-A1_en_q_de,WO-2024019637-A1,synthetic,de,en,2,0.0
intfloat/multilingual-e5-large-instruct,e5-large-instruct,MX-2025008968-A_en_q_zh,MX-2025008968-A,synthetic,zh,en,1,0.0
intfloat/multilingual-e5-large-instruct,e5-large-instruct,WO-2025202625-A1_en_q_de,WO-2025202625-A1,synthetic,de,en,1,0.0
intfloat/multilingual-e5-large-instruct,e5-large-instruct,WO-2025187661-A8_en_q_es,WO-2025187661-A8,synthetic,es,en,1,0.0
intfloat/multilingual-e5-large-instruct,e5-large-instruct,WO-2025101062-A1_en_q_zh,WO-2025101062-A1,synthetic,zh,en,2,0.0
intfloat/multilingual-e5-large-instruct,e5-large-instruct,WO-2025150711-A1_en_q_de,WO-2025150711-A1,synthetic,de,en,1,0.0
intfloat/multilingual-e5-large-instruct,e5-large-instruct,WO-2025207828-A1_en_q_zh,WO-2025207828-A1,synthetic,zh,en,1,0.0
intfloat/multilingual-e5-large-instruct,e5-large-instruct,WO-2025203197-A1_en_q_zh,WO-2025203197-A1,synthetic,zh,en,1,0.0
intfloat/multilingual-e5-large-instruct,e5-large-instruct,EP-4634141-A2_en_q_en,EP-4634141-A2,original,en,en,1,1.0
intfloat/multilingual-e5-large-instruct,e5-large-instruct,EP-4633971-A1_fr_q_fr,EP-4633971-A1,original,fr,fr,1,0.0
intfloat/multilingual-e5-large-instruct,e5-large-instruct,WO-2025197272-A1_en_q_en,WO-2025197272-A1,original,en,en,1,0.0
intfloat/multilingual-e5-large-instruct,e5-large-instruct,WO-2025189168-A8_fr_q_fr,WO-2025189168-A8,original,fr,fr,2,0.0
intfloat/multilingual-e5-large-instruct,e5-large-instruct,MX-2025008124-A_es_q_es,MX-2025008124-A,original,es,es,1,0.0
intfloat/multilingual-e5-large-instruct,e5-large-instruct,MX-2025007669-A_en_q_en,MX-2025007669-A,original,en,en,2,0.0
intfloat/multilingual-e5-large-instruct,e5-large-instruct,WO-2025195675-A1_en_q_en,WO-2025195675-A1,original,en,en,3,0.0
intfloat/multilingual-e5-large-instruct,e5-large-instruct,WO-2022005333-A1_en_q_en,WO-2022005333-A1,original,en,en,1,0.0
intfloat/multilingual-e5-large-instruct,e5-large-instruct,MX-2025005748-A_es_q_es,MX-2025005748-A,original,es,es,1,0.0
intfloat/multilingual-e5-large-instruct,e5-large-instruct,MX-2025002923-A_es_q_es,MX-2025002923-A,original,es,es,2,0.0
intfloat/multilingual-e5-large-instruct,e5-large-instruct,MX-2025010611-A_es_q_es,MX-2025010611-A,original,es,es,2,0.0
intfloat/multilingual-e5-large-instruct,e5-large-instruct,WO-2025217553-A1_fr_q_fr,WO-2025217553-A1,original,fr,fr,2,0.0
intfloat/multilingual-e5-large-instruct,e5-large-instruct,WO-2025186530-A8_en_q_en,WO-2025186530-A8,original,en,en,1,0.0
intfloat/multilingual-e5-large-instruct,e5-large-instruct,EP-4627050-A1_fr_q_fr,EP-4627050-A1,original,fr,fr,2,0.0
intfloat/multilingual-e5-large-instruct,e5-large-instruct,MX-2025008249-A_en_q_en,MX-2025008249-A,original,en,en,1,0.0
intfloat/multilingual-e5-large-instruct,e5-large-instruct,WO-2025184858-A8_fr_q_fr,WO-2025184858-A8,original,fr,fr,1,0.0
intfloat/multilingual-e5-large-instruct,e5-large-instruct,MX-2025004649-A_es_q_es,MX-2025004649-A,original,es,es,1,0.0
intfloat/multilingual-e5-large-instruct,e5-large-instruct,ES-1320636-U_en_q_en,ES-1320636-U,original,en,en,1,0.0
intfloat/multilingual-e5-large-instruct,e5-large-instruct,MX-2025006800-A_en_q_en,MX-2025006800-A,original,en,en,1,0.0
intfloat/multilingual-e5-large-instruct,e5-large-instruct,EP-4626866-A1_en_q_en,EP-4626866-A1,original,en,en,2,1.0
intfloat/multilingual-e5-large-instruct,e5-large-instruct,MX-2025006721-A_en_q_en,MX-2025006721-A,original,en,en,1,0.0
intfloat/multilingual-e5-large-instruct,e5-large-instruct,WO-2024073831-A1_en_q_en,WO-2024073831-A1,original,en,en,2,0.0
intfloat/multilingual-e5-large-instruct,e5-large-instruct,WO-2025200966-A1_fr_q_fr,WO-2025200966-A1,original,fr,fr,1,1.0
intfloat/multilingual-e5-large-instruct,e5-large-instruct,MX-2025005215-A_es_q_es,MX-2025005215-A,original,es,es,1,1.0
intfloat/multilingual-e5-large-instruct,e5-large-instruct,WO-2025080163-A1_fr_q_fr,WO-2025080163-A1,original,fr,fr,2,0.0
intfloat/multilingual-e5-large-instruct,e5-large-instruct,WO-2025200089-A1_en_q_en,WO-2025200089-A1,original,en,en,2,0.0
intfloat/multilingual-e5-large-instruct,e5-large-instruct,WO-2025073021-A1_en_q_en,WO-2025073021-A1,original,en,en,2,0.5
intfloat/multilingual-e5-large-instruct,e5-large-instruct,WO-2025186263-A8_fr_q_fr,WO-2025186263-A8,original,fr,fr,1,0.0
intfloat/multilingual-e5-large-instruct,e5-large-instruct,WO-2025211336-A1_en_q_en,WO-2025211336-A1,original,en,en,1,0.0
intfloat/multilingual-e5-large-instruct,e5-large-instruct,WO-2025078189-A1_en_q_en,WO-2025078189-A1,original,en,en,3,0.0
intfloat/multilingual-e5-large-instruct,e5-large-instruct,ES-3033921-A1_en_q_en,ES-3033921-A1,original,en,en,1,0.0
intfloat/multilingual-e5-large-instruct,e5-large-instruct,WO-2025154762-A1_fr_q_fr,WO-2025154762-A1,original,fr,fr,2,0.0
intfloat/multilingual-e5-large-instruct,e5-large-instruct,EP-4634323-A1_en_q_en,EP-4634323-A1,original,en,en,2,0.0
intfloat/multilingual-e5-large-instruct,e5-large-instruct,WO-2025189143-A8_en_q_en,WO-2025189143-A8,original,en,en,1,1.0
intfloat/multilingual-e5-large-instruct,e5-large-instruct,MX-2025009632-A_en_q_en,MX-2025009632-A,original,en,en,2,0.0
intfloat/multilingual-e5-large-instruct,e5-large-instruct,EP-4626395-A1_fr_q_fr,EP-4626395-A1,original,fr,fr,1,0.0
intfloat/multilingual-e5-large-instruct,e5-large-instruct,WO-2025203678-A1_fr_q_fr,WO-2025203678-A1,original,fr,fr,2,0.0
intfloat/multilingual-e5-large-instruct,e5-large-instruct,WO-2025187095-A8_fr_q_fr,WO-2025187095-A8,original,fr,fr,1,1.0
intfloat/multilingual-e5-large-instruct,e5-large-instruct,EP-4626938-A1_en_q_en,EP-4626938-A1,original,en,en,2,0.0
intfloat/multilingual-e5-large-instruct,e5-large-instruct,MX-2025006010-A_en_q_en,MX-2025006010-A,original,en,en,1,0.0
intfloat/multilingual-e5-large-instruct,e5-large-instruct,WO-2025215647-A1_fr_q_fr,WO-2025215647-A1,original,fr,fr,2,0.0
intfloat/multilingual-e5-large-instruct,e5-large-instruct,WO-2025207093-A1_fr_q_fr,WO-2025207093-A1,original,fr,fr,1,0.0
intfloat/multilingual-e5-large-instruct,e5-large-instruct,MX-2025004470-A_en_q_en,MX-2025004470-A,original,en,en,1,0.0
intfloat/multilingual-e5-large-instruct,e5-large-instruct,EP-4626949-A1_fr_q_fr,EP-4626949-A1,original,fr,fr,1,0.0
intfloat/multilingual-e5-large-instruct,e5-large-instruct,WO-2025206197-A1_fr_q_fr,WO-2025206197-A1,original,fr,fr,2,0.0
intfloat/multilingual-e5-large-instruct,e5-large-instruct,WO-2022246526-A8_fr_q_fr,WO-2022246526-A8,original,fr,fr,1,0.0
intfloat/multilingual-e5-large-instruct,e5-large-instruct,MX-2025006489-A_es_q_es,MX-2025006489-A,original,es,es,2,0.0
intfloat/multilingual-e5-large-instruct,e5-large-instruct,WO-2021255541-A1_en_q_en,WO-2021255541-A1,original,en,en,2,0.0
intfloat/multilingual-e5-large-instruct,e5-large-instruct,WO-2021255541-A1_en_q_de,WO-2021255541-A1,synthetic,de,en,2,0.0
intfloat/multilingual-e5-large-instruct,e5-large-instruct,WO-2021255541-A1_fr_q_fr,WO-2021255541-A1,original,fr,fr,2,0.0
intfloat/multilingual-e5-large-instruct,e5-large-instruct,WO-2021255541-A1_en_q_es,WO-2021255541-A1,synthetic,es,en,2,0.0
intfloat/multilingual-e5-large-instruct,e5-large-instruct,WO-2021255541-A1_zh_q_zh,WO-2021255541-A1,original,zh,zh,2,0.0
intfloat/multilingual-e5-large-instruct,e5-large-instruct,EP-4634663-A1_en_q_en,EP-4634663-A1,original,en,en,1,0.0
intfloat/multilingual-e5-large-instruct,e5-large-instruct,EP-4634663-A1_en_q_de,EP-4634663-A1,synthetic,de,en,1,0.0
intfloat/multilingual-e5-large-instruct,e5-large-instruct,EP-4634663-A1_fr_q_fr,EP-4634663-A1,original,fr,fr,1,0.0
intfloat/multilingual-e5-large-instruct,e5-large-instruct,EP-4634663-A1_en_q_es,EP-4634663-A1,synthetic,es,en,1,0.0
intfloat/multilingual-e5-large-instruct,e5-large-instruct,EP-4634663-A1_en_q_zh,EP-4634663-A1,synthetic,zh,en,1,0.0
intfloat/multilingual-e5-large-instruct,e5-large-instruct,MX-2025005046-A_en_q_en,MX-2025005046-A,original,en,en,1,0.0
intfloat/multilingual-e5-large-instruct,e5-large-instruct,MX-2025005046-A_en_q_de,MX-2025005046-A,synthetic,de,en,1,0.0
intfloat/multilingual-e5-large-instruct,e5-large-instruct,MX-2025005046-A_en_q_fr,MX-2025005046-A,synthetic,fr,en,1,0.0
intfloat/multilingual-e5-large-instruct,e5-large-instruct,MX-2025005046-A_es_q_es,MX-2025005046-A,original,es,es,1,0.0
intfloat/multilingual-e5-large-instruct,e5-large-instruct,MX-2025005046-A_en_q_zh,MX-2025005046-A,synthetic,zh,en,1,0.0
intfloat/multilingual-e5-large-instruct,e5-large-instruct,MX-2025007733-A_en_q_en,MX-2025007733-A,original,en,en,2,0.0
intfloat/multilingual-e5-large-instruct,e5-large-instruct,MX-2025007733-A_en_q_de,MX-2025007733-A,synthetic,de,en,2,0.0
intfloat/multilingual-e5-large-instruct,e5-large-instruct,MX-2025007733-A_en_q_fr,MX-2025007733-A,synthetic,fr,en,2,0.0
intfloat/multilingual-e5-large-instruct,e5-large-instruct,MX-2025007733-A_es_q_es,MX-2025007733-A,original,es,es,2,0.0
intfloat/multilingual-e5-large-instruct,e5-large-instruct,MX-2025007733-A_zh_q_zh,MX-2025007733-A,original,zh,zh,2,0.0
intfloat/multilingual-e5-large-instruct,e5-large-instruct,MX-2025008227-A_en_q_en,MX-2025008227-A,original,en,en,1,1.0
intfloat/multilingual-e5-large-instruct,e5-large-instruct,MX-2025008227-A_en_q_de,MX-2025008227-A,synthetic,de,en,1,0.0
intfloat/multilingual-e5-large-instruct,e5-large-instruct,MX-2025008227-A_en_q_fr,MX-2025008227-A,synthetic,fr,en,1,0.0
intfloat/multilingual-e5-large-instruct,e5-large-instruct,MX-2025008227-A_es_q_es,MX-2025008227-A,original,es,es,1,0.0
intfloat/multilingual-e5-large-instruct,e5-large-instruct,MX-2025008227-A_en_q_zh,MX-2025008227-A,synthetic,zh,en,1,0.0
intfloat/multilingual-e5-large-instruct,e5-large-instruct,WO-2025186592-A8_en_q_en,WO-2025186592-A8,original,en,en,1,0.0
intfloat/multilingual-e5-large-instruct,e5-large-instruct,WO-2025186592-A8_en_q_de,WO-2025186592-A8,synthetic,de,en,1,0.0
intfloat/multilingual-e5-large-instruct,e5-large-instruct,WO-2025186592-A8_fr_q_fr,WO-2025186592-A8,original,fr,fr,1,0.0
intfloat/multilingual-e5-large-instruct,e5-large-instruct,WO-2025186592-A8_en_q_es,WO-2025186592-A8,synthetic,es,en,1,0.0
intfloat/multilingual-e5-large-instruct,e5-large-instruct,WO-2025186592-A8_en_q_zh,WO-2025186592-A8,synthetic,zh,en,1,0.0
intfloat/multilingual-e5-large-instruct,e5-large-instruct,MX-2025005709-A_en_q_en,MX-2025005709-A,original,en,en,1,0.0
intfloat/multilingual-e5-large-instruct,e5-large-instruct,MX-2025005709-A_en_q_de,MX-2025005709-A,synthetic,de,en,1,0.0
intfloat/multilingual-e5-large-instruct,e5-large-instruct,MX-2025005709-A_en_q_fr,MX-2025005709-A,synthetic,fr,en,1,0.0
intfloat/multilingual-e5-large-instruct,e5-large-instruct,MX-2025005709-A_es_q_es,MX-2025005709-A,original,es,es,1,0.0
intfloat/multilingual-e5-large-instruct,e5-large-instruct,MX-2025005709-A_en_q_zh,MX-2025005709-A,synthetic,zh,en,1,0.0
intfloat/multilingual-e5-large-instruct,e5-large-instruct,MX-2025009739-A_en_q_en,MX-2025009739-A,original,en,en,2,0.0
intfloat/multilingual-e5-large-instruct,e5-large-instruct,MX-2025009739-A_en_q_de,MX-2025009739-A,synthetic,de,en,2,0.0
intfloat/multilingual-e5-large-instruct,e5-large-instruct,MX-2025009739-A_en_q_fr,MX-2025009739-A,synthetic,fr,en,2,0.0
intfloat/multilingual-e5-large-instruct,e5-large-instruct,MX-2025009739-A_es_q_es,MX-2025009739-A,original,es,es,2,0.0
intfloat/multilingual-e5-large-instruct,e5-large-instruct,MX-2025009739-A_zh_q_zh,MX-2025009739-A,original,zh,zh,2,0.0
intfloat/multilingual-e5-large-instruct,e5-large-instruct,MX-2025008260-A_en_q_en,MX-2025008260-A,original,en,en,2,0.0
intfloat/multilingual-e5-large-instruct,e5-large-instruct,MX-2025008260-A_en_q_de,MX-2025008260-A,synthetic,de,en,2,0.0
intfloat/multilingual-e5-large-instruct,e5-large-instruct,MX-2025008260-A_en_q_fr,MX-2025008260-A,synthetic,fr,en,2,0.0
intfloat/multilingual-e5-large-instruct,e5-large-instruct,MX-2025008260-A_es_q_es,MX-2025008260-A,original,es,es,2,0.0
intfloat/multilingual-e5-large-instruct,e5-large-instruct,MX-2025008260-A_zh_q_zh,MX-2025008260-A,original,zh,zh,2,0.0
intfloat/multilingual-e5-large-instruct,e5-large-instruct,WO-2025216711-A1_en_q_en,WO-2025216711-A1,original,en,en,2,0.5
intfloat/multilingual-e5-large-instruct,e5-large-instruct,WO-2025216711-A1_en_q_de,WO-2025216711-A1,synthetic,de,en,2,1.0
intfloat/multilingual-e5-large-instruct,e5-large-instruct,WO-2025216711-A1_fr_q_fr,WO-2025216711-A1,original,fr,fr,2,0.0
intfloat/multilingual-e5-large-instruct,e5-large-instruct,WO-2025216711-A1_en_q_es,WO-2025216711-A1,synthetic,es,en,2,0.0
intfloat/multilingual-e5-large-instruct,e5-large-instruct,WO-2025216711-A1_zh_q_zh,WO-2025216711-A1,original,zh,zh,2,0.5
Alibaba-NLP/gte-multilingual-base,gte-base,EP-4633662-A1_en_q_en,EP-4633662-A1,original,en,en,1,0.0
Alibaba-NLP/gte-multilingual-base,gte-base,EP-4630509-A1_fr_q_fr,EP-4630509-A1,original,fr,fr,2,0.0
Alibaba-NLP/gte-multilingual-base,gte-base,EP-4634248-A1_en_q_es,EP-4634248-A1,synthetic,es,en,1,0.0
Alibaba-NLP/gte-multilingual-base,gte-base,EP-4634187-A1_en_q_es,EP-4634187-A1,synthetic,es,en,1,0.0
Alibaba-NLP/gte-multilingual-base,gte-base,EP-4634142-A1_fr_q_fr,EP-4634142-A1,original,fr,fr,2,0.0
Alibaba-NLP/gte-multilingual-base,gte-base,EP-4633768-A2_en_q_es,EP-4633768-A2,synthetic,es,en,1,0.0
Alibaba-NLP/gte-multilingual-base,gte-base,EP-4633645-A1_fr_q_fr,EP-4633645-A1,original,fr,fr,1,0.0
Alibaba-NLP/gte-multilingual-base,gte-base,EP-4633622-A2_en_q_de,EP-4633622-A2,synthetic,de,en,1,0.0
Alibaba-NLP/gte-multilingual-base,gte-base,EP-4634601-A1_en_q_en,EP-4634601-A1,original,en,en,1,0.0
Alibaba-NLP/gte-multilingual-base,gte-base,EP-4630626-A1_de_q_de,EP-4630626-A1,original,de,de,2,0.0
Alibaba-NLP/gte-multilingual-base,gte-base,EP-4630600-A1_de_q_en,EP-4630600-A1,synthetic,en,de,2,0.0
Alibaba-NLP/gte-multilingual-base,gte-base,EP-4633632-A1_en_q_es,EP-4633632-A1,synthetic,es,en,2,0.0
Alibaba-NLP/gte-multilingual-base,gte-base,EP-4634136-A1_en_q_es,EP-4634136-A1,synthetic,es,en,1,0.0
Alibaba-NLP/gte-multilingual-base,gte-base,EP-4634157-A1_en_q_de,EP-4634157-A1,synthetic,de,en,1,0.0
Alibaba-NLP/gte-multilingual-base,gte-base,EP-4630574-A1_de_q_en,EP-4630574-A1,synthetic,en,de,2,0.0
Alibaba-NLP/gte-multilingual-base,gte-base,EP-4634111-A1_en_q_de,EP-4634111-A1,synthetic,de,en,1,0.0
Alibaba-NLP/gte-multilingual-base,gte-base,EP-4634596-A1_en_q_es,EP-4634596-A1,synthetic,es,en,1,0.0
Alibaba-NLP/gte-multilingual-base,gte-base,EP-4634139-A1_en_q_es,EP-4634139-A1,synthetic,es,en,1,0.0
Alibaba-NLP/gte-multilingual-base,gte-base,WO-2025153617-A3_de_q_en,WO-2025153617-A3,synthetic,en,de,2,0.0
Alibaba-NLP/gte-multilingual-base,gte-base,EP-4634251-A1_en_q_es,EP-4634251-A1,synthetic,es,en,2,0.0
Alibaba-NLP/gte-multilingual-base,gte-base,EP-4634426-A1_en_q_es,EP-4634426-A1,synthetic,es,en,2,0.0
Alibaba-NLP/gte-multilingual-base,gte-base,EP-4634729-A1_en_q_de,EP-4634729-A1,synthetic,de,en,1,0.0
Alibaba-NLP/gte-multilingual-base,gte-base,EP-4626569-A1_de_q_en,EP-4626569-A1,synthetic,en,de,2,0.0
Alibaba-NLP/gte-multilingual-base,gte-base,EP-4634394-A2_en_q_es,EP-4634394-A2,synthetic,es,en,1,0.0
Alibaba-NLP/gte-multilingual-base,gte-base,EP-4634424-A1_en_q_es,EP-4634424-A1,synthetic,es,en,1,0.0
Alibaba-NLP/gte-multilingual-base,gte-base,EP-4633602-A1_en_q_de,EP-4633602-A1,synthetic,de,en,1,0.0
Alibaba-NLP/gte-multilingual-base,gte-base,EP-4634337-A1_en_q_en,EP-4634337-A1,original,en,en,2,0.0
Alibaba-NLP/gte-multilingual-base,gte-base,EP-4634128-A1_en_q_en,EP-4634128-A1,original,en,en,1,0.0
Alibaba-NLP/gte-multilingual-base,gte-base,EP-4633896-A1_en_q_en,EP-4633896-A1,original,en,en,1,0.0
Alibaba-NLP/gte-multilingual-base,gte-base,WO-2025215091-A1_fr_q_fr,WO-2025215091-A1,original,fr,fr,2,0.0
Alibaba-NLP/gte-multilingual-base,gte-base,EP-4633599-A1_fr_q_fr,EP-4633599-A1,original,fr,fr,1,0.0
Alibaba-NLP/gte-multilingual-base,gte-base,EP-4633656-A1_fr_q_fr,EP-4633656-A1,original,fr,fr,1,0.0
Alibaba-NLP/gte-multilingual-base,gte-base,WO-2025208167-A1_de_q_de,WO-2025208167-A1,original,de,de,2,0.0
Alibaba-NLP/gte-multilingual-base,gte-base,EP-4634396-A1_fr_q_fr,EP-4634396-A1,original,fr,fr,1,0.0
Alibaba-NLP/gte-multilingual-base,gte-base,EP-4633893-A1_fr_q_fr,EP-4633893-A1,original,fr,fr,1,0.0
Alibaba-NLP/gte-multilingual-base,gte-base,EP-4633462-A1_en_q_en,EP-4633462-A1,original,en,en,2,0.0
Alibaba-NLP/gte-multilingual-base,gte-base,EP-4633386-A1_en_q_en,EP-4633386-A1,original,en,en,1,0.0
Alibaba-NLP/gte-multilingual-base,gte-base,EP-4633970-A1_fr_q_fr,EP-4633970-A1,original,fr,fr,1,0.0
Alibaba-NLP/gte-multilingual-base,gte-base,EP-4633415-A1_en_q_en,EP-4633415-A1,original,en,en,1,0.0
Alibaba-NLP/gte-multilingual-base,gte-base,EP-4633415-A1_en_q_de,EP-4633415-A1,synthetic,de,en,1,0.0
Alibaba-NLP/gte-multilingual-base,gte-base,EP-4633415-A1_fr_q_fr,EP-4633415-A1,original,fr,fr,1,0.0
Alibaba-NLP/gte-multilingual-base,gte-base,EP-4633415-A1_en_q_es,EP-4633415-A1,synthetic,es,en,1,0.0
Alibaba-NLP/gte-multilingual-base,gte-base,EP-4633950-A1_en_q_en,EP-4633950-A1,original,en,en,1,0.0
Alibaba-NLP/gte-multilingual-base,gte-base,EP-4633950-A1_en_q_de,EP-4633950-A1,synthetic,de,en,1,0.0
Alibaba-NLP/gte-multilingual-base,gte-base,EP-4633950-A1_fr_q_fr,EP-4633950-A1,original,fr,fr,1,0.0
Alibaba-NLP/gte-multilingual-base,gte-base,EP-4633950-A1_en_q_es,EP-4633950-A1,synthetic,es,en,1,0.0
Alibaba-NLP/gte-multilingual-base,gte-base,EP-4634629-A1_en_q_en,EP-4634629-A1,original,en,en,2,0.0
Alibaba-NLP/gte-multilingual-base,gte-base,EP-4634629-A1_de_q_de,EP-4634629-A1,original,de,de,2,0.0
Alibaba-NLP/gte-multilingual-base,gte-base,EP-4634629-A1_fr_q_fr,EP-4634629-A1,original,fr,fr,2,0.0
Alibaba-NLP/gte-multilingual-base,gte-base,EP-4634629-A1_en_q_es,EP-4634629-A1,synthetic,es,en,2,0.0
Alibaba-NLP/gte-multilingual-base,gte-base,EP-4633582-A1_en_q_es,EP-4633582-A1,synthetic,es,en,1,0.0
Alibaba-NLP/gte-multilingual-base,gte-base,EP-4634165-A1_en_q_es,EP-4634165-A1,synthetic,es,en,1,0.0
Alibaba-NLP/gte-multilingual-base,gte-base,EP-4633677-A1_en_q_de,EP-4633677-A1,synthetic,de,en,1,0.0
Alibaba-NLP/gte-multilingual-base,gte-base,EP-4634246-A1_en_q_en,EP-4634246-A1,original,en,en,1,0.0
Alibaba-NLP/gte-multilingual-base,gte-base,EP-4634120-A1_en_q_de,EP-4634120-A1,synthetic,de,en,1,0.0
Alibaba-NLP/gte-multilingual-base,gte-base,EP-4633638-A1_en_q_en,EP-4633638-A1,original,en,en,1,0.0
Alibaba-NLP/gte-multilingual-base,gte-base,EP-4633389-A1_en_q_en,EP-4633389-A1,original,en,en,1,0.0
Alibaba-NLP/gte-multilingual-base,gte-base,WO-2025209629-A1_de_q_es,WO-2025209629-A1,synthetic,es,de,2,0.0
Alibaba-NLP/gte-multilingual-base,gte-base,EP-4634132-A2_en_q_en,EP-4634132-A2,original,en,en,1,0.0
Alibaba-NLP/gte-multilingual-base,gte-base,EP-4634914-A1_en_q_es,EP-4634914-A1,synthetic,es,en,1,0.0
Alibaba-NLP/gte-multilingual-base,gte-base,EP-4634285-A1_en_q_de,EP-4634285-A1,synthetic,de,en,1,0.0
Alibaba-NLP/gte-multilingual-base,gte-base,EP-4634122-A1_fr_q_fr,EP-4634122-A1,original,fr,fr,1,0.0
Alibaba-NLP/gte-multilingual-base,gte-base,EP-4634365-A1_fr_q_fr,EP-4634365-A1,original,fr,fr,1,0.0
Alibaba-NLP/gte-multilingual-base,gte-base,WO-2025214709-A1_de_q_es,WO-2025214709-A1,synthetic,es,de,2,0.0
Alibaba-NLP/gte-multilingual-base,gte-base,EP-4633426-A2_en_q_es,EP-4633426-A2,synthetic,es,en,2,0.0
Alibaba-NLP/gte-multilingual-base,gte-base,EP-4630604-A1_de_q_es,EP-4630604-A1,synthetic,es,de,2,0.0
Alibaba-NLP/gte-multilingual-base,gte-base,EP-4634118-A1_en_q_es,EP-4634118-A1,synthetic,es,en,2,0.0
Alibaba-NLP/gte-multilingual-base,gte-base,EP-4634404-A1_en_q_de,EP-4634404-A1,synthetic,de,en,1,0.0
Alibaba-NLP/gte-multilingual-base,gte-base,EP-4633465-A1_en_q_de,EP-4633465-A1,synthetic,de,en,1,0.0
Alibaba-NLP/gte-multilingual-base,gte-base,EP-4633680-A1_en_q_es,EP-4633680-A1,synthetic,es,en,1,0.0
Alibaba-NLP/gte-multilingual-base,gte-base,WO-2025201606-A1_de_q_es,WO-2025201606-A1,synthetic,es,de,2,0.0
Alibaba-NLP/gte-multilingual-base,gte-base,EP-4634435-A1_en_q_de,EP-4634435-A1,synthetic,de,en,1,0.0
Alibaba-NLP/gte-multilingual-base,gte-base,EP-4634143-A1_en_q_de,EP-4634143-A1,synthetic,de,en,1,0.0
Alibaba-NLP/gte-multilingual-base,gte-base,EP-4634411-A1_en_q_de,EP-4634411-A1,synthetic,de,en,1,0.0
Alibaba-NLP/gte-multilingual-base,gte-base,EP-4634287-A1_en_q_es,EP-4634287-A1,synthetic,es,en,2,0.0
Alibaba-NLP/gte-multilingual-base,gte-base,EP-4633627-A1_en_q_de,EP-4633627-A1,synthetic,de,en,1,0.0
Alibaba-NLP/gte-multilingual-base,gte-base,EP-4633670-A1_fr_q_fr,EP-4633670-A1,original,fr,fr,1,0.0
Alibaba-NLP/gte-multilingual-base,gte-base,WO-2025202163-A1_fr_q_fr,WO-2025202163-A1,original,fr,fr,2,0.0
Alibaba-NLP/gte-multilingual-base,gte-base,WO-2025214852-A1_fr_q_fr,WO-2025214852-A1,original,fr,fr,2,0.0
Alibaba-NLP/gte-multilingual-base,gte-base,WO-2025214996-A1_fr_q_fr,WO-2025214996-A1,original,fr,fr,2,0.0
Alibaba-NLP/gte-multilingual-base,gte-base,EP-4630123-A1_de_q_de,EP-4630123-A1,original,de,de,2,0.0
Alibaba-NLP/gte-multilingual-base,gte-base,EP-4634646-A1_en_q_en,EP-4634646-A1,original,en,en,1,0.0
Alibaba-NLP/gte-multilingual-base,gte-base,EP-4634294-A1_en_q_en,EP-4634294-A1,original,en,en,1,0.0
Alibaba-NLP/gte-multilingual-base,gte-base,EP-4634436-A1_fr_q_fr,EP-4634436-A1,original,fr,fr,1,0.0
Alibaba-NLP/gte-multilingual-base,gte-base,EP-4633761-A1_en_q_en,EP-4633761-A1,original,en,en,1,0.0
Alibaba-NLP/gte-multilingual-base,gte-base,WO-2025215167-A1_de_q_de,WO-2025215167-A1,original,de,de,2,0.0
Alibaba-NLP/gte-multilingual-base,gte-base,EP-4626962-A1_de_q_en,EP-4626962-A1,synthetic,en,de,2,0.0
Alibaba-NLP/gte-multilingual-base,gte-base,EP-4626962-A1_de_q_de,EP-4626962-A1,original,de,de,2,0.0
Alibaba-NLP/gte-multilingual-base,gte-base,EP-4626962-A1_fr_q_fr,EP-4626962-A1,original,fr,fr,2,0.0
Alibaba-NLP/gte-multilingual-base,gte-base,EP-4626962-A1_de_q_es,EP-4626962-A1,synthetic,es,de,2,0.0
Alibaba-NLP/gte-multilingual-base,gte-base,WO-2025201936-A1_de_q_en,WO-2025201936-A1,synthetic,en,de,2,0.0
Alibaba-NLP/gte-multilingual-base,gte-base,WO-2025201936-A1_fr_q_fr,WO-2025201936-A1,original,fr,fr,2,0.0
Alibaba-NLP/gte-multilingual-base,gte-base,WO-2025201936-A1_de_q_es,WO-2025201936-A1,synthetic,es,de,2,0.0
Alibaba-NLP/gte-multilingual-base,gte-base,EP-4634597-A1_en_q_en,EP-4634597-A1,original,en,en,1,0.0
Alibaba-NLP/gte-multilingual-base,gte-base,EP-4634597-A1_en_q_de,EP-4634597-A1,synthetic,de,en,1,0.0
Alibaba-NLP/gte-multilingual-base,gte-base,EP-4634597-A1_fr_q_fr,EP-4634597-A1,original,fr,fr,1,0.0
Alibaba-NLP/gte-multilingual-base,gte-base,EP-4634597-A1_en_q_es,EP-4634597-A1,synthetic,es,en,1,0.0
Alibaba-NLP/gte-multilingual-base,gte-base,EP-4634381-A1_en_q_zh,EP-4634381-A1,synthetic,zh,en,1,0.0
Alibaba-NLP/gte-multilingual-base,gte-base,EP-4633589-A1_en_q_zh,EP-4633589-A1,synthetic,zh,en,1,0.0
Alibaba-NLP/gte-multilingual-base,gte-base,EP-4627024-A1_de_q_zh,EP-4627024-A1,synthetic,zh,de,2,0.0
Alibaba-NLP/gte-multilingual-base,gte-base,EP-4634926-A1_en_q_zh,EP-4634926-A1,synthetic,zh,en,1,0.0
Alibaba-NLP/gte-multilingual-base,gte-base,EP-4633863-A2_en_q_zh,EP-4633863-A2,synthetic,zh,en,2,0.0
Alibaba-NLP/gte-multilingual-base,gte-base,EP-4633797-A1_en_q_zh,EP-4633797-A1,synthetic,zh,en,1,0.0
Alibaba-NLP/gte-multilingual-base,gte-base,EP-4633777-A1_en_q_zh,EP-4633777-A1,synthetic,zh,en,1,0.0
Alibaba-NLP/gte-multilingual-base,gte-base,EP-4633621-A1_en_q_zh,EP-4633621-A1,synthetic,zh,en,1,0.0
Alibaba-NLP/gte-multilingual-base,gte-base,EP-4634723-A1_en_q_zh,EP-4634723-A1,synthetic,zh,en,1,0.0
Alibaba-NLP/gte-multilingual-base,gte-base,EP-4633581-A1_en_q_zh,EP-4633581-A1,synthetic,zh,en,1,0.0
Alibaba-NLP/gte-multilingual-base,gte-base,EP-4634416-A1_en_q_zh,EP-4634416-A1,synthetic,zh,en,1,0.0
Alibaba-NLP/gte-multilingual-base,gte-base,EP-4634305-A1_en_q_zh,EP-4634305-A1,synthetic,zh,en,1,0.0
Alibaba-NLP/gte-multilingual-base,gte-base,EP-4633531-A1_en_q_zh,EP-4633531-A1,synthetic,zh,en,1,0.0
Alibaba-NLP/gte-multilingual-base,gte-base,EP-4634333-A1_en_q_zh,EP-4634333-A1,synthetic,zh,en,1,0.0
Alibaba-NLP/gte-multilingual-base,gte-base,EP-4634212-A1_en_q_zh,EP-4634212-A1,synthetic,zh,en,1,0.0
Alibaba-NLP/gte-multilingual-base,gte-base,EP-4629959-A1_de_q_zh,EP-4629959-A1,synthetic,zh,de,2,0.0
Alibaba-NLP/gte-multilingual-base,gte-base,EP-4627881-A1_de_q_zh,EP-4627881-A1,synthetic,zh,de,2,0.0
Alibaba-NLP/gte-multilingual-base,gte-base,EP-4633576-A1_en_q_zh,EP-4633576-A1,synthetic,zh,en,1,0.0
Alibaba-NLP/gte-multilingual-base,gte-base,EP-4633742-A2_en_q_zh,EP-4633742-A2,synthetic,zh,en,1,0.0
Alibaba-NLP/gte-multilingual-base,gte-base,EP-4633791-A1_en_q_zh,EP-4633791-A1,synthetic,zh,en,1,0.0
Alibaba-NLP/gte-multilingual-base,gte-base,EP-4630574-A1_fr_q_fr,EP-4630574-A1,original,fr,fr,2,0.0
Alibaba-NLP/gte-multilingual-base,gte-base,EP-4634111-A1_fr_q_fr,EP-4634111-A1,original,fr,fr,1,0.0
Alibaba-NLP/gte-multilingual-base,gte-base,EP-4633622-A2_en_q_es,EP-4633622-A2,synthetic,es,en,1,0.0
Alibaba-NLP/gte-multilingual-base,gte-base,EP-4634187-A1_en_q_es_120,EP-4634187-A1,synthetic,es,en,1,0.0
Alibaba-NLP/gte-multilingual-base,gte-base,EP-4634139-A1_fr_q_fr,EP-4634139-A1,original,fr,fr,1,0.0
Alibaba-NLP/gte-multilingual-base,gte-base,EP-4634136-A1_en_q_en,EP-4634136-A1,original,en,en,1,0.0
Alibaba-NLP/gte-multilingual-base,gte-base,EP-4634136-A1_en_q_de,EP-4634136-A1,synthetic,de,en,1,0.0
Alibaba-NLP/gte-multilingual-base,gte-base,EP-4634136-A1_fr_q_fr,EP-4634136-A1,original,fr,fr,1,0.0
Alibaba-NLP/gte-multilingual-base,gte-base,EP-4634136-A1_en_q_es_125,EP-4634136-A1,synthetic,es,en,1,0.0
Alibaba-NLP/gte-multilingual-base,gte-base,q_126_zh,EP-4634136-A1,original,zh,,2,0.0
Alibaba-NLP/gte-multilingual-base,gte-base,EP-4634248-A1_en_q_en,EP-4634248-A1,original,en,en,1,0.0
Alibaba-NLP/gte-multilingual-base,gte-base,EP-4634142-A1_en_q_es,EP-4634142-A1,synthetic,es,en,2,0.0
Alibaba-NLP/gte-multilingual-base,gte-base,WO-2025214812-A1_de_q_es,WO-2025214812-A1,synthetic,es,de,2,0.0
Alibaba-NLP/gte-multilingual-base,gte-base,EP-4633662-A1_en_q_de,EP-4633662-A1,synthetic,de,en,1,0.0
Alibaba-NLP/gte-multilingual-base,gte-base,WO-2025153617-A3_de_q_de,WO-2025153617-A3,original,de,de,2,0.0
Alibaba-NLP/gte-multilingual-base,gte-base,EP-4634596-A1_en_q_en,EP-4634596-A1,original,en,en,1,0.0
Alibaba-NLP/gte-multilingual-base,gte-base,EP-4634596-A1_en_q_de,EP-4634596-A1,synthetic,de,en,1,0.0
Alibaba-NLP/gte-multilingual-base,gte-base,EP-4634596-A1_fr_q_fr,EP-4634596-A1,original,fr,fr,1,0.0
Alibaba-NLP/gte-multilingual-base,gte-base,EP-4634596-A1_en_q_es_135,EP-4634596-A1,synthetic,es,en,1,0.0
Alibaba-NLP/gte-multilingual-base,gte-base,q_136_zh,EP-4634596-A1,original,zh,,2,0.0
Alibaba-NLP/gte-multilingual-base,gte-base,EP-4626887-A1_en_q_en,EP-4626887-A1,original,en,en,1,0.0
Alibaba-NLP/gte-multilingual-base,gte-base,EP-4630033-A1_en_q_en,EP-4630033-A1,original,en,en,1,0.0
Alibaba-NLP/gte-multilingual-base,gte-base,EP-4532639-A1_fr_q_fr,EP-4532639-A1,original,fr,fr,2,0.0
Alibaba-NLP/gte-multilingual-base,gte-base,EP-4627010-A1_en_q_de,EP-4627010-A1,synthetic,de,en,1,0.0
Alibaba-NLP/gte-multilingual-base,gte-base,EP-4626937-A1_en_q_de,EP-4626937-A1,synthetic,de,en,1,0.0
Alibaba-NLP/gte-multilingual-base,gte-base,WO-2022119476-A1_en_q_de,WO-2022119476-A1,synthetic,de,en,1,0.0
Alibaba-NLP/gte-multilingual-base,gte-base,WO-2025131900-A1_en_q_en,WO-2025131900-A1,original,en,en,3,0.0
Alibaba-NLP/gte-multilingual-base,gte-base,WO-2025200741-A1_en_q_zh,WO-2025200741-A1,synthetic,zh,en,1,0.0
Alibaba-NLP/gte-multilingual-base,gte-base,MX-2025009603-A_en_q_en,MX-2025009603-A,original,en,en,2,0.0
Alibaba-NLP/gte-multilingual-base,gte-base,MX-2025009952-A_en_q_zh,MX-2025009952-A,synthetic,zh,en,1,0.0
Alibaba-NLP/gte-multilingual-base,gte-base,WO-2025150253-A1_en_q_es,WO-2025150253-A1,synthetic,es,en,1,0.0
Alibaba-NLP/gte-multilingual-base,gte-base,WO-2025186929-A8_en_q_en,WO-2025186929-A8,original,en,en,1,0.0
Alibaba-NLP/gte-multilingual-base,gte-base,WO-2025211042-A1_en_q_en,WO-2025211042-A1,original,en,en,1,0.0
Alibaba-NLP/gte-multilingual-base,gte-base,WO-2025209205-A1_en_q_en,WO-2025209205-A1,original,en,en,2,0.0
Alibaba-NLP/gte-multilingual-base,gte-base,WO-2025207982-A1_en_q_de,WO-2025207982-A1,synthetic,de,en,1,0.0
Alibaba-NLP/gte-multilingual-base,gte-base,WO-2025210325-A1_en_q_de,WO-2025210325-A1,synthetic,de,en,1,0.0
Alibaba-NLP/gte-multilingual-base,gte-base,WO-2025216427-A1_zh_q_zh,WO-2025216427-A1,original,zh,zh,2,0.0
Alibaba-NLP/gte-multilingual-base,gte-base,WO-2025197823-A1_zh_q_zh,WO-2025197823-A1,original,zh,zh,2,0.0
Alibaba-NLP/gte-multilingual-base,gte-base,MX-2025002756-A_en_q_en,MX-2025002756-A,original,en,en,1,0.0
Alibaba-NLP/gte-multilingual-base,gte-base,WO-2025202632-A1_en_q_en,WO-2025202632-A1,original,en,en,1,0.0
Alibaba-NLP/gte-multilingual-base,gte-base,EP-4627608-A1_en_q_en,EP-4627608-A1,original,en,en,1,0.0
Alibaba-NLP/gte-multilingual-base,gte-base,EP-4634668-A1_fr_q_fr,EP-4634668-A1,original,fr,fr,1,0.0
Alibaba-NLP/gte-multilingual-base,gte-base,MX-2025009965-A_en_q_de,MX-2025009965-A,synthetic,de,en,1,0.0
Alibaba-NLP/gte-multilingual-base,gte-base,WO-2025164300-A1_en_q_de,WO-2025164300-A1,synthetic,de,en,1,0.0
Alibaba-NLP/gte-multilingual-base,gte-base,MX-2025009189-A_en_q_de,MX-2025009189-A,synthetic,de,en,1,0.0
Alibaba-NLP/gte-multilingual-base,gte-base,WO-2024253632-A1_en_q_en,WO-2024253632-A1,original,en,en,1,0.0
Alibaba-NLP/gte-multilingual-base,gte-base,WO-2025216023-A1_zh_q_zh,WO-2025216023-A1,original,zh,zh,2,0.0
Alibaba-NLP/gte-multilingual-base,gte-base,WO-2025211128-A1_en_q_en,WO-2025211128-A1,original,en,en,1,0.0
Alibaba-NLP/gte-multilingual-base,gte-base,MX-2025010237-A_en_q_zh,MX-2025010237-A,synthetic,zh,en,1,0.0
Alibaba-NLP/gte-multilingual-base,gte-base,EP-4633785-A2_en_q_es,EP-4633785-A2,synthetic,es,en,1,0.0
Alibaba-NLP/gte-multilingual-base,gte-base,MX-2025005737-A_en_q_en,MX-2025005737-A,original,en,en,1,0.0
Alibaba-NLP/gte-multilingual-base,gte-base,MX-2025010606-A_en_q_en,MX-2025010606-A,original,en,en,1,0.0
Alibaba-NLP/gte-multilingual-base,gte-base,MX-2025010877-A_en_q_en,MX-2025010877-A,original,en,en,1,0.0
Alibaba-NLP/gte-multilingual-base,gte-base,EP-4584035-A1_de_q_de,EP-4584035-A1,original,de,de,3,0.0
Alibaba-NLP/gte-multilingual-base,gte-base,WO-2025170306-A1_en_q_de,WO-2025170306-A1,synthetic,de,en,2,0.0
Alibaba-NLP/gte-multilingual-base,gte-base,WO-2025210569-A1_zh_q_zh,WO-2025210569-A1,original,zh,zh,2,0.0
Alibaba-NLP/gte-multilingual-base,gte-base,MX-2025010084-A_en_q_zh,MX-2025010084-A,synthetic,zh,en,1,0.0
Alibaba-NLP/gte-multilingual-base,gte-base,WO-2025186542-A8_en_q_en,WO-2025186542-A8,original,en,en,1,0.0
Alibaba-NLP/gte-multilingual-base,gte-base,WO-2025206130-A1_zh_q_zh,WO-2025206130-A1,original,zh,zh,2,0.0
Alibaba-NLP/gte-multilingual-base,gte-base,WO-2025208054-A1_en_q_de,WO-2025208054-A1,synthetic,de,en,1,0.0
Alibaba-NLP/gte-multilingual-base,gte-base,WO-2025201708-A1_en_q_zh,WO-2025201708-A1,synthetic,zh,en,1,0.0
Alibaba-NLP/gte-multilingual-base,gte-base,WO-2025141238-A1_es_q_es,WO-2025141238-A1,original,es,es,2,0.0
Alibaba-NLP/gte-multilingual-base,gte-base,MX-2025004351-A_en_q_en,MX-2025004351-A,original,en,en,1,0.0
Alibaba-NLP/gte-multilingual-base,gte-base,WO-2025200809-A1_en_q_en,WO-2025200809-A1,original,en,en,2,0.0
Alibaba-NLP/gte-multilingual-base,gte-base,WO-2025201644-A1_fr_q_fr,WO-2025201644-A1,original,fr,fr,2,0.0
Alibaba-NLP/gte-multilingual-base,gte-base,MX-2025003633-A_en_q_de,MX-2025003633-A,synthetic,de,en,1,0.0
Alibaba-NLP/gte-multilingual-base,gte-base,WO-2025170482-A1_en_q_de,WO-2025170482-A1,synthetic,de,en,2,0.0
Alibaba-NLP/gte-multilingual-base,gte-base,MX-2025002762-A_en_q_en,MX-2025002762-A,original,en,en,1,0.0
Alibaba-NLP/gte-multilingual-base,gte-base,MX-2025009196-A_en_q_de,MX-2025009196-A,synthetic,de,en,1,0.0
Alibaba-NLP/gte-multilingual-base,gte-base,EP-4584246-A1_en_q_zh,EP-4584246-A1,synthetic,zh,en,2,0.0
Alibaba-NLP/gte-multilingual-base,gte-base,WO-2022031256-A1_en_q_zh,WO-2022031256-A1,synthetic,zh,en,1,0.0
Alibaba-NLP/gte-multilingual-base,gte-base,ES-3035119-A1_en_q_fr,ES-3035119-A1,synthetic,fr,en,2,0.0
Alibaba-NLP/gte-multilingual-base,gte-base,WO-2022231470-A1_en_q_de,WO-2022231470-A1,synthetic,de,en,1,0.0
Alibaba-NLP/gte-multilingual-base,gte-base,EP-4627127-A1_en_q_de,EP-4627127-A1,synthetic,de,en,2,0.0
Alibaba-NLP/gte-multilingual-base,gte-base,WO-2025185983-A1_en_q_es,WO-2025185983-A1,synthetic,es,en,2,0.0
Alibaba-NLP/gte-multilingual-base,gte-base,EP-4627015-A1_en_q_de,EP-4627015-A1,synthetic,de,en,1,0.0
Alibaba-NLP/gte-multilingual-base,gte-base,WO-2025212979-A1_en_q_de,WO-2025212979-A1,synthetic,de,en,2,0.0
Alibaba-NLP/gte-multilingual-base,gte-base,MX-2025010953-A_en_q_zh,MX-2025010953-A,synthetic,zh,en,1,0.0
Alibaba-NLP/gte-multilingual-base,gte-base,WO-2025207427-A1_en_q_de,WO-2025207427-A1,synthetic,de,en,2,0.0
Alibaba-NLP/gte-multilingual-base,gte-base,MX-2025007532-A_en_q_de,MX-2025007532-A,synthetic,de,en,2,0.0
Alibaba-NLP/gte-multilingual-base,gte-base,EP-4627092-A1_en_q_zh,EP-4627092-A1,synthetic,zh,en,1,0.0
Alibaba-NLP/gte-multilingual-base,gte-base,EP-4584229-A1_en_q_es,EP-4584229-A1,synthetic,es,en,3,0.0
Alibaba-NLP/gte-multilingual-base,gte-base,WO-2024054196-A1_en_q_zh,WO-2024054196-A1,synthetic,zh,en,1,0.0
Alibaba-NLP/gte-multilingual-base,gte-base,WO-2025164618-A1_en_q_es,WO-2025164618-A1,synthetic,es,en,2,0.0
Alibaba-NLP/gte-multilingual-base,gte-base,EP-4626889-A1_en_q_es,EP-4626889-A1,synthetic,es,en,1,0.0
Alibaba-NLP/gte-multilingual-base,gte-base,MX-2025004761-A_en_q_zh,MX-2025004761-A,synthetic,zh,en,1,0.0
Alibaba-NLP/gte-multilingual-base,gte-base,MX-2025009867-A_en_q_de,MX-2025009867-A,synthetic,de,en,2,0.0
Alibaba-NLP/gte-multilingual-base,gte-base,WO-03042409-A3_en_q_es,WO-03042409-A3,synthetic,es,en,1,0.0
Alibaba-NLP/gte-multilingual-base,gte-base,WO-2025212474-A1_en_q_de,WO-2025212474-A1,synthetic,de,en,1,0.0
Alibaba-NLP/gte-multilingual-base,gte-base,ES-3028671-A1_en_q_zh,ES-3028671-A1,synthetic,zh,en,1,0.0
Alibaba-NLP/gte-multilingual-base,gte-base,WO-2025212467-A1_en_q_de,WO-2025212467-A1,synthetic,de,en,1,0.0
Alibaba-NLP/gte-multilingual-base,gte-base,MX-2025009862-A_en_q_fr,MX-2025009862-A,synthetic,fr,en,1,0.0
Alibaba-NLP/gte-multilingual-base,gte-base,EP-4566167-A1_en_q_es,EP-4566167-A1,synthetic,es,en,3,0.0
Alibaba-NLP/gte-multilingual-base,gte-base,WO-2025216937-A1_en_q_es,WO-2025216937-A1,synthetic,es,en,2,0.0
Alibaba-NLP/gte-multilingual-base,gte-base,EP-4630021-A1_en_q_de,EP-4630021-A1,synthetic,de,en,2,0.0
Alibaba-NLP/gte-multilingual-base,gte-base,MX-2025007206-A_en_q_de,MX-2025007206-A,synthetic,de,en,1,0.0
Alibaba-NLP/gte-multilingual-base,gte-base,EP-4504821-A1_en_q_es,EP-4504821-A1,synthetic,es,en,3,0.0
Alibaba-NLP/gte-multilingual-base,gte-base,WO-2025205793-A1_en_q_de,WO-2025205793-A1,synthetic,de,en,2,0.0
Alibaba-NLP/gte-multilingual-base,gte-base,WO-2025206825-A1_en_q_de,WO-2025206825-A1,synthetic,de,en,1,0.0
Alibaba-NLP/gte-multilingual-base,gte-base,EP-4568770-A1_en_q_es,EP-4568770-A1,synthetic,es,en,3,0.0
Alibaba-NLP/gte-multilingual-base,gte-base,WO-2025188827-A8_en_q_es,WO-2025188827-A8,synthetic,es,en,1,0.0
Alibaba-NLP/gte-multilingual-base,gte-base,MX-2025008259-A_en_q_fr,MX-2025008259-A,synthetic,fr,en,2,0.0
Alibaba-NLP/gte-multilingual-base,gte-base,WO-2025132504-A1_en_q_es,WO-2025132504-A1,synthetic,es,en,3,0.0
Alibaba-NLP/gte-multilingual-base,gte-base,MX-2025007237-A_en_q_fr,MX-2025007237-A,synthetic,fr,en,2,0.0
Alibaba-NLP/gte-multilingual-base,gte-base,MX-2025005647-A_en_q_zh,MX-2025005647-A,synthetic,zh,en,1,0.0
Alibaba-NLP/gte-multilingual-base,gte-base,WO-2025214411-A1_en_q_de,WO-2025214411-A1,synthetic,de,en,1,0.0
Alibaba-NLP/gte-multilingual-base,gte-base,EP-4623093-A2_en_q_es,EP-4623093-A2,synthetic,es,en,2,0.0
Alibaba-NLP/gte-multilingual-base,gte-base,EP-4634148-A1_en_q_de,EP-4634148-A1,synthetic,de,en,2,0.0
Alibaba-NLP/gte-multilingual-base,gte-base,WO-2025202170-A1_en_q_es,WO-2025202170-A1,synthetic,es,en,1,0.0
Alibaba-NLP/gte-multilingual-base,gte-base,EP-4507673-A1_en_q_de,EP-4507673-A1,synthetic,de,en,1,0.0
Alibaba-NLP/gte-multilingual-base,gte-base,MX-2025007577-A_en_q_fr,MX-2025007577-A,synthetic,fr,en,2,0.0
Alibaba-NLP/gte-multilingual-base,gte-base,MX-2025009131-A_en_q_zh,MX-2025009131-A,synthetic,zh,en,1,0.0
Alibaba-NLP/gte-multilingual-base,gte-base,MX-2025009990-A_en_q_zh,MX-2025009990-A,synthetic,zh,en,1,0.0
Alibaba-NLP/gte-multilingual-base,gte-base,WO-2023153953-A1_en_q_es,WO-2023153953-A1,synthetic,es,en,2,0.0
Alibaba-NLP/gte-multilingual-base,gte-base,WO-2025183548-A1_en_q_de,WO-2025183548-A1,synthetic,de,en,2,0.0
Alibaba-NLP/gte-multilingual-base,gte-base,WO-2025007163-A1_en_q_de,WO-2025007163-A1,synthetic,de,en,2,0.0
Alibaba-NLP/gte-multilingual-base,gte-base,WO-2025206959-A1_en_q_de,WO-2025206959-A1,synthetic,de,en,2,0.0
Alibaba-NLP/gte-multilingual-base,gte-base,WO-2025207810-A1_en_q_zh,WO-2025207810-A1,synthetic,zh,en,1,0.0
Alibaba-NLP/gte-multilingual-base,gte-base,WO-2025215476-A1_en_q_de,WO-2025215476-A1,synthetic,de,en,2,0.0
Alibaba-NLP/gte-multilingual-base,gte-base,WO-2023149795-A1_en_q_en,WO-2023149795-A1,original,en,en,2,0.0
Alibaba-NLP/gte-multilingual-base,gte-base,WO-2022124934-A1_en_q_es,WO-2022124934-A1,synthetic,es,en,1,0.0
Alibaba-NLP/gte-multilingual-base,gte-base,WO-2025187134-A8_en_q_en,WO-2025187134-A8,original,en,en,2,0.0
Alibaba-NLP/gte-multilingual-base,gte-base,WO-2023200358-A1_en_q_en,WO-2023200358-A1,original,en,en,2,0.0
Alibaba-NLP/gte-multilingual-base,gte-base,WO-2025216105-A1_fr_q_fr,WO-2025216105-A1,original,fr,fr,2,0.0
Alibaba-NLP/gte-multilingual-base,gte-base,MX-2025005014-A_es_q_es,MX-2025005014-A,original,es,es,1,0.0
Alibaba-NLP/gte-multilingual-base,gte-base,WO-2025216873-A1_fr_q_fr,WO-2025216873-A1,original,fr,fr,1,0.0
Alibaba-NLP/gte-multilingual-base,gte-base,WO-2025205780-A1_zh_q_zh,WO-2025205780-A1,original,zh,zh,2,0.0
Alibaba-NLP/gte-multilingual-base,gte-base,MX-2025009666-A_en_q_en,MX-2025009666-A,original,en,en,2,0.0
Alibaba-NLP/gte-multilingual-base,gte-base,WO-2025212049-A1_fr_q_fr,WO-2025212049-A1,original,fr,fr,2,0.0
Alibaba-NLP/gte-multilingual-base,gte-base,EP-4627347-A1_fr_q_fr,EP-4627347-A1,original,fr,fr,1,0.0
Alibaba-NLP/gte-multilingual-base,gte-base,MX-2025004786-A_es_q_es,MX-2025004786-A,original,es,es,1,0.0
Alibaba-NLP/gte-multilingual-base,gte-base,WO-2024063632-A1_en_q_en,WO-2024063632-A1,original,en,en,2,0.0
Alibaba-NLP/gte-multilingual-base,gte-base,WO-2025206783-A1_fr_q_fr,WO-2025206783-A1,original,fr,fr,1,0.0
Alibaba-NLP/gte-multilingual-base,gte-base,MX-2025010991-A_en_q_en,MX-2025010991-A,original,en,en,1,0.0
Alibaba-NLP/gte-multilingual-base,gte-base,MX-2025006977-A_en_q_en,MX-2025006977-A,original,en,en,1,0.0
Alibaba-NLP/gte-multilingual-base,gte-base,MX-2025008400-A_en_q_en,MX-2025008400-A,original,en,en,1,0.0
Alibaba-NLP/gte-multilingual-base,gte-base,WO-2025132390-A1_de_q_de,WO-2025132390-A1,original,de,de,3,0.0
Alibaba-NLP/gte-multilingual-base,gte-base,WO-2025204766-A1_fr_q_fr,WO-2025204766-A1,original,fr,fr,2,0.0
Alibaba-NLP/gte-multilingual-base,gte-base,WO-2025098664-A1_de_q_de,WO-2025098664-A1,original,de,de,2,0.0
Alibaba-NLP/gte-multilingual-base,gte-base,EP-4627583-A1_en_q_en,EP-4627583-A1,original,en,en,1,0.0
Alibaba-NLP/gte-multilingual-base,gte-base,EP-4630558-A2_zh_q_zh,EP-4630558-A2,original,zh,zh,2,0.0
Alibaba-NLP/gte-multilingual-base,gte-base,MX-2025010573-A_es_q_es,MX-2025010573-A,original,es,es,1,0.0
Alibaba-NLP/gte-multilingual-base,gte-base,WO-2025210917-A1_fr_q_fr,WO-2025210917-A1,original,fr,fr,2,0.0
Alibaba-NLP/gte-multilingual-base,gte-base,WO-2025150394-A1_en_q_en,WO-2025150394-A1,original,en,en,1,0.0
Alibaba-NLP/gte-multilingual-base,gte-base,MX-2025005728-A_en_q_en,MX-2025005728-A,original,en,en,1,0.0
Alibaba-NLP/gte-multilingual-base,gte-base,WO-2025177605-A1_fr_q_fr,WO-2025177605-A1,original,fr,fr,1,0.0
Alibaba-NLP/gte-multilingual-base,gte-base,MX-2025006958-A_en_q_en,MX-2025006958-A,original,en,en,2,0.0
Alibaba-NLP/gte-multilingual-base,gte-base,EP-4551675-A1_de_q_de,EP-4551675-A1,original,de,de,2,0.0
Alibaba-NLP/gte-multilingual-base,gte-base,EP-4627325-A1_fr_q_fr,EP-4627325-A1,original,fr,fr,2,0.0
Alibaba-NLP/gte-multilingual-base,gte-base,WO-2025208050-A2_en_q_en,WO-2025208050-A2,original,en,en,1,0.0
Alibaba-NLP/gte-multilingual-base,gte-base,WO-2025202994-A1_fr_q_fr,WO-2025202994-A1,original,fr,fr,1,0.0
Alibaba-NLP/gte-multilingual-base,gte-base,MX-2025006551-A_en_q_en,MX-2025006551-A,original,en,en,1,0.0
Alibaba-NLP/gte-multilingual-base,gte-base,WO-2005069422-A1_en_q_en,WO-2005069422-A1,original,en,en,1,0.0
Alibaba-NLP/gte-multilingual-base,gte-base,WO-2025194610-A1_fr_q_fr,WO-2025194610-A1,original,fr,fr,1,0.0
Alibaba-NLP/gte-multilingual-base,gte-base,MX-2025001644-A_zh_q_zh,MX-2025001644-A,original,zh,zh,2,0.0
Alibaba-NLP/gte-multilingual-base,gte-base,WO-2025216492-A1_fr_q_fr,WO-2025216492-A1,original,fr,fr,2,0.0
Alibaba-NLP/gte-multilingual-base,gte-base,WO-2025216629-A1_fr_q_fr,WO-2025216629-A1,original,fr,fr,2,0.0
Alibaba-NLP/gte-multilingual-base,gte-base,MX-2025005081-A_en_q_en,MX-2025005081-A,original,en,en,1,0.0
Alibaba-NLP/gte-multilingual-base,gte-base,WO-2025205506-A1_fr_q_fr,WO-2025205506-A1,original,fr,fr,1,0.0
Alibaba-NLP/gte-multilingual-base,gte-base,WO-2025132391-A1_de_q_de,WO-2025132391-A1,original,de,de,3,0.0
Alibaba-NLP/gte-multilingual-base,gte-base,WO-2025205634-A1_en_q_en,WO-2025205634-A1,original,en,en,1,0.0
Alibaba-NLP/gte-multilingual-base,gte-base,WO-2025120243-A1_es_q_es,WO-2025120243-A1,original,es,es,2,0.0
Alibaba-NLP/gte-multilingual-base,gte-base,WO-2025201672-A1_fr_q_fr,WO-2025201672-A1,original,fr,fr,1,0.0
Alibaba-NLP/gte-multilingual-base,gte-base,MX-2025008970-A_es_q_es,MX-2025008970-A,original,es,es,1,0.0
Alibaba-NLP/gte-multilingual-base,gte-base,MX-2025009075-A_zh_q_zh,MX-2025009075-A,original,zh,zh,2,0.0
Alibaba-NLP/gte-multilingual-base,gte-base,WO-2025210445-A1_fr_q_fr,WO-2025210445-A1,original,fr,fr,1,0.0
Alibaba-NLP/gte-multilingual-base,gte-base,WO-2025206090-A1_fr_q_fr,WO-2025206090-A1,original,fr,fr,1,0.0
Alibaba-NLP/gte-multilingual-base,gte-base,MX-2025006643-A_en_q_en,MX-2025006643-A,original,en,en,1,0.0
Alibaba-NLP/gte-multilingual-base,gte-base,MX-2025010190-A_en_q_en,MX-2025010190-A,original,en,en,2,0.0
Alibaba-NLP/gte-multilingual-base,gte-base,EP-4577789-A1_zh_q_zh,EP-4577789-A1,original,zh,zh,3,0.0
Alibaba-NLP/gte-multilingual-base,gte-base,WO-2025204469-A1_en_q_en,WO-2025204469-A1,original,en,en,2,0.0
Alibaba-NLP/gte-multilingual-base,gte-base,WO-2025204469-A1_en_q_de,WO-2025204469-A1,synthetic,de,en,2,0.0
Alibaba-NLP/gte-multilingual-base,gte-base,WO-2025204469-A1_fr_q_fr,WO-2025204469-A1,original,fr,fr,2,0.0
Alibaba-NLP/gte-multilingual-base,gte-base,WO-2025204469-A1_en_q_es,WO-2025204469-A1,synthetic,es,en,2,0.0
Alibaba-NLP/gte-multilingual-base,gte-base,WO-2025204469-A1_zh_q_zh,WO-2025204469-A1,original,zh,zh,2,0.0
Alibaba-NLP/gte-multilingual-base,gte-base,MX-2025010085-A_en_q_en,MX-2025010085-A,original,en,en,1,0.0
Alibaba-NLP/gte-multilingual-base,gte-base,MX-2025010085-A_en_q_de,MX-2025010085-A,synthetic,de,en,1,0.0
Alibaba-NLP/gte-multilingual-base,gte-base,MX-2025010085-A_en_q_fr,MX-2025010085-A,synthetic,fr,en,1,0.0
Alibaba-NLP/gte-multilingual-base,gte-base,MX-2025010085-A_es_q_es,MX-2025010085-A,original,es,es,1,0.0
Alibaba-NLP/gte-multilingual-base,gte-base,MX-2025010085-A_en_q_zh,MX-2025010085-A,synthetic,zh,en,1,0.0
Alibaba-NLP/gte-multilingual-base,gte-base,MX-2025005421-A_en_q_en,MX-2025005421-A,original,en,en,1,0.0
Alibaba-NLP/gte-multilingual-base,gte-base,MX-2025005421-A_en_q_de,MX-2025005421-A,synthetic,de,en,1,0.0
Alibaba-NLP/gte-multilingual-base,gte-base,MX-2025005421-A_en_q_fr,MX-2025005421-A,synthetic,fr,en,1,0.0
Alibaba-NLP/gte-multilingual-base,gte-base,MX-2025005421-A_es_q_es,MX-2025005421-A,original,es,es,1,0.0
Alibaba-NLP/gte-multilingual-base,gte-base,MX-2025005421-A_en_q_zh,MX-2025005421-A,synthetic,zh,en,1,0.0
Alibaba-NLP/gte-multilingual-base,gte-base,MX-2025002688-A_en_q_en,MX-2025002688-A,original,en,en,1,0.0
Alibaba-NLP/gte-multilingual-base,gte-base,MX-2025002688-A_en_q_de,MX-2025002688-A,synthetic,de,en,1,0.0
Alibaba-NLP/gte-multilingual-base,gte-base,MX-2025002688-A_en_q_fr,MX-2025002688-A,synthetic,fr,en,1,0.0
Alibaba-NLP/gte-multilingual-base,gte-base,MX-2025002688-A_es_q_es,MX-2025002688-A,original,es,es,1,0.0
Alibaba-NLP/gte-multilingual-base,gte-base,MX-2025002688-A_en_q_zh,MX-2025002688-A,synthetic,zh,en,1,0.0
Alibaba-NLP/gte-multilingual-base,gte-base,WO-2025211147-A1_en_q_en,WO-2025211147-A1,original,en,en,1,0.0
Alibaba-NLP/gte-multilingual-base,gte-base,WO-2025211147-A1_en_q_de,WO-2025211147-A1,synthetic,de,en,1,0.0
Alibaba-NLP/gte-multilingual-base,gte-base,WO-2025211147-A1_fr_q_fr,WO-2025211147-A1,original,fr,fr,1,0.0
Alibaba-NLP/gte-multilingual-base,gte-base,WO-2025211147-A1_en_q_es,WO-2025211147-A1,synthetic,es,en,1,0.0
Alibaba-NLP/gte-multilingual-base,gte-base,WO-2025211147-A1_en_q_zh,WO-2025211147-A1,synthetic,zh,en,1,0.0
Alibaba-NLP/gte-multilingual-base,gte-base,WO-2025187712-A8_en_q_en,WO-2025187712-A8,original,en,en,1,0.0
Alibaba-NLP/gte-multilingual-base,gte-base,WO-2025187712-A8_en_q_de,WO-2025187712-A8,synthetic,de,en,1,0.0
Alibaba-NLP/gte-multilingual-base,gte-base,WO-2025187712-A8_fr_q_fr,WO-2025187712-A8,original,fr,fr,1,0.0
Alibaba-NLP/gte-multilingual-base,gte-base,WO-2025187712-A8_en_q_es,WO-2025187712-A8,synthetic,es,en,1,0.0
Alibaba-NLP/gte-multilingual-base,gte-base,WO-2025187712-A8_en_q_zh,WO-2025187712-A8,synthetic,zh,en,1,0.0
Alibaba-NLP/gte-multilingual-base,gte-base,EP-4630253-A1_en_q_en,EP-4630253-A1,original,en,en,2,0.0
Alibaba-NLP/gte-multilingual-base,gte-base,EP-4630253-A1_en_q_de,EP-4630253-A1,synthetic,de,en,2,0.0
Alibaba-NLP/gte-multilingual-base,gte-base,EP-4630253-A1_fr_q_fr,EP-4630253-A1,original,fr,fr,2,0.0
Alibaba-NLP/gte-multilingual-base,gte-base,EP-4630253-A1_en_q_es,EP-4630253-A1,synthetic,es,en,2,0.0
Alibaba-NLP/gte-multilingual-base,gte-base,EP-4630253-A1_zh_q_zh,EP-4630253-A1,original,zh,zh,2,0.0
Alibaba-NLP/gte-multilingual-base,gte-base,MX-2025007798-A_en_q_en,MX-2025007798-A,original,en,en,1,0.0
Alibaba-NLP/gte-multilingual-base,gte-base,WO-2025206382-A1_en_q_en,WO-2025206382-A1,original,en,en,1,0.0
Alibaba-NLP/gte-multilingual-base,gte-base,MX-2025009144-A_en_q_en,MX-2025009144-A,original,en,en,2,0.0
Alibaba-NLP/gte-multilingual-base,gte-base,WO-2025206195-A1_en_q_de,WO-2025206195-A1,synthetic,de,en,1,0.0
Alibaba-NLP/gte-multilingual-base,gte-base,WO-2024128938-A1_en_q_de,WO-2024128938-A1,synthetic,de,en,2,0.0
Alibaba-NLP/gte-multilingual-base,gte-base,MX-2025007510-A_es_q_es,MX-2025007510-A,original,es,es,1,0.0
Alibaba-NLP/gte-multilingual-base,gte-base,WO-2025172752-A1_en_q_en,WO-2025172752-A1,original,en,en,2,0.0
Alibaba-NLP/gte-multilingual-base,gte-base,WO-2024245507-A9_en_q_en,WO-2024245507-A9,original,en,en,2,0.0
Alibaba-NLP/gte-multilingual-base,gte-base,WO-2024245507-A9_de_q_de,WO-2024245507-A9,original,de,de,2,0.0
Alibaba-NLP/gte-multilingual-base,gte-base,WO-2024245507-A9_fr_q_fr,WO-2024245507-A9,original,fr,fr,2,0.0
Alibaba-NLP/gte-multilingual-base,gte-base,WO-2024245507-A9_en_q_es,WO-2024245507-A9,synthetic,es,en,2,0.0
Alibaba-NLP/gte-multilingual-base,gte-base,WO-2024245507-A9_en_q_zh,WO-2024245507-A9,synthetic,zh,en,2,0.0
Alibaba-NLP/gte-multilingual-base,gte-base,EP-4630245-A1_zh_q_zh,EP-4630245-A1,original,zh,zh,2,0.0
Alibaba-NLP/gte-multilingual-base,gte-base,WO-2025192625-A1_en_q_en,WO-2025192625-A1,original,en,en,2,0.0
Alibaba-NLP/gte-multilingual-base,gte-base,WO-2025192625-A1_en_q_de,WO-2025192625-A1,synthetic,de,en,2,0.0
Alibaba-NLP/gte-multilingual-base,gte-base,WO-2025192625-A1_fr_q_fr,WO-2025192625-A1,original,fr,fr,2,0.0
Alibaba-NLP/gte-multilingual-base,gte-base,WO-2025192625-A1_en_q_es,WO-2025192625-A1,synthetic,es,en,2,0.0
Alibaba-NLP/gte-multilingual-base,gte-base,WO-2025192625-A1_zh_q_zh,WO-2025192625-A1,original,zh,zh,2,0.0
Alibaba-NLP/gte-multilingual-base,gte-base,MX-2025006818-A_es_q_es,MX-2025006818-A,original,es,es,1,0.0
Alibaba-NLP/gte-multilingual-base,gte-base,MX-2025007695-A_es_q_es,MX-2025007695-A,original,es,es,1,0.0
Alibaba-NLP/gte-multilingual-base,gte-base,WO-2025187736-A8_en_q_zh,WO-2025187736-A8,synthetic,zh,en,1,0.0
Alibaba-NLP/gte-multilingual-base,gte-base,WO-2025203012-A1_en_q_es,WO-2025203012-A1,synthetic,es,en,1,0.0
Alibaba-NLP/gte-multilingual-base,gte-base,EP-4626837-A1_en_q_zh,EP-4626837-A1,synthetic,zh,en,1,0.0
Alibaba-NLP/gte-multilingual-base,gte-base,WO-2025202104-A1_zh_q_zh,WO-2025202104-A1,original,zh,zh,2,0.0
Alibaba-NLP/gte-multilingual-base,gte-base,EP-4626928-A2_fr_q_fr,EP-4626928-A2,original,fr,fr,2,0.0
Alibaba-NLP/gte-multilingual-base,gte-base,MX-2025008327-A_en_q_en,MX-2025008327-A,original,en,en,1,0.0
Alibaba-NLP/gte-multilingual-base,gte-base,EP-4634127-A1_en_q_en,EP-4634127-A1,original,en,en,1,0.0
Alibaba-NLP/gte-multilingual-base,gte-base,WO-2024058685-A1_en_q_zh,WO-2024058685-A1,synthetic,zh,en,1,0.0
Alibaba-NLP/gte-multilingual-base,gte-base,WO-2024089298-A9_fr_q_fr,WO-2024089298-A9,original,fr,fr,1,0.0
Alibaba-NLP/gte-multilingual-base,gte-base,MX-2025010028-A_en_q_en,MX-2025010028-A,original,en,en,1,0.0
Alibaba-NLP/gte-multilingual-base,gte-base,WO-2025202253-A1_en_q_es,WO-2025202253-A1,synthetic,es,en,1,0.0
Alibaba-NLP/gte-multilingual-base,gte-base,MX-2025009821-A_es_q_es,MX-2025009821-A,original,es,es,2,0.0
Alibaba-NLP/gte-multilingual-base,gte-base,MX-2025006624-A_en_q_fr,MX-2025006624-A,synthetic,fr,en,1,0.0
Alibaba-NLP/gte-multilingual-base,gte-base,MX-2025003345-A_en_q_de,MX-2025003345-A,synthetic,de,en,1,0.0
Alibaba-NLP/gte-multilingual-base,gte-base,WO-2024259508-A1_en_q_en,WO-2024259508-A1,original,en,en,2,0.0
Alibaba-NLP/gte-multilingual-base,gte-base,EP-4630051-A1_fr_q_fr,EP-4630051-A1,original,fr,fr,1,0.0
Alibaba-NLP/gte-multilingual-base,gte-base,MX-2025010268-A_en_q_zh,MX-2025010268-A,synthetic,zh,en,1,0.0
Alibaba-NLP/gte-multilingual-base,gte-base,WO-2025212655-A1_en_q_de,WO-2025212655-A1,synthetic,de,en,2,0.0
Alibaba-NLP/gte-multilingual-base,gte-base,WO-2025205978-A1_en_q_en,WO-2025205978-A1,original,en,en,2,0.0
Alibaba-NLP/gte-multilingual-base,gte-base,WO-2025206105-A1_zh_q_zh,WO-2025206105-A1,original,zh,zh,2,0.0
Alibaba-NLP/gte-multilingual-base,gte-base,EP-4633669-A2_fr_q_fr,EP-4633669-A2,original,fr,fr,2,0.0
Alibaba-NLP/gte-multilingual-base,gte-base,WO-2025021351-A1_en_q_zh,WO-2025021351-A1,synthetic,zh,en,2,0.0
Alibaba-NLP/gte-multilingual-base,gte-base,WO-2025187706-A8_fr_q_fr,WO-2025187706-A8,original,fr,fr,1,0.0
Alibaba-NLP/gte-multilingual-base,gte-base,EP-4623104-A1_zh_q_zh,EP-4623104-A1,original,zh,zh,2,0.0
Alibaba-NLP/gte-multilingual-base,gte-base,WO-2025164232-A1_en_q_de,WO-2025164232-A1,synthetic,de,en,1,0.0
Alibaba-NLP/gte-multilingual-base,gte-base,WO-2025206823-A1_en_q_de,WO-2025206823-A1,synthetic,de,en,2,0.0
Alibaba-NLP/gte-multilingual-base,gte-base,EP-4626944-A1_en_q_de,EP-4626944-A1,synthetic,de,en,1,0.0
Alibaba-NLP/gte-multilingual-base,gte-base,EP-4626879-A1_en_q_en,EP-4626879-A1,original,en,en,2,0.0
Alibaba-NLP/gte-multilingual-base,gte-base,EP-4626874-A1_en_q_zh,EP-4626874-A1,synthetic,zh,en,1,0.0
Alibaba-NLP/gte-multilingual-base,gte-base,MX-2025008798-A_en_q_fr,MX-2025008798-A,synthetic,fr,en,1,0.0
Alibaba-NLP/gte-multilingual-base,gte-base,MX-2025005939-A_es_q_es,MX-2025005939-A,original,es,es,2,0.0
Alibaba-NLP/gte-multilingual-base,gte-base,WO-2025204745-A1_en_q_zh,WO-2025204745-A1,synthetic,zh,en,1,0.0
Alibaba-NLP/gte-multilingual-base,gte-base,WO-2025217208-A1_en_q_en,WO-2025217208-A1,original,en,en,2,0.0
Alibaba-NLP/gte-multilingual-base,gte-base,WO-2025205163-A1_en_q_en,WO-2025205163-A1,original,en,en,1,0.0
Alibaba-NLP/gte-multilingual-base,gte-base,WO-2025186172-A8_fr_q_fr,WO-2025186172-A8,original,fr,fr,3,0.0
Alibaba-NLP/gte-multilingual-base,gte-base,WO-2025188156-A8_en_q_de,WO-2025188156-A8,synthetic,de,en,1,0.0
Alibaba-NLP/gte-multilingual-base,gte-base,MX-2025009759-A_en_q_fr,MX-2025009759-A,synthetic,fr,en,2,0.0
Alibaba-NLP/gte-multilingual-base,gte-base,WO-2025189017-A8_en_q_de,WO-2025189017-A8,synthetic,de,en,2,0.0
Alibaba-NLP/gte-multilingual-base,gte-base,CR-20250096-A_en_q_zh,CR-20250096-A,synthetic,zh,en,1,0.0
Alibaba-NLP/gte-multilingual-base,gte-base,WO-2025169953-A1_en_q_de,WO-2025169953-A1,synthetic,de,en,2,0.0
Alibaba-NLP/gte-multilingual-base,gte-base,MX-2025006319-A_en_q_de,MX-2025006319-A,synthetic,de,en,1,0.0
Alibaba-NLP/gte-multilingual-base,gte-base,MX-2025004974-A_en_q_fr,MX-2025004974-A,synthetic,fr,en,1,0.0
Alibaba-NLP/gte-multilingual-base,gte-base,WO-2025170405-A1_en_q_de,WO-2025170405-A1,synthetic,de,en,2,0.0
Alibaba-NLP/gte-multilingual-base,gte-base,WO-2025208198-A1_en_q_zh,WO-2025208198-A1,synthetic,zh,en,1,0.0
Alibaba-NLP/gte-multilingual-base,gte-base,WO-2025054647-A1_en_q_es,WO-2025054647-A1,synthetic,es,en,2,0.0
Alibaba-NLP/gte-multilingual-base,gte-base,WO-2025210166-A1_en_q_de,WO-2025210166-A1,synthetic,de,en,2,0.0
Alibaba-NLP/gte-multilingual-base,gte-base,WO-2025211178-A1_en_q_es,WO-2025211178-A1,synthetic,es,en,2,0.0
Alibaba-NLP/gte-multilingual-base,gte-base,MX-2025004012-A_en_q_zh,MX-2025004012-A,synthetic,zh,en,1,0.0
Alibaba-NLP/gte-multilingual-base,gte-base,WO-2025206949-A1_en_q_es,WO-2025206949-A1,synthetic,es,en,1,0.0
Alibaba-NLP/gte-multilingual-base,gte-base,MX-2025007614-A_en_q_zh,MX-2025007614-A,synthetic,zh,en,1,0.0
Alibaba-NLP/gte-multilingual-base,gte-base,WO-2025146513-A1_en_q_de,WO-2025146513-A1,synthetic,de,en,2,0.0
Alibaba-NLP/gte-multilingual-base,gte-base,WO-2025211949-A1_en_q_es,WO-2025211949-A1,synthetic,es,en,2,0.0
Alibaba-NLP/gte-multilingual-base,gte-base,EP-4626831-A1_en_q_zh,EP-4626831-A1,synthetic,zh,en,1,0.0
Alibaba-NLP/gte-multilingual-base,gte-base,WO-2025186644-A8_en_q_de,WO-2025186644-A8,synthetic,de,en,2,0.0
Alibaba-NLP/gte-multilingual-base,gte-base,WO-2025192587-A1_en_q_de,WO-2025192587-A1,synthetic,de,en,1,0.0
Alibaba-NLP/gte-multilingual-base,gte-base,EP-4633779-A1_en_q_es,EP-4633779-A1,synthetic,es,en,1,0.0
Alibaba-NLP/gte-multilingual-base,gte-base,WO-2022098263-A1_en_q_es,WO-2022098263-A1,synthetic,es,en,2,0.0
Alibaba-NLP/gte-multilingual-base,gte-base,WO-2025215251-A1_en_q_es,WO-2025215251-A1,synthetic,es,en,2,0.0
Alibaba-NLP/gte-multilingual-base,gte-base,EP-4493405-A1_en_q_zh,EP-4493405-A1,synthetic,zh,en,2,0.0
Alibaba-NLP/gte-multilingual-base,gte-base,WO-2025103555-A1_en_q_zh,WO-2025103555-A1,synthetic,zh,en,2,0.0
Alibaba-NLP/gte-multilingual-base,gte-base,EP-4626386-A1_en_q_de,EP-4626386-A1,synthetic,de,en,1,0.0
Alibaba-NLP/gte-multilingual-base,gte-base,MX-2025010613-A_en_q_de,MX-2025010613-A,synthetic,de,en,2,0.0
Alibaba-NLP/gte-multilingual-base,gte-base,EP-4626547-A1_en_q_de,EP-4626547-A1,synthetic,de,en,1,0.0
Alibaba-NLP/gte-multilingual-base,gte-base,EP-4626593-A1_en_q_de,EP-4626593-A1,synthetic,de,en,2,0.0
Alibaba-NLP/gte-multilingual-base,gte-base,WO-2025207414-A1_en_q_es,WO-2025207414-A1,synthetic,es,en,2,0.0
Alibaba-NLP/gte-multilingual-base,gte-base,MX-2025005049-A_en_q_zh,MX-2025005049-A,synthetic,zh,en,1,0.0
Alibaba-NLP/gte-multilingual-base,gte-base,WO-2024246082-A3_en_q_es,WO-2024246082-A3,synthetic,es,en,2,0.0
Alibaba-NLP/gte-multilingual-base,gte-base,WO-2025180718-A1_en_q_es,WO-2025180718-A1,synthetic,es,en,2,0.0
Alibaba-NLP/gte-multilingual-base,gte-base,MX-2025006336-A_en_q_de,MX-2025006336-A,synthetic,de,en,2,0.0
Alibaba-NLP/gte-multilingual-base,gte-base,WO-2025202347-A1_en_q_de,WO-2025202347-A1,synthetic,de,en,2,0.0
Alibaba-NLP/gte-multilingual-base,gte-base,MX-2025010373-A_en_q_zh,MX-2025010373-A,synthetic,zh,en,1,0.0
Alibaba-NLP/gte-multilingual-base,gte-base,WO-2025200075-A1_en_q_zh,WO-2025200075-A1,synthetic,zh,en,1,0.0
Alibaba-NLP/gte-multilingual-base,gte-base,WO-2025189151-A8_en_q_de,WO-2025189151-A8,synthetic,de,en,2,0.0
Alibaba-NLP/gte-multilingual-base,gte-base,MX-2025007174-A_en_q_de,MX-2025007174-A,synthetic,de,en,1,0.0
Alibaba-NLP/gte-multilingual-base,gte-base,MX-2025010619-A_en_q_de,MX-2025010619-A,synthetic,de,en,2,0.0
Alibaba-NLP/gte-multilingual-base,gte-base,EP-4532651-A1_en_q_es,EP-4532651-A1,synthetic,es,en,2,0.0
Alibaba-NLP/gte-multilingual-base,gte-base,WO-2025173342-A1_en_q_es,WO-2025173342-A1,synthetic,es,en,2,0.0
Alibaba-NLP/gte-multilingual-base,gte-base,WO-2024019637-A1_en_q_de,WO-2024019637-A1,synthetic,de,en,2,0.0
Alibaba-NLP/gte-multilingual-base,gte-base,MX-2025008968-A_en_q_zh,MX-2025008968-A,synthetic,zh,en,1,0.0
Alibaba-NLP/gte-multilingual-base,gte-base,WO-2025202625-A1_en_q_de,WO-2025202625-A1,synthetic,de,en,1,0.0
Alibaba-NLP/gte-multilingual-base,gte-base,WO-2025187661-A8_en_q_es,WO-2025187661-A8,synthetic,es,en,1,0.0
Alibaba-NLP/gte-multilingual-base,gte-base,WO-2025101062-A1_en_q_zh,WO-2025101062-A1,synthetic,zh,en,2,0.0
Alibaba-NLP/gte-multilingual-base,gte-base,WO-2025150711-A1_en_q_de,WO-2025150711-A1,synthetic,de,en,1,0.0
Alibaba-NLP/gte-multilingual-base,gte-base,WO-2025207828-A1_en_q_zh,WO-2025207828-A1,synthetic,zh,en,1,0.0
Alibaba-NLP/gte-multilingual-base,gte-base,WO-2025203197-A1_en_q_zh,WO-2025203197-A1,synthetic,zh,en,1,0.0
Alibaba-NLP/gte-multilingual-base,gte-base,EP-4634141-A2_en_q_en,EP-4634141-A2,original,en,en,1,0.0
Alibaba-NLP/gte-multilingual-base,gte-base,EP-4633971-A1_fr_q_fr,EP-4633971-A1,original,fr,fr,1,0.0
Alibaba-NLP/gte-multilingual-base,gte-base,WO-2025197272-A1_en_q_en,WO-2025197272-A1,original,en,en,1,0.0
Alibaba-NLP/gte-multilingual-base,gte-base,WO-2025189168-A8_fr_q_fr,WO-2025189168-A8,original,fr,fr,2,0.0
Alibaba-NLP/gte-multilingual-base,gte-base,MX-2025008124-A_es_q_es,MX-2025008124-A,original,es,es,1,0.0
Alibaba-NLP/gte-multilingual-base,gte-base,MX-2025007669-A_en_q_en,MX-2025007669-A,original,en,en,2,0.0
Alibaba-NLP/gte-multilingual-base,gte-base,WO-2025195675-A1_en_q_en,WO-2025195675-A1,original,en,en,3,0.0
Alibaba-NLP/gte-multilingual-base,gte-base,WO-2022005333-A1_en_q_en,WO-2022005333-A1,original,en,en,1,0.0
Alibaba-NLP/gte-multilingual-base,gte-base,MX-2025005748-A_es_q_es,MX-2025005748-A,original,es,es,1,0.0
Alibaba-NLP/gte-multilingual-base,gte-base,MX-2025002923-A_es_q_es,MX-2025002923-A,original,es,es,2,0.0
Alibaba-NLP/gte-multilingual-base,gte-base,MX-2025010611-A_es_q_es,MX-2025010611-A,original,es,es,2,0.0
Alibaba-NLP/gte-multilingual-base,gte-base,WO-2025217553-A1_fr_q_fr,WO-2025217553-A1,original,fr,fr,2,0.0
Alibaba-NLP/gte-multilingual-base,gte-base,WO-2025186530-A8_en_q_en,WO-2025186530-A8,original,en,en,1,0.0
Alibaba-NLP/gte-multilingual-base,gte-base,EP-4627050-A1_fr_q_fr,EP-4627050-A1,original,fr,fr,2,0.0
Alibaba-NLP/gte-multilingual-base,gte-base,MX-2025008249-A_en_q_en,MX-2025008249-A,original,en,en,1,0.0
Alibaba-NLP/gte-multilingual-base,gte-base,WO-2025184858-A8_fr_q_fr,WO-2025184858-A8,original,fr,fr,1,0.0
Alibaba-NLP/gte-multilingual-base,gte-base,MX-2025004649-A_es_q_es,MX-2025004649-A,original,es,es,1,0.0
Alibaba-NLP/gte-multilingual-base,gte-base,ES-1320636-U_en_q_en,ES-1320636-U,original,en,en,1,0.0
Alibaba-NLP/gte-multilingual-base,gte-base,MX-2025006800-A_en_q_en,MX-2025006800-A,original,en,en,1,0.0
Alibaba-NLP/gte-multilingual-base,gte-base,EP-4626866-A1_en_q_en,EP-4626866-A1,original,en,en,2,0.0
Alibaba-NLP/gte-multilingual-base,gte-base,MX-2025006721-A_en_q_en,MX-2025006721-A,original,en,en,1,0.0
Alibaba-NLP/gte-multilingual-base,gte-base,WO-2024073831-A1_en_q_en,WO-2024073831-A1,original,en,en,2,0.0
Alibaba-NLP/gte-multilingual-base,gte-base,WO-2025200966-A1_fr_q_fr,WO-2025200966-A1,original,fr,fr,1,0.0
Alibaba-NLP/gte-multilingual-base,gte-base,MX-2025005215-A_es_q_es,MX-2025005215-A,original,es,es,1,0.0
Alibaba-NLP/gte-multilingual-base,gte-base,WO-2025080163-A1_fr_q_fr,WO-2025080163-A1,original,fr,fr,2,0.0
Alibaba-NLP/gte-multilingual-base,gte-base,WO-2025200089-A1_en_q_en,WO-2025200089-A1,original,en,en,2,0.0
Alibaba-NLP/gte-multilingual-base,gte-base,WO-2025073021-A1_en_q_en,WO-2025073021-A1,original,en,en,2,0.0
Alibaba-NLP/gte-multilingual-base,gte-base,WO-2025186263-A8_fr_q_fr,WO-2025186263-A8,original,fr,fr,1,0.0
Alibaba-NLP/gte-multilingual-base,gte-base,WO-2025211336-A1_en_q_en,WO-2025211336-A1,original,en,en,1,0.0
Alibaba-NLP/gte-multilingual-base,gte-base,WO-2025078189-A1_en_q_en,WO-2025078189-A1,original,en,en,3,0.0
Alibaba-NLP/gte-multilingual-base,gte-base,ES-3033921-A1_en_q_en,ES-3033921-A1,original,en,en,1,0.0
Alibaba-NLP/gte-multilingual-base,gte-base,WO-2025154762-A1_fr_q_fr,WO-2025154762-A1,original,fr,fr,2,0.0
Alibaba-NLP/gte-multilingual-base,gte-base,EP-4634323-A1_en_q_en,EP-4634323-A1,original,en,en,2,0.0
Alibaba-NLP/gte-multilingual-base,gte-base,WO-2025189143-A8_en_q_en,WO-2025189143-A8,original,en,en,1,0.0
Alibaba-NLP/gte-multilingual-base,gte-base,MX-2025009632-A_en_q_en,MX-2025009632-A,original,en,en,2,0.0
Alibaba-NLP/gte-multilingual-base,gte-base,EP-4626395-A1_fr_q_fr,EP-4626395-A1,original,fr,fr,1,0.0
Alibaba-NLP/gte-multilingual-base,gte-base,WO-2025203678-A1_fr_q_fr,WO-2025203678-A1,original,fr,fr,2,0.0
Alibaba-NLP/gte-multilingual-base,gte-base,WO-2025187095-A8_fr_q_fr,WO-2025187095-A8,original,fr,fr,1,0.0
Alibaba-NLP/gte-multilingual-base,gte-base,EP-4626938-A1_en_q_en,EP-4626938-A1,original,en,en,2,0.0
Alibaba-NLP/gte-multilingual-base,gte-base,MX-2025006010-A_en_q_en,MX-2025006010-A,original,en,en,1,0.0
Alibaba-NLP/gte-multilingual-base,gte-base,WO-2025215647-A1_fr_q_fr,WO-2025215647-A1,original,fr,fr,2,0.0
Alibaba-NLP/gte-multilingual-base,gte-base,WO-2025207093-A1_fr_q_fr,WO-2025207093-A1,original,fr,fr,1,0.0
Alibaba-NLP/gte-multilingual-base,gte-base,MX-2025004470-A_en_q_en,MX-2025004470-A,original,en,en,1,0.0
Alibaba-NLP/gte-multilingual-base,gte-base,EP-4626949-A1_fr_q_fr,EP-4626949-A1,original,fr,fr,1,0.0
Alibaba-NLP/gte-multilingual-base,gte-base,WO-2025206197-A1_fr_q_fr,WO-2025206197-A1,original,fr,fr,2,0.0
Alibaba-NLP/gte-multilingual-base,gte-base,WO-2022246526-A8_fr_q_fr,WO-2022246526-A8,original,fr,fr,1,0.0
Alibaba-NLP/gte-multilingual-base,gte-base,MX-2025006489-A_es_q_es,MX-2025006489-A,original,es,es,2,0.0
Alibaba-NLP/gte-multilingual-base,gte-base,WO-2021255541-A1_en_q_en,WO-2021255541-A1,original,en,en,2,0.0
Alibaba-NLP/gte-multilingual-base,gte-base,WO-2021255541-A1_en_q_de,WO-2021255541-A1,synthetic,de,en,2,0.0
Alibaba-NLP/gte-multilingual-base,gte-base,WO-2021255541-A1_fr_q_fr,WO-2021255541-A1,original,fr,fr,2,0.0
Alibaba-NLP/gte-multilingual-base,gte-base,WO-2021255541-A1_en_q_es,WO-2021255541-A1,synthetic,es,en,2,0.0
Alibaba-NLP/gte-multilingual-base,gte-base,WO-2021255541-A1_zh_q_zh,WO-2021255541-A1,original,zh,zh,2,0.0
Alibaba-NLP/gte-multilingual-base,gte-base,EP-4634663-A1_en_q_en,EP-4634663-A1,original,en,en,1,0.0
Alibaba-NLP/gte-multilingual-base,gte-base,EP-4634663-A1_en_q_de,EP-4634663-A1,synthetic,de,en,1,0.0
Alibaba-NLP/gte-multilingual-base,gte-base,EP-4634663-A1_fr_q_fr,EP-4634663-A1,original,fr,fr,1,0.0
Alibaba-NLP/gte-multilingual-base,gte-base,EP-4634663-A1_en_q_es,EP-4634663-A1,synthetic,es,en,1,0.0
Alibaba-NLP/gte-multilingual-base,gte-base,EP-4634663-A1_en_q_zh,EP-4634663-A1,synthetic,zh,en,1,0.0
Alibaba-NLP/gte-multilingual-base,gte-base,MX-2025005046-A_en_q_en,MX-2025005046-A,original,en,en,1,0.0
Alibaba-NLP/gte-multilingual-base,gte-base,MX-2025005046-A_en_q_de,MX-2025005046-A,synthetic,de,en,1,0.0
Alibaba-NLP/gte-multilingual-base,gte-base,MX-2025005046-A_en_q_fr,MX-2025005046-A,synthetic,fr,en,1,0.0
Alibaba-NLP/gte-multilingual-base,gte-base,MX-2025005046-A_es_q_es,MX-2025005046-A,original,es,es,1,0.0
Alibaba-NLP/gte-multilingual-base,gte-base,MX-2025005046-A_en_q_zh,MX-2025005046-A,synthetic,zh,en,1,0.0
Alibaba-NLP/gte-multilingual-base,gte-base,MX-2025007733-A_en_q_en,MX-2025007733-A,original,en,en,2,0.0
Alibaba-NLP/gte-multilingual-base,gte-base,MX-2025007733-A_en_q_de,MX-2025007733-A,synthetic,de,en,2,0.0
Alibaba-NLP/gte-multilingual-base,gte-base,MX-2025007733-A_en_q_fr,MX-2025007733-A,synthetic,fr,en,2,0.0
Alibaba-NLP/gte-multilingual-base,gte-base,MX-2025007733-A_es_q_es,MX-2025007733-A,original,es,es,2,0.0
Alibaba-NLP/gte-multilingual-base,gte-base,MX-2025007733-A_zh_q_zh,MX-2025007733-A,original,zh,zh,2,0.0
Alibaba-NLP/gte-multilingual-base,gte-base,MX-2025008227-A_en_q_en,MX-2025008227-A,original,en,en,1,0.0
Alibaba-NLP/gte-multilingual-base,gte-base,MX-2025008227-A_en_q_de,MX-2025008227-A,synthetic,de,en,1,0.0
Alibaba-NLP/gte-multilingual-base,gte-base,MX-2025008227-A_en_q_fr,MX-2025008227-A,synthetic,fr,en,1,0.0
Alibaba-NLP/gte-multilingual-base,gte-base,MX-2025008227-A_es_q_es,MX-2025008227-A,original,es,es,1,0.0
Alibaba-NLP/gte-multilingual-base,gte-base,MX-2025008227-A_en_q_zh,MX-2025008227-A,synthetic,zh,en,1,0.0
Alibaba-NLP/gte-multilingual-base,gte-base,WO-2025186592-A8_en_q_en,WO-2025186592-A8,original,en,en,1,0.0
Alibaba-NLP/gte-multilingual-base,gte-base,WO-2025186592-A8_en_q_de,WO-2025186592-A8,synthetic,de,en,1,0.0
Alibaba-NLP/gte-multilingual-base,gte-base,WO-2025186592-A8_fr_q_fr,WO-2025186592-A8,original,fr,fr,1,0.0
Alibaba-NLP/gte-multilingual-base,gte-base,WO-2025186592-A8_en_q_es,WO-2025186592-A8,synthetic,es,en,1,0.0
Alibaba-NLP/gte-multilingual-base,gte-base,WO-2025186592-A8_en_q_zh,WO-2025186592-A8,synthetic,zh,en,1,0.0
Alibaba-NLP/gte-multilingual-base,gte-base,MX-2025005709-A_en_q_en,MX-2025005709-A,original,en,en,1,0.0
Alibaba-NLP/gte-multilingual-base,gte-base,MX-2025005709-A_en_q_de,MX-2025005709-A,synthetic,de,en,1,0.0
Alibaba-NLP/gte-multilingual-base,gte-base,MX-2025005709-A_en_q_fr,MX-2025005709-A,synthetic,fr,en,1,0.0
Alibaba-NLP/gte-multilingual-base,gte-base,MX-2025005709-A_es_q_es,MX-2025005709-A,original,es,es,1,0.0
Alibaba-NLP/gte-multilingual-base,gte-base,MX-2025005709-A_en_q_zh,MX-2025005709-A,synthetic,zh,en,1,0.0
Alibaba-NLP/gte-multilingual-base,gte-base,MX-2025009739-A_en_q_en,MX-2025009739-A,original,en,en,2,0.0
Alibaba-NLP/gte-multilingual-base,gte-base,MX-2025009739-A_en_q_de,MX-2025009739-A,synthetic,de,en,2,0.0
Alibaba-NLP/gte-multilingual-base,gte-base,MX-2025009739-A_en_q_fr,MX-2025009739-A,synthetic,fr,en,2,0.0
Alibaba-NLP/gte-multilingual-base,gte-base,MX-2025009739-A_es_q_es,MX-2025009739-A,original,es,es,2,0.0
Alibaba-NLP/gte-multilingual-base,gte-base,MX-2025009739-A_zh_q_zh,MX-2025009739-A,original,zh,zh,2,0.0
Alibaba-NLP/gte-multilingual-base,gte-base,MX-2025008260-A_en_q_en,MX-2025008260-A,original,en,en,2,0.0
Alibaba-NLP/gte-multilingual-base,gte-base,MX-2025008260-A_en_q_de,MX-2025008260-A,synthetic,de,en,2,0.0
Alibaba-NLP/gte-multilingual-base,gte-base,MX-2025008260-A_en_q_fr,MX-2025008260-A,synthetic,fr,en,2,0.0
Alibaba-NLP/gte-multilingual-base,gte-base,MX-2025008260-A_es_q_es,MX-2025008260-A,original,es,es,2,0.0
Alibaba-NLP/gte-multilingual-base,gte-base,MX-2025008260-A_zh_q_zh,MX-2025008260-A,original,zh,zh,2,0.0
Alibaba-NLP/gte-multilingual-base,gte-base,WO-2025216711-A1_en_q_en,WO-2025216711-A1,original,en,en,2,0.0
Alibaba-NLP/gte-multilingual-base,gte-base,WO-2025216711-A1_en_q_de,WO-2025216711-A1,synthetic,de,en,2,0.0
Alibaba-NLP/gte-multilingual-base,gte-base,WO-2025216711-A1_fr_q_fr,WO-2025216711-A1,original,fr,fr,2,0.0
Alibaba-NLP/gte-multilingual-base,gte-base,WO-2025216711-A1_en_q_es,WO-2025216711-A1,synthetic,es,en,2,0.0
Alibaba-NLP/gte-multilingual-base,gte-base,WO-2025216711-A1_zh_q_zh,WO-2025216711-A1,original,zh,zh,2,0.0
