model,short,query_id,qlang,same_share,foreign_share,base_same,overrep,entropy,clir_at_10,frac_en,frac_de,frac_es,frac_fr,frac_zh
google/embeddinggemma-300m,embeddinggemma,EP-4633662-A1_en_q_en,en,0.5,0.5,0.46097841359049685,1.0846494873926296,1.0,0.0,0.5,0.0,0.0,0.5,0.0
google/embeddinggemma-300m,embeddinggemma,EP-4630509-A1_fr_q_fr,fr,0.9,0.09999999999999998,0.37488823604547195,2.4007155025553666,0.4689955935892812,0.0,0.0,0.1,0.0,0.9,0.0
google/embeddinggemma-300m,embeddinggemma,EP-4634248-A1_en_q_es,es,0.4,0.6,0.09171030782986332,4.361559888579388,1.8464393446710154,0.0,0.1,0.2,0.4,0.3,0.0
google/embeddinggemma-300m,embeddinggemma,EP-4634187-A1_en_q_es,es,0.8,0.19999999999999996,0.09171030782986332,8.723119777158775,0.9219280948873623,0.0,0.1,0.0,0.8,0.1,0.0
google/embeddinggemma-300m,embeddinggemma,EP-4634142-A1_fr_q_fr,fr,0.8,0.19999999999999996,0.37488823604547195,2.13396933560477,0.7219280948873623,0.0,0.2,0.0,0.0,0.8,0.0
google/embeddinggemma-300m,embeddinggemma,EP-4633768-A2_en_q_es,es,0.4,0.6,0.09171030782986332,4.361559888579388,1.9219280948873623,0.0,0.2,0.2,0.4,0.2,0.0
google/embeddinggemma-300m,embeddinggemma,EP-4633645-A1_fr_q_fr,fr,0.5,0.5,0.37488823604547195,1.3337308347529813,1.360964047443681,0.0,0.4,0.0,0.1,0.5,0.0
google/embeddinggemma-300m,embeddinggemma,EP-4633622-A2_en_q_de,de,0.0,1.0,0.06816536807595691,0.0,1.6854752972273344,1.0,0.5,0.0,0.1,0.3,0.1
google/embeddinggemma-300m,embeddinggemma,EP-4634601-A1_en_q_en,en,0.6,0.4,0.46097841359049685,1.3015793848711554,1.295461844238322,0.5,0.6,0.0,0.1,0.3,0.0
google/embeddinggemma-300m,embeddinggemma,EP-4630626-A1_de_q_de,de,0.1,0.9,0.06816536807595691,1.4670206121174267,1.721928094887362,1.0,0.4,0.1,0.0,0.4,0.1
google/embeddinggemma-300m,embeddinggemma,EP-4630600-A1_de_q_en,en,0.6,0.4,0.46097841359049685,1.3015793848711554,0.9709505944546686,0.0,0.6,0.0,0.0,0.4,0.0
google/embeddinggemma-300m,embeddinggemma,EP-4633632-A1_en_q_es,es,0.4,0.6,0.09171030782986332,4.361559888579388,1.8464393446710154,0.6666666666666666,0.3,0.0,0.4,0.2,0.1
google/embeddinggemma-300m,embeddinggemma,EP-4634136-A1_en_q_es,es,0.7,0.30000000000000004,0.09171030782986332,7.632729805013928,1.1567796494470395,0.0,0.1,0.0,0.7,0.2,0.0
google/embeddinggemma-300m,embeddinggemma,EP-4634157-A1_en_q_de,de,0.1,0.9,0.06816536807595691,1.4670206121174267,1.8464393446710154,0.0,0.3,0.1,0.2,0.4,0.0
google/embeddinggemma-300m,embeddinggemma,EP-4630574-A1_de_q_en,en,0.7,0.30000000000000004,0.46097841359049685,1.5185092823496813,1.1567796494470395,0.0,0.7,0.0,0.0,0.2,0.1
google/embeddinggemma-300m,embeddinggemma,EP-4634111-A1_en_q_de,de,0.5,0.5,0.06816536807595691,7.335103060587133,1.360964047443681,0.0,0.4,0.5,0.1,0.0,0.0
google/embeddinggemma-300m,embeddinggemma,EP-4634596-A1_en_q_es,es,0.0,1.0,0.09171030782986332,0.0,0.7219280948873623,0.0,0.2,0.0,0.0,0.8,0.0
google/embeddinggemma-300m,embeddinggemma,EP-4634139-A1_en_q_es,es,0.6,0.4,0.09171030782986332,6.542339832869081,1.5709505944546687,1.0,0.2,0.0,0.6,0.1,0.1
google/embeddinggemma-300m,embeddinggemma,WO-2025153617-A3_de_q_en,en,0.9,0.09999999999999998,0.46097841359049685,1.9523690773067333,0.4689955935892812,0.0,0.9,0.0,0.0,0.1,0.0
google/embeddinggemma-300m,embeddinggemma,EP-4634251-A1_en_q_es,es,0.2,0.8,0.09171030782986332,2.180779944289694,1.5219280948873621,0.0,0.4,0.0,0.2,0.4,0.0
google/embeddinggemma-300m,embeddinggemma,EP-4634426-A1_en_q_es,es,0.2,0.8,0.09171030782986332,2.180779944289694,1.3709505944546687,0.0,0.2,0.0,0.2,0.6,0.0
google/embeddinggemma-300m,embeddinggemma,EP-4634729-A1_en_q_de,de,0.4,0.6,0.06816536807595691,5.868082448469707,1.5219280948873621,1.0,0.2,0.4,0.0,0.4,0.0
google/embeddinggemma-300m,embeddinggemma,EP-4626569-A1_de_q_en,en,0.6,0.4,0.46097841359049685,1.3015793848711554,0.9709505944546686,0.5,0.6,0.0,0.0,0.4,0.0
google/embeddinggemma-300m,embeddinggemma,EP-4634394-A2_en_q_es,es,0.5,0.5,0.09171030782986332,5.451949860724234,1.4854752972273344,1.0,0.2,0.0,0.5,0.3,0.0
google/embeddinggemma-300m,embeddinggemma,EP-4634424-A1_en_q_es,es,0.7,0.30000000000000004,0.09171030782986332,7.632729805013928,1.1567796494470395,0.0,0.0,0.2,0.7,0.1,0.0
google/embeddinggemma-300m,embeddinggemma,EP-4633602-A1_en_q_de,de,0.2,0.8,0.06816536807595691,2.9340412242348535,1.4854752972273344,0.0,0.3,0.2,0.0,0.5,0.0
google/embeddinggemma-300m,embeddinggemma,EP-4634337-A1_en_q_en,en,0.7,0.30000000000000004,0.46097841359049685,1.5185092823496813,0.8812908992306927,0.0,0.7,0.0,0.0,0.3,0.0
google/embeddinggemma-300m,embeddinggemma,EP-4634128-A1_en_q_en,en,0.8,0.19999999999999996,0.46097841359049685,1.7354391798282074,0.7219280948873623,1.0,0.8,0.0,0.0,0.2,0.0
google/embeddinggemma-300m,embeddinggemma,EP-4633896-A1_en_q_en,en,0.9,0.09999999999999998,0.46097841359049685,1.9523690773067333,0.4689955935892812,0.0,0.9,0.0,0.0,0.1,0.0
google/embeddinggemma-300m,embeddinggemma,WO-2025215091-A1_fr_q_fr,fr,0.9,0.09999999999999998,0.37488823604547195,2.4007155025553666,0.4689955935892812,1.0,0.0,0.1,0.0,0.9,0.0
google/embeddinggemma-300m,embeddinggemma,EP-4633599-A1_fr_q_fr,fr,0.5,0.5,0.37488823604547195,1.3337308347529813,1.4854752972273344,1.0,0.3,0.0,0.2,0.5,0.0
google/embeddinggemma-300m,embeddinggemma,EP-4633656-A1_fr_q_fr,fr,1.0,0.0,0.37488823604547195,2.6674616695059625,-0.0,0.0,0.0,0.0,0.0,1.0,0.0
google/embeddinggemma-300m,embeddinggemma,WO-2025208167-A1_de_q_de,de,0.1,0.9,0.06816536807595691,1.4670206121174267,1.295461844238322,0.0,0.3,0.1,0.0,0.6,0.0
google/embeddinggemma-300m,embeddinggemma,EP-4634396-A1_fr_q_fr,fr,0.5,0.5,0.37488823604547195,1.3337308347529813,1.4854752972273344,1.0,0.3,0.2,0.0,0.5,0.0
google/embeddinggemma-300m,embeddinggemma,EP-4633893-A1_fr_q_fr,fr,1.0,0.0,0.37488823604547195,2.6674616695059625,-0.0,0.0,0.0,0.0,0.0,1.0,0.0
google/embeddinggemma-300m,embeddinggemma,EP-4633462-A1_en_q_en,en,0.6,0.4,0.46097841359049685,1.3015793848711554,1.295461844238322,1.0,0.6,0.0,0.0,0.3,0.1
google/embeddinggemma-300m,embeddinggemma,EP-4633386-A1_en_q_en,en,0.5,0.5,0.46097841359049685,1.0846494873926296,1.7609640474436812,0.0,0.5,0.2,0.2,0.1,0.0
google/embeddinggemma-300m,embeddinggemma,EP-4633970-A1_fr_q_fr,fr,1.0,0.0,0.37488823604547195,2.6674616695059625,-0.0,0.0,0.0,0.0,0.0,1.0,0.0
google/embeddinggemma-300m,embeddinggemma,EP-4633415-A1_en_q_en,en,0.8,0.19999999999999996,0.46097841359049685,1.7354391798282074,0.9219280948873623,0.0,0.8,0.0,0.1,0.1,0.0
google/embeddinggemma-300m,embeddinggemma,EP-4633415-A1_en_q_de,de,0.2,0.8,0.06816536807595691,2.9340412242348535,1.4854752972273344,1.0,0.3,0.2,0.0,0.5,0.0
google/embeddinggemma-300m,embeddinggemma,EP-4633415-A1_fr_q_fr,fr,0.6,0.4,0.37488823604547195,1.6004770017035774,1.295461844238322,0.0,0.1,0.3,0.0,0.6,0.0
google/embeddinggemma-300m,embeddinggemma,EP-4633415-A1_en_q_es,es,0.3,0.7,0.09171030782986332,3.2711699164345407,1.6854752972273344,1.0,0.5,0.1,0.3,0.1,0.0
google/embeddinggemma-300m,embeddinggemma,EP-4633950-A1_en_q_en,en,1.0,0.0,0.46097841359049685,2.169298974785259,-0.0,0.0,1.0,0.0,0.0,0.0,0.0
google/embeddinggemma-300m,embeddinggemma,EP-4633950-A1_en_q_de,de,0.0,1.0,0.06816536807595691,0.0,0.9709505944546686,0.0,0.6,0.0,0.0,0.4,0.0
google/embeddinggemma-300m,embeddinggemma,EP-4633950-A1_fr_q_fr,fr,0.9,0.09999999999999998,0.37488823604547195,2.4007155025553666,0.4689955935892812,0.0,0.1,0.0,0.0,0.9,0.0
google/embeddinggemma-300m,embeddinggemma,EP-4633950-A1_en_q_es,es,0.3,0.7,0.09171030782986332,3.2711699164345407,1.295461844238322,0.0,0.6,0.0,0.3,0.1,0.0
google/embeddinggemma-300m,embeddinggemma,EP-4634629-A1_en_q_en,en,0.7,0.30000000000000004,0.46097841359049685,1.5185092823496813,1.1567796494470395,0.0,0.7,0.1,0.0,0.2,0.0
google/embeddinggemma-300m,embeddinggemma,EP-4634629-A1_de_q_de,de,0.2,0.8,0.06816536807595691,2.9340412242348535,1.5219280948873621,0.0,0.4,0.2,0.0,0.4,0.0
google/embeddinggemma-300m,embeddinggemma,EP-4634629-A1_fr_q_fr,fr,0.9,0.09999999999999998,0.37488823604547195,2.4007155025553666,0.4689955935892812,0.0,0.1,0.0,0.0,0.9,0.0
google/embeddinggemma-300m,embeddinggemma,EP-4634629-A1_en_q_es,es,0.4,0.6,0.09171030782986332,4.361559888579388,1.8464393446710154,0.0,0.2,0.1,0.4,0.3,0.0
google/embeddinggemma-300m,embeddinggemma,EP-4633582-A1_en_q_es,es,0.4,0.6,0.09171030782986332,4.361559888579388,1.8464393446710154,1.0,0.2,0.1,0.4,0.3,0.0
google/embeddinggemma-300m,embeddinggemma,EP-4634165-A1_en_q_es,es,0.3,0.7,0.09171030782986332,3.2711699164345407,1.5709505944546684,1.0,0.4,0.0,0.3,0.3,0.0
google/embeddinggemma-300m,embeddinggemma,EP-4633677-A1_en_q_de,de,0.0,1.0,0.06816536807595691,0.0,0.8812908992306927,0.0,0.3,0.0,0.0,0.7,0.0
google/embeddinggemma-300m,embeddinggemma,EP-4634246-A1_en_q_en,en,0.6,0.4,0.46097841359049685,1.3015793848711554,1.3709505944546687,1.0,0.6,0.2,0.0,0.2,0.0
google/embeddinggemma-300m,embeddinggemma,EP-4634120-A1_en_q_de,de,0.0,1.0,0.06816536807595691,0.0,1.295461844238322,0.5,0.3,0.0,0.1,0.6,0.0
google/embeddinggemma-300m,embeddinggemma,EP-4633638-A1_en_q_en,en,0.8,0.19999999999999996,0.46097841359049685,1.7354391798282074,0.9219280948873623,1.0,0.8,0.0,0.1,0.1,0.0
google/embeddinggemma-300m,embeddinggemma,EP-4633389-A1_en_q_en,en,0.6,0.4,0.46097841359049685,1.3015793848711554,0.9709505944546686,1.0,0.6,0.0,0.0,0.4,0.0
google/embeddinggemma-300m,embeddinggemma,WO-2025209629-A1_de_q_es,es,0.1,0.9,0.09171030782986332,1.090389972144847,1.721928094887362,1.0,0.4,0.1,0.1,0.4,0.0
google/embeddinggemma-300m,embeddinggemma,EP-4634132-A2_en_q_en,en,0.8,0.19999999999999996,0.46097841359049685,1.7354391798282074,0.9219280948873623,0.0,0.8,0.1,0.0,0.1,0.0
google/embeddinggemma-300m,embeddinggemma,EP-4634914-A1_en_q_es,es,0.3,0.7,0.09171030782986332,3.2711699164345407,1.5709505944546684,1.0,0.4,0.0,0.3,0.3,0.0
google/embeddinggemma-300m,embeddinggemma,EP-4634285-A1_en_q_de,de,0.0,1.0,0.06816536807595691,0.0,0.9709505944546686,1.0,0.6,0.0,0.0,0.4,0.0
google/embeddinggemma-300m,embeddinggemma,EP-4634122-A1_fr_q_fr,fr,0.9,0.09999999999999998,0.37488823604547195,2.4007155025553666,0.4689955935892812,0.0,0.1,0.0,0.0,0.9,0.0
google/embeddinggemma-300m,embeddinggemma,EP-4634365-A1_fr_q_fr,fr,0.5,0.5,0.37488823604547195,1.3337308347529813,1.0,1.0,0.5,0.0,0.0,0.5,0.0
google/embeddinggemma-300m,embeddinggemma,WO-2025214709-A1_de_q_es,es,0.2,0.8,0.09171030782986332,2.180779944289694,1.7609640474436812,1.0,0.5,0.2,0.2,0.1,0.0
google/embeddinggemma-300m,embeddinggemma,EP-4633426-A2_en_q_es,es,0.1,0.9,0.09171030782986332,1.090389972144847,1.8464393446710154,1.0,0.4,0.2,0.1,0.3,0.0
google/embeddinggemma-300m,embeddinggemma,EP-4630604-A1_de_q_es,es,0.2,0.8,0.09171030782986332,2.180779944289694,1.9709505944546686,0.5,0.3,0.2,0.2,0.3,0.0
google/embeddinggemma-300m,embeddinggemma,EP-4634118-A1_en_q_es,es,0.1,0.9,0.09171030782986332,1.090389972144847,1.6854752972273344,1.0,0.5,0.1,0.1,0.3,0.0
google/embeddinggemma-300m,embeddinggemma,EP-4634404-A1_en_q_de,de,0.1,0.9,0.06816536807595691,1.4670206121174267,1.360964047443681,1.0,0.5,0.1,0.0,0.4,0.0
google/embeddinggemma-300m,embeddinggemma,EP-4633465-A1_en_q_de,de,0.1,0.9,0.06816536807595691,1.4670206121174267,2.0464393446710156,1.0,0.4,0.1,0.1,0.3,0.1
google/embeddinggemma-300m,embeddinggemma,EP-4633680-A1_en_q_es,es,0.6,0.4,0.09171030782986332,6.542339832869081,1.3709505944546687,1.0,0.2,0.0,0.6,0.2,0.0
google/embeddinggemma-300m,embeddinggemma,WO-2025201606-A1_de_q_es,es,0.1,0.9,0.09171030782986332,1.090389972144847,1.3567796494470397,1.0,0.7,0.1,0.1,0.1,0.0
google/embeddinggemma-300m,embeddinggemma,EP-4634435-A1_en_q_de,de,0.2,0.8,0.06816536807595691,2.9340412242348535,1.8464393446710154,1.0,0.3,0.2,0.1,0.4,0.0
google/embeddinggemma-300m,embeddinggemma,EP-4634143-A1_en_q_de,de,0.3,0.7,0.06816536807595691,4.401061836352279,1.9709505944546686,1.0,0.2,0.3,0.2,0.3,0.0
google/embeddinggemma-300m,embeddinggemma,EP-4634411-A1_en_q_de,de,0.5,0.5,0.06816536807595691,7.335103060587133,1.4854752972273344,0.0,0.2,0.5,0.0,0.3,0.0
google/embeddinggemma-300m,embeddinggemma,EP-4634287-A1_en_q_es,es,0.1,0.9,0.09171030782986332,1.090389972144847,1.360964047443681,0.0,0.4,0.0,0.1,0.5,0.0
google/embeddinggemma-300m,embeddinggemma,EP-4633627-A1_en_q_de,de,0.0,1.0,0.06816536807595691,0.0,0.9709505944546686,1.0,0.4,0.0,0.0,0.6,0.0
google/embeddinggemma-300m,embeddinggemma,EP-4633670-A1_fr_q_fr,fr,0.8,0.19999999999999996,0.37488823604547195,2.13396933560477,0.7219280948873623,1.0,0.2,0.0,0.0,0.8,0.0
google/embeddinggemma-300m,embeddinggemma,WO-2025202163-A1_fr_q_fr,fr,0.6,0.4,0.37488823604547195,1.6004770017035774,1.3709505944546687,1.0,0.2,0.2,0.0,0.6,0.0
google/embeddinggemma-300m,embeddinggemma,WO-2025214852-A1_fr_q_fr,fr,0.5,0.5,0.37488823604547195,1.3337308347529813,1.4854752972273344,0.0,0.3,0.2,0.0,0.5,0.0
google/embeddinggemma-300m,embeddinggemma,WO-2025214996-A1_fr_q_fr,fr,0.6,0.4,0.37488823604547195,1.6004770017035774,1.295461844238322,0.0,0.3,0.1,0.0,0.6,0.0
google/embeddinggemma-300m,embeddinggemma,EP-4630123-A1_de_q_de,de,0.2,0.8,0.06816536807595691,2.9340412242348535,1.8464393446710154,1.0,0.4,0.2,0.1,0.3,0.0
google/embeddinggemma-300m,embeddinggemma,EP-4634646-A1_en_q_en,en,0.4,0.6,0.46097841359049685,0.8677195899141037,1.360964047443681,1.0,0.4,0.0,0.1,0.5,0.0
google/embeddinggemma-300m,embeddinggemma,EP-4634294-A1_en_q_en,en,0.6,0.4,0.46097841359049685,1.3015793848711554,1.295461844238322,1.0,0.6,0.0,0.1,0.3,0.0
google/embeddinggemma-300m,embeddinggemma,EP-4634436-A1_fr_q_fr,fr,0.6,0.4,0.37488823604547195,1.6004770017035774,1.295461844238322,1.0,0.3,0.1,0.0,0.6,0.0
google/embeddinggemma-300m,embeddinggemma,EP-4633761-A1_en_q_en,en,0.8,0.19999999999999996,0.46097841359049685,1.7354391798282074,0.9219280948873623,0.0,0.8,0.0,0.1,0.1,0.0
google/embeddinggemma-300m,embeddinggemma,WO-2025215167-A1_de_q_de,de,0.2,0.8,0.06816536807595691,2.9340412242348535,1.8464393446710154,1.0,0.3,0.2,0.1,0.4,0.0
google/embeddinggemma-300m,embeddinggemma,EP-4626962-A1_de_q_en,en,0.6,0.4,0.46097841359049685,1.3015793848711554,1.3709505944546687,1.0,0.6,0.2,0.0,0.2,0.0
google/embeddinggemma-300m,embeddinggemma,EP-4626962-A1_de_q_de,de,0.5,0.5,0.06816536807595691,7.335103060587133,1.4854752972273344,1.0,0.2,0.5,0.0,0.3,0.0
google/embeddinggemma-300m,embeddinggemma,EP-4626962-A1_fr_q_fr,fr,1.0,0.0,0.37488823604547195,2.6674616695059625,-0.0,0.0,0.0,0.0,0.0,1.0,0.0
google/embeddinggemma-300m,embeddinggemma,EP-4626962-A1_de_q_es,es,0.0,1.0,0.09171030782986332,0.0,1.5709505944546684,1.0,0.3,0.3,0.0,0.4,0.0
google/embeddinggemma-300m,embeddinggemma,WO-2025201936-A1_de_q_en,en,0.7,0.30000000000000004,0.46097841359049685,1.5185092823496813,0.8812908992306927,0.0,0.7,0.0,0.3,0.0,0.0
google/embeddinggemma-300m,embeddinggemma,WO-2025201936-A1_fr_q_fr,fr,1.0,0.0,0.37488823604547195,2.6674616695059625,-0.0,0.0,0.0,0.0,0.0,1.0,0.0
google/embeddinggemma-300m,embeddinggemma,WO-2025201936-A1_de_q_es,es,1.0,0.0,0.09171030782986332,10.903899721448468,-0.0,0.0,0.0,0.0,1.0,0.0,0.0
google/embeddinggemma-300m,embeddinggemma,EP-4634597-A1_en_q_en,en,0.7,0.30000000000000004,0.46097841359049685,1.5185092823496813,1.1567796494470395,0.0,0.7,0.0,0.1,0.2,0.0
google/embeddinggemma-300m,embeddinggemma,EP-4634597-A1_en_q_de,de,0.4,0.6,0.06816536807595691,5.868082448469707,1.8464393446710154,1.0,0.3,0.4,0.2,0.1,0.0
google/embeddinggemma-300m,embeddinggemma,EP-4634597-A1_fr_q_fr,fr,0.3,0.7,0.37488823604547195,0.8002385008517887,1.4854752972273344,1.0,0.5,0.0,0.2,0.3,0.0
google/embeddinggemma-300m,embeddinggemma,EP-4634597-A1_en_q_es,es,0.3,0.7,0.09171030782986332,3.2711699164345407,1.5709505944546684,0.0,0.3,0.0,0.3,0.4,0.0
google/embeddinggemma-300m,embeddinggemma,EP-4634381-A1_en_q_zh,zh,0.1,0.9,0.004257674458210925,23.487000000000002,1.5709505944546687,0.0,0.6,0.0,0.1,0.2,0.1
google/embeddinggemma-300m,embeddinggemma,EP-4633589-A1_en_q_zh,zh,0.1,0.9,0.004257674458210925,23.487000000000002,1.3567796494470397,0.0,0.1,0.0,0.1,0.7,0.1
google/embeddinggemma-300m,embeddinggemma,EP-4627024-A1_de_q_zh,zh,0.1,0.9,0.004257674458210925,23.487000000000002,1.295461844238322,0.0,0.6,0.0,0.0,0.3,0.1
google/embeddinggemma-300m,embeddinggemma,EP-4634926-A1_en_q_zh,zh,0.0,1.0,0.004257674458210925,0.0,0.8812908992306927,0.0,0.7,0.0,0.0,0.3,0.0
google/embeddinggemma-300m,embeddinggemma,EP-4633863-A2_en_q_zh,zh,0.1,0.9,0.004257674458210925,23.487000000000002,1.295461844238322,0.6666666666666666,0.6,0.0,0.0,0.3,0.1
google/embeddinggemma-300m,embeddinggemma,EP-4633797-A1_en_q_zh,zh,0.2,0.8,0.004257674458210925,46.974000000000004,1.7609640474436812,1.0,0.5,0.0,0.1,0.2,0.2
google/embeddinggemma-300m,embeddinggemma,EP-4633777-A1_en_q_zh,zh,0.0,1.0,0.004257674458210925,0.0,1.8464393446710154,1.0,0.4,0.3,0.2,0.1,0.0
google/embeddinggemma-300m,embeddinggemma,EP-4633621-A1_en_q_zh,zh,0.0,1.0,0.004257674458210925,0.0,1.360964047443681,0.5,0.4,0.0,0.1,0.5,0.0
google/embeddinggemma-300m,embeddinggemma,EP-4634723-A1_en_q_zh,zh,0.0,1.0,0.004257674458210925,0.0,1.9709505944546686,0.0,0.3,0.3,0.2,0.2,0.0
google/embeddinggemma-300m,embeddinggemma,EP-4633581-A1_en_q_zh,zh,0.7,0.30000000000000004,0.004257674458210925,164.409,1.1567796494470395,0.0,0.0,0.0,0.1,0.2,0.7
google/embeddinggemma-300m,embeddinggemma,EP-4634416-A1_en_q_zh,zh,0.0,1.0,0.004257674458210925,0.0,1.9709505944546686,0.0,0.2,0.3,0.2,0.3,0.0
google/embeddinggemma-300m,embeddinggemma,EP-4634305-A1_en_q_zh,zh,0.0,1.0,0.004257674458210925,0.0,1.6854752972273344,1.0,0.5,0.1,0.1,0.3,0.0
google/embeddinggemma-300m,embeddinggemma,EP-4633531-A1_en_q_zh,zh,0.0,1.0,0.004257674458210925,0.0,1.360964047443681,1.0,0.5,0.0,0.1,0.4,0.0
google/embeddinggemma-300m,embeddinggemma,EP-4634333-A1_en_q_zh,zh,0.0,1.0,0.004257674458210925,0.0,0.9219280948873623,1.0,0.8,0.0,0.1,0.1,0.0
google/embeddinggemma-300m,embeddinggemma,EP-4634212-A1_en_q_zh,zh,0.0,1.0,0.004257674458210925,0.0,1.4854752972273344,1.0,0.5,0.0,0.2,0.3,0.0
google/embeddinggemma-300m,embeddinggemma,EP-4629959-A1_de_q_zh,zh,0.3,0.7,0.004257674458210925,70.461,2.2464393446710154,1.0,0.2,0.2,0.1,0.2,0.3
google/embeddinggemma-300m,embeddinggemma,EP-4627881-A1_de_q_zh,zh,0.2,0.8,0.004257674458210925,46.974000000000004,1.7609640474436812,1.0,0.5,0.1,0.0,0.2,0.2
google/embeddinggemma-300m,embeddinggemma,EP-4633576-A1_en_q_zh,zh,0.2,0.8,0.004257674458210925,46.974000000000004,1.1567796494470395,0.0,0.7,0.0,0.0,0.1,0.2
google/embeddinggemma-300m,embeddinggemma,EP-4633742-A2_en_q_zh,zh,0.0,1.0,0.004257674458210925,0.0,1.4854752972273344,1.0,0.5,0.0,0.3,0.2,0.0
google/embeddinggemma-300m,embeddinggemma,EP-4633791-A1_en_q_zh,zh,0.0,1.0,0.004257674458210925,0.0,1.4854752972273344,1.0,0.5,0.0,0.2,0.3,0.0
google/embeddinggemma-300m,embeddinggemma,EP-4630574-A1_fr_q_fr,fr,0.7,0.30000000000000004,0.37488823604547195,1.8672231686541738,1.3567796494470397,0.0,0.1,0.1,0.1,0.7,0.0
google/embeddinggemma-300m,embeddinggemma,EP-4634111-A1_fr_q_fr,fr,1.0,0.0,0.37488823604547195,2.6674616695059625,-0.0,0.0,0.0,0.0,0.0,1.0,0.0
google/embeddinggemma-300m,embeddinggemma,EP-4633622-A2_en_q_es,es,0.4,0.6,0.09171030782986332,4.361559888579388,1.8464393446710154,1.0,0.2,0.0,0.4,0.3,0.1
google/embeddinggemma-300m,embeddinggemma,EP-4634187-A1_en_q_es_120,es,0.0,1.0,0.09171030782986332,0.0,1.5709505944546687,0.6666666666666666,0.1,0.1,0.0,0.6,0.2
google/embeddinggemma-300m,embeddinggemma,EP-4634139-A1_fr_q_fr,fr,0.6,0.4,0.37488823604547195,1.6004770017035774,1.295461844238322,1.0,0.3,0.0,0.0,0.6,0.1
google/embeddinggemma-300m,embeddinggemma,EP-4634136-A1_en_q_en,en,0.6,0.4,0.46097841359049685,1.3015793848711554,0.9709505944546686,0.0,0.6,0.0,0.0,0.4,0.0
google/embeddinggemma-300m,embeddinggemma,EP-4634136-A1_en_q_de,de,0.2,0.8,0.06816536807595691,2.9340412242348535,1.7609640474436812,0.0,0.5,0.2,0.1,0.2,0.0
google/embeddinggemma-300m,embeddinggemma,EP-4634136-A1_fr_q_fr,fr,0.9,0.09999999999999998,0.37488823604547195,2.4007155025553666,0.4689955935892812,0.0,0.1,0.0,0.0,0.9,0.0
google/embeddinggemma-300m,embeddinggemma,EP-4634136-A1_en_q_es_125,es,0.6,0.4,0.09171030782986332,6.542339832869081,1.3709505944546687,0.0,0.2,0.0,0.6,0.2,0.0
google/embeddinggemma-300m,embeddinggemma,EP-4634136-A1_zh_q_zh,zh,0.3,0.7,0.004257674458210925,70.461,1.5709505944546684,0.0,0.4,0.0,0.0,0.3,0.3
google/embeddinggemma-300m,embeddinggemma,EP-4634248-A1_en_q_en,en,0.7,0.30000000000000004,0.46097841359049685,1.5185092823496813,1.1567796494470395,1.0,0.7,0.0,0.0,0.2,0.1
google/embeddinggemma-300m,embeddinggemma,EP-4634142-A1_en_q_es,es,0.0,1.0,0.09171030782986332,0.0,1.360964047443681,1.0,0.5,0.0,0.0,0.4,0.1
google/embeddinggemma-300m,embeddinggemma,WO-2025214812-A1_de_q_es,es,0.0,1.0,0.09171030782986332,0.0,1.4854752972273344,0.6666666666666666,0.5,0.2,0.0,0.3,0.0
google/embeddinggemma-300m,embeddinggemma,EP-4633662-A1_en_q_de,de,0.0,1.0,0.06816536807595691,0.0,1.5709505944546687,0.6666666666666666,0.6,0.0,0.1,0.2,0.1
google/embeddinggemma-300m,embeddinggemma,WO-2025153617-A3_de_q_de,de,0.3,0.7,0.06816536807595691,4.401061836352279,2.1709505944546685,1.0,0.3,0.3,0.1,0.2,0.1
google/embeddinggemma-300m,embeddinggemma,EP-4634596-A1_en_q_en,en,0.4,0.6,0.46097841359049685,0.8677195899141037,2.1219280948873624,1.0,0.4,0.2,0.1,0.2,0.1
google/embeddinggemma-300m,embeddinggemma,EP-4634596-A1_en_q_de,de,0.2,0.8,0.06816536807595691,2.9340412242348535,1.5709505944546687,1.0,0.1,0.2,0.0,0.6,0.1
google/embeddinggemma-300m,embeddinggemma,EP-4634596-A1_fr_q_fr,fr,0.7,0.30000000000000004,0.37488823604547195,1.8672231686541738,1.3567796494470397,1.0,0.1,0.0,0.1,0.7,0.1
google/embeddinggemma-300m,embeddinggemma,EP-4634596-A1_en_q_es_135,es,0.1,0.9,0.09171030782986332,1.090389972144847,1.721928094887362,1.0,0.4,0.0,0.1,0.4,0.1
google/embeddinggemma-300m,embeddinggemma,EP-4634596-A1_zh_q_zh,zh,0.2,0.8,0.004257674458210925,46.974000000000004,2.1709505944546685,1.0,0.3,0.1,0.1,0.3,0.2
BAAI/bge-m3,bge-m3,EP-4633662-A1_en_q_en,en,0.8,0.19999999999999996,0.46097841359049685,1.7354391798282074,0.7219280948873623,0.0,0.8,0.0,0.0,0.2,0.0
BAAI/bge-m3,bge-m3,EP-4630509-A1_fr_q_fr,fr,0.9,0.09999999999999998,0.37488823604547195,2.4007155025553666,0.4689955935892812,0.0,0.1,0.0,0.0,0.9,0.0
BAAI/bge-m3,bge-m3,EP-4634248-A1_en_q_es,es,0.1,0.9,0.09171030782986332,1.090389972144847,1.6854752972273344,0.0,0.5,0.1,0.1,0.3,0.0
BAAI/bge-m3,bge-m3,EP-4634187-A1_en_q_es,es,0.7,0.30000000000000004,0.09171030782986332,7.632729805013928,1.1567796494470395,0.6666666666666666,0.2,0.0,0.7,0.1,0.0
BAAI/bge-m3,bge-m3,EP-4634142-A1_fr_q_fr,fr,0.7,0.30000000000000004,0.37488823604547195,1.8672231686541738,0.8812908992306927,0.0,0.3,0.0,0.0,0.7,0.0
BAAI/bge-m3,bge-m3,EP-4633768-A2_en_q_es,es,0.0,1.0,0.09171030782986332,0.0,1.1567796494470395,0.0,0.7,0.1,0.0,0.2,0.0
BAAI/bge-m3,bge-m3,EP-4633645-A1_fr_q_fr,fr,0.2,0.8,0.37488823604547195,0.5334923339011926,1.3709505944546687,0.0,0.6,0.0,0.2,0.2,0.0
BAAI/bge-m3,bge-m3,EP-4633622-A2_en_q_de,de,0.0,1.0,0.06816536807595691,0.0,1.6854752972273344,1.0,0.5,0.0,0.1,0.3,0.1
BAAI/bge-m3,bge-m3,EP-4634601-A1_en_q_en,en,1.0,0.0,0.46097841359049685,2.169298974785259,-0.0,0.0,1.0,0.0,0.0,0.0,0.0
BAAI/bge-m3,bge-m3,EP-4630626-A1_de_q_de,de,0.1,0.9,0.06816536807595691,1.4670206121174267,1.5709505944546687,0.5,0.6,0.1,0.1,0.2,0.0
BAAI/bge-m3,bge-m3,EP-4630600-A1_de_q_en,en,0.6,0.4,0.46097841359049685,1.3015793848711554,0.9709505944546686,0.0,0.6,0.0,0.0,0.4,0.0
BAAI/bge-m3,bge-m3,EP-4633632-A1_en_q_es,es,0.4,0.6,0.09171030782986332,4.361559888579388,1.360964047443681,0.0,0.5,0.0,0.4,0.1,0.0
BAAI/bge-m3,bge-m3,EP-4634136-A1_en_q_es,es,0.1,0.9,0.09171030782986332,1.090389972144847,1.1567796494470395,0.0,0.7,0.0,0.1,0.2,0.0
BAAI/bge-m3,bge-m3,EP-4634157-A1_en_q_de,de,0.1,0.9,0.06816536807595691,1.4670206121174267,0.9219280948873623,0.0,0.8,0.1,0.0,0.1,0.0
BAAI/bge-m3,bge-m3,EP-4630574-A1_de_q_en,en,0.7,0.30000000000000004,0.46097841359049685,1.5185092823496813,0.8812908992306927,0.0,0.7,0.0,0.0,0.3,0.0
BAAI/bge-m3,bge-m3,EP-4634111-A1_en_q_de,de,0.9,0.09999999999999998,0.06816536807595691,13.20318550905684,0.4689955935892812,0.0,0.1,0.9,0.0,0.0,0.0
BAAI/bge-m3,bge-m3,EP-4634596-A1_en_q_es,es,0.0,1.0,0.09171030782986332,0.0,1.3709505944546687,0.0,0.2,0.2,0.0,0.6,0.0
BAAI/bge-m3,bge-m3,EP-4634139-A1_en_q_es,es,0.2,0.8,0.09171030782986332,2.180779944289694,1.8464393446710154,1.0,0.3,0.0,0.2,0.4,0.1
BAAI/bge-m3,bge-m3,WO-2025153617-A3_de_q_en,en,0.9,0.09999999999999998,0.46097841359049685,1.9523690773067333,0.4689955935892812,0.0,0.9,0.0,0.0,0.1,0.0
BAAI/bge-m3,bge-m3,EP-4634251-A1_en_q_es,es,0.0,1.0,0.09171030782986332,0.0,0.9709505944546686,0.0,0.4,0.0,0.0,0.6,0.0
BAAI/bge-m3,bge-m3,EP-4634426-A1_en_q_es,es,0.0,1.0,0.09171030782986332,0.0,0.8812908992306927,0.3333333333333333,0.7,0.0,0.0,0.3,0.0
BAAI/bge-m3,bge-m3,EP-4634729-A1_en_q_de,de,0.2,0.8,0.06816536807595691,2.9340412242348535,1.5219280948873621,1.0,0.4,0.2,0.0,0.4,0.0
BAAI/bge-m3,bge-m3,EP-4626569-A1_de_q_en,en,0.9,0.09999999999999998,0.46097841359049685,1.9523690773067333,0.4689955935892812,0.5,0.9,0.0,0.0,0.1,0.0
BAAI/bge-m3,bge-m3,EP-4634394-A2_en_q_es,es,0.2,0.8,0.09171030782986332,2.180779944289694,1.5219280948873621,1.0,0.4,0.0,0.2,0.4,0.0
BAAI/bge-m3,bge-m3,EP-4634424-A1_en_q_es,es,0.1,0.9,0.09171030782986332,1.090389972144847,1.8954618442383218,0.5,0.3,0.3,0.1,0.3,0.0
BAAI/bge-m3,bge-m3,EP-4633602-A1_en_q_de,de,0.0,1.0,0.06816536807595691,0.0,0.8812908992306927,0.0,0.7,0.0,0.0,0.3,0.0
BAAI/bge-m3,bge-m3,EP-4634337-A1_en_q_en,en,0.9,0.09999999999999998,0.46097841359049685,1.9523690773067333,0.4689955935892812,0.0,0.9,0.0,0.0,0.1,0.0
BAAI/bge-m3,bge-m3,EP-4634128-A1_en_q_en,en,0.7,0.30000000000000004,0.46097841359049685,1.5185092823496813,1.3567796494470397,0.0,0.7,0.0,0.1,0.1,0.1
BAAI/bge-m3,bge-m3,EP-4633896-A1_en_q_en,en,0.9,0.09999999999999998,0.46097841359049685,1.9523690773067333,0.4689955935892812,0.0,0.9,0.0,0.0,0.1,0.0
BAAI/bge-m3,bge-m3,WO-2025215091-A1_fr_q_fr,fr,0.6,0.4,0.37488823604547195,1.6004770017035774,1.295461844238322,0.0,0.3,0.1,0.0,0.6,0.0
BAAI/bge-m3,bge-m3,EP-4633599-A1_fr_q_fr,fr,0.4,0.6,0.37488823604547195,1.066984667802385,0.9709505944546686,1.0,0.6,0.0,0.0,0.4,0.0
BAAI/bge-m3,bge-m3,EP-4633656-A1_fr_q_fr,fr,0.2,0.8,0.37488823604547195,0.5334923339011926,1.1567796494470395,0.0,0.7,0.1,0.0,0.2,0.0
BAAI/bge-m3,bge-m3,WO-2025208167-A1_de_q_de,de,0.1,0.9,0.06816536807595691,1.4670206121174267,1.1567796494470395,0.0,0.7,0.1,0.0,0.2,0.0
BAAI/bge-m3,bge-m3,EP-4634396-A1_fr_q_fr,fr,0.3,0.7,0.37488823604547195,0.8002385008517887,0.8812908992306927,1.0,0.7,0.0,0.0,0.3,0.0
BAAI/bge-m3,bge-m3,EP-4633893-A1_fr_q_fr,fr,0.8,0.19999999999999996,0.37488823604547195,2.13396933560477,0.7219280948873623,0.0,0.2,0.0,0.0,0.8,0.0
BAAI/bge-m3,bge-m3,EP-4633462-A1_en_q_en,en,0.5,0.5,0.46097841359049685,1.0846494873926296,1.360964047443681,1.0,0.5,0.0,0.0,0.4,0.1
BAAI/bge-m3,bge-m3,EP-4633386-A1_en_q_en,en,0.8,0.19999999999999996,0.46097841359049685,1.7354391798282074,0.9219280948873623,0.0,0.8,0.0,0.1,0.1,0.0
BAAI/bge-m3,bge-m3,EP-4633970-A1_fr_q_fr,fr,0.8,0.19999999999999996,0.37488823604547195,2.13396933560477,0.7219280948873623,0.0,0.2,0.0,0.0,0.8,0.0
BAAI/bge-m3,bge-m3,EP-4633415-A1_en_q_en,en,0.9,0.09999999999999998,0.46097841359049685,1.9523690773067333,0.4689955935892812,0.0,0.9,0.0,0.1,0.0,0.0
BAAI/bge-m3,bge-m3,EP-4633415-A1_en_q_de,de,0.3,0.7,0.06816536807595691,4.401061836352279,1.295461844238322,0.5,0.6,0.3,0.0,0.1,0.0
BAAI/bge-m3,bge-m3,EP-4633415-A1_fr_q_fr,fr,0.3,0.7,0.37488823604547195,0.8002385008517887,1.295461844238322,0.0,0.6,0.0,0.1,0.3,0.0
BAAI/bge-m3,bge-m3,EP-4633415-A1_en_q_es,es,0.3,0.7,0.09171030782986332,3.2711699164345407,1.5709505944546684,1.0,0.3,0.0,0.3,0.4,0.0
BAAI/bge-m3,bge-m3,EP-4633950-A1_en_q_en,en,1.0,0.0,0.46097841359049685,2.169298974785259,-0.0,0.0,1.0,0.0,0.0,0.0,0.0
BAAI/bge-m3,bge-m3,EP-4633950-A1_en_q_de,de,0.0,1.0,0.06816536807595691,0.0,1.1567796494470395,0.0,0.7,0.0,0.1,0.2,0.0
BAAI/bge-m3,bge-m3,EP-4633950-A1_fr_q_fr,fr,0.2,0.8,0.37488823604547195,0.5334923339011926,1.9709505944546686,0.0,0.3,0.2,0.3,0.2,0.0
BAAI/bge-m3,bge-m3,EP-4633950-A1_en_q_es,es,0.1,0.9,0.09171030782986332,1.090389972144847,0.4689955935892812,0.0,0.9,0.0,0.1,0.0,0.0
BAAI/bge-m3,bge-m3,EP-4634629-A1_en_q_en,en,0.5,0.5,0.46097841359049685,1.0846494873926296,1.4854752972273344,0.0,0.5,0.2,0.0,0.3,0.0
BAAI/bge-m3,bge-m3,EP-4634629-A1_de_q_de,de,0.4,0.6,0.06816536807595691,5.868082448469707,1.360964047443681,0.0,0.5,0.4,0.0,0.1,0.0
BAAI/bge-m3,bge-m3,EP-4634629-A1_fr_q_fr,fr,0.9,0.09999999999999998,0.37488823604547195,2.4007155025553666,0.4689955935892812,0.0,0.1,0.0,0.0,0.9,0.0
BAAI/bge-m3,bge-m3,EP-4634629-A1_en_q_es,es,0.1,0.9,0.09171030782986332,1.090389972144847,1.5709505944546687,0.0,0.2,0.1,0.1,0.6,0.0
BAAI/bge-m3,bge-m3,EP-4633582-A1_en_q_es,es,0.2,0.8,0.09171030782986332,2.180779944289694,1.4854752972273344,0.0,0.3,0.0,0.2,0.5,0.0
BAAI/bge-m3,bge-m3,EP-4634165-A1_en_q_es,es,0.0,1.0,0.09171030782986332,0.0,1.0,1.0,0.5,0.0,0.0,0.5,0.0
BAAI/bge-m3,bge-m3,EP-4633677-A1_en_q_de,de,0.0,1.0,0.06816536807595691,0.0,0.8812908992306927,0.0,0.7,0.0,0.0,0.3,0.0
BAAI/bge-m3,bge-m3,EP-4634246-A1_en_q_en,en,0.5,0.5,0.46097841359049685,1.0846494873926296,1.4854752972273344,1.0,0.5,0.3,0.0,0.2,0.0
BAAI/bge-m3,bge-m3,EP-4634120-A1_en_q_de,de,0.0,1.0,0.06816536807595691,0.0,1.0,0.0,0.5,0.0,0.0,0.5,0.0
BAAI/bge-m3,bge-m3,EP-4633638-A1_en_q_en,en,0.7,0.30000000000000004,0.46097841359049685,1.5185092823496813,1.1567796494470395,1.0,0.7,0.0,0.1,0.2,0.0
BAAI/bge-m3,bge-m3,EP-4633389-A1_en_q_en,en,0.7,0.30000000000000004,0.46097841359049685,1.5185092823496813,0.8812908992306927,1.0,0.7,0.0,0.0,0.3,0.0
BAAI/bge-m3,bge-m3,WO-2025209629-A1_de_q_es,es,0.0,1.0,0.09171030782986332,0.0,1.360964047443681,1.0,0.4,0.1,0.0,0.5,0.0
BAAI/bge-m3,bge-m3,EP-4634132-A2_en_q_en,en,0.9,0.09999999999999998,0.46097841359049685,1.9523690773067333,0.4689955935892812,0.0,0.9,0.0,0.1,0.0,0.0
BAAI/bge-m3,bge-m3,EP-4634914-A1_en_q_es,es,0.2,0.8,0.09171030782986332,2.180779944289694,1.8464393446710154,0.0,0.3,0.1,0.2,0.4,0.0
BAAI/bge-m3,bge-m3,EP-4634285-A1_en_q_de,de,0.0,1.0,0.06816536807595691,0.0,-0.0,0.5,1.0,0.0,0.0,0.0,0.0
BAAI/bge-m3,bge-m3,EP-4634122-A1_fr_q_fr,fr,0.9,0.09999999999999998,0.37488823604547195,2.4007155025553666,0.4689955935892812,0.0,0.1,0.0,0.0,0.9,0.0
BAAI/bge-m3,bge-m3,EP-4634365-A1_fr_q_fr,fr,0.4,0.6,0.37488823604547195,1.066984667802385,0.9709505944546686,1.0,0.6,0.0,0.0,0.4,0.0
BAAI/bge-m3,bge-m3,WO-2025214709-A1_de_q_es,es,0.1,0.9,0.09171030782986332,1.090389972144847,1.1567796494470395,0.0,0.7,0.0,0.1,0.2,0.0
BAAI/bge-m3,bge-m3,EP-4633426-A2_en_q_es,es,0.0,1.0,0.09171030782986332,0.0,1.360964047443681,1.0,0.4,0.1,0.0,0.5,0.0
BAAI/bge-m3,bge-m3,EP-4630604-A1_de_q_es,es,0.1,0.9,0.09171030782986332,1.090389972144847,1.6854752972273344,0.5,0.5,0.1,0.1,0.3,0.0
BAAI/bge-m3,bge-m3,EP-4634118-A1_en_q_es,es,0.0,1.0,0.09171030782986332,0.0,0.8812908992306927,1.0,0.7,0.0,0.0,0.3,0.0
BAAI/bge-m3,bge-m3,EP-4634404-A1_en_q_de,de,0.0,1.0,0.06816536807595691,0.0,1.360964047443681,1.0,0.4,0.0,0.0,0.5,0.1
BAAI/bge-m3,bge-m3,EP-4633465-A1_en_q_de,de,0.0,1.0,0.06816536807595691,0.0,0.9709505944546686,1.0,0.6,0.0,0.0,0.4,0.0
BAAI/bge-m3,bge-m3,EP-4633680-A1_en_q_es,es,0.0,1.0,0.09171030782986332,0.0,0.7219280948873623,1.0,0.8,0.0,0.0,0.2,0.0
BAAI/bge-m3,bge-m3,WO-2025201606-A1_de_q_es,es,0.1,0.9,0.09171030782986332,1.090389972144847,1.721928094887362,1.0,0.4,0.1,0.1,0.4,0.0
BAAI/bge-m3,bge-m3,EP-4634435-A1_en_q_de,de,0.0,1.0,0.06816536807595691,0.0,1.360964047443681,1.0,0.5,0.0,0.1,0.4,0.0
BAAI/bge-m3,bge-m3,EP-4634143-A1_en_q_de,de,0.5,0.5,0.06816536807595691,7.335103060587133,1.4854752972273344,0.5,0.3,0.5,0.2,0.0,0.0
BAAI/bge-m3,bge-m3,EP-4634411-A1_en_q_de,de,0.2,0.8,0.06816536807595691,2.9340412242348535,1.3709505944546687,0.0,0.6,0.2,0.0,0.2,0.0
BAAI/bge-m3,bge-m3,EP-4634287-A1_en_q_es,es,0.0,1.0,0.09171030782986332,0.0,0.7219280948873623,0.0,0.2,0.0,0.0,0.8,0.0
BAAI/bge-m3,bge-m3,EP-4633627-A1_en_q_de,de,0.0,1.0,0.06816536807595691,0.0,0.8812908992306927,1.0,0.7,0.0,0.0,0.3,0.0
BAAI/bge-m3,bge-m3,EP-4633670-A1_fr_q_fr,fr,0.4,0.6,0.37488823604547195,1.066984667802385,0.9709505944546686,1.0,0.6,0.0,0.0,0.4,0.0
BAAI/bge-m3,bge-m3,WO-2025202163-A1_fr_q_fr,fr,0.6,0.4,0.37488823604547195,1.6004770017035774,1.3709505944546687,1.0,0.2,0.2,0.0,0.6,0.0
BAAI/bge-m3,bge-m3,WO-2025214852-A1_fr_q_fr,fr,0.6,0.4,0.37488823604547195,1.6004770017035774,0.9709505944546686,0.0,0.4,0.0,0.0,0.6,0.0
BAAI/bge-m3,bge-m3,WO-2025214996-A1_fr_q_fr,fr,0.6,0.4,0.37488823604547195,1.6004770017035774,0.9709505944546686,0.0,0.4,0.0,0.0,0.6,0.0
BAAI/bge-m3,bge-m3,EP-4630123-A1_de_q_de,de,0.2,0.8,0.06816536807595691,2.9340412242348535,1.1567796494470395,0.0,0.7,0.2,0.1,0.0,0.0
BAAI/bge-m3,bge-m3,EP-4634646-A1_en_q_en,en,0.6,0.4,0.46097841359049685,1.3015793848711554,0.9709505944546686,1.0,0.6,0.0,0.0,0.4,0.0
BAAI/bge-m3,bge-m3,EP-4634294-A1_en_q_en,en,0.7,0.30000000000000004,0.46097841359049685,1.5185092823496813,0.8812908992306927,1.0,0.7,0.0,0.0,0.3,0.0
BAAI/bge-m3,bge-m3,EP-4634436-A1_fr_q_fr,fr,0.5,0.5,0.37488823604547195,1.3337308347529813,1.0,1.0,0.5,0.0,0.0,0.5,0.0
BAAI/bge-m3,bge-m3,EP-4633761-A1_en_q_en,en,0.8,0.19999999999999996,0.46097841359049685,1.7354391798282074,0.9219280948873623,0.0,0.8,0.0,0.1,0.1,0.0
BAAI/bge-m3,bge-m3,WO-2025215167-A1_de_q_de,de,0.2,0.8,0.06816536807595691,2.9340412242348535,1.4854752972273344,1.0,0.3,0.2,0.0,0.5,0.0
BAAI/bge-m3,bge-m3,EP-4626962-A1_de_q_en,en,0.5,0.5,0.46097841359049685,1.0846494873926296,1.4854752972273344,1.0,0.5,0.2,0.0,0.3,0.0
BAAI/bge-m3,bge-m3,EP-4626962-A1_de_q_de,de,0.4,0.6,0.06816536807595691,5.868082448469707,1.5709505944546684,1.0,0.3,0.4,0.0,0.3,0.0
BAAI/bge-m3,bge-m3,EP-4626962-A1_fr_q_fr,fr,0.5,0.5,0.37488823604547195,1.3337308347529813,1.0,0.0,0.5,0.0,0.0,0.5,0.0
BAAI/bge-m3,bge-m3,EP-4626962-A1_de_q_es,es,0.0,1.0,0.09171030782986332,0.0,1.5219280948873621,1.0,0.4,0.2,0.0,0.4,0.0
BAAI/bge-m3,bge-m3,WO-2025201936-A1_de_q_en,en,0.9,0.09999999999999998,0.46097841359049685,1.9523690773067333,0.4689955935892812,0.0,0.9,0.0,0.0,0.1,0.0
BAAI/bge-m3,bge-m3,WO-2025201936-A1_fr_q_fr,fr,0.5,0.5,0.37488823604547195,1.3337308347529813,1.360964047443681,1.0,0.4,0.1,0.0,0.5,0.0
BAAI/bge-m3,bge-m3,WO-2025201936-A1_de_q_es,es,0.1,0.9,0.09171030782986332,1.090389972144847,1.8464393446710154,0.5,0.4,0.2,0.1,0.3,0.0
BAAI/bge-m3,bge-m3,EP-4634597-A1_en_q_en,en,1.0,0.0,0.46097841359049685,2.169298974785259,-0.0,0.0,1.0,0.0,0.0,0.0,0.0
BAAI/bge-m3,bge-m3,EP-4634597-A1_en_q_de,de,0.1,0.9,0.06816536807595691,1.4670206121174267,1.721928094887362,1.0,0.4,0.1,0.1,0.4,0.0
BAAI/bge-m3,bge-m3,EP-4634597-A1_fr_q_fr,fr,0.2,0.8,0.37488823604547195,0.5334923339011926,1.3709505944546687,1.0,0.6,0.0,0.2,0.2,0.0
BAAI/bge-m3,bge-m3,EP-4634597-A1_en_q_es,es,0.0,1.0,0.09171030782986332,0.0,1.0,1.0,0.5,0.0,0.0,0.5,0.0
BAAI/bge-m3,bge-m3,EP-4634381-A1_en_q_zh,zh,0.0,1.0,0.004257674458210925,0.0,0.9219280948873623,0.0,0.8,0.1,0.1,0.0,0.0
BAAI/bge-m3,bge-m3,EP-4633589-A1_en_q_zh,zh,0.0,1.0,0.004257674458210925,0.0,1.360964047443681,0.0,0.5,0.0,0.1,0.4,0.0
BAAI/bge-m3,bge-m3,EP-4627024-A1_de_q_zh,zh,0.0,1.0,0.004257674458210925,0.0,1.360964047443681,0.0,0.5,0.0,0.1,0.4,0.0
BAAI/bge-m3,bge-m3,EP-4634926-A1_en_q_zh,zh,0.0,1.0,0.004257674458210925,0.0,1.1567796494470395,0.0,0.7,0.0,0.1,0.2,0.0
BAAI/bge-m3,bge-m3,EP-4633863-A2_en_q_zh,zh,0.2,0.8,0.004257674458210925,46.974000000000004,1.5709505944546687,0.6666666666666666,0.6,0.1,0.0,0.1,0.2
BAAI/bge-m3,bge-m3,EP-4633797-A1_en_q_zh,zh,0.1,0.9,0.004257674458210925,23.487000000000002,1.5709505944546687,1.0,0.6,0.0,0.1,0.2,0.1
BAAI/bge-m3,bge-m3,EP-4633777-A1_en_q_zh,zh,0.1,0.9,0.004257674458210925,23.487000000000002,1.5709505944546687,1.0,0.6,0.0,0.2,0.1,0.1
BAAI/bge-m3,bge-m3,EP-4633621-A1_en_q_zh,zh,0.0,1.0,0.004257674458210925,0.0,1.1567796494470395,1.0,0.7,0.0,0.1,0.2,0.0
BAAI/bge-m3,bge-m3,EP-4634723-A1_en_q_zh,zh,0.0,1.0,0.004257674458210925,0.0,1.721928094887362,0.0,0.4,0.4,0.1,0.1,0.0
BAAI/bge-m3,bge-m3,EP-4633581-A1_en_q_zh,zh,1.0,0.0,0.004257674458210925,234.87,-0.0,0.0,0.0,0.0,0.0,0.0,1.0
BAAI/bge-m3,bge-m3,EP-4634416-A1_en_q_zh,zh,0.0,1.0,0.004257674458210925,0.0,1.360964047443681,1.0,0.4,0.0,0.1,0.5,0.0
BAAI/bge-m3,bge-m3,EP-4634305-A1_en_q_zh,zh,0.2,0.8,0.004257674458210925,46.974000000000004,1.3709505944546687,1.0,0.6,0.0,0.0,0.2,0.2
BAAI/bge-m3,bge-m3,EP-4633531-A1_en_q_zh,zh,0.0,1.0,0.004257674458210925,0.0,1.3709505944546687,0.5,0.6,0.2,0.0,0.2,0.0
BAAI/bge-m3,bge-m3,EP-4634333-A1_en_q_zh,zh,0.2,0.8,0.004257674458210925,46.974000000000004,1.9609640474436811,0.0,0.5,0.1,0.1,0.1,0.2
BAAI/bge-m3,bge-m3,EP-4634212-A1_en_q_zh,zh,0.0,1.0,0.004257674458210925,0.0,0.9219280948873623,1.0,0.8,0.0,0.1,0.1,0.0
BAAI/bge-m3,bge-m3,EP-4629959-A1_de_q_zh,zh,0.2,0.8,0.004257674458210925,46.974000000000004,1.3709505944546687,0.0,0.6,0.0,0.0,0.2,0.2
BAAI/bge-m3,bge-m3,EP-4627881-A1_de_q_zh,zh,0.2,0.8,0.004257674458210925,46.974000000000004,1.4854752972273344,0.5,0.3,0.0,0.0,0.5,0.2
BAAI/bge-m3,bge-m3,EP-4633576-A1_en_q_zh,zh,0.3,0.7,0.004257674458210925,70.461,1.295461844238322,0.0,0.6,0.0,0.0,0.1,0.3
BAAI/bge-m3,bge-m3,EP-4633742-A2_en_q_zh,zh,0.0,1.0,0.004257674458210925,0.0,1.5709505944546684,1.0,0.4,0.0,0.3,0.3,0.0
BAAI/bge-m3,bge-m3,EP-4633791-A1_en_q_zh,zh,0.0,1.0,0.004257674458210925,0.0,1.295461844238322,1.0,0.6,0.0,0.1,0.3,0.0
BAAI/bge-m3,bge-m3,EP-4630574-A1_fr_q_fr,fr,0.5,0.5,0.37488823604547195,1.3337308347529813,1.360964047443681,0.0,0.4,0.0,0.1,0.5,0.0
BAAI/bge-m3,bge-m3,EP-4634111-A1_fr_q_fr,fr,0.7,0.30000000000000004,0.37488823604547195,1.8672231686541738,1.1567796494470395,0.0,0.2,0.0,0.1,0.7,0.0
BAAI/bge-m3,bge-m3,EP-4633622-A2_en_q_es,es,0.0,1.0,0.09171030782986332,0.0,1.360964047443681,1.0,0.5,0.0,0.0,0.4,0.1
BAAI/bge-m3,bge-m3,EP-4634187-A1_en_q_es_120,es,0.1,0.9,0.09171030782986332,1.090389972144847,1.721928094887362,1.0,0.4,0.0,0.1,0.4,0.1
BAAI/bge-m3,bge-m3,EP-4634139-A1_fr_q_fr,fr,0.4,0.6,0.37488823604547195,1.066984667802385,1.8464393446710154,1.0,0.3,0.0,0.2,0.4,0.1
BAAI/bge-m3,bge-m3,EP-4634136-A1_en_q_en,en,0.7,0.30000000000000004,0.46097841359049685,1.5185092823496813,0.8812908992306927,0.0,0.7,0.0,0.0,0.3,0.0
BAAI/bge-m3,bge-m3,EP-4634136-A1_en_q_de,de,0.4,0.6,0.06816536807595691,5.868082448469707,1.5219280948873621,0.0,0.4,0.4,0.0,0.2,0.0
BAAI/bge-m3,bge-m3,EP-4634136-A1_fr_q_fr,fr,1.0,0.0,0.37488823604547195,2.6674616695059625,-0.0,0.0,0.0,0.0,0.0,1.0,0.0
BAAI/bge-m3,bge-m3,EP-4634136-A1_en_q_es_125,es,0.3,0.7,0.09171030782986332,3.2711699164345407,0.8812908992306927,0.0,0.7,0.0,0.3,0.0,0.0
BAAI/bge-m3,bge-m3,EP-4634136-A1_zh_q_zh,zh,0.2,0.8,0.004257674458210925,46.974000000000004,1.9609640474436811,0.0,0.5,0.1,0.1,0.1,0.2
BAAI/bge-m3,bge-m3,EP-4634248-A1_en_q_en,en,0.8,0.19999999999999996,0.46097841359049685,1.7354391798282074,0.7219280948873623,0.5,0.8,0.0,0.0,0.2,0.0
BAAI/bge-m3,bge-m3,EP-4634142-A1_en_q_es,es,0.0,1.0,0.09171030782986332,0.0,1.295461844238322,0.6666666666666666,0.6,0.0,0.0,0.3,0.1
BAAI/bge-m3,bge-m3,WO-2025214812-A1_de_q_es,es,0.0,1.0,0.09171030782986332,0.0,1.3709505944546687,0.6666666666666666,0.2,0.2,0.0,0.6,0.0
BAAI/bge-m3,bge-m3,EP-4633662-A1_en_q_de,de,0.0,1.0,0.06816536807595691,0.0,1.8464393446710154,0.3333333333333333,0.4,0.0,0.2,0.3,0.1
BAAI/bge-m3,bge-m3,WO-2025153617-A3_de_q_de,de,0.5,0.5,0.06816536807595691,7.335103060587133,1.360964047443681,0.5,0.4,0.5,0.0,0.0,0.1
BAAI/bge-m3,bge-m3,EP-4634596-A1_en_q_en,en,0.7,0.30000000000000004,0.46097841359049685,1.5185092823496813,1.3567796494470397,1.0,0.7,0.1,0.0,0.1,0.1
BAAI/bge-m3,bge-m3,EP-4634596-A1_en_q_de,de,0.1,0.9,0.06816536807595691,1.4670206121174267,1.6854752972273344,1.0,0.5,0.1,0.0,0.3,0.1
BAAI/bge-m3,bge-m3,EP-4634596-A1_fr_q_fr,fr,0.3,0.7,0.37488823604547195,0.8002385008517887,1.295461844238322,1.0,0.6,0.0,0.0,0.3,0.1
BAAI/bge-m3,bge-m3,EP-4634596-A1_en_q_es_135,es,0.0,1.0,0.09171030782986332,0.0,1.295461844238322,1.0,0.6,0.0,0.0,0.3,0.1
BAAI/bge-m3,bge-m3,EP-4634596-A1_zh_q_zh,zh,0.1,0.9,0.004257674458210925,23.487000000000002,1.1567796494470395,0.5,0.7,0.0,0.0,0.2,0.1
Qwen/Qwen3-Embedding-0.6B,qwen3-0.6B,EP-4633662-A1_en_q_en,en,0.3,0.7,0.46097841359049685,0.6507896924355777,1.295461844238322,0.5,0.3,0.0,0.0,0.6,0.1
Qwen/Qwen3-Embedding-0.6B,qwen3-0.6B,EP-4630509-A1_fr_q_fr,fr,1.0,0.0,0.37488823604547195,2.6674616695059625,-0.0,0.0,0.0,0.0,0.0,1.0,0.0
Qwen/Qwen3-Embedding-0.6B,qwen3-0.6B,EP-4634248-A1_en_q_es,es,0.3,0.7,0.09171030782986332,3.2711699164345407,1.4854752972273344,0.0,0.0,0.2,0.3,0.5,0.0
Qwen/Qwen3-Embedding-0.6B,qwen3-0.6B,EP-4634187-A1_en_q_es,es,0.2,0.8,0.09171030782986332,2.180779944289694,1.8464393446710154,0.6666666666666666,0.3,0.1,0.2,0.4,0.0
Qwen/Qwen3-Embedding-0.6B,qwen3-0.6B,EP-4634142-A1_fr_q_fr,fr,0.9,0.09999999999999998,0.37488823604547195,2.4007155025553666,0.4689955935892812,0.0,0.1,0.0,0.0,0.9,0.0
Qwen/Qwen3-Embedding-0.6B,qwen3-0.6B,EP-4633768-A2_en_q_es,es,0.3,0.7,0.09171030782986332,3.2711699164345407,1.8464393446710154,0.0,0.1,0.2,0.3,0.4,0.0
Qwen/Qwen3-Embedding-0.6B,qwen3-0.6B,EP-4633645-A1_fr_q_fr,fr,0.6,0.4,0.37488823604547195,1.6004770017035774,1.295461844238322,0.0,0.3,0.0,0.1,0.6,0.0
Qwen/Qwen3-Embedding-0.6B,qwen3-0.6B,EP-4633622-A2_en_q_de,de,0.0,1.0,0.06816536807595691,0.0,1.721928094887362,1.0,0.4,0.0,0.1,0.4,0.1
Qwen/Qwen3-Embedding-0.6B,qwen3-0.6B,EP-4634601-A1_en_q_en,en,0.8,0.19999999999999996,0.46097841359049685,1.7354391798282074,0.9219280948873623,0.5,0.8,0.0,0.0,0.1,0.1
Qwen/Qwen3-Embedding-0.6B,qwen3-0.6B,EP-4630626-A1_de_q_de,de,0.1,0.9,0.06816536807595691,1.4670206121174267,1.9609640474436811,1.0,0.1,0.1,0.2,0.5,0.1
Qwen/Qwen3-Embedding-0.6B,qwen3-0.6B,EP-4630600-A1_de_q_en,en,0.2,0.8,0.46097841359049685,0.43385979495705185,1.5709505944546687,0.0,0.2,0.1,0.1,0.6,0.0
Qwen/Qwen3-Embedding-0.6B,qwen3-0.6B,EP-4633632-A1_en_q_es,es,0.5,0.5,0.09171030782986332,5.451949860724234,1.0,0.0,0.0,0.0,0.5,0.5,0.0
Qwen/Qwen3-Embedding-0.6B,qwen3-0.6B,EP-4634136-A1_en_q_es,es,0.3,0.7,0.09171030782986332,3.2711699164345407,1.4854752972273344,0.0,0.0,0.2,0.3,0.5,0.0
Qwen/Qwen3-Embedding-0.6B,qwen3-0.6B,EP-4634157-A1_en_q_de,de,0.0,1.0,0.06816536807595691,0.0,0.4689955935892812,0.0,0.0,0.0,0.1,0.9,0.0
Qwen/Qwen3-Embedding-0.6B,qwen3-0.6B,EP-4630574-A1_de_q_en,en,0.2,0.8,0.46097841359049685,0.43385979495705185,1.7609640474436812,0.0,0.2,0.2,0.0,0.5,0.1
Qwen/Qwen3-Embedding-0.6B,qwen3-0.6B,EP-4634111-A1_en_q_de,de,0.8,0.19999999999999996,0.06816536807595691,11.736164896939414,0.9219280948873623,0.0,0.1,0.8,0.0,0.0,0.1
Qwen/Qwen3-Embedding-0.6B,qwen3-0.6B,EP-4634596-A1_en_q_es,es,0.1,0.9,0.09171030782986332,1.090389972144847,1.7609640474436812,0.0,0.2,0.2,0.1,0.5,0.0
Qwen/Qwen3-Embedding-0.6B,qwen3-0.6B,EP-4634139-A1_en_q_es,es,0.0,1.0,0.09171030782986332,0.0,1.360964047443681,1.0,0.5,0.0,0.0,0.4,0.1
Qwen/Qwen3-Embedding-0.6B,qwen3-0.6B,WO-2025153617-A3_de_q_en,en,0.3,0.7,0.46097841359049685,0.6507896924355777,1.295461844238322,0.0,0.3,0.1,0.0,0.6,0.0
Qwen/Qwen3-Embedding-0.6B,qwen3-0.6B,EP-4634251-A1_en_q_es,es,0.1,0.9,0.09171030782986332,1.090389972144847,0.9219280948873623,0.0,0.1,0.0,0.1,0.8,0.0
Qwen/Qwen3-Embedding-0.6B,qwen3-0.6B,EP-4634426-A1_en_q_es,es,0.0,1.0,0.09171030782986332,0.0,1.1567796494470395,0.3333333333333333,0.2,0.1,0.0,0.7,0.0
Qwen/Qwen3-Embedding-0.6B,qwen3-0.6B,EP-4634729-A1_en_q_de,de,0.1,0.9,0.06816536807595691,1.4670206121174267,1.7609640474436812,1.0,0.2,0.1,0.2,0.5,0.0
Qwen/Qwen3-Embedding-0.6B,qwen3-0.6B,EP-4626569-A1_de_q_en,en,0.3,0.7,0.46097841359049685,0.6507896924355777,1.6854752972273344,0.0,0.3,0.1,0.1,0.5,0.0
Qwen/Qwen3-Embedding-0.6B,qwen3-0.6B,EP-4634394-A2_en_q_es,es,0.5,0.5,0.09171030782986332,5.451949860724234,1.360964047443681,0.5,0.1,0.0,0.5,0.4,0.0
Qwen/Qwen3-Embedding-0.6B,qwen3-0.6B,EP-4634424-A1_en_q_es,es,0.4,0.6,0.09171030782986332,4.361559888579388,1.5709505944546684,0.0,0.0,0.3,0.4,0.3,0.0
Qwen/Qwen3-Embedding-0.6B,qwen3-0.6B,EP-4633602-A1_en_q_de,de,0.3,0.7,0.06816536807595691,4.401061836352279,1.8464393446710154,0.0,0.2,0.3,0.1,0.4,0.0
Qwen/Qwen3-Embedding-0.6B,qwen3-0.6B,EP-4634337-A1_en_q_en,en,0.4,0.6,0.46097841359049685,0.8677195899141037,1.5219280948873621,0.0,0.4,0.4,0.0,0.2,0.0
Qwen/Qwen3-Embedding-0.6B,qwen3-0.6B,EP-4634128-A1_en_q_en,en,0.2,0.8,0.46097841359049685,0.43385979495705185,1.1567796494470395,0.0,0.2,0.0,0.1,0.7,0.0
Qwen/Qwen3-Embedding-0.6B,qwen3-0.6B,EP-4633896-A1_en_q_en,en,0.2,0.8,0.46097841359049685,0.43385979495705185,1.8464393446710154,0.0,0.2,0.1,0.4,0.3,0.0
Qwen/Qwen3-Embedding-0.6B,qwen3-0.6B,WO-2025215091-A1_fr_q_fr,fr,1.0,0.0,0.37488823604547195,2.6674616695059625,-0.0,0.0,0.0,0.0,0.0,1.0,0.0
Qwen/Qwen3-Embedding-0.6B,qwen3-0.6B,EP-4633599-A1_fr_q_fr,fr,1.0,0.0,0.37488823604547195,2.6674616695059625,-0.0,0.0,0.0,0.0,0.0,1.0,0.0
Qwen/Qwen3-Embedding-0.6B,qwen3-0.6B,EP-4633656-A1_fr_q_fr,fr,1.0,0.0,0.37488823604547195,2.6674616695059625,-0.0,0.0,0.0,0.0,0.0,1.0,0.0
Qwen/Qwen3-Embedding-0.6B,qwen3-0.6B,WO-2025208167-A1_de_q_de,de,0.1,0.9,0.06816536807595691,1.4670206121174267,1.1567796494470395,0.0,0.2,0.1,0.0,0.7,0.0
Qwen/Qwen3-Embedding-0.6B,qwen3-0.6B,EP-4634396-A1_fr_q_fr,fr,0.9,0.09999999999999998,0.37488823604547195,2.4007155025553666,0.4689955935892812,1.0,0.1,0.0,0.0,0.9,0.0
Qwen/Qwen3-Embedding-0.6B,qwen3-0.6B,EP-4633893-A1_fr_q_fr,fr,1.0,0.0,0.37488823604547195,2.6674616695059625,-0.0,0.0,0.0,0.0,0.0,1.0,0.0
Qwen/Qwen3-Embedding-0.6B,qwen3-0.6B,EP-4633462-A1_en_q_en,en,0.5,0.5,0.46097841359049685,1.0846494873926296,1.6854752972273344,1.0,0.5,0.0,0.1,0.3,0.1
Qwen/Qwen3-Embedding-0.6B,qwen3-0.6B,EP-4633386-A1_en_q_en,en,0.5,0.5,0.46097841359049685,1.0846494873926296,1.360964047443681,0.0,0.5,0.0,0.1,0.4,0.0
Qwen/Qwen3-Embedding-0.6B,qwen3-0.6B,EP-4633970-A1_fr_q_fr,fr,1.0,0.0,0.37488823604547195,2.6674616695059625,-0.0,0.0,0.0,0.0,0.0,1.0,0.0
Qwen/Qwen3-Embedding-0.6B,qwen3-0.6B,EP-4633415-A1_en_q_en,en,0.2,0.8,0.46097841359049685,0.43385979495705185,1.5219280948873621,1.0,0.2,0.0,0.4,0.4,0.0
Qwen/Qwen3-Embedding-0.6B,qwen3-0.6B,EP-4633415-A1_en_q_de,de,0.4,0.6,0.06816536807595691,5.868082448469707,1.8464393446710154,1.0,0.2,0.4,0.1,0.3,0.0
Qwen/Qwen3-Embedding-0.6B,qwen3-0.6B,EP-4633415-A1_fr_q_fr,fr,0.9,0.09999999999999998,0.37488823604547195,2.4007155025553666,0.4689955935892812,0.0,0.0,0.1,0.0,0.9,0.0
Qwen/Qwen3-Embedding-0.6B,qwen3-0.6B,EP-4633415-A1_en_q_es,es,0.2,0.8,0.09171030782986332,2.180779944289694,1.8464393446710154,1.0,0.3,0.1,0.2,0.4,0.0
Qwen/Qwen3-Embedding-0.6B,qwen3-0.6B,EP-4633950-A1_en_q_en,en,1.0,0.0,0.46097841359049685,2.169298974785259,-0.0,0.0,1.0,0.0,0.0,0.0,0.0
Qwen/Qwen3-Embedding-0.6B,qwen3-0.6B,EP-4633950-A1_en_q_de,de,0.0,1.0,0.06816536807595691,0.0,1.295461844238322,0.0,0.1,0.0,0.3,0.6,0.0
Qwen/Qwen3-Embedding-0.6B,qwen3-0.6B,EP-4633950-A1_fr_q_fr,fr,0.9,0.09999999999999998,0.37488823604547195,2.4007155025553666,0.4689955935892812,0.0,0.0,0.0,0.1,0.9,0.0
Qwen/Qwen3-Embedding-0.6B,qwen3-0.6B,EP-4633950-A1_en_q_es,es,0.1,0.9,0.09171030782986332,1.090389972144847,1.3567796494470397,0.0,0.1,0.1,0.1,0.7,0.0
Qwen/Qwen3-Embedding-0.6B,qwen3-0.6B,EP-4634629-A1_en_q_en,en,0.6,0.4,0.46097841359049685,1.3015793848711554,1.5709505944546687,0.0,0.6,0.1,0.1,0.2,0.0
Qwen/Qwen3-Embedding-0.6B,qwen3-0.6B,EP-4634629-A1_de_q_de,de,0.4,0.6,0.06816536807595691,5.868082448469707,1.5219280948873621,0.0,0.2,0.4,0.0,0.4,0.0
Qwen/Qwen3-Embedding-0.6B,qwen3-0.6B,EP-4634629-A1_fr_q_fr,fr,0.9,0.09999999999999998,0.37488823604547195,2.4007155025553666,0.4689955935892812,0.0,0.1,0.0,0.0,0.9,0.0
Qwen/Qwen3-Embedding-0.6B,qwen3-0.6B,EP-4634629-A1_en_q_es,es,0.2,0.8,0.09171030782986332,2.180779944289694,1.5709505944546687,0.0,0.1,0.1,0.2,0.6,0.0
Qwen/Qwen3-Embedding-0.6B,qwen3-0.6B,EP-4633582-A1_en_q_es,es,0.4,0.6,0.09171030782986332,4.361559888579388,1.360964047443681,0.5,0.1,0.0,0.4,0.5,0.0
Qwen/Qwen3-Embedding-0.6B,qwen3-0.6B,EP-4634165-A1_en_q_es,es,0.2,0.8,0.09171030782986332,2.180779944289694,1.7609640474436812,1.0,0.2,0.1,0.2,0.5,0.0
Qwen/Qwen3-Embedding-0.6B,qwen3-0.6B,EP-4633677-A1_en_q_de,de,0.0,1.0,0.06816536807595691,0.0,0.8812908992306927,0.0,0.0,0.0,0.3,0.7,0.0
Qwen/Qwen3-Embedding-0.6B,qwen3-0.6B,EP-4634246-A1_en_q_en,en,0.2,0.8,0.46097841359049685,0.43385979495705185,1.4854752972273344,1.0,0.2,0.3,0.0,0.5,0.0
Qwen/Qwen3-Embedding-0.6B,qwen3-0.6B,EP-4634120-A1_en_q_de,de,0.0,1.0,0.06816536807595691,0.0,1.360964047443681,0.0,0.5,0.0,0.1,0.4,0.0
Qwen/Qwen3-Embedding-0.6B,qwen3-0.6B,EP-4633638-A1_en_q_en,en,0.3,0.7,0.46097841359049685,0.6507896924355777,1.5709505944546684,1.0,0.3,0.0,0.4,0.3,0.0
Qwen/Qwen3-Embedding-0.6B,qwen3-0.6B,EP-4633389-A1_en_q_en,en,0.4,0.6,0.46097841359049685,0.8677195899141037,0.9709505944546686,1.0,0.4,0.0,0.0,0.6,0.0
Qwen/Qwen3-Embedding-0.6B,qwen3-0.6B,WO-2025209629-A1_de_q_es,es,0.0,1.0,0.09171030782986332,0.0,1.295461844238322,1.0,0.1,0.3,0.0,0.6,0.0
Qwen/Qwen3-Embedding-0.6B,qwen3-0.6B,EP-4634132-A2_en_q_en,en,0.5,0.5,0.46097841359049685,1.0846494873926296,1.360964047443681,1.0,0.5,0.0,0.1,0.4,0.0
Qwen/Qwen3-Embedding-0.6B,qwen3-0.6B,EP-4634914-A1_en_q_es,es,0.0,1.0,0.09171030782986332,0.0,1.4854752972273344,1.0,0.3,0.2,0.0,0.5,0.0
Qwen/Qwen3-Embedding-0.6B,qwen3-0.6B,EP-4634285-A1_en_q_de,de,0.0,1.0,0.06816536807595691,0.0,1.4854752972273344,1.0,0.5,0.0,0.2,0.3,0.0
Qwen/Qwen3-Embedding-0.6B,qwen3-0.6B,EP-4634122-A1_fr_q_fr,fr,1.0,0.0,0.37488823604547195,2.6674616695059625,-0.0,0.0,0.0,0.0,0.0,1.0,0.0
Qwen/Qwen3-Embedding-0.6B,qwen3-0.6B,EP-4634365-A1_fr_q_fr,fr,0.9,0.09999999999999998,0.37488823604547195,2.4007155025553666,0.4689955935892812,1.0,0.1,0.0,0.0,0.9,0.0
Qwen/Qwen3-Embedding-0.6B,qwen3-0.6B,WO-2025214709-A1_de_q_es,es,0.2,0.8,0.09171030782986332,2.180779944289694,1.4854752972273344,0.0,0.3,0.0,0.2,0.5,0.0
Qwen/Qwen3-Embedding-0.6B,qwen3-0.6B,EP-4633426-A2_en_q_es,es,0.1,0.9,0.09171030782986332,1.090389972144847,1.6854752972273344,1.0,0.3,0.1,0.1,0.5,0.0
Qwen/Qwen3-Embedding-0.6B,qwen3-0.6B,EP-4630604-A1_de_q_es,es,0.0,1.0,0.09171030782986332,0.0,1.4854752972273344,1.0,0.2,0.3,0.0,0.5,0.0
Qwen/Qwen3-Embedding-0.6B,qwen3-0.6B,EP-4634118-A1_en_q_es,es,0.0,1.0,0.09171030782986332,0.0,1.295461844238322,1.0,0.3,0.0,0.0,0.6,0.1
Qwen/Qwen3-Embedding-0.6B,qwen3-0.6B,EP-4634404-A1_en_q_de,de,0.1,0.9,0.06816536807595691,1.4670206121174267,0.9219280948873623,1.0,0.1,0.1,0.0,0.8,0.0
Qwen/Qwen3-Embedding-0.6B,qwen3-0.6B,EP-4633465-A1_en_q_de,de,0.1,0.9,0.06816536807595691,1.4670206121174267,2.0464393446710156,1.0,0.3,0.1,0.1,0.4,0.1
Qwen/Qwen3-Embedding-0.6B,qwen3-0.6B,EP-4633680-A1_en_q_es,es,0.6,0.4,0.09171030782986332,6.542339832869081,1.295461844238322,1.0,0.1,0.0,0.6,0.3,0.0
Qwen/Qwen3-Embedding-0.6B,qwen3-0.6B,WO-2025201606-A1_de_q_es,es,0.2,0.8,0.09171030782986332,2.180779944289694,1.8464393446710154,1.0,0.3,0.1,0.2,0.4,0.0
Qwen/Qwen3-Embedding-0.6B,qwen3-0.6B,EP-4634435-A1_en_q_de,de,0.6,0.4,0.06816536807595691,8.802123672704559,1.3709505944546687,0.5,0.0,0.6,0.2,0.2,0.0
Qwen/Qwen3-Embedding-0.6B,qwen3-0.6B,EP-4634143-A1_en_q_de,de,0.6,0.4,0.06816536807595691,8.802123672704559,1.295461844238322,0.5,0.0,0.6,0.3,0.1,0.0
Qwen/Qwen3-Embedding-0.6B,qwen3-0.6B,EP-4634411-A1_en_q_de,de,0.6,0.4,0.06816536807595691,8.802123672704559,1.295461844238322,0.0,0.1,0.6,0.0,0.3,0.0
Qwen/Qwen3-Embedding-0.6B,qwen3-0.6B,EP-4634287-A1_en_q_es,es,0.1,0.9,0.09171030782986332,1.090389972144847,0.4689955935892812,0.3333333333333333,0.0,0.0,0.1,0.9,0.0
Qwen/Qwen3-Embedding-0.6B,qwen3-0.6B,EP-4633627-A1_en_q_de,de,0.0,1.0,0.06816536807595691,0.0,1.5219280948873621,1.0,0.4,0.0,0.2,0.4,0.0
Qwen/Qwen3-Embedding-0.6B,qwen3-0.6B,EP-4633670-A1_fr_q_fr,fr,0.9,0.09999999999999998,0.37488823604547195,2.4007155025553666,0.4689955935892812,1.0,0.1,0.0,0.0,0.9,0.0
Qwen/Qwen3-Embedding-0.6B,qwen3-0.6B,WO-2025202163-A1_fr_q_fr,fr,0.5,0.5,0.37488823604547195,1.3337308347529813,1.4854752972273344,1.0,0.3,0.2,0.0,0.5,0.0
Qwen/Qwen3-Embedding-0.6B,qwen3-0.6B,WO-2025214852-A1_fr_q_fr,fr,0.9,0.09999999999999998,0.37488823604547195,2.4007155025553666,0.4689955935892812,0.0,0.0,0.1,0.0,0.9,0.0
Qwen/Qwen3-Embedding-0.6B,qwen3-0.6B,WO-2025214996-A1_fr_q_fr,fr,0.8,0.19999999999999996,0.37488823604547195,2.13396933560477,0.7219280948873623,0.0,0.0,0.0,0.2,0.8,0.0
Qwen/Qwen3-Embedding-0.6B,qwen3-0.6B,EP-4630123-A1_de_q_de,de,0.4,0.6,0.06816536807595691,5.868082448469707,1.721928094887362,1.0,0.1,0.4,0.1,0.4,0.0
Qwen/Qwen3-Embedding-0.6B,qwen3-0.6B,EP-4634646-A1_en_q_en,en,0.1,0.9,0.46097841359049685,0.21692989747852592,1.1567796494470395,1.0,0.1,0.2,0.0,0.7,0.0
Qwen/Qwen3-Embedding-0.6B,qwen3-0.6B,EP-4634294-A1_en_q_en,en,0.7,0.30000000000000004,0.46097841359049685,1.5185092823496813,0.8812908992306927,1.0,0.7,0.0,0.0,0.3,0.0
Qwen/Qwen3-Embedding-0.6B,qwen3-0.6B,EP-4634436-A1_fr_q_fr,fr,0.8,0.19999999999999996,0.37488823604547195,2.13396933560477,0.9219280948873623,0.0,0.1,0.1,0.0,0.8,0.0
Qwen/Qwen3-Embedding-0.6B,qwen3-0.6B,EP-4633761-A1_en_q_en,en,0.3,0.7,0.46097841359049685,0.6507896924355777,1.9709505944546686,0.0,0.3,0.2,0.3,0.2,0.0
Qwen/Qwen3-Embedding-0.6B,qwen3-0.6B,WO-2025215167-A1_de_q_de,de,0.7,0.30000000000000004,0.06816536807595691,10.269144284821985,1.1567796494470395,1.0,0.1,0.7,0.0,0.2,0.0
Qwen/Qwen3-Embedding-0.6B,qwen3-0.6B,EP-4626962-A1_de_q_en,en,0.4,0.6,0.46097841359049685,0.8677195899141037,1.5219280948873621,1.0,0.4,0.4,0.0,0.2,0.0
Qwen/Qwen3-Embedding-0.6B,qwen3-0.6B,EP-4626962-A1_de_q_de,de,0.7,0.30000000000000004,0.06816536807595691,10.269144284821985,1.1567796494470395,1.0,0.1,0.7,0.0,0.2,0.0
Qwen/Qwen3-Embedding-0.6B,qwen3-0.6B,EP-4626962-A1_fr_q_fr,fr,1.0,0.0,0.37488823604547195,2.6674616695059625,-0.0,0.0,0.0,0.0,0.0,1.0,0.0
Qwen/Qwen3-Embedding-0.6B,qwen3-0.6B,EP-4626962-A1_de_q_es,es,0.0,1.0,0.09171030782986332,0.0,1.295461844238322,1.0,0.1,0.3,0.0,0.6,0.0
Qwen/Qwen3-Embedding-0.6B,qwen3-0.6B,WO-2025201936-A1_de_q_en,en,0.8,0.19999999999999996,0.46097841359049685,1.7354391798282074,0.9219280948873623,0.0,0.8,0.1,0.1,0.0,0.0
Qwen/Qwen3-Embedding-0.6B,qwen3-0.6B,WO-2025201936-A1_fr_q_fr,fr,1.0,0.0,0.37488823604547195,2.6674616695059625,-0.0,0.0,0.0,0.0,0.0,1.0,0.0
Qwen/Qwen3-Embedding-0.6B,qwen3-0.6B,WO-2025201936-A1_de_q_es,es,0.2,0.8,0.09171030782986332,2.180779944289694,1.5219280948873621,0.5,0.0,0.4,0.2,0.4,0.0
Qwen/Qwen3-Embedding-0.6B,qwen3-0.6B,EP-4634597-A1_en_q_en,en,0.3,0.7,0.46097841359049685,0.6507896924355777,1.4854752972273344,0.0,0.3,0.0,0.2,0.5,0.0
Qwen/Qwen3-Embedding-0.6B,qwen3-0.6B,EP-4634597-A1_en_q_de,de,0.3,0.7,0.06816536807595691,4.401061836352279,1.8464393446710154,0.5,0.1,0.3,0.2,0.4,0.0
Qwen/Qwen3-Embedding-0.6B,qwen3-0.6B,EP-4634597-A1_fr_q_fr,fr,0.6,0.4,0.37488823604547195,1.6004770017035774,1.295461844238322,0.0,0.1,0.0,0.3,0.6,0.0
Qwen/Qwen3-Embedding-0.6B,qwen3-0.6B,EP-4634597-A1_en_q_es,es,0.2,0.8,0.09171030782986332,2.180779944289694,1.5709505944546687,0.0,0.1,0.1,0.2,0.6,0.0
Qwen/Qwen3-Embedding-0.6B,qwen3-0.6B,EP-4634381-A1_en_q_zh,zh,0.0,1.0,0.004257674458210925,0.0,1.4854752972273344,0.0,0.3,0.0,0.5,0.2,0.0
Qwen/Qwen3-Embedding-0.6B,qwen3-0.6B,EP-4633589-A1_en_q_zh,zh,0.0,1.0,0.004257674458210925,0.0,-0.0,0.0,0.0,0.0,0.0,1.0,0.0
Qwen/Qwen3-Embedding-0.6B,qwen3-0.6B,EP-4627024-A1_de_q_zh,zh,0.0,1.0,0.004257674458210925,0.0,1.295461844238322,0.0,0.0,0.6,0.1,0.3,0.0
Qwen/Qwen3-Embedding-0.6B,qwen3-0.6B,EP-4634926-A1_en_q_zh,zh,0.0,1.0,0.004257674458210925,0.0,1.9219280948873623,0.0,0.2,0.2,0.2,0.4,0.0
Qwen/Qwen3-Embedding-0.6B,qwen3-0.6B,EP-4633863-A2_en_q_zh,zh,0.2,0.8,0.004257674458210925,46.974000000000004,1.4854752972273344,0.0,0.5,0.0,0.0,0.3,0.2
Qwen/Qwen3-Embedding-0.6B,qwen3-0.6B,EP-4633797-A1_en_q_zh,zh,0.0,1.0,0.004257674458210925,0.0,1.0,1.0,0.5,0.0,0.0,0.5,0.0
Qwen/Qwen3-Embedding-0.6B,qwen3-0.6B,EP-4633777-A1_en_q_zh,zh,0.1,0.9,0.004257674458210925,23.487000000000002,2.1709505944546685,1.0,0.3,0.1,0.3,0.2,0.1
Qwen/Qwen3-Embedding-0.6B,qwen3-0.6B,EP-4633621-A1_en_q_zh,zh,0.0,1.0,0.004257674458210925,0.0,1.295461844238322,1.0,0.6,0.0,0.1,0.3,0.0
Qwen/Qwen3-Embedding-0.6B,qwen3-0.6B,EP-4634723-A1_en_q_zh,zh,0.0,1.0,0.004257674458210925,0.0,1.8464393446710154,0.0,0.3,0.1,0.2,0.4,0.0
Qwen/Qwen3-Embedding-0.6B,qwen3-0.6B,EP-4633581-A1_en_q_zh,zh,0.2,0.8,0.004257674458210925,46.974000000000004,1.8464393446710154,0.0,0.1,0.0,0.3,0.4,0.2
Qwen/Qwen3-Embedding-0.6B,qwen3-0.6B,EP-4634416-A1_en_q_zh,zh,0.0,1.0,0.004257674458210925,0.0,1.6854752972273344,0.5,0.1,0.1,0.3,0.5,0.0
Qwen/Qwen3-Embedding-0.6B,qwen3-0.6B,EP-4634305-A1_en_q_zh,zh,0.0,1.0,0.004257674458210925,0.0,1.8464393446710154,1.0,0.4,0.1,0.2,0.3,0.0
Qwen/Qwen3-Embedding-0.6B,qwen3-0.6B,EP-4633531-A1_en_q_zh,zh,0.0,1.0,0.004257674458210925,0.0,1.5709505944546684,1.0,0.3,0.0,0.4,0.3,0.0
Qwen/Qwen3-Embedding-0.6B,qwen3-0.6B,EP-4634333-A1_en_q_zh,zh,0.0,1.0,0.004257674458210925,0.0,1.6854752972273344,0.0,0.3,0.1,0.1,0.5,0.0
Qwen/Qwen3-Embedding-0.6B,qwen3-0.6B,EP-4634212-A1_en_q_zh,zh,0.0,1.0,0.004257674458210925,0.0,1.5709505944546684,1.0,0.4,0.0,0.3,0.3,0.0
Qwen/Qwen3-Embedding-0.6B,qwen3-0.6B,EP-4629959-A1_de_q_zh,zh,0.1,0.9,0.004257674458210925,23.487000000000002,1.8464393446710154,0.0,0.2,0.0,0.4,0.3,0.1
Qwen/Qwen3-Embedding-0.6B,qwen3-0.6B,EP-4627881-A1_de_q_zh,zh,0.0,1.0,0.004257674458210925,0.0,1.1567796494470395,1.0,0.1,0.2,0.0,0.7,0.0
Qwen/Qwen3-Embedding-0.6B,qwen3-0.6B,EP-4633576-A1_en_q_zh,zh,0.2,0.8,0.004257674458210925,46.974000000000004,1.8464393446710154,0.0,0.4,0.0,0.3,0.1,0.2
Qwen/Qwen3-Embedding-0.6B,qwen3-0.6B,EP-4633742-A2_en_q_zh,zh,0.0,1.0,0.004257674458210925,0.0,1.4854752972273344,0.5,0.5,0.0,0.2,0.3,0.0
Qwen/Qwen3-Embedding-0.6B,qwen3-0.6B,EP-4633791-A1_en_q_zh,zh,0.0,1.0,0.004257674458210925,0.0,1.4854752972273344,1.0,0.5,0.0,0.2,0.3,0.0
Qwen/Qwen3-Embedding-0.6B,qwen3-0.6B,EP-4630574-A1_fr_q_fr,fr,0.8,0.19999999999999996,0.37488823604547195,2.13396933560477,0.7219280948873623,0.0,0.0,0.2,0.0,0.8,0.0
Qwen/Qwen3-Embedding-0.6B,qwen3-0.6B,EP-4634111-A1_fr_q_fr,fr,1.0,0.0,0.37488823604547195,2.6674616695059625,-0.0,0.0,0.0,0.0,0.0,1.0,0.0
Qwen/Qwen3-Embedding-0.6B,qwen3-0.6B,EP-4633622-A2_en_q_es,es,0.0,1.0,0.09171030782986332,0.0,1.360964047443681,1.0,0.4,0.0,0.0,0.5,0.1
Qwen/Qwen3-Embedding-0.6B,qwen3-0.6B,EP-4634187-A1_en_q_es_120,es,0.0,1.0,0.09171030782986332,0.0,1.0,0.3333333333333333,0.5,0.0,0.0,0.5,0.0
Qwen/Qwen3-Embedding-0.6B,qwen3-0.6B,EP-4634139-A1_fr_q_fr,fr,0.6,0.4,0.37488823604547195,1.6004770017035774,1.295461844238322,1.0,0.3,0.0,0.0,0.6,0.1
Qwen/Qwen3-Embedding-0.6B,qwen3-0.6B,EP-4634136-A1_en_q_en,en,0.2,0.8,0.46097841359049685,0.43385979495705185,1.3709505944546687,0.0,0.2,0.2,0.0,0.6,0.0
Qwen/Qwen3-Embedding-0.6B,qwen3-0.6B,EP-4634136-A1_en_q_de,de,0.7,0.30000000000000004,0.06816536807595691,10.269144284821985,1.3567796494470397,0.3333333333333333,0.0,0.7,0.1,0.1,0.1
Qwen/Qwen3-Embedding-0.6B,qwen3-0.6B,EP-4634136-A1_fr_q_fr,fr,1.0,0.0,0.37488823604547195,2.6674616695059625,-0.0,0.0,0.0,0.0,0.0,1.0,0.0
Qwen/Qwen3-Embedding-0.6B,qwen3-0.6B,EP-4634136-A1_en_q_es_125,es,0.5,0.5,0.09171030782986332,5.451949860724234,1.360964047443681,0.0,0.0,0.1,0.5,0.4,0.0
Qwen/Qwen3-Embedding-0.6B,qwen3-0.6B,EP-4634136-A1_zh_q_zh,zh,0.2,0.8,0.004257674458210925,46.974000000000004,2.321928094887362,0.0,0.2,0.2,0.2,0.2,0.2
Qwen/Qwen3-Embedding-0.6B,qwen3-0.6B,EP-4634248-A1_en_q_en,en,0.6,0.4,0.46097841359049685,1.3015793848711554,1.5709505944546687,1.0,0.6,0.1,0.0,0.2,0.1
Qwen/Qwen3-Embedding-0.6B,qwen3-0.6B,EP-4634142-A1_en_q_es,es,0.1,0.9,0.09171030782986332,1.090389972144847,2.1219280948873624,1.0,0.2,0.2,0.1,0.4,0.1
Qwen/Qwen3-Embedding-0.6B,qwen3-0.6B,WO-2025214812-A1_de_q_es,es,0.0,1.0,0.09171030782986332,0.0,1.8464393446710154,1.0,0.2,0.4,0.0,0.3,0.1
Qwen/Qwen3-Embedding-0.6B,qwen3-0.6B,EP-4633662-A1_en_q_de,de,0.0,1.0,0.06816536807595691,0.0,1.295461844238322,0.3333333333333333,0.1,0.0,0.6,0.0,0.3
Qwen/Qwen3-Embedding-0.6B,qwen3-0.6B,WO-2025153617-A3_de_q_de,de,0.5,0.5,0.06816536807595691,7.335103060587133,1.7609640474436812,1.0,0.2,0.5,0.0,0.2,0.1
Qwen/Qwen3-Embedding-0.6B,qwen3-0.6B,EP-4634596-A1_en_q_en,en,0.4,0.6,0.46097841359049685,0.8677195899141037,1.721928094887362,1.0,0.4,0.1,0.0,0.4,0.1
Qwen/Qwen3-Embedding-0.6B,qwen3-0.6B,EP-4634596-A1_en_q_de,de,0.1,0.9,0.06816536807595691,1.4670206121174267,1.6854752972273344,1.0,0.3,0.1,0.0,0.5,0.1
Qwen/Qwen3-Embedding-0.6B,qwen3-0.6B,EP-4634596-A1_fr_q_fr,fr,1.0,0.0,0.37488823604547195,2.6674616695059625,-0.0,0.0,0.0,0.0,0.0,1.0,0.0
Qwen/Qwen3-Embedding-0.6B,qwen3-0.6B,EP-4634596-A1_en_q_es_135,es,0.6,0.4,0.09171030782986332,6.542339832869081,1.7709505944546686,1.0,0.1,0.1,0.6,0.1,0.1
Qwen/Qwen3-Embedding-0.6B,qwen3-0.6B,EP-4634596-A1_zh_q_zh,zh,0.0,1.0,0.004257674458210925,0.0,0.4689955935892812,0.0,0.1,0.0,0.0,0.9,0.0
nomic-ai/nomic-embed-text-v2-moe,nomic-v2-moe,EP-4633662-A1_en_q_en,en,0.5,0.5,0.46097841359049685,1.0846494873926296,1.360964047443681,0.0,0.5,0.1,0.0,0.4,0.0
nomic-ai/nomic-embed-text-v2-moe,nomic-v2-moe,EP-4630509-A1_fr_q_fr,fr,0.8,0.19999999999999996,0.37488823604547195,2.13396933560477,0.7219280948873623,0.0,0.0,0.0,0.2,0.8,0.0
nomic-ai/nomic-embed-text-v2-moe,nomic-v2-moe,EP-4634248-A1_en_q_es,es,0.8,0.19999999999999996,0.09171030782986332,8.723119777158775,0.7219280948873623,0.0,0.0,0.2,0.8,0.0,0.0
nomic-ai/nomic-embed-text-v2-moe,nomic-v2-moe,EP-4634187-A1_en_q_es,es,0.8,0.19999999999999996,0.09171030782986332,8.723119777158775,0.9219280948873623,0.3333333333333333,0.1,0.0,0.8,0.1,0.0
nomic-ai/nomic-embed-text-v2-moe,nomic-v2-moe,EP-4634142-A1_fr_q_fr,fr,0.6,0.4,0.37488823604547195,1.6004770017035774,0.9709505944546686,0.0,0.4,0.0,0.0,0.6,0.0
nomic-ai/nomic-embed-text-v2-moe,nomic-v2-moe,EP-4633768-A2_en_q_es,es,0.4,0.6,0.09171030782986332,4.361559888579388,1.5219280948873621,0.0,0.0,0.4,0.4,0.2,0.0
nomic-ai/nomic-embed-text-v2-moe,nomic-v2-moe,EP-4633645-A1_fr_q_fr,fr,0.5,0.5,0.37488823604547195,1.3337308347529813,1.4854752972273344,0.0,0.3,0.0,0.2,0.5,0.0
nomic-ai/nomic-embed-text-v2-moe,nomic-v2-moe,EP-4633622-A2_en_q_de,de,0.0,1.0,0.06816536807595691,0.0,1.6854752972273344,1.0,0.5,0.0,0.1,0.3,0.1
nomic-ai/nomic-embed-text-v2-moe,nomic-v2-moe,EP-4634601-A1_en_q_en,en,1.0,0.0,0.46097841359049685,2.169298974785259,-0.0,0.0,1.0,0.0,0.0,0.0,0.0
nomic-ai/nomic-embed-text-v2-moe,nomic-v2-moe,EP-4630626-A1_de_q_de,de,0.1,0.9,0.06816536807595691,1.4670206121174267,1.6854752972273344,0.5,0.5,0.1,0.1,0.3,0.0
nomic-ai/nomic-embed-text-v2-moe,nomic-v2-moe,EP-4630600-A1_de_q_en,en,0.5,0.5,0.46097841359049685,1.0846494873926296,1.4854752972273344,0.0,0.5,0.3,0.0,0.2,0.0
nomic-ai/nomic-embed-text-v2-moe,nomic-v2-moe,EP-4633632-A1_en_q_es,es,0.5,0.5,0.09171030782986332,5.451949860724234,1.4854752972273344,0.0,0.3,0.0,0.5,0.2,0.0
nomic-ai/nomic-embed-text-v2-moe,nomic-v2-moe,EP-4634136-A1_en_q_es,es,1.0,0.0,0.09171030782986332,10.903899721448468,-0.0,0.0,0.0,0.0,1.0,0.0,0.0
nomic-ai/nomic-embed-text-v2-moe,nomic-v2-moe,EP-4634157-A1_en_q_de,de,0.0,1.0,0.06816536807595691,0.0,0.8812908992306927,0.0,0.0,0.0,0.3,0.7,0.0
nomic-ai/nomic-embed-text-v2-moe,nomic-v2-moe,EP-4630574-A1_de_q_en,en,0.4,0.6,0.46097841359049685,0.8677195899141037,1.721928094887362,0.0,0.4,0.1,0.1,0.4,0.0
nomic-ai/nomic-embed-text-v2-moe,nomic-v2-moe,EP-4634111-A1_en_q_de,de,1.0,0.0,0.06816536807595691,14.670206121174266,-0.0,0.0,0.0,1.0,0.0,0.0,0.0
nomic-ai/nomic-embed-text-v2-moe,nomic-v2-moe,EP-4634596-A1_en_q_es,es,0.2,0.8,0.09171030782986332,2.180779944289694,1.8464393446710154,0.0,0.3,0.1,0.2,0.4,0.0
nomic-ai/nomic-embed-text-v2-moe,nomic-v2-moe,EP-4634139-A1_en_q_es,es,0.2,0.8,0.09171030782986332,2.180779944289694,1.5219280948873621,0.6666666666666666,0.4,0.0,0.2,0.4,0.0
nomic-ai/nomic-embed-text-v2-moe,nomic-v2-moe,WO-2025153617-A3_de_q_en,en,1.0,0.0,0.46097841359049685,2.169298974785259,-0.0,0.0,1.0,0.0,0.0,0.0,0.0
nomic-ai/nomic-embed-text-v2-moe,nomic-v2-moe,EP-4634251-A1_en_q_es,es,0.2,0.8,0.09171030782986332,2.180779944289694,1.1567796494470395,0.0,0.7,0.0,0.2,0.1,0.0
nomic-ai/nomic-embed-text-v2-moe,nomic-v2-moe,EP-4634426-A1_en_q_es,es,0.1,0.9,0.09171030782986332,1.090389972144847,1.7609640474436812,0.0,0.2,0.2,0.1,0.5,0.0
nomic-ai/nomic-embed-text-v2-moe,nomic-v2-moe,EP-4634729-A1_en_q_de,de,0.1,0.9,0.06816536807595691,1.4670206121174267,1.360964047443681,1.0,0.4,0.1,0.0,0.5,0.0
nomic-ai/nomic-embed-text-v2-moe,nomic-v2-moe,EP-4626569-A1_de_q_en,en,0.7,0.30000000000000004,0.46097841359049685,1.5185092823496813,1.3567796494470397,0.0,0.7,0.1,0.1,0.1,0.0
nomic-ai/nomic-embed-text-v2-moe,nomic-v2-moe,EP-4634394-A2_en_q_es,es,0.4,0.6,0.09171030782986332,4.361559888579388,1.5219280948873621,1.0,0.4,0.0,0.4,0.2,0.0
nomic-ai/nomic-embed-text-v2-moe,nomic-v2-moe,EP-4634424-A1_en_q_es,es,0.3,0.7,0.09171030782986332,3.2711699164345407,1.4854752972273344,0.0,0.5,0.2,0.3,0.0,0.0
nomic-ai/nomic-embed-text-v2-moe,nomic-v2-moe,EP-4633602-A1_en_q_de,de,0.3,0.7,0.06816536807595691,4.401061836352279,1.8954618442383218,0.0,0.1,0.3,0.3,0.3,0.0
nomic-ai/nomic-embed-text-v2-moe,nomic-v2-moe,EP-4634337-A1_en_q_en,en,0.9,0.09999999999999998,0.46097841359049685,1.9523690773067333,0.4689955935892812,0.0,0.9,0.0,0.0,0.1,0.0
nomic-ai/nomic-embed-text-v2-moe,nomic-v2-moe,EP-4634128-A1_en_q_en,en,1.0,0.0,0.46097841359049685,2.169298974785259,-0.0,0.0,1.0,0.0,0.0,0.0,0.0
nomic-ai/nomic-embed-text-v2-moe,nomic-v2-moe,EP-4633896-A1_en_q_en,en,0.8,0.19999999999999996,0.46097841359049685,1.7354391798282074,0.7219280948873623,0.0,0.8,0.0,0.0,0.2,0.0
nomic-ai/nomic-embed-text-v2-moe,nomic-v2-moe,WO-2025215091-A1_fr_q_fr,fr,0.5,0.5,0.37488823604547195,1.3337308347529813,1.0,0.0,0.0,0.5,0.0,0.5,0.0
nomic-ai/nomic-embed-text-v2-moe,nomic-v2-moe,EP-4633599-A1_fr_q_fr,fr,0.6,0.4,0.37488823604547195,1.6004770017035774,0.9709505944546686,1.0,0.4,0.0,0.0,0.6,0.0
nomic-ai/nomic-embed-text-v2-moe,nomic-v2-moe,EP-4633656-A1_fr_q_fr,fr,0.6,0.4,0.37488823604547195,1.6004770017035774,0.9709505944546686,1.0,0.4,0.0,0.0,0.6,0.0
nomic-ai/nomic-embed-text-v2-moe,nomic-v2-moe,WO-2025208167-A1_de_q_de,de,0.3,0.7,0.06816536807595691,4.401061836352279,1.8464393446710154,0.0,0.4,0.3,0.1,0.2,0.0
nomic-ai/nomic-embed-text-v2-moe,nomic-v2-moe,EP-4634396-A1_fr_q_fr,fr,0.9,0.09999999999999998,0.37488823604547195,2.4007155025553666,0.4689955935892812,1.0,0.1,0.0,0.0,0.9,0.0
nomic-ai/nomic-embed-text-v2-moe,nomic-v2-moe,EP-4633893-A1_fr_q_fr,fr,0.8,0.19999999999999996,0.37488823604547195,2.13396933560477,0.7219280948873623,0.0,0.2,0.0,0.0,0.8,0.0
nomic-ai/nomic-embed-text-v2-moe,nomic-v2-moe,EP-4633462-A1_en_q_en,en,0.6,0.4,0.46097841359049685,1.3015793848711554,1.295461844238322,1.0,0.6,0.0,0.0,0.3,0.1
nomic-ai/nomic-embed-text-v2-moe,nomic-v2-moe,EP-4633386-A1_en_q_en,en,0.5,0.5,0.46097841359049685,1.0846494873926296,1.360964047443681,0.0,0.5,0.0,0.1,0.4,0.0
nomic-ai/nomic-embed-text-v2-moe,nomic-v2-moe,EP-4633970-A1_fr_q_fr,fr,1.0,0.0,0.37488823604547195,2.6674616695059625,-0.0,0.0,0.0,0.0,0.0,1.0,0.0
nomic-ai/nomic-embed-text-v2-moe,nomic-v2-moe,EP-4633415-A1_en_q_en,en,0.6,0.4,0.46097841359049685,1.3015793848711554,1.3709505944546687,0.0,0.6,0.0,0.2,0.2,0.0
nomic-ai/nomic-embed-text-v2-moe,nomic-v2-moe,EP-4633415-A1_en_q_de,de,0.5,0.5,0.06816536807595691,7.335103060587133,1.6854752972273344,0.5,0.3,0.5,0.1,0.1,0.0
nomic-ai/nomic-embed-text-v2-moe,nomic-v2-moe,EP-4633415-A1_fr_q_fr,fr,0.8,0.19999999999999996,0.37488823604547195,2.13396933560477,0.9219280948873623,0.0,0.1,0.1,0.0,0.8,0.0
nomic-ai/nomic-embed-text-v2-moe,nomic-v2-moe,EP-4633415-A1_en_q_es,es,0.3,0.7,0.09171030782986332,3.2711699164345407,1.295461844238322,1.0,0.1,0.0,0.3,0.6,0.0
nomic-ai/nomic-embed-text-v2-moe,nomic-v2-moe,EP-4633950-A1_en_q_en,en,1.0,0.0,0.46097841359049685,2.169298974785259,-0.0,0.0,1.0,0.0,0.0,0.0,0.0
nomic-ai/nomic-embed-text-v2-moe,nomic-v2-moe,EP-4633950-A1_en_q_de,de,0.1,0.9,0.06816536807595691,1.4670206121174267,1.3567796494470397,0.0,0.7,0.1,0.1,0.1,0.0
nomic-ai/nomic-embed-text-v2-moe,nomic-v2-moe,EP-4633950-A1_fr_q_fr,fr,0.4,0.6,0.37488823604547195,1.066984667802385,0.9709505944546686,0.0,0.6,0.0,0.0,0.4,0.0
nomic-ai/nomic-embed-text-v2-moe,nomic-v2-moe,EP-4633950-A1_en_q_es,es,0.2,0.8,0.09171030782986332,2.180779944289694,0.7219280948873623,0.0,0.8,0.0,0.2,0.0,0.0
nomic-ai/nomic-embed-text-v2-moe,nomic-v2-moe,EP-4634629-A1_en_q_en,en,1.0,0.0,0.46097841359049685,2.169298974785259,-0.0,0.0,1.0,0.0,0.0,0.0,0.0
nomic-ai/nomic-embed-text-v2-moe,nomic-v2-moe,EP-4634629-A1_de_q_de,de,0.7,0.30000000000000004,0.06816536807595691,10.269144284821985,0.8812908992306927,0.0,0.3,0.7,0.0,0.0,0.0
nomic-ai/nomic-embed-text-v2-moe,nomic-v2-moe,EP-4634629-A1_fr_q_fr,fr,0.8,0.19999999999999996,0.37488823604547195,2.13396933560477,0.7219280948873623,0.0,0.2,0.0,0.0,0.8,0.0
nomic-ai/nomic-embed-text-v2-moe,nomic-v2-moe,EP-4634629-A1_en_q_es,es,0.1,0.9,0.09171030782986332,1.090389972144847,1.295461844238322,0.0,0.3,0.0,0.1,0.6,0.0
nomic-ai/nomic-embed-text-v2-moe,nomic-v2-moe,EP-4633582-A1_en_q_es,es,0.4,0.6,0.09171030782986332,4.361559888579388,1.8464393446710154,0.0,0.2,0.1,0.4,0.3,0.0
nomic-ai/nomic-embed-text-v2-moe,nomic-v2-moe,EP-4634165-A1_en_q_es,es,0.2,0.8,0.09171030782986332,2.180779944289694,1.9709505944546686,1.0,0.2,0.3,0.2,0.3,0.0
nomic-ai/nomic-embed-text-v2-moe,nomic-v2-moe,EP-4633677-A1_en_q_de,de,0.0,1.0,0.06816536807595691,0.0,0.9709505944546686,0.0,0.4,0.0,0.0,0.6,0.0
nomic-ai/nomic-embed-text-v2-moe,nomic-v2-moe,EP-4634246-A1_en_q_en,en,0.3,0.7,0.46097841359049685,0.6507896924355777,1.4854752972273344,0.0,0.3,0.5,0.0,0.2,0.0
nomic-ai/nomic-embed-text-v2-moe,nomic-v2-moe,EP-4634120-A1_en_q_de,de,0.0,1.0,0.06816536807595691,0.0,1.0,0.0,0.5,0.0,0.0,0.5,0.0
nomic-ai/nomic-embed-text-v2-moe,nomic-v2-moe,EP-4633638-A1_en_q_en,en,0.6,0.4,0.46097841359049685,1.3015793848711554,1.295461844238322,1.0,0.6,0.0,0.1,0.3,0.0
nomic-ai/nomic-embed-text-v2-moe,nomic-v2-moe,EP-4633389-A1_en_q_en,en,0.7,0.30000000000000004,0.46097841359049685,1.5185092823496813,0.8812908992306927,1.0,0.7,0.0,0.0,0.3,0.0
nomic-ai/nomic-embed-text-v2-moe,nomic-v2-moe,WO-2025209629-A1_de_q_es,es,0.0,1.0,0.09171030782986332,0.0,1.295461844238322,1.0,0.3,0.1,0.0,0.6,0.0
nomic-ai/nomic-embed-text-v2-moe,nomic-v2-moe,EP-4634132-A2_en_q_en,en,0.9,0.09999999999999998,0.46097841359049685,1.9523690773067333,0.4689955935892812,0.0,0.9,0.0,0.1,0.0,0.0
nomic-ai/nomic-embed-text-v2-moe,nomic-v2-moe,EP-4634914-A1_en_q_es,es,0.2,0.8,0.09171030782986332,2.180779944289694,1.3709505944546687,1.0,0.2,0.0,0.2,0.6,0.0
nomic-ai/nomic-embed-text-v2-moe,nomic-v2-moe,EP-4634285-A1_en_q_de,de,0.3,0.7,0.06816536807595691,4.401061836352279,1.8954618442383218,1.0,0.3,0.3,0.1,0.3,0.0
nomic-ai/nomic-embed-text-v2-moe,nomic-v2-moe,EP-4634122-A1_fr_q_fr,fr,0.8,0.19999999999999996,0.37488823604547195,2.13396933560477,0.7219280948873623,0.0,0.2,0.0,0.0,0.8,0.0
nomic-ai/nomic-embed-text-v2-moe,nomic-v2-moe,EP-4634365-A1_fr_q_fr,fr,0.9,0.09999999999999998,0.37488823604547195,2.4007155025553666,0.4689955935892812,1.0,0.1,0.0,0.0,0.9,0.0
nomic-ai/nomic-embed-text-v2-moe,nomic-v2-moe,WO-2025214709-A1_de_q_es,es,0.2,0.8,0.09171030782986332,2.180779944289694,1.4854752972273344,0.0,0.5,0.0,0.2,0.3,0.0
nomic-ai/nomic-embed-text-v2-moe,nomic-v2-moe,EP-4633426-A2_en_q_es,es,0.0,1.0,0.09171030782986332,0.0,0.9219280948873623,1.0,0.1,0.1,0.0,0.8,0.0
nomic-ai/nomic-embed-text-v2-moe,nomic-v2-moe,EP-4630604-A1_de_q_es,es,0.3,0.7,0.09171030782986332,3.2711699164345407,1.5709505944546684,0.5,0.0,0.4,0.3,0.3,0.0
nomic-ai/nomic-embed-text-v2-moe,nomic-v2-moe,EP-4634118-A1_en_q_es,es,0.0,1.0,0.09171030782986332,0.0,1.5709505944546684,0.5,0.4,0.3,0.0,0.3,0.0
nomic-ai/nomic-embed-text-v2-moe,nomic-v2-moe,EP-4634404-A1_en_q_de,de,0.4,0.6,0.06816536807595691,5.868082448469707,1.5219280948873621,1.0,0.2,0.4,0.0,0.4,0.0
nomic-ai/nomic-embed-text-v2-moe,nomic-v2-moe,EP-4633465-A1_en_q_de,de,0.1,0.9,0.06816536807595691,1.4670206121174267,0.9219280948873623,1.0,0.1,0.1,0.0,0.8,0.0
nomic-ai/nomic-embed-text-v2-moe,nomic-v2-moe,EP-4633680-A1_en_q_es,es,0.1,0.9,0.09171030782986332,1.090389972144847,1.295461844238322,1.0,0.6,0.0,0.1,0.3,0.0
nomic-ai/nomic-embed-text-v2-moe,nomic-v2-moe,WO-2025201606-A1_de_q_es,es,0.1,0.9,0.09171030782986332,1.090389972144847,1.721928094887362,1.0,0.4,0.1,0.1,0.4,0.0
nomic-ai/nomic-embed-text-v2-moe,nomic-v2-moe,EP-4634435-A1_en_q_de,de,0.1,0.9,0.06816536807595691,1.4670206121174267,1.721928094887362,1.0,0.4,0.1,0.1,0.4,0.0
nomic-ai/nomic-embed-text-v2-moe,nomic-v2-moe,EP-4634143-A1_en_q_de,de,0.8,0.19999999999999996,0.06816536807595691,11.736164896939414,0.9219280948873623,0.0,0.0,0.8,0.1,0.1,0.0
nomic-ai/nomic-embed-text-v2-moe,nomic-v2-moe,EP-4634411-A1_en_q_de,de,0.5,0.5,0.06816536807595691,7.335103060587133,1.360964047443681,0.0,0.4,0.5,0.0,0.1,0.0
nomic-ai/nomic-embed-text-v2-moe,nomic-v2-moe,EP-4634287-A1_en_q_es,es,0.3,0.7,0.09171030782986332,3.2711699164345407,0.8812908992306927,0.0,0.0,0.0,0.3,0.7,0.0
nomic-ai/nomic-embed-text-v2-moe,nomic-v2-moe,EP-4633627-A1_en_q_de,de,0.1,0.9,0.06816536807595691,1.4670206121174267,1.360964047443681,1.0,0.4,0.1,0.0,0.5,0.0
nomic-ai/nomic-embed-text-v2-moe,nomic-v2-moe,EP-4633670-A1_fr_q_fr,fr,0.7,0.30000000000000004,0.37488823604547195,1.8672231686541738,1.1567796494470395,1.0,0.2,0.0,0.1,0.7,0.0
nomic-ai/nomic-embed-text-v2-moe,nomic-v2-moe,WO-2025202163-A1_fr_q_fr,fr,0.6,0.4,0.37488823604547195,1.6004770017035774,1.3709505944546687,1.0,0.2,0.2,0.0,0.6,0.0
nomic-ai/nomic-embed-text-v2-moe,nomic-v2-moe,WO-2025214852-A1_fr_q_fr,fr,0.8,0.19999999999999996,0.37488823604547195,2.13396933560477,0.9219280948873623,0.0,0.1,0.1,0.0,0.8,0.0
nomic-ai/nomic-embed-text-v2-moe,nomic-v2-moe,WO-2025214996-A1_fr_q_fr,fr,0.9,0.09999999999999998,0.37488823604547195,2.4007155025553666,0.4689955935892812,0.0,0.0,0.1,0.0,0.9,0.0
nomic-ai/nomic-embed-text-v2-moe,nomic-v2-moe,EP-4630123-A1_de_q_de,de,0.5,0.5,0.06816536807595691,7.335103060587133,1.360964047443681,0.0,0.0,0.5,0.4,0.0,0.1
nomic-ai/nomic-embed-text-v2-moe,nomic-v2-moe,EP-4634646-A1_en_q_en,en,0.6,0.4,0.46097841359049685,1.3015793848711554,1.295461844238322,1.0,0.6,0.0,0.1,0.3,0.0
nomic-ai/nomic-embed-text-v2-moe,nomic-v2-moe,EP-4634294-A1_en_q_en,en,0.9,0.09999999999999998,0.46097841359049685,1.9523690773067333,0.4689955935892812,0.0,0.9,0.0,0.0,0.1,0.0
nomic-ai/nomic-embed-text-v2-moe,nomic-v2-moe,EP-4634436-A1_fr_q_fr,fr,0.6,0.4,0.37488823604547195,1.6004770017035774,1.5709505944546687,1.0,0.2,0.1,0.1,0.6,0.0
nomic-ai/nomic-embed-text-v2-moe,nomic-v2-moe,EP-4633761-A1_en_q_en,en,0.8,0.19999999999999996,0.46097841359049685,1.7354391798282074,0.9219280948873623,0.0,0.8,0.0,0.1,0.1,0.0
nomic-ai/nomic-embed-text-v2-moe,nomic-v2-moe,WO-2025215167-A1_de_q_de,de,0.3,0.7,0.06816536807595691,4.401061836352279,1.5709505944546684,1.0,0.0,0.3,0.3,0.4,0.0
nomic-ai/nomic-embed-text-v2-moe,nomic-v2-moe,EP-4626962-A1_de_q_en,en,0.5,0.5,0.46097841359049685,1.0846494873926296,1.4854752972273344,1.0,0.5,0.2,0.0,0.3,0.0
nomic-ai/nomic-embed-text-v2-moe,nomic-v2-moe,EP-4626962-A1_de_q_de,de,0.5,0.5,0.06816536807595691,7.335103060587133,1.7609640474436812,0.0,0.2,0.5,0.1,0.2,0.0
nomic-ai/nomic-embed-text-v2-moe,nomic-v2-moe,EP-4626962-A1_fr_q_fr,fr,0.7,0.30000000000000004,0.37488823604547195,1.8672231686541738,1.1567796494470395,1.0,0.2,0.1,0.0,0.7,0.0
nomic-ai/nomic-embed-text-v2-moe,nomic-v2-moe,EP-4626962-A1_de_q_es,es,0.1,0.9,0.09171030782986332,1.090389972144847,1.8464393446710154,1.0,0.2,0.4,0.1,0.3,0.0
nomic-ai/nomic-embed-text-v2-moe,nomic-v2-moe,WO-2025201936-A1_de_q_en,en,0.8,0.19999999999999996,0.46097841359049685,1.7354391798282074,0.7219280948873623,0.0,0.8,0.0,0.2,0.0,0.0
nomic-ai/nomic-embed-text-v2-moe,nomic-v2-moe,WO-2025201936-A1_fr_q_fr,fr,0.8,0.19999999999999996,0.37488823604547195,2.13396933560477,0.9219280948873623,0.0,0.0,0.1,0.1,0.8,0.0
nomic-ai/nomic-embed-text-v2-moe,nomic-v2-moe,WO-2025201936-A1_de_q_es,es,0.4,0.6,0.09171030782986332,4.361559888579388,1.5709505944546684,0.5,0.0,0.3,0.4,0.3,0.0
nomic-ai/nomic-embed-text-v2-moe,nomic-v2-moe,EP-4634597-A1_en_q_en,en,0.6,0.4,0.46097841359049685,1.3015793848711554,1.295461844238322,0.0,0.6,0.1,0.0,0.3,0.0
nomic-ai/nomic-embed-text-v2-moe,nomic-v2-moe,EP-4634597-A1_en_q_de,de,0.2,0.8,0.06816536807595691,2.9340412242348535,1.7609640474436812,1.0,0.2,0.2,0.1,0.5,0.0
nomic-ai/nomic-embed-text-v2-moe,nomic-v2-moe,EP-4634597-A1_fr_q_fr,fr,0.4,0.6,0.37488823604547195,1.066984667802385,1.5219280948873621,1.0,0.4,0.0,0.2,0.4,0.0
nomic-ai/nomic-embed-text-v2-moe,nomic-v2-moe,EP-4634597-A1_en_q_es,es,0.1,0.9,0.09171030782986332,1.090389972144847,1.721928094887362,1.0,0.4,0.1,0.1,0.4,0.0
nomic-ai/nomic-embed-text-v2-moe,nomic-v2-moe,EP-4634381-A1_en_q_zh,zh,0.0,1.0,0.004257674458210925,0.0,0.4689955935892812,0.0,0.9,0.0,0.1,0.0,0.0
nomic-ai/nomic-embed-text-v2-moe,nomic-v2-moe,EP-4633589-A1_en_q_zh,zh,0.0,1.0,0.004257674458210925,0.0,-0.0,0.0,0.0,0.0,0.0,1.0,0.0
nomic-ai/nomic-embed-text-v2-moe,nomic-v2-moe,EP-4627024-A1_de_q_zh,zh,0.2,0.8,0.004257674458210925,46.974000000000004,2.1709505944546685,0.0,0.1,0.3,0.1,0.3,0.2
nomic-ai/nomic-embed-text-v2-moe,nomic-v2-moe,EP-4634926-A1_en_q_zh,zh,0.0,1.0,0.004257674458210925,0.0,1.7609640474436812,0.0,0.5,0.1,0.2,0.2,0.0
nomic-ai/nomic-embed-text-v2-moe,nomic-v2-moe,EP-4633863-A2_en_q_zh,zh,0.4,0.6,0.004257674458210925,93.94800000000001,1.9219280948873623,0.0,0.2,0.0,0.2,0.2,0.4
nomic-ai/nomic-embed-text-v2-moe,nomic-v2-moe,EP-4633797-A1_en_q_zh,zh,0.1,0.9,0.004257674458210925,23.487000000000002,1.8464393446710154,1.0,0.4,0.0,0.3,0.2,0.1
nomic-ai/nomic-embed-text-v2-moe,nomic-v2-moe,EP-4633777-A1_en_q_zh,zh,0.2,0.8,0.004257674458210925,46.974000000000004,1.7609640474436812,0.5,0.5,0.0,0.2,0.1,0.2
nomic-ai/nomic-embed-text-v2-moe,nomic-v2-moe,EP-4633621-A1_en_q_zh,zh,0.0,1.0,0.004257674458210925,0.0,1.0,0.0,0.5,0.0,0.0,0.5,0.0
nomic-ai/nomic-embed-text-v2-moe,nomic-v2-moe,EP-4634723-A1_en_q_zh,zh,0.0,1.0,0.004257674458210925,0.0,1.8954618442383218,0.0,0.3,0.3,0.1,0.3,0.0
nomic-ai/nomic-embed-text-v2-moe,nomic-v2-moe,EP-4633581-A1_en_q_zh,zh,0.8,0.19999999999999996,0.004257674458210925,187.89600000000002,0.9219280948873623,0.0,0.0,0.1,0.0,0.1,0.8
nomic-ai/nomic-embed-text-v2-moe,nomic-v2-moe,EP-4634416-A1_en_q_zh,zh,0.2,0.8,0.004257674458210925,46.974000000000004,1.9709505944546686,0.0,0.3,0.0,0.3,0.2,0.2
nomic-ai/nomic-embed-text-v2-moe,nomic-v2-moe,EP-4634305-A1_en_q_zh,zh,0.7,0.30000000000000004,0.004257674458210925,164.409,1.1567796494470395,1.0,0.1,0.0,0.0,0.2,0.7
nomic-ai/nomic-embed-text-v2-moe,nomic-v2-moe,EP-4633531-A1_en_q_zh,zh,0.3,0.7,0.004257674458210925,70.461,1.8464393446710154,1.0,0.2,0.1,0.0,0.4,0.3
nomic-ai/nomic-embed-text-v2-moe,nomic-v2-moe,EP-4634333-A1_en_q_zh,zh,0.0,1.0,0.004257674458210925,0.0,1.4854752972273344,0.0,0.0,0.2,0.3,0.5,0.0
nomic-ai/nomic-embed-text-v2-moe,nomic-v2-moe,EP-4634212-A1_en_q_zh,zh,0.0,1.0,0.004257674458210925,0.0,1.295461844238322,1.0,0.6,0.0,0.1,0.3,0.0
nomic-ai/nomic-embed-text-v2-moe,nomic-v2-moe,EP-4629959-A1_de_q_zh,zh,0.3,0.7,0.004257674458210925,70.461,1.295461844238322,0.0,0.6,0.0,0.0,0.1,0.3
nomic-ai/nomic-embed-text-v2-moe,nomic-v2-moe,EP-4627881-A1_de_q_zh,zh,0.6,0.4,0.004257674458210925,140.922,1.3709505944546687,0.0,0.0,0.2,0.0,0.2,0.6
nomic-ai/nomic-embed-text-v2-moe,nomic-v2-moe,EP-4633576-A1_en_q_zh,zh,0.4,0.6,0.004257674458210925,93.94800000000001,1.5219280948873621,0.0,0.4,0.0,0.2,0.0,0.4
nomic-ai/nomic-embed-text-v2-moe,nomic-v2-moe,EP-4633742-A2_en_q_zh,zh,0.1,0.9,0.004257674458210925,23.487000000000002,1.8464393446710154,1.0,0.3,0.0,0.2,0.4,0.1
nomic-ai/nomic-embed-text-v2-moe,nomic-v2-moe,EP-4633791-A1_en_q_zh,zh,0.0,1.0,0.004257674458210925,0.0,1.6854752972273344,0.5,0.5,0.1,0.1,0.3,0.0
nomic-ai/nomic-embed-text-v2-moe,nomic-v2-moe,EP-4630574-A1_fr_q_fr,fr,0.7,0.30000000000000004,0.37488823604547195,1.8672231686541738,1.1567796494470395,0.0,0.2,0.0,0.1,0.7,0.0
nomic-ai/nomic-embed-text-v2-moe,nomic-v2-moe,EP-4634111-A1_fr_q_fr,fr,0.9,0.09999999999999998,0.37488823604547195,2.4007155025553666,0.4689955935892812,0.0,0.1,0.0,0.0,0.9,0.0
nomic-ai/nomic-embed-text-v2-moe,nomic-v2-moe,EP-4633622-A2_en_q_es,es,0.1,0.9,0.09171030782986332,1.090389972144847,1.721928094887362,1.0,0.4,0.0,0.1,0.4,0.1
nomic-ai/nomic-embed-text-v2-moe,nomic-v2-moe,EP-4634187-A1_en_q_es_120,es,0.1,0.9,0.09171030782986332,1.090389972144847,1.360964047443681,0.6666666666666666,0.4,0.0,0.1,0.5,0.0
nomic-ai/nomic-embed-text-v2-moe,nomic-v2-moe,EP-4634139-A1_fr_q_fr,fr,0.5,0.5,0.37488823604547195,1.3337308347529813,1.4854752972273344,0.5,0.3,0.0,0.2,0.5,0.0
nomic-ai/nomic-embed-text-v2-moe,nomic-v2-moe,EP-4634136-A1_en_q_en,en,0.6,0.4,0.46097841359049685,1.3015793848711554,0.9709505944546686,0.0,0.6,0.0,0.0,0.4,0.0
nomic-ai/nomic-embed-text-v2-moe,nomic-v2-moe,EP-4634136-A1_en_q_de,de,0.9,0.09999999999999998,0.06816536807595691,13.20318550905684,0.4689955935892812,0.0,0.0,0.9,0.0,0.1,0.0
nomic-ai/nomic-embed-text-v2-moe,nomic-v2-moe,EP-4634136-A1_fr_q_fr,fr,1.0,0.0,0.37488823604547195,2.6674616695059625,-0.0,0.0,0.0,0.0,0.0,1.0,0.0
nomic-ai/nomic-embed-text-v2-moe,nomic-v2-moe,EP-4634136-A1_en_q_es_125,es,1.0,0.0,0.09171030782986332,10.903899721448468,-0.0,0.0,0.0,0.0,1.0,0.0,0.0
nomic-ai/nomic-embed-text-v2-moe,nomic-v2-moe,EP-4634136-A1_zh_q_zh,zh,0.4,0.6,0.004257674458210925,93.94800000000001,1.5709505944546684,0.0,0.3,0.0,0.3,0.0,0.4
nomic-ai/nomic-embed-text-v2-moe,nomic-v2-moe,EP-4634248-A1_en_q_en,en,0.8,0.19999999999999996,0.46097841359049685,1.7354391798282074,0.7219280948873623,0.5,0.8,0.0,0.0,0.2,0.0
nomic-ai/nomic-embed-text-v2-moe,nomic-v2-moe,EP-4634142-A1_en_q_es,es,0.0,1.0,0.09171030782986332,0.0,1.4854752972273344,0.6666666666666666,0.3,0.2,0.0,0.5,0.0
nomic-ai/nomic-embed-text-v2-moe,nomic-v2-moe,WO-2025214812-A1_de_q_es,es,0.0,1.0,0.09171030782986332,0.0,1.5709505944546684,0.6666666666666666,0.3,0.3,0.0,0.4,0.0
nomic-ai/nomic-embed-text-v2-moe,nomic-v2-moe,EP-4633662-A1_en_q_de,de,0.0,1.0,0.06816536807595691,0.0,1.360964047443681,0.6666666666666666,0.4,0.0,0.0,0.5,0.1
nomic-ai/nomic-embed-text-v2-moe,nomic-v2-moe,WO-2025153617-A3_de_q_de,de,0.8,0.19999999999999996,0.06816536807595691,11.736164896939414,0.9219280948873623,0.0,0.0,0.8,0.1,0.1,0.0
nomic-ai/nomic-embed-text-v2-moe,nomic-v2-moe,EP-4634596-A1_en_q_en,en,0.8,0.19999999999999996,0.46097841359049685,1.7354391798282074,0.9219280948873623,1.0,0.8,0.0,0.0,0.1,0.1
nomic-ai/nomic-embed-text-v2-moe,nomic-v2-moe,EP-4634596-A1_en_q_de,de,0.1,0.9,0.06816536807595691,1.4670206121174267,1.721928094887362,1.0,0.4,0.1,0.0,0.4,0.1
nomic-ai/nomic-embed-text-v2-moe,nomic-v2-moe,EP-4634596-A1_fr_q_fr,fr,0.7,0.30000000000000004,0.37488823604547195,1.8672231686541738,1.3567796494470397,1.0,0.1,0.0,0.1,0.7,0.1
nomic-ai/nomic-embed-text-v2-moe,nomic-v2-moe,EP-4634596-A1_en_q_es_135,es,0.0,1.0,0.09171030782986332,0.0,1.5709505944546687,1.0,0.2,0.1,0.0,0.6,0.1
nomic-ai/nomic-embed-text-v2-moe,nomic-v2-moe,EP-4634596-A1_zh_q_zh,zh,0.3,0.7,0.004257674458210925,70.461,1.8954618442383218,1.0,0.3,0.0,0.1,0.3,0.3
ibm-granite/granite-embedding-278m-multilingual,granite-278m,EP-4633662-A1_en_q_en,en,0.7,0.30000000000000004,0.46097841359049685,1.5185092823496813,1.1567796494470395,0.0,0.7,0.0,0.1,0.2,0.0
ibm-granite/granite-embedding-278m-multilingual,granite-278m,EP-4630509-A1_fr_q_fr,fr,0.7,0.30000000000000004,0.37488823604547195,1.8672231686541738,1.1567796494470395,0.0,0.1,0.0,0.2,0.7,0.0
ibm-granite/granite-embedding-278m-multilingual,granite-278m,EP-4634248-A1_en_q_es,es,0.4,0.6,0.09171030782986332,4.361559888579388,1.8464393446710154,0.0,0.1,0.2,0.4,0.3,0.0
ibm-granite/granite-embedding-278m-multilingual,granite-278m,EP-4634187-A1_en_q_es,es,0.6,0.4,0.09171030782986332,6.542339832869081,0.9709505944546686,0.3333333333333333,0.0,0.0,0.6,0.4,0.0
ibm-granite/granite-embedding-278m-multilingual,granite-278m,EP-4634142-A1_fr_q_fr,fr,0.5,0.5,0.37488823604547195,1.3337308347529813,1.360964047443681,0.0,0.4,0.1,0.0,0.5,0.0
ibm-granite/granite-embedding-278m-multilingual,granite-278m,EP-4633768-A2_en_q_es,es,0.1,0.9,0.09171030782986332,1.090389972144847,1.9609640474436811,0.0,0.5,0.2,0.1,0.1,0.1
ibm-granite/granite-embedding-278m-multilingual,granite-278m,EP-4633645-A1_fr_q_fr,fr,0.2,0.8,0.37488823604547195,0.5334923339011926,1.1567796494470395,0.0,0.7,0.0,0.1,0.2,0.0
ibm-granite/granite-embedding-278m-multilingual,granite-278m,EP-4633622-A2_en_q_de,de,0.0,1.0,0.06816536807595691,0.0,1.7609640474436812,0.6666666666666666,0.5,0.0,0.2,0.2,0.1
ibm-granite/granite-embedding-278m-multilingual,granite-278m,EP-4634601-A1_en_q_en,en,0.5,0.5,0.46097841359049685,1.0846494873926296,1.7609640474436812,0.5,0.5,0.0,0.2,0.2,0.1
ibm-granite/granite-embedding-278m-multilingual,granite-278m,EP-4630626-A1_de_q_de,de,0.1,0.9,0.06816536807595691,1.4670206121174267,2.0464393446710156,0.5,0.4,0.1,0.3,0.1,0.1
ibm-granite/granite-embedding-278m-multilingual,granite-278m,EP-4630600-A1_de_q_en,en,0.4,0.6,0.46097841359049685,0.8677195899141037,1.360964047443681,0.0,0.4,0.5,0.0,0.1,0.0
ibm-granite/granite-embedding-278m-multilingual,granite-278m,EP-4633632-A1_en_q_es,es,0.4,0.6,0.09171030782986332,4.361559888579388,1.5709505944546684,0.0,0.3,0.0,0.4,0.3,0.0
ibm-granite/granite-embedding-278m-multilingual,granite-278m,EP-4634136-A1_en_q_es,es,0.2,0.8,0.09171030782986332,2.180779944289694,1.4854752972273344,0.0,0.5,0.0,0.2,0.3,0.0
ibm-granite/granite-embedding-278m-multilingual,granite-278m,EP-4634157-A1_en_q_de,de,0.0,1.0,0.06816536807595691,0.0,1.295461844238322,0.0,0.6,0.0,0.3,0.1,0.0
ibm-granite/granite-embedding-278m-multilingual,granite-278m,EP-4630574-A1_de_q_en,en,0.4,0.6,0.46097841359049685,0.8677195899141037,1.5709505944546684,0.0,0.4,0.0,0.3,0.0,0.3
ibm-granite/granite-embedding-278m-multilingual,granite-278m,EP-4634111-A1_en_q_de,de,0.4,0.6,0.06816536807595691,5.868082448469707,1.5219280948873621,0.0,0.4,0.4,0.0,0.2,0.0
ibm-granite/granite-embedding-278m-multilingual,granite-278m,EP-4634596-A1_en_q_es,es,0.1,0.9,0.09171030782986332,1.090389972144847,1.7609640474436812,0.0,0.2,0.2,0.1,0.5,0.0
ibm-granite/granite-embedding-278m-multilingual,granite-278m,EP-4634139-A1_en_q_es,es,0.5,0.5,0.09171030782986332,5.451949860724234,1.7609640474436812,1.0,0.2,0.0,0.5,0.2,0.1
ibm-granite/granite-embedding-278m-multilingual,granite-278m,WO-2025153617-A3_de_q_en,en,0.7,0.30000000000000004,0.46097841359049685,1.5185092823496813,0.8812908992306927,0.0,0.7,0.0,0.0,0.3,0.0
ibm-granite/granite-embedding-278m-multilingual,granite-278m,EP-4634251-A1_en_q_es,es,0.2,0.8,0.09171030782986332,2.180779944289694,1.8464393446710154,0.0,0.4,0.1,0.2,0.3,0.0
ibm-granite/granite-embedding-278m-multilingual,granite-278m,EP-4634426-A1_en_q_es,es,0.3,0.7,0.09171030782986332,3.2711699164345407,1.8464393446710154,0.0,0.4,0.1,0.3,0.2,0.0
ibm-granite/granite-embedding-278m-multilingual,granite-278m,EP-4634729-A1_en_q_de,de,0.2,0.8,0.06816536807595691,2.9340412242348535,2.1219280948873624,1.0,0.2,0.2,0.1,0.4,0.1
ibm-granite/granite-embedding-278m-multilingual,granite-278m,EP-4626569-A1_de_q_en,en,0.7,0.30000000000000004,0.46097841359049685,1.5185092823496813,1.1567796494470395,0.0,0.7,0.0,0.1,0.2,0.0
ibm-granite/granite-embedding-278m-multilingual,granite-278m,EP-4634394-A2_en_q_es,es,0.1,0.9,0.09171030782986332,1.090389972144847,1.295461844238322,0.0,0.3,0.0,0.1,0.6,0.0
ibm-granite/granite-embedding-278m-multilingual,granite-278m,EP-4634424-A1_en_q_es,es,0.4,0.6,0.09171030782986332,4.361559888579388,1.5219280948873621,0.0,0.4,0.0,0.4,0.2,0.0
ibm-granite/granite-embedding-278m-multilingual,granite-278m,EP-4633602-A1_en_q_de,de,0.0,1.0,0.06816536807595691,0.0,1.4854752972273344,0.0,0.5,0.0,0.3,0.2,0.0
ibm-granite/granite-embedding-278m-multilingual,granite-278m,EP-4634337-A1_en_q_en,en,0.3,0.7,0.46097841359049685,0.6507896924355777,1.5709505944546684,0.0,0.3,0.3,0.0,0.4,0.0
ibm-granite/granite-embedding-278m-multilingual,granite-278m,EP-4634128-A1_en_q_en,en,0.4,0.6,0.46097841359049685,0.8677195899141037,2.1219280948873624,0.0,0.4,0.2,0.2,0.1,0.1
ibm-granite/granite-embedding-278m-multilingual,granite-278m,EP-4633896-A1_en_q_en,en,0.5,0.5,0.46097841359049685,1.0846494873926296,1.360964047443681,0.0,0.5,0.0,0.4,0.1,0.0
ibm-granite/granite-embedding-278m-multilingual,granite-278m,WO-2025215091-A1_fr_q_fr,fr,0.4,0.6,0.37488823604547195,1.066984667802385,1.360964047443681,0.0,0.5,0.1,0.0,0.4,0.0
ibm-granite/granite-embedding-278m-multilingual,granite-278m,EP-4633599-A1_fr_q_fr,fr,0.7,0.30000000000000004,0.37488823604547195,1.8672231686541738,0.8812908992306927,0.0,0.3,0.0,0.0,0.7,0.0
ibm-granite/granite-embedding-278m-multilingual,granite-278m,EP-4633656-A1_fr_q_fr,fr,0.3,0.7,0.37488823604547195,0.8002385008517887,1.295461844238322,0.0,0.6,0.0,0.1,0.3,0.0
ibm-granite/granite-embedding-278m-multilingual,granite-278m,WO-2025208167-A1_de_q_de,de,0.0,1.0,0.06816536807595691,0.0,0.9709505944546686,0.0,0.6,0.0,0.0,0.4,0.0
ibm-granite/granite-embedding-278m-multilingual,granite-278m,EP-4634396-A1_fr_q_fr,fr,0.2,0.8,0.37488823604547195,0.5334923339011926,1.9219280948873623,1.0,0.4,0.2,0.2,0.2,0.0
ibm-granite/granite-embedding-278m-multilingual,granite-278m,EP-4633893-A1_fr_q_fr,fr,0.5,0.5,0.37488823604547195,1.3337308347529813,1.360964047443681,0.0,0.4,0.0,0.1,0.5,0.0
ibm-granite/granite-embedding-278m-multilingual,granite-278m,EP-4633462-A1_en_q_en,en,0.7,0.30000000000000004,0.46097841359049685,1.5185092823496813,1.1567796494470395,1.0,0.7,0.0,0.0,0.2,0.1
ibm-granite/granite-embedding-278m-multilingual,granite-278m,EP-4633386-A1_en_q_en,en,0.5,0.5,0.46097841359049685,1.0846494873926296,1.360964047443681,0.0,0.5,0.0,0.4,0.1,0.0
ibm-granite/granite-embedding-278m-multilingual,granite-278m,EP-4633970-A1_fr_q_fr,fr,0.2,0.8,0.37488823604547195,0.5334923339011926,1.9219280948873623,0.0,0.2,0.2,0.4,0.2,0.0
ibm-granite/granite-embedding-278m-multilingual,granite-278m,EP-4633415-A1_en_q_en,en,0.5,0.5,0.46097841359049685,1.0846494873926296,1.6854752972273344,0.0,0.5,0.1,0.3,0.1,0.0
ibm-granite/granite-embedding-278m-multilingual,granite-278m,EP-4633415-A1_en_q_de,de,0.2,0.8,0.06816536807595691,2.9340412242348535,1.9219280948873623,0.5,0.2,0.2,0.2,0.4,0.0
ibm-granite/granite-embedding-278m-multilingual,granite-278m,EP-4633415-A1_fr_q_fr,fr,0.4,0.6,0.37488823604547195,1.066984667802385,1.5709505944546684,0.0,0.3,0.3,0.0,0.4,0.0
ibm-granite/granite-embedding-278m-multilingual,granite-278m,EP-4633415-A1_en_q_es,es,0.2,0.8,0.09171030782986332,2.180779944289694,1.3709505944546687,0.5,0.2,0.0,0.2,0.6,0.0
ibm-granite/granite-embedding-278m-multilingual,granite-278m,EP-4633950-A1_en_q_en,en,1.0,0.0,0.46097841359049685,2.169298974785259,-0.0,0.0,1.0,0.0,0.0,0.0,0.0
ibm-granite/granite-embedding-278m-multilingual,granite-278m,EP-4633950-A1_en_q_de,de,0.0,1.0,0.06816536807595691,0.0,0.7219280948873623,0.0,0.8,0.0,0.0,0.2,0.0
ibm-granite/granite-embedding-278m-multilingual,granite-278m,EP-4633950-A1_fr_q_fr,fr,0.2,0.8,0.37488823604547195,0.5334923339011926,1.3709505944546687,0.0,0.6,0.0,0.2,0.2,0.0
ibm-granite/granite-embedding-278m-multilingual,granite-278m,EP-4633950-A1_en_q_es,es,0.1,0.9,0.09171030782986332,1.090389972144847,0.9219280948873623,0.0,0.8,0.0,0.1,0.1,0.0
ibm-granite/granite-embedding-278m-multilingual,granite-278m,EP-4634629-A1_en_q_en,en,0.7,0.30000000000000004,0.46097841359049685,1.5185092823496813,1.1567796494470395,0.0,0.7,0.2,0.0,0.1,0.0
ibm-granite/granite-embedding-278m-multilingual,granite-278m,EP-4634629-A1_de_q_de,de,0.4,0.6,0.06816536807595691,5.868082448469707,1.5709505944546684,0.0,0.3,0.4,0.0,0.3,0.0
ibm-granite/granite-embedding-278m-multilingual,granite-278m,EP-4634629-A1_fr_q_fr,fr,0.5,0.5,0.37488823604547195,1.3337308347529813,1.6854752972273344,0.0,0.3,0.1,0.1,0.5,0.0
ibm-granite/granite-embedding-278m-multilingual,granite-278m,EP-4634629-A1_en_q_es,es,0.0,1.0,0.09171030782986332,0.0,1.5219280948873621,0.0,0.2,0.4,0.0,0.4,0.0
ibm-granite/granite-embedding-278m-multilingual,granite-278m,EP-4633582-A1_en_q_es,es,0.5,0.5,0.09171030782986332,5.451949860724234,1.4854752972273344,0.0,0.2,0.0,0.5,0.3,0.0
ibm-granite/granite-embedding-278m-multilingual,granite-278m,EP-4634165-A1_en_q_es,es,0.1,0.9,0.09171030782986332,1.090389972144847,1.8464393446710154,1.0,0.3,0.4,0.1,0.2,0.0
ibm-granite/granite-embedding-278m-multilingual,granite-278m,EP-4633677-A1_en_q_de,de,0.0,1.0,0.06816536807595691,0.0,0.9709505944546686,0.0,0.4,0.0,0.0,0.6,0.0
ibm-granite/granite-embedding-278m-multilingual,granite-278m,EP-4634246-A1_en_q_en,en,0.2,0.8,0.46097841359049685,0.43385979495705185,1.4854752972273344,0.0,0.2,0.5,0.0,0.3,0.0
ibm-granite/granite-embedding-278m-multilingual,granite-278m,EP-4634120-A1_en_q_de,de,0.1,0.9,0.06816536807595691,1.4670206121174267,1.6854752972273344,0.0,0.3,0.1,0.1,0.5,0.0
ibm-granite/granite-embedding-278m-multilingual,granite-278m,EP-4633638-A1_en_q_en,en,0.3,0.7,0.46097841359049685,0.6507896924355777,1.5709505944546684,1.0,0.3,0.0,0.4,0.3,0.0
ibm-granite/granite-embedding-278m-multilingual,granite-278m,EP-4633389-A1_en_q_en,en,0.7,0.30000000000000004,0.46097841359049685,1.5185092823496813,1.1567796494470395,1.0,0.7,0.0,0.2,0.1,0.0
ibm-granite/granite-embedding-278m-multilingual,granite-278m,WO-2025209629-A1_de_q_es,es,0.0,1.0,0.09171030782986332,0.0,1.4854752972273344,1.0,0.2,0.3,0.0,0.5,0.0
ibm-granite/granite-embedding-278m-multilingual,granite-278m,EP-4634132-A2_en_q_en,en,0.4,0.6,0.46097841359049685,0.8677195899141037,1.8464393446710154,0.0,0.4,0.3,0.2,0.0,0.1
ibm-granite/granite-embedding-278m-multilingual,granite-278m,EP-4634914-A1_en_q_es,es,0.1,0.9,0.09171030782986332,1.090389972144847,2.1709505944546685,0.5,0.3,0.3,0.1,0.2,0.1
ibm-granite/granite-embedding-278m-multilingual,granite-278m,EP-4634285-A1_en_q_de,de,0.0,1.0,0.06816536807595691,0.0,1.1567796494470395,0.5,0.7,0.0,0.2,0.1,0.0
ibm-granite/granite-embedding-278m-multilingual,granite-278m,EP-4634122-A1_fr_q_fr,fr,0.6,0.4,0.37488823604547195,1.6004770017035774,0.9709505944546686,0.0,0.4,0.0,0.0,0.6,0.0
ibm-granite/granite-embedding-278m-multilingual,granite-278m,EP-4634365-A1_fr_q_fr,fr,0.4,0.6,0.37488823604547195,1.066984667802385,1.360964047443681,1.0,0.5,0.0,0.1,0.4,0.0
ibm-granite/granite-embedding-278m-multilingual,granite-278m,WO-2025214709-A1_de_q_es,es,0.0,1.0,0.09171030782986332,0.0,1.295461844238322,0.5,0.1,0.6,0.0,0.3,0.0
ibm-granite/granite-embedding-278m-multilingual,granite-278m,EP-4633426-A2_en_q_es,es,0.0,1.0,0.09171030782986332,0.0,1.360964047443681,1.0,0.1,0.5,0.0,0.4,0.0
ibm-granite/granite-embedding-278m-multilingual,granite-278m,EP-4630604-A1_de_q_es,es,0.0,1.0,0.09171030782986332,0.0,1.4854752972273344,0.0,0.2,0.5,0.0,0.3,0.0
ibm-granite/granite-embedding-278m-multilingual,granite-278m,EP-4634118-A1_en_q_es,es,0.0,1.0,0.09171030782986332,0.0,1.360964047443681,0.5,0.5,0.4,0.0,0.1,0.0
ibm-granite/granite-embedding-278m-multilingual,granite-278m,EP-4634404-A1_en_q_de,de,0.1,0.9,0.06816536807595691,1.4670206121174267,1.360964047443681,1.0,0.4,0.1,0.0,0.5,0.0
ibm-granite/granite-embedding-278m-multilingual,granite-278m,EP-4633465-A1_en_q_de,de,0.0,1.0,0.06816536807595691,0.0,1.1567796494470395,1.0,0.7,0.0,0.1,0.2,0.0
ibm-granite/granite-embedding-278m-multilingual,granite-278m,EP-4633680-A1_en_q_es,es,0.4,0.6,0.09171030782986332,4.361559888579388,1.5709505944546684,1.0,0.3,0.0,0.4,0.3,0.0
ibm-granite/granite-embedding-278m-multilingual,granite-278m,WO-2025201606-A1_de_q_es,es,0.2,0.8,0.09171030782986332,2.180779944289694,1.8464393446710154,1.0,0.4,0.3,0.2,0.1,0.0
ibm-granite/granite-embedding-278m-multilingual,granite-278m,EP-4634435-A1_en_q_de,de,0.1,0.9,0.06816536807595691,1.4670206121174267,1.360964047443681,1.0,0.4,0.1,0.0,0.5,0.0
ibm-granite/granite-embedding-278m-multilingual,granite-278m,EP-4634143-A1_en_q_de,de,0.8,0.19999999999999996,0.06816536807595691,11.736164896939414,0.7219280948873623,0.0,0.0,0.8,0.2,0.0,0.0
ibm-granite/granite-embedding-278m-multilingual,granite-278m,EP-4634411-A1_en_q_de,de,0.3,0.7,0.06816536807595691,4.401061836352279,1.4854752972273344,0.0,0.2,0.3,0.0,0.5,0.0
ibm-granite/granite-embedding-278m-multilingual,granite-278m,EP-4634287-A1_en_q_es,es,0.0,1.0,0.09171030782986332,0.0,0.8812908992306927,0.0,0.0,0.3,0.0,0.7,0.0
ibm-granite/granite-embedding-278m-multilingual,granite-278m,EP-4633627-A1_en_q_de,de,0.2,0.8,0.06816536807595691,2.9340412242348535,1.9709505944546686,1.0,0.3,0.2,0.2,0.3,0.0
ibm-granite/granite-embedding-278m-multilingual,granite-278m,EP-4633670-A1_fr_q_fr,fr,0.6,0.4,0.37488823604547195,1.6004770017035774,1.295461844238322,1.0,0.3,0.0,0.1,0.6,0.0
ibm-granite/granite-embedding-278m-multilingual,granite-278m,WO-2025202163-A1_fr_q_fr,fr,0.4,0.6,0.37488823604547195,1.066984667802385,1.5219280948873621,1.0,0.4,0.2,0.0,0.4,0.0
ibm-granite/granite-embedding-278m-multilingual,granite-278m,WO-2025214852-A1_fr_q_fr,fr,0.1,0.9,0.37488823604547195,0.2667461669505963,1.295461844238322,0.0,0.3,0.6,0.0,0.1,0.0
ibm-granite/granite-embedding-278m-multilingual,granite-278m,WO-2025214996-A1_fr_q_fr,fr,0.2,0.8,0.37488823604547195,0.5334923339011926,1.4854752972273344,0.0,0.3,0.5,0.0,0.2,0.0
ibm-granite/granite-embedding-278m-multilingual,granite-278m,EP-4630123-A1_de_q_de,de,0.2,0.8,0.06816536807595691,2.9340412242348535,1.8464393446710154,0.0,0.1,0.2,0.4,0.0,0.3
ibm-granite/granite-embedding-278m-multilingual,granite-278m,EP-4634646-A1_en_q_en,en,0.4,0.6,0.46097841359049685,0.8677195899141037,1.721928094887362,1.0,0.4,0.1,0.1,0.4,0.0
ibm-granite/granite-embedding-278m-multilingual,granite-278m,EP-4634294-A1_en_q_en,en,0.7,0.30000000000000004,0.46097841359049685,1.5185092823496813,1.3567796494470397,0.0,0.7,0.1,0.1,0.1,0.0
ibm-granite/granite-embedding-278m-multilingual,granite-278m,EP-4634436-A1_fr_q_fr,fr,0.1,0.9,0.37488823604547195,0.2667461669505963,0.9219280948873623,0.0,0.8,0.0,0.1,0.1,0.0
ibm-granite/granite-embedding-278m-multilingual,granite-278m,EP-4633761-A1_en_q_en,en,0.6,0.4,0.46097841359049685,1.3015793848711554,1.295461844238322,0.0,0.6,0.0,0.1,0.3,0.0
ibm-granite/granite-embedding-278m-multilingual,granite-278m,WO-2025215167-A1_de_q_de,de,0.2,0.8,0.06816536807595691,2.9340412242348535,1.9219280948873623,1.0,0.2,0.2,0.2,0.4,0.0
ibm-granite/granite-embedding-278m-multilingual,granite-278m,EP-4626962-A1_de_q_en,en,0.4,0.6,0.46097841359049685,0.8677195899141037,1.5219280948873621,1.0,0.4,0.2,0.0,0.4,0.0
ibm-granite/granite-embedding-278m-multilingual,granite-278m,EP-4626962-A1_de_q_de,de,0.3,0.7,0.06816536807595691,4.401061836352279,1.5709505944546684,1.0,0.3,0.3,0.0,0.4,0.0
ibm-granite/granite-embedding-278m-multilingual,granite-278m,EP-4626962-A1_fr_q_fr,fr,0.4,0.6,0.37488823604547195,1.066984667802385,1.8464393446710154,1.0,0.3,0.2,0.0,0.4,0.1
ibm-granite/granite-embedding-278m-multilingual,granite-278m,EP-4626962-A1_de_q_es,es,0.0,1.0,0.09171030782986332,0.0,1.5709505944546684,1.0,0.3,0.4,0.0,0.3,0.0
ibm-granite/granite-embedding-278m-multilingual,granite-278m,WO-2025201936-A1_de_q_en,en,0.7,0.30000000000000004,0.46097841359049685,1.5185092823496813,1.1567796494470395,0.0,0.7,0.1,0.0,0.2,0.0
ibm-granite/granite-embedding-278m-multilingual,granite-278m,WO-2025201936-A1_fr_q_fr,fr,0.2,0.8,0.37488823604547195,0.5334923339011926,1.8464393446710154,0.0,0.3,0.4,0.1,0.2,0.0
ibm-granite/granite-embedding-278m-multilingual,granite-278m,WO-2025201936-A1_de_q_es,es,0.4,0.6,0.09171030782986332,4.361559888579388,1.5219280948873621,1.0,0.0,0.4,0.4,0.2,0.0
ibm-granite/granite-embedding-278m-multilingual,granite-278m,EP-4634597-A1_en_q_en,en,0.6,0.4,0.46097841359049685,1.3015793848711554,1.295461844238322,0.0,0.6,0.0,0.1,0.3,0.0
ibm-granite/granite-embedding-278m-multilingual,granite-278m,EP-4634597-A1_en_q_de,de,0.6,0.4,0.06816536807595691,8.802123672704559,1.5709505944546687,0.0,0.1,0.6,0.1,0.2,0.0
ibm-granite/granite-embedding-278m-multilingual,granite-278m,EP-4634597-A1_fr_q_fr,fr,0.0,1.0,0.37488823604547195,0.0,1.295461844238322,0.0,0.6,0.3,0.1,0.0,0.0
ibm-granite/granite-embedding-278m-multilingual,granite-278m,EP-4634597-A1_en_q_es,es,0.1,0.9,0.09171030782986332,1.090389972144847,1.360964047443681,0.0,0.4,0.0,0.1,0.5,0.0
ibm-granite/granite-embedding-278m-multilingual,granite-278m,EP-4634381-A1_en_q_zh,zh,0.1,0.9,0.004257674458210925,23.487000000000002,1.3567796494470397,0.0,0.7,0.0,0.1,0.1,0.1
ibm-granite/granite-embedding-278m-multilingual,granite-278m,EP-4633589-A1_en_q_zh,zh,0.1,0.9,0.004257674458210925,23.487000000000002,1.8464393446710154,0.0,0.3,0.0,0.4,0.2,0.1
ibm-granite/granite-embedding-278m-multilingual,granite-278m,EP-4627024-A1_de_q_zh,zh,0.2,0.8,0.004257674458210925,46.974000000000004,1.9709505944546686,0.0,0.2,0.3,0.0,0.3,0.2
ibm-granite/granite-embedding-278m-multilingual,granite-278m,EP-4634926-A1_en_q_zh,zh,0.0,1.0,0.004257674458210925,0.0,1.295461844238322,0.0,0.6,0.0,0.1,0.3,0.0
ibm-granite/granite-embedding-278m-multilingual,granite-278m,EP-4633863-A2_en_q_zh,zh,0.0,1.0,0.004257674458210925,0.0,0.8812908992306927,0.0,0.7,0.0,0.0,0.3,0.0
ibm-granite/granite-embedding-278m-multilingual,granite-278m,EP-4633797-A1_en_q_zh,zh,0.2,0.8,0.004257674458210925,46.974000000000004,1.7609640474436812,1.0,0.2,0.0,0.5,0.1,0.2
ibm-granite/granite-embedding-278m-multilingual,granite-278m,EP-4633777-A1_en_q_zh,zh,0.1,0.9,0.004257674458210925,23.487000000000002,1.9609640474436811,0.5,0.5,0.1,0.1,0.2,0.1
ibm-granite/granite-embedding-278m-multilingual,granite-278m,EP-4633621-A1_en_q_zh,zh,0.0,1.0,0.004257674458210925,0.0,1.4854752972273344,1.0,0.5,0.0,0.2,0.3,0.0
ibm-granite/granite-embedding-278m-multilingual,granite-278m,EP-4634723-A1_en_q_zh,zh,0.0,1.0,0.004257674458210925,0.0,0.9219280948873623,0.0,0.8,0.1,0.0,0.1,0.0
ibm-granite/granite-embedding-278m-multilingual,granite-278m,EP-4633581-A1_en_q_zh,zh,0.4,0.6,0.004257674458210925,93.94800000000001,1.721928094887362,0.0,0.1,0.0,0.4,0.1,0.4
ibm-granite/granite-embedding-278m-multilingual,granite-278m,EP-4634416-A1_en_q_zh,zh,0.2,0.8,0.004257674458210925,46.974000000000004,1.1567796494470395,0.0,0.7,0.0,0.1,0.0,0.2
ibm-granite/granite-embedding-278m-multilingual,granite-278m,EP-4634305-A1_en_q_zh,zh,0.3,0.7,0.004257674458210925,70.461,1.6854752972273344,1.0,0.5,0.0,0.1,0.1,0.3
ibm-granite/granite-embedding-278m-multilingual,granite-278m,EP-4633531-A1_en_q_zh,zh,0.0,1.0,0.004257674458210925,0.0,1.8464393446710154,0.5,0.4,0.1,0.3,0.2,0.0
ibm-granite/granite-embedding-278m-multilingual,granite-278m,EP-4634333-A1_en_q_zh,zh,0.1,0.9,0.004257674458210925,23.487000000000002,1.360964047443681,0.0,0.5,0.0,0.0,0.4,0.1
ibm-granite/granite-embedding-278m-multilingual,granite-278m,EP-4634212-A1_en_q_zh,zh,0.0,1.0,0.004257674458210925,0.0,1.1567796494470395,1.0,0.7,0.0,0.1,0.2,0.0
ibm-granite/granite-embedding-278m-multilingual,granite-278m,EP-4629959-A1_de_q_zh,zh,0.5,0.5,0.004257674458210925,117.435,1.4854752972273344,0.0,0.2,0.0,0.3,0.0,0.5
ibm-granite/granite-embedding-278m-multilingual,granite-278m,EP-4627881-A1_de_q_zh,zh,0.3,0.7,0.004257674458210925,70.461,1.5709505944546684,0.0,0.3,0.4,0.0,0.0,0.3
ibm-granite/granite-embedding-278m-multilingual,granite-278m,EP-4633576-A1_en_q_zh,zh,0.3,0.7,0.004257674458210925,70.461,1.6854752972273344,0.0,0.5,0.0,0.1,0.1,0.3
ibm-granite/granite-embedding-278m-multilingual,granite-278m,EP-4633742-A2_en_q_zh,zh,0.0,1.0,0.004257674458210925,0.0,1.295461844238322,0.5,0.6,0.0,0.3,0.1,0.0
ibm-granite/granite-embedding-278m-multilingual,granite-278m,EP-4633791-A1_en_q_zh,zh,0.1,0.9,0.004257674458210925,23.487000000000002,1.6854752972273344,1.0,0.5,0.0,0.1,0.3,0.1
ibm-granite/granite-embedding-278m-multilingual,granite-278m,EP-4630574-A1_fr_q_fr,fr,0.5,0.5,0.37488823604547195,1.3337308347529813,1.9609640474436811,0.0,0.2,0.1,0.1,0.5,0.1
ibm-granite/granite-embedding-278m-multilingual,granite-278m,EP-4634111-A1_fr_q_fr,fr,0.7,0.30000000000000004,0.37488823604547195,1.8672231686541738,0.8812908992306927,0.0,0.3,0.0,0.0,0.7,0.0
ibm-granite/granite-embedding-278m-multilingual,granite-278m,EP-4633622-A2_en_q_es,es,0.0,1.0,0.09171030782986332,0.0,1.360964047443681,0.6666666666666666,0.5,0.0,0.0,0.4,0.1
ibm-granite/granite-embedding-278m-multilingual,granite-278m,EP-4634187-A1_en_q_es_120,es,0.1,0.9,0.09171030782986332,1.090389972144847,1.6854752972273344,1.0,0.3,0.0,0.1,0.5,0.1
ibm-granite/granite-embedding-278m-multilingual,granite-278m,EP-4634139-A1_fr_q_fr,fr,0.2,0.8,0.37488823604547195,0.5334923339011926,1.8464393446710154,1.0,0.4,0.0,0.3,0.2,0.1
ibm-granite/granite-embedding-278m-multilingual,granite-278m,EP-4634136-A1_en_q_en,en,0.5,0.5,0.46097841359049685,1.0846494873926296,1.0,0.0,0.5,0.0,0.0,0.5,0.0
ibm-granite/granite-embedding-278m-multilingual,granite-278m,EP-4634136-A1_en_q_de,de,0.3,0.7,0.06816536807595691,4.401061836352279,2.2464393446710154,0.3333333333333333,0.2,0.3,0.1,0.2,0.2
ibm-granite/granite-embedding-278m-multilingual,granite-278m,EP-4634136-A1_fr_q_fr,fr,0.0,1.0,0.37488823604547195,0.0,1.295461844238322,0.0,0.3,0.0,0.6,0.0,0.1
ibm-granite/granite-embedding-278m-multilingual,granite-278m,EP-4634136-A1_en_q_es_125,es,0.7,0.30000000000000004,0.09171030782986332,7.632729805013928,1.3567796494470397,0.0,0.1,0.0,0.7,0.1,0.1
ibm-granite/granite-embedding-278m-multilingual,granite-278m,EP-4634136-A1_zh_q_zh,zh,0.2,0.8,0.004257674458210925,46.974000000000004,1.7609640474436812,0.0,0.2,0.0,0.5,0.1,0.2
ibm-granite/granite-embedding-278m-multilingual,granite-278m,EP-4634248-A1_en_q_en,en,0.4,0.6,0.46097841359049685,0.8677195899141037,1.8464393446710154,1.0,0.4,0.0,0.2,0.3,0.1
ibm-granite/granite-embedding-278m-multilingual,granite-278m,EP-4634142-A1_en_q_es,es,0.0,1.0,0.09171030782986332,0.0,1.3709505944546687,0.0,0.2,0.2,0.0,0.6,0.0
ibm-granite/granite-embedding-278m-multilingual,granite-278m,WO-2025214812-A1_de_q_es,es,0.0,1.0,0.09171030782986332,0.0,1.3709505944546687,0.3333333333333333,0.2,0.6,0.0,0.2,0.0
ibm-granite/granite-embedding-278m-multilingual,granite-278m,EP-4633662-A1_en_q_de,de,0.0,1.0,0.06816536807595691,0.0,1.1567796494470395,0.6666666666666666,0.7,0.0,0.2,0.0,0.1
ibm-granite/granite-embedding-278m-multilingual,granite-278m,WO-2025153617-A3_de_q_de,de,0.3,0.7,0.06816536807595691,4.401061836352279,1.4854752972273344,0.5,0.2,0.3,0.0,0.5,0.0
ibm-granite/granite-embedding-278m-multilingual,granite-278m,EP-4634596-A1_en_q_en,en,0.4,0.6,0.46097841359049685,0.8677195899141037,1.8464393446710154,1.0,0.4,0.2,0.0,0.1,0.3
ibm-granite/granite-embedding-278m-multilingual,granite-278m,EP-4634596-A1_en_q_de,de,0.3,0.7,0.06816536807595691,4.401061836352279,1.5709505944546684,0.0,0.4,0.3,0.0,0.3,0.0
ibm-granite/granite-embedding-278m-multilingual,granite-278m,EP-4634596-A1_fr_q_fr,fr,0.2,0.8,0.37488823604547195,0.5334923339011926,2.2464393446710154,1.0,0.3,0.1,0.2,0.2,0.2
ibm-granite/granite-embedding-278m-multilingual,granite-278m,EP-4634596-A1_en_q_es_135,es,0.0,1.0,0.09171030782986332,0.0,1.8464393446710154,1.0,0.1,0.4,0.0,0.2,0.3
ibm-granite/granite-embedding-278m-multilingual,granite-278m,EP-4634596-A1_zh_q_zh,zh,0.4,0.6,0.004257674458210925,93.94800000000001,2.1219280948873624,0.0,0.2,0.1,0.1,0.2,0.4
sentence-transformers/LaBSE,LaBSE,EP-4633662-A1_en_q_en,en,0.0,1.0,0.46097841359049685,0.0,1.6854752972273344,0.5,0.0,0.1,0.3,0.5,0.1
sentence-transformers/LaBSE,LaBSE,EP-4630509-A1_fr_q_fr,fr,0.6,0.4,0.37488823604547195,1.6004770017035774,1.5709505944546687,1.0,0.1,0.2,0.0,0.6,0.1
sentence-transformers/LaBSE,LaBSE,EP-4634248-A1_en_q_es,es,0.0,1.0,0.09171030782986332,0.0,0.8812908992306927,0.0,0.0,0.3,0.0,0.7,0.0
sentence-transformers/LaBSE,LaBSE,EP-4634187-A1_en_q_es,es,0.2,0.8,0.09171030782986332,2.180779944289694,1.1567796494470395,0.0,0.1,0.0,0.2,0.7,0.0
sentence-transformers/LaBSE,LaBSE,EP-4634142-A1_fr_q_fr,fr,0.7,0.30000000000000004,0.37488823604547195,1.8672231686541738,1.1567796494470395,0.0,0.0,0.2,0.1,0.7,0.0
sentence-transformers/LaBSE,LaBSE,EP-4633768-A2_en_q_es,es,0.0,1.0,0.09171030782986332,0.0,1.1567796494470395,0.0,0.1,0.7,0.0,0.2,0.0
sentence-transformers/LaBSE,LaBSE,EP-4633645-A1_fr_q_fr,fr,0.8,0.19999999999999996,0.37488823604547195,2.13396933560477,0.7219280948873623,0.0,0.0,0.0,0.2,0.8,0.0
sentence-transformers/LaBSE,LaBSE,EP-4633622-A2_en_q_de,de,0.0,1.0,0.06816536807595691,0.0,0.9709505944546686,0.3333333333333333,0.0,0.0,0.4,0.6,0.0
sentence-transformers/LaBSE,LaBSE,EP-4634601-A1_en_q_en,en,0.5,0.5,0.46097841359049685,1.0846494873926296,1.6854752972273344,1.0,0.5,0.0,0.1,0.3,0.1
sentence-transformers/LaBSE,LaBSE,EP-4630626-A1_de_q_de,de,0.3,0.7,0.06816536807595691,4.401061836352279,0.8812908992306927,0.5,0.0,0.3,0.0,0.7,0.0
sentence-transformers/LaBSE,LaBSE,EP-4630600-A1_de_q_en,en,0.2,0.8,0.46097841359049685,0.43385979495705185,1.4854752972273344,0.0,0.2,0.3,0.0,0.5,0.0
sentence-transformers/LaBSE,LaBSE,EP-4633632-A1_en_q_es,es,0.5,0.5,0.09171030782986332,5.451949860724234,1.360964047443681,0.0,0.1,0.0,0.5,0.4,0.0
sentence-transformers/LaBSE,LaBSE,EP-4634136-A1_en_q_es,es,0.0,1.0,0.09171030782986332,0.0,0.8812908992306927,0.0,0.0,0.3,0.0,0.7,0.0
sentence-transformers/LaBSE,LaBSE,EP-4634157-A1_en_q_de,de,0.4,0.6,0.06816536807595691,5.868082448469707,1.5219280948873621,0.0,0.0,0.4,0.2,0.4,0.0
sentence-transformers/LaBSE,LaBSE,EP-4630574-A1_de_q_en,en,0.2,0.8,0.46097841359049685,0.43385979495705185,1.7609640474436812,0.0,0.2,0.2,0.1,0.5,0.0
sentence-transformers/LaBSE,LaBSE,EP-4634111-A1_en_q_de,de,0.3,0.7,0.06816536807595691,4.401061836352279,1.295461844238322,0.0,0.0,0.3,0.1,0.6,0.0
sentence-transformers/LaBSE,LaBSE,EP-4634596-A1_en_q_es,es,0.0,1.0,0.09171030782986332,0.0,0.4689955935892812,0.0,0.0,0.1,0.0,0.9,0.0
sentence-transformers/LaBSE,LaBSE,EP-4634139-A1_en_q_es,es,0.0,1.0,0.09171030782986332,0.0,0.4689955935892812,0.3333333333333333,0.0,0.1,0.0,0.9,0.0
sentence-transformers/LaBSE,LaBSE,WO-2025153617-A3_de_q_en,en,0.2,0.8,0.46097841359049685,0.43385979495705185,1.3709505944546687,0.0,0.2,0.2,0.0,0.6,0.0
sentence-transformers/LaBSE,LaBSE,EP-4634251-A1_en_q_es,es,0.4,0.6,0.09171030782986332,4.361559888579388,0.9709505944546686,0.0,0.0,0.0,0.4,0.6,0.0
sentence-transformers/LaBSE,LaBSE,EP-4634426-A1_en_q_es,es,0.1,0.9,0.09171030782986332,1.090389972144847,1.360964047443681,0.0,0.0,0.5,0.1,0.4,0.0
sentence-transformers/LaBSE,LaBSE,EP-4634729-A1_en_q_de,de,0.5,0.5,0.06816536807595691,7.335103060587133,1.0,0.5,0.0,0.5,0.0,0.5,0.0
sentence-transformers/LaBSE,LaBSE,EP-4626569-A1_de_q_en,en,0.1,0.9,0.46097841359049685,0.21692989747852592,1.721928094887362,0.0,0.1,0.4,0.0,0.4,0.1
sentence-transformers/LaBSE,LaBSE,EP-4634394-A2_en_q_es,es,0.0,1.0,0.09171030782986332,0.0,-0.0,0.5,0.0,0.0,0.0,1.0,0.0
sentence-transformers/LaBSE,LaBSE,EP-4634424-A1_en_q_es,es,0.4,0.6,0.09171030782986332,4.361559888579388,1.8464393446710154,0.0,0.1,0.2,0.4,0.3,0.0
sentence-transformers/LaBSE,LaBSE,EP-4633602-A1_en_q_de,de,0.3,0.7,0.06816536807595691,4.401061836352279,1.295461844238322,0.0,0.0,0.3,0.1,0.6,0.0
sentence-transformers/LaBSE,LaBSE,EP-4634337-A1_en_q_en,en,0.2,0.8,0.46097841359049685,0.43385979495705185,2.1219280948873624,0.0,0.2,0.2,0.1,0.4,0.1
sentence-transformers/LaBSE,LaBSE,EP-4634128-A1_en_q_en,en,0.1,0.9,0.46097841359049685,0.21692989747852592,1.721928094887362,0.0,0.1,0.4,0.1,0.4,0.0
sentence-transformers/LaBSE,LaBSE,EP-4633896-A1_en_q_en,en,0.0,1.0,0.46097841359049685,0.0,0.8812908992306927,0.0,0.0,0.0,0.3,0.7,0.0
sentence-transformers/LaBSE,LaBSE,WO-2025215091-A1_fr_q_fr,fr,0.4,0.6,0.37488823604547195,1.066984667802385,0.9709505944546686,1.0,0.0,0.6,0.0,0.4,0.0
sentence-transformers/LaBSE,LaBSE,EP-4633599-A1_fr_q_fr,fr,0.7,0.30000000000000004,0.37488823604547195,1.8672231686541738,0.8812908992306927,0.0,0.0,0.3,0.0,0.7,0.0
sentence-transformers/LaBSE,LaBSE,EP-4633656-A1_fr_q_fr,fr,0.6,0.4,0.37488823604547195,1.6004770017035774,1.3709505944546687,0.0,0.0,0.2,0.2,0.6,0.0
sentence-transformers/LaBSE,LaBSE,WO-2025208167-A1_de_q_de,de,0.7,0.30000000000000004,0.06816536807595691,10.269144284821985,0.8812908992306927,0.0,0.0,0.7,0.0,0.3,0.0
sentence-transformers/LaBSE,LaBSE,EP-4634396-A1_fr_q_fr,fr,0.8,0.19999999999999996,0.37488823604547195,2.13396933560477,0.7219280948873623,0.0,0.0,0.2,0.0,0.8,0.0
sentence-transformers/LaBSE,LaBSE,EP-4633893-A1_fr_q_fr,fr,0.9,0.09999999999999998,0.37488823604547195,2.4007155025553666,0.4689955935892812,0.0,0.0,0.1,0.0,0.9,0.0
sentence-transformers/LaBSE,LaBSE,EP-4633462-A1_en_q_en,en,0.2,0.8,0.46097841359049685,0.43385979495705185,1.5709505944546687,1.0,0.2,0.1,0.0,0.6,0.1
sentence-transformers/LaBSE,LaBSE,EP-4633386-A1_en_q_en,en,0.2,0.8,0.46097841359049685,0.43385979495705185,1.3709505944546687,0.0,0.2,0.0,0.6,0.2,0.0
sentence-transformers/LaBSE,LaBSE,EP-4633970-A1_fr_q_fr,fr,0.5,0.5,0.37488823604547195,1.3337308347529813,1.360964047443681,0.0,0.0,0.4,0.1,0.5,0.0
sentence-transformers/LaBSE,LaBSE,EP-4633415-A1_en_q_en,en,0.0,1.0,0.46097841359049685,0.0,1.3709505944546687,0.0,0.0,0.2,0.2,0.6,0.0
sentence-transformers/LaBSE,LaBSE,EP-4633415-A1_en_q_de,de,0.5,0.5,0.06816536807595691,7.335103060587133,1.0,0.0,0.0,0.5,0.0,0.5,0.0
sentence-transformers/LaBSE,LaBSE,EP-4633415-A1_fr_q_fr,fr,0.5,0.5,0.37488823604547195,1.3337308347529813,1.0,0.0,0.0,0.5,0.0,0.5,0.0
sentence-transformers/LaBSE,LaBSE,EP-4633415-A1_en_q_es,es,0.0,1.0,0.09171030782986332,0.0,1.0,0.0,0.0,0.5,0.0,0.5,0.0
sentence-transformers/LaBSE,LaBSE,EP-4633950-A1_en_q_en,en,0.3,0.7,0.46097841359049685,0.6507896924355777,1.295461844238322,0.0,0.3,0.0,0.6,0.1,0.0
sentence-transformers/LaBSE,LaBSE,EP-4633950-A1_en_q_de,de,0.3,0.7,0.06816536807595691,4.401061836352279,1.295461844238322,0.0,0.0,0.3,0.1,0.6,0.0
sentence-transformers/LaBSE,LaBSE,EP-4633950-A1_fr_q_fr,fr,0.5,0.5,0.37488823604547195,1.3337308347529813,1.6854752972273344,0.0,0.3,0.1,0.1,0.5,0.0
sentence-transformers/LaBSE,LaBSE,EP-4633950-A1_en_q_es,es,0.0,1.0,0.09171030782986332,0.0,0.7219280948873623,0.0,0.0,0.2,0.0,0.8,0.0
sentence-transformers/LaBSE,LaBSE,EP-4634629-A1_en_q_en,en,0.4,0.6,0.46097841359049685,0.8677195899141037,1.8464393446710154,0.0,0.4,0.2,0.1,0.3,0.0
sentence-transformers/LaBSE,LaBSE,EP-4634629-A1_de_q_de,de,0.2,0.8,0.06816536807595691,2.9340412242348535,0.7219280948873623,0.0,0.0,0.2,0.0,0.8,0.0
sentence-transformers/LaBSE,LaBSE,EP-4634629-A1_fr_q_fr,fr,0.8,0.19999999999999996,0.37488823604547195,2.13396933560477,0.7219280948873623,0.0,0.0,0.2,0.0,0.8,0.0
sentence-transformers/LaBSE,LaBSE,EP-4634629-A1_en_q_es,es,0.1,0.9,0.09171030782986332,1.090389972144847,1.295461844238322,0.0,0.0,0.6,0.1,0.3,0.0
sentence-transformers/LaBSE,LaBSE,EP-4633582-A1_en_q_es,es,0.0,1.0,0.09171030782986332,0.0,0.4689955935892812,0.0,0.0,0.1,0.0,0.9,0.0
sentence-transformers/LaBSE,LaBSE,EP-4634165-A1_en_q_es,es,0.1,0.9,0.09171030782986332,1.090389972144847,1.5709505944546687,1.0,0.2,0.1,0.1,0.6,0.0
sentence-transformers/LaBSE,LaBSE,EP-4633677-A1_en_q_de,de,0.0,1.0,0.06816536807595691,0.0,0.7219280948873623,0.0,0.0,0.0,0.2,0.8,0.0
sentence-transformers/LaBSE,LaBSE,EP-4634246-A1_en_q_en,en,0.0,1.0,0.46097841359049685,0.0,1.360964047443681,0.0,0.0,0.4,0.1,0.5,0.0
sentence-transformers/LaBSE,LaBSE,EP-4634120-A1_en_q_de,de,0.3,0.7,0.06816536807595691,4.401061836352279,1.295461844238322,0.0,0.0,0.3,0.1,0.6,0.0
sentence-transformers/LaBSE,LaBSE,EP-4633638-A1_en_q_en,en,0.1,0.9,0.46097841359049685,0.21692989747852592,1.360964047443681,1.0,0.1,0.0,0.5,0.4,0.0
sentence-transformers/LaBSE,LaBSE,EP-4633389-A1_en_q_en,en,0.5,0.5,0.46097841359049685,1.0846494873926296,1.4854752972273344,1.0,0.5,0.0,0.3,0.2,0.0
sentence-transformers/LaBSE,LaBSE,WO-2025209629-A1_de_q_es,es,0.0,1.0,0.09171030782986332,0.0,1.295461844238322,1.0,0.1,0.3,0.0,0.6,0.0
sentence-transformers/LaBSE,LaBSE,EP-4634132-A2_en_q_en,en,0.0,1.0,0.46097841359049685,0.0,0.8812908992306927,0.0,0.0,0.3,0.0,0.7,0.0
sentence-transformers/LaBSE,LaBSE,EP-4634914-A1_en_q_es,es,0.1,0.9,0.09171030782986332,1.090389972144847,1.360964047443681,0.0,0.0,0.4,0.1,0.5,0.0
sentence-transformers/LaBSE,LaBSE,EP-4634285-A1_en_q_de,de,0.4,0.6,0.06816536807595691,5.868082448469707,1.5709505944546684,0.0,0.0,0.4,0.3,0.3,0.0
sentence-transformers/LaBSE,LaBSE,EP-4634122-A1_fr_q_fr,fr,0.8,0.19999999999999996,0.37488823604547195,2.13396933560477,0.7219280948873623,0.0,0.0,0.2,0.0,0.8,0.0
sentence-transformers/LaBSE,LaBSE,EP-4634365-A1_fr_q_fr,fr,1.0,0.0,0.37488823604547195,2.6674616695059625,-0.0,0.0,0.0,0.0,0.0,1.0,0.0
sentence-transformers/LaBSE,LaBSE,WO-2025214709-A1_de_q_es,es,0.0,1.0,0.09171030782986332,0.0,0.7219280948873623,1.0,0.0,0.2,0.0,0.8,0.0
sentence-transformers/LaBSE,LaBSE,EP-4633426-A2_en_q_es,es,0.1,0.9,0.09171030782986332,1.090389972144847,1.1567796494470395,0.6666666666666666,0.0,0.2,0.1,0.7,0.0
sentence-transformers/LaBSE,LaBSE,EP-4630604-A1_de_q_es,es,0.1,0.9,0.09171030782986332,1.090389972144847,1.295461844238322,1.0,0.0,0.3,0.1,0.6,0.0
sentence-transformers/LaBSE,LaBSE,EP-4634118-A1_en_q_es,es,0.0,1.0,0.09171030782986332,0.0,-0.0,0.0,0.0,0.0,0.0,1.0,0.0
sentence-transformers/LaBSE,LaBSE,EP-4634404-A1_en_q_de,de,0.3,0.7,0.06816536807595691,4.401061836352279,1.295461844238322,0.5,0.0,0.3,0.1,0.6,0.0
sentence-transformers/LaBSE,LaBSE,EP-4633465-A1_en_q_de,de,0.0,1.0,0.06816536807595691,0.0,0.7219280948873623,0.5,0.0,0.0,0.2,0.8,0.0
sentence-transformers/LaBSE,LaBSE,EP-4633680-A1_en_q_es,es,0.2,0.8,0.09171030782986332,2.180779944289694,1.1567796494470395,0.0,0.0,0.1,0.2,0.7,0.0
sentence-transformers/LaBSE,LaBSE,WO-2025201606-A1_de_q_es,es,0.0,1.0,0.09171030782986332,0.0,1.360964047443681,1.0,0.1,0.5,0.0,0.4,0.0
sentence-transformers/LaBSE,LaBSE,EP-4634435-A1_en_q_de,de,0.1,0.9,0.06816536807595691,1.4670206121174267,0.4689955935892812,0.0,0.0,0.1,0.0,0.9,0.0
sentence-transformers/LaBSE,LaBSE,EP-4634143-A1_en_q_de,de,0.3,0.7,0.06816536807595691,4.401061836352279,1.9709505944546686,1.0,0.2,0.3,0.3,0.2,0.0
sentence-transformers/LaBSE,LaBSE,EP-4634411-A1_en_q_de,de,0.8,0.19999999999999996,0.06816536807595691,11.736164896939414,0.7219280948873623,0.0,0.0,0.8,0.0,0.2,0.0
sentence-transformers/LaBSE,LaBSE,EP-4634287-A1_en_q_es,es,0.0,1.0,0.09171030782986332,0.0,0.4689955935892812,0.0,0.1,0.0,0.0,0.9,0.0
sentence-transformers/LaBSE,LaBSE,EP-4633627-A1_en_q_de,de,0.2,0.8,0.06816536807595691,2.9340412242348535,0.7219280948873623,0.5,0.0,0.2,0.0,0.8,0.0
sentence-transformers/LaBSE,LaBSE,EP-4633670-A1_fr_q_fr,fr,0.7,0.30000000000000004,0.37488823604547195,1.8672231686541738,1.1567796494470395,0.0,0.0,0.2,0.1,0.7,0.0
sentence-transformers/LaBSE,LaBSE,WO-2025202163-A1_fr_q_fr,fr,0.7,0.30000000000000004,0.37488823604547195,1.8672231686541738,0.8812908992306927,1.0,0.0,0.3,0.0,0.7,0.0
sentence-transformers/LaBSE,LaBSE,WO-2025214852-A1_fr_q_fr,fr,0.7,0.30000000000000004,0.37488823604547195,1.8672231686541738,0.8812908992306927,0.0,0.0,0.3,0.0,0.7,0.0
sentence-transformers/LaBSE,LaBSE,WO-2025214996-A1_fr_q_fr,fr,0.8,0.19999999999999996,0.37488823604547195,2.13396933560477,0.7219280948873623,0.0,0.0,0.2,0.0,0.8,0.0
sentence-transformers/LaBSE,LaBSE,EP-4630123-A1_de_q_de,de,0.1,0.9,0.06816536807595691,1.4670206121174267,1.1567796494470395,0.0,0.0,0.1,0.2,0.7,0.0
sentence-transformers/LaBSE,LaBSE,EP-4634646-A1_en_q_en,en,0.1,0.9,0.46097841359049685,0.21692989747852592,0.9219280948873623,1.0,0.1,0.1,0.0,0.8,0.0
sentence-transformers/LaBSE,LaBSE,EP-4634294-A1_en_q_en,en,0.3,0.7,0.46097841359049685,0.6507896924355777,1.8464393446710154,0.0,0.3,0.2,0.1,0.4,0.0
sentence-transformers/LaBSE,LaBSE,EP-4634436-A1_fr_q_fr,fr,0.6,0.4,0.37488823604547195,1.6004770017035774,1.3709505944546687,0.0,0.0,0.2,0.2,0.6,0.0
sentence-transformers/LaBSE,LaBSE,EP-4633761-A1_en_q_en,en,0.1,0.9,0.46097841359049685,0.21692989747852592,1.7609640474436812,0.0,0.1,0.2,0.2,0.5,0.0
sentence-transformers/LaBSE,LaBSE,WO-2025215167-A1_de_q_de,de,0.4,0.6,0.06816536807595691,5.868082448469707,0.9709505944546686,0.0,0.0,0.4,0.0,0.6,0.0
sentence-transformers/LaBSE,LaBSE,EP-4626962-A1_de_q_en,en,0.1,0.9,0.46097841359049685,0.21692989747852592,1.721928094887362,1.0,0.1,0.4,0.1,0.4,0.0
sentence-transformers/LaBSE,LaBSE,EP-4626962-A1_de_q_de,de,0.6,0.4,0.06816536807595691,8.802123672704559,0.9709505944546686,1.0,0.0,0.6,0.0,0.4,0.0
sentence-transformers/LaBSE,LaBSE,EP-4626962-A1_fr_q_fr,fr,0.2,0.8,0.37488823604547195,0.5334923339011926,1.1567796494470395,0.0,0.0,0.7,0.1,0.2,0.0
sentence-transformers/LaBSE,LaBSE,EP-4626962-A1_de_q_es,es,0.0,1.0,0.09171030782986332,0.0,0.9709505944546686,0.5,0.0,0.4,0.0,0.6,0.0
sentence-transformers/LaBSE,LaBSE,WO-2025201936-A1_de_q_en,en,0.2,0.8,0.46097841359049685,0.43385979495705185,1.4854752972273344,0.0,0.2,0.3,0.0,0.5,0.0
sentence-transformers/LaBSE,LaBSE,WO-2025201936-A1_fr_q_fr,fr,0.6,0.4,0.37488823604547195,1.6004770017035774,0.9709505944546686,0.0,0.0,0.4,0.0,0.6,0.0
sentence-transformers/LaBSE,LaBSE,WO-2025201936-A1_de_q_es,es,0.1,0.9,0.09171030782986332,1.090389972144847,1.721928094887362,0.0,0.1,0.4,0.1,0.4,0.0
sentence-transformers/LaBSE,LaBSE,EP-4634597-A1_en_q_en,en,0.3,0.7,0.46097841359049685,0.6507896924355777,1.295461844238322,0.0,0.3,0.0,0.1,0.6,0.0
sentence-transformers/LaBSE,LaBSE,EP-4634597-A1_en_q_de,de,0.7,0.30000000000000004,0.06816536807595691,10.269144284821985,1.1567796494470395,0.5,0.0,0.7,0.1,0.2,0.0
sentence-transformers/LaBSE,LaBSE,EP-4634597-A1_fr_q_fr,fr,0.3,0.7,0.37488823604547195,0.8002385008517887,0.8812908992306927,0.0,0.0,0.7,0.0,0.3,0.0
sentence-transformers/LaBSE,LaBSE,EP-4634597-A1_en_q_es,es,0.2,0.8,0.09171030782986332,2.180779944289694,1.1567796494470395,0.0,0.0,0.1,0.2,0.7,0.0
sentence-transformers/LaBSE,LaBSE,EP-4634381-A1_en_q_zh,zh,0.0,1.0,0.004257674458210925,0.0,1.4854752972273344,0.0,0.5,0.0,0.3,0.2,0.0
sentence-transformers/LaBSE,LaBSE,EP-4633589-A1_en_q_zh,zh,0.0,1.0,0.004257674458210925,0.0,1.1567796494470395,0.0,0.2,0.0,0.7,0.1,0.0
sentence-transformers/LaBSE,LaBSE,EP-4627024-A1_de_q_zh,zh,0.1,0.9,0.004257674458210925,23.487000000000002,1.8464393446710154,0.0,0.0,0.4,0.2,0.3,0.1
sentence-transformers/LaBSE,LaBSE,EP-4634926-A1_en_q_zh,zh,0.0,1.0,0.004257674458210925,0.0,1.295461844238322,0.0,0.1,0.0,0.3,0.6,0.0
sentence-transformers/LaBSE,LaBSE,EP-4633863-A2_en_q_zh,zh,0.0,1.0,0.004257674458210925,0.0,1.8954618442383218,0.3333333333333333,0.3,0.3,0.1,0.3,0.0
sentence-transformers/LaBSE,LaBSE,EP-4633797-A1_en_q_zh,zh,0.0,1.0,0.004257674458210925,0.0,1.295461844238322,1.0,0.1,0.0,0.3,0.6,0.0
sentence-transformers/LaBSE,LaBSE,EP-4633777-A1_en_q_zh,zh,0.0,1.0,0.004257674458210925,0.0,1.8464393446710154,1.0,0.2,0.3,0.1,0.4,0.0
sentence-transformers/LaBSE,LaBSE,EP-4633621-A1_en_q_zh,zh,0.0,1.0,0.004257674458210925,0.0,0.9709505944546686,0.0,0.0,0.0,0.4,0.6,0.0
sentence-transformers/LaBSE,LaBSE,EP-4634723-A1_en_q_zh,zh,0.0,1.0,0.004257674458210925,0.0,-0.0,0.0,0.0,0.0,0.0,1.0,0.0
sentence-transformers/LaBSE,LaBSE,EP-4633581-A1_en_q_zh,zh,0.0,1.0,0.004257674458210925,0.0,1.1567796494470395,0.0,0.1,0.0,0.2,0.7,0.0
sentence-transformers/LaBSE,LaBSE,EP-4634416-A1_en_q_zh,zh,0.0,1.0,0.004257674458210925,0.0,1.5219280948873621,0.5,0.2,0.0,0.4,0.4,0.0
sentence-transformers/LaBSE,LaBSE,EP-4634305-A1_en_q_zh,zh,0.0,1.0,0.004257674458210925,0.0,1.5709505944546687,1.0,0.1,0.1,0.2,0.6,0.0
sentence-transformers/LaBSE,LaBSE,EP-4633531-A1_en_q_zh,zh,0.0,1.0,0.004257674458210925,0.0,1.5709505944546687,1.0,0.2,0.1,0.1,0.6,0.0
sentence-transformers/LaBSE,LaBSE,EP-4634333-A1_en_q_zh,zh,0.0,1.0,0.004257674458210925,0.0,1.5219280948873621,0.0,0.4,0.0,0.2,0.4,0.0
sentence-transformers/LaBSE,LaBSE,EP-4634212-A1_en_q_zh,zh,0.0,1.0,0.004257674458210925,0.0,1.360964047443681,1.0,0.5,0.0,0.1,0.4,0.0
sentence-transformers/LaBSE,LaBSE,EP-4629959-A1_de_q_zh,zh,0.2,0.8,0.004257674458210925,46.974000000000004,1.8464393446710154,0.0,0.3,0.0,0.4,0.1,0.2
sentence-transformers/LaBSE,LaBSE,EP-4627881-A1_de_q_zh,zh,0.0,1.0,0.004257674458210925,0.0,1.360964047443681,0.0,0.4,0.0,0.1,0.5,0.0
sentence-transformers/LaBSE,LaBSE,EP-4633576-A1_en_q_zh,zh,0.0,1.0,0.004257674458210925,0.0,0.9709505944546686,0.0,0.0,0.0,0.4,0.6,0.0
sentence-transformers/LaBSE,LaBSE,EP-4633742-A2_en_q_zh,zh,0.0,1.0,0.004257674458210925,0.0,1.1567796494470395,1.0,0.2,0.0,0.1,0.7,0.0
sentence-transformers/LaBSE,LaBSE,EP-4633791-A1_en_q_zh,zh,0.0,1.0,0.004257674458210925,0.0,1.5219280948873621,1.0,0.4,0.0,0.4,0.2,0.0
sentence-transformers/LaBSE,LaBSE,EP-4630574-A1_fr_q_fr,fr,0.6,0.4,0.37488823604547195,1.6004770017035774,0.9709505944546686,0.0,0.0,0.4,0.0,0.6,0.0
sentence-transformers/LaBSE,LaBSE,EP-4634111-A1_fr_q_fr,fr,0.8,0.19999999999999996,0.37488823604547195,2.13396933560477,0.9219280948873623,0.0,0.0,0.1,0.1,0.8,0.0
sentence-transformers/LaBSE,LaBSE,EP-4633622-A2_en_q_es,es,0.2,0.8,0.09171030782986332,2.180779944289694,1.1567796494470395,0.6666666666666666,0.0,0.0,0.2,0.7,0.1
sentence-transformers/LaBSE,LaBSE,EP-4634187-A1_en_q_es_120,es,0.0,1.0,0.09171030782986332,0.0,1.1567796494470395,0.3333333333333333,0.1,0.2,0.0,0.7,0.0
sentence-transformers/LaBSE,LaBSE,EP-4634139-A1_fr_q_fr,fr,0.9,0.09999999999999998,0.37488823604547195,2.4007155025553666,0.4689955935892812,0.0,0.0,0.0,0.1,0.9,0.0
sentence-transformers/LaBSE,LaBSE,EP-4634136-A1_en_q_en,en,0.2,0.8,0.46097841359049685,0.43385979495705185,0.7219280948873623,0.0,0.2,0.0,0.0,0.8,0.0
sentence-transformers/LaBSE,LaBSE,EP-4634136-A1_en_q_de,de,0.3,0.7,0.06816536807595691,4.401061836352279,1.6854752972273344,0.3333333333333333,0.0,0.3,0.1,0.5,0.1
sentence-transformers/LaBSE,LaBSE,EP-4634136-A1_fr_q_fr,fr,0.5,0.5,0.37488823604547195,1.3337308347529813,1.4854752972273344,0.0,0.0,0.2,0.3,0.5,0.0
sentence-transformers/LaBSE,LaBSE,EP-4634136-A1_en_q_es_125,es,0.3,0.7,0.09171030782986332,3.2711699164345407,1.5709505944546684,0.0,0.0,0.3,0.3,0.4,0.0
sentence-transformers/LaBSE,LaBSE,EP-4634136-A1_zh_q_zh,zh,0.0,1.0,0.004257674458210925,0.0,1.5709505944546684,0.0,0.0,0.3,0.3,0.4,0.0
sentence-transformers/LaBSE,LaBSE,EP-4634248-A1_en_q_en,en,0.4,0.6,0.46097841359049685,0.8677195899141037,1.360964047443681,0.0,0.4,0.0,0.1,0.5,0.0
sentence-transformers/LaBSE,LaBSE,EP-4634142-A1_en_q_es,es,0.1,0.9,0.09171030782986332,1.090389972144847,1.3567796494470397,0.3333333333333333,0.0,0.1,0.1,0.7,0.1
sentence-transformers/LaBSE,LaBSE,WO-2025214812-A1_de_q_es,es,0.0,1.0,0.09171030782986332,0.0,0.8812908992306927,0.0,0.0,0.3,0.0,0.7,0.0
sentence-transformers/LaBSE,LaBSE,EP-4633662-A1_en_q_de,de,0.0,1.0,0.06816536807595691,0.0,0.4689955935892812,0.0,0.0,0.0,0.1,0.9,0.0
sentence-transformers/LaBSE,LaBSE,WO-2025153617-A3_de_q_de,de,0.7,0.30000000000000004,0.06816536807595691,10.269144284821985,0.8812908992306927,0.0,0.0,0.7,0.0,0.3,0.0
sentence-transformers/LaBSE,LaBSE,EP-4634596-A1_en_q_en,en,0.0,1.0,0.46097841359049685,0.0,-0.0,0.5,0.0,0.0,0.0,1.0,0.0
sentence-transformers/LaBSE,LaBSE,EP-4634596-A1_en_q_de,de,0.4,0.6,0.06816536807595691,5.868082448469707,0.9709505944546686,0.3333333333333333,0.0,0.4,0.0,0.6,0.0
sentence-transformers/LaBSE,LaBSE,EP-4634596-A1_fr_q_fr,fr,0.4,0.6,0.37488823604547195,1.066984667802385,1.360964047443681,0.0,0.0,0.5,0.1,0.4,0.0
sentence-transformers/LaBSE,LaBSE,EP-4634596-A1_en_q_es_135,es,0.0,1.0,0.09171030782986332,0.0,0.7219280948873623,0.0,0.0,0.2,0.0,0.8,0.0
sentence-transformers/LaBSE,LaBSE,EP-4634596-A1_zh_q_zh,zh,0.1,0.9,0.004257674458210925,23.487000000000002,1.9609640474436811,0.5,0.2,0.1,0.1,0.5,0.1
cambridgeltl/SapBERT-UMLS-2020AB-all-lang-from-XLMR,SapBERT,EP-4633662-A1_en_q_en,en,0.7,0.30000000000000004,0.46097841359049685,1.5185092823496813,0.8812908992306927,0.0,0.7,0.0,0.3,0.0,0.0
cambridgeltl/SapBERT-UMLS-2020AB-all-lang-from-XLMR,SapBERT,EP-4630509-A1_fr_q_fr,fr,0.7,0.30000000000000004,0.37488823604547195,1.8672231686541738,0.8812908992306927,0.0,0.3,0.0,0.0,0.7,0.0
cambridgeltl/SapBERT-UMLS-2020AB-all-lang-from-XLMR,SapBERT,EP-4634248-A1_en_q_es,es,0.1,0.9,0.09171030782986332,1.090389972144847,1.5709505944546687,0.0,0.6,0.2,0.1,0.1,0.0
cambridgeltl/SapBERT-UMLS-2020AB-all-lang-from-XLMR,SapBERT,EP-4634187-A1_en_q_es,es,0.3,0.7,0.09171030782986332,3.2711699164345407,1.4854752972273344,0.0,0.5,0.0,0.3,0.2,0.0
cambridgeltl/SapBERT-UMLS-2020AB-all-lang-from-XLMR,SapBERT,EP-4634142-A1_fr_q_fr,fr,0.4,0.6,0.37488823604547195,1.066984667802385,1.360964047443681,0.0,0.5,0.1,0.0,0.4,0.0
cambridgeltl/SapBERT-UMLS-2020AB-all-lang-from-XLMR,SapBERT,EP-4633768-A2_en_q_es,es,0.1,0.9,0.09171030782986332,1.090389972144847,1.6854752972273344,0.0,0.5,0.1,0.1,0.3,0.0
cambridgeltl/SapBERT-UMLS-2020AB-all-lang-from-XLMR,SapBERT,EP-4633645-A1_fr_q_fr,fr,0.8,0.19999999999999996,0.37488823604547195,2.13396933560477,0.7219280948873623,0.0,0.2,0.0,0.0,0.8,0.0
cambridgeltl/SapBERT-UMLS-2020AB-all-lang-from-XLMR,SapBERT,EP-4633622-A2_en_q_de,de,0.0,1.0,0.06816536807595691,0.0,1.295461844238322,0.3333333333333333,0.3,0.0,0.1,0.6,0.0
cambridgeltl/SapBERT-UMLS-2020AB-all-lang-from-XLMR,SapBERT,EP-4634601-A1_en_q_en,en,0.8,0.19999999999999996,0.46097841359049685,1.7354391798282074,0.9219280948873623,0.0,0.8,0.1,0.1,0.0,0.0
cambridgeltl/SapBERT-UMLS-2020AB-all-lang-from-XLMR,SapBERT,EP-4630626-A1_de_q_de,de,0.1,0.9,0.06816536807595691,1.4670206121174267,2.1709505944546685,1.0,0.3,0.1,0.2,0.3,0.1
cambridgeltl/SapBERT-UMLS-2020AB-all-lang-from-XLMR,SapBERT,EP-4630600-A1_de_q_en,en,0.9,0.09999999999999998,0.46097841359049685,1.9523690773067333,0.4689955935892812,0.0,0.9,0.0,0.0,0.1,0.0
cambridgeltl/SapBERT-UMLS-2020AB-all-lang-from-XLMR,SapBERT,EP-4633632-A1_en_q_es,es,0.2,0.8,0.09171030782986332,2.180779944289694,1.1567796494470395,0.0,0.7,0.0,0.2,0.1,0.0
cambridgeltl/SapBERT-UMLS-2020AB-all-lang-from-XLMR,SapBERT,EP-4634136-A1_en_q_es,es,0.1,0.9,0.09171030782986332,1.090389972144847,1.7609640474436812,0.0,0.5,0.2,0.1,0.2,0.0
cambridgeltl/SapBERT-UMLS-2020AB-all-lang-from-XLMR,SapBERT,EP-4634157-A1_en_q_de,de,0.1,0.9,0.06816536807595691,1.4670206121174267,0.9219280948873623,0.0,0.8,0.1,0.0,0.1,0.0
cambridgeltl/SapBERT-UMLS-2020AB-all-lang-from-XLMR,SapBERT,EP-4630574-A1_de_q_en,en,1.0,0.0,0.46097841359049685,2.169298974785259,-0.0,0.0,1.0,0.0,0.0,0.0,0.0
cambridgeltl/SapBERT-UMLS-2020AB-all-lang-from-XLMR,SapBERT,EP-4634111-A1_en_q_de,de,0.8,0.19999999999999996,0.06816536807595691,11.736164896939414,0.9219280948873623,0.0,0.1,0.8,0.0,0.1,0.0
cambridgeltl/SapBERT-UMLS-2020AB-all-lang-from-XLMR,SapBERT,EP-4634596-A1_en_q_es,es,0.1,0.9,0.09171030782986332,1.090389972144847,1.6854752972273344,0.0,0.5,0.1,0.1,0.3,0.0
cambridgeltl/SapBERT-UMLS-2020AB-all-lang-from-XLMR,SapBERT,EP-4634139-A1_en_q_es,es,0.2,0.8,0.09171030782986332,2.180779944289694,1.8464393446710154,1.0,0.3,0.0,0.2,0.4,0.1
cambridgeltl/SapBERT-UMLS-2020AB-all-lang-from-XLMR,SapBERT,WO-2025153617-A3_de_q_en,en,0.8,0.19999999999999996,0.46097841359049685,1.7354391798282074,0.7219280948873623,0.0,0.8,0.0,0.2,0.0,0.0
cambridgeltl/SapBERT-UMLS-2020AB-all-lang-from-XLMR,SapBERT,EP-4634251-A1_en_q_es,es,0.1,0.9,0.09171030782986332,1.090389972144847,1.1567796494470395,0.0,0.7,0.0,0.1,0.2,0.0
cambridgeltl/SapBERT-UMLS-2020AB-all-lang-from-XLMR,SapBERT,EP-4634426-A1_en_q_es,es,0.0,1.0,0.09171030782986332,0.0,1.360964047443681,0.0,0.1,0.4,0.0,0.5,0.0
cambridgeltl/SapBERT-UMLS-2020AB-all-lang-from-XLMR,SapBERT,EP-4634729-A1_en_q_de,de,0.5,0.5,0.06816536807595691,7.335103060587133,1.7609640474436812,1.0,0.2,0.5,0.1,0.2,0.0
cambridgeltl/SapBERT-UMLS-2020AB-all-lang-from-XLMR,SapBERT,EP-4626569-A1_de_q_en,en,0.5,0.5,0.46097841359049685,1.0846494873926296,1.4854752972273344,0.0,0.5,0.3,0.2,0.0,0.0
cambridgeltl/SapBERT-UMLS-2020AB-all-lang-from-XLMR,SapBERT,EP-4634394-A2_en_q_es,es,0.3,0.7,0.09171030782986332,3.2711699164345407,1.5709505944546684,0.0,0.4,0.0,0.3,0.3,0.0
cambridgeltl/SapBERT-UMLS-2020AB-all-lang-from-XLMR,SapBERT,EP-4634424-A1_en_q_es,es,0.0,1.0,0.09171030782986332,0.0,0.8812908992306927,0.0,0.7,0.0,0.0,0.3,0.0
cambridgeltl/SapBERT-UMLS-2020AB-all-lang-from-XLMR,SapBERT,EP-4633602-A1_en_q_de,de,0.1,0.9,0.06816536807595691,1.4670206121174267,0.9219280948873623,0.0,0.1,0.1,0.0,0.8,0.0
cambridgeltl/SapBERT-UMLS-2020AB-all-lang-from-XLMR,SapBERT,EP-4634337-A1_en_q_en,en,0.9,0.09999999999999998,0.46097841359049685,1.9523690773067333,0.4689955935892812,0.0,0.9,0.0,0.1,0.0,0.0
cambridgeltl/SapBERT-UMLS-2020AB-all-lang-from-XLMR,SapBERT,EP-4634128-A1_en_q_en,en,0.7,0.30000000000000004,0.46097841359049685,1.5185092823496813,0.8812908992306927,0.0,0.7,0.0,0.0,0.3,0.0
cambridgeltl/SapBERT-UMLS-2020AB-all-lang-from-XLMR,SapBERT,EP-4633896-A1_en_q_en,en,0.7,0.30000000000000004,0.46097841359049685,1.5185092823496813,1.3567796494470397,0.0,0.7,0.1,0.1,0.1,0.0
cambridgeltl/SapBERT-UMLS-2020AB-all-lang-from-XLMR,SapBERT,WO-2025215091-A1_fr_q_fr,fr,0.6,0.4,0.37488823604547195,1.6004770017035774,0.9709505944546686,0.0,0.0,0.4,0.0,0.6,0.0
cambridgeltl/SapBERT-UMLS-2020AB-all-lang-from-XLMR,SapBERT,EP-4633599-A1_fr_q_fr,fr,0.3,0.7,0.37488823604547195,0.8002385008517887,0.8812908992306927,0.0,0.7,0.0,0.0,0.3,0.0
cambridgeltl/SapBERT-UMLS-2020AB-all-lang-from-XLMR,SapBERT,EP-4633656-A1_fr_q_fr,fr,0.5,0.5,0.37488823604547195,1.3337308347529813,1.360964047443681,0.0,0.4,0.0,0.1,0.5,0.0
cambridgeltl/SapBERT-UMLS-2020AB-all-lang-from-XLMR,SapBERT,WO-2025208167-A1_de_q_de,de,0.3,0.7,0.06816536807595691,4.401061836352279,1.4854752972273344,0.0,0.5,0.3,0.0,0.2,0.0
cambridgeltl/SapBERT-UMLS-2020AB-all-lang-from-XLMR,SapBERT,EP-4634396-A1_fr_q_fr,fr,0.4,0.6,0.37488823604547195,1.066984667802385,1.360964047443681,1.0,0.5,0.0,0.1,0.4,0.0
cambridgeltl/SapBERT-UMLS-2020AB-all-lang-from-XLMR,SapBERT,EP-4633893-A1_fr_q_fr,fr,0.0,1.0,0.37488823604547195,0.0,1.360964047443681,0.0,0.4,0.1,0.5,0.0,0.0
cambridgeltl/SapBERT-UMLS-2020AB-all-lang-from-XLMR,SapBERT,EP-4633462-A1_en_q_en,en,0.9,0.09999999999999998,0.46097841359049685,1.9523690773067333,0.4689955935892812,0.0,0.9,0.0,0.1,0.0,0.0
cambridgeltl/SapBERT-UMLS-2020AB-all-lang-from-XLMR,SapBERT,EP-4633386-A1_en_q_en,en,0.6,0.4,0.46097841359049685,1.3015793848711554,1.5709505944546687,0.0,0.6,0.1,0.1,0.2,0.0
cambridgeltl/SapBERT-UMLS-2020AB-all-lang-from-XLMR,SapBERT,EP-4633970-A1_fr_q_fr,fr,0.6,0.4,0.37488823604547195,1.6004770017035774,0.9709505944546686,0.0,0.0,0.4,0.0,0.6,0.0
cambridgeltl/SapBERT-UMLS-2020AB-all-lang-from-XLMR,SapBERT,EP-4633415-A1_en_q_en,en,1.0,0.0,0.46097841359049685,2.169298974785259,-0.0,0.0,1.0,0.0,0.0,0.0,0.0
cambridgeltl/SapBERT-UMLS-2020AB-all-lang-from-XLMR,SapBERT,EP-4633415-A1_en_q_de,de,0.8,0.19999999999999996,0.06816536807595691,11.736164896939414,0.9219280948873623,0.0,0.0,0.8,0.1,0.0,0.1
cambridgeltl/SapBERT-UMLS-2020AB-all-lang-from-XLMR,SapBERT,EP-4633415-A1_fr_q_fr,fr,0.1,0.9,0.37488823604547195,0.2667461669505963,0.9219280948873623,0.0,0.8,0.1,0.0,0.1,0.0
cambridgeltl/SapBERT-UMLS-2020AB-all-lang-from-XLMR,SapBERT,EP-4633415-A1_en_q_es,es,0.3,0.7,0.09171030782986332,3.2711699164345407,1.8464393446710154,0.0,0.1,0.4,0.3,0.2,0.0
cambridgeltl/SapBERT-UMLS-2020AB-all-lang-from-XLMR,SapBERT,EP-4633950-A1_en_q_en,en,0.9,0.09999999999999998,0.46097841359049685,1.9523690773067333,0.4689955935892812,0.0,0.9,0.1,0.0,0.0,0.0
cambridgeltl/SapBERT-UMLS-2020AB-all-lang-from-XLMR,SapBERT,EP-4633950-A1_en_q_de,de,0.7,0.30000000000000004,0.06816536807595691,10.269144284821985,1.1567796494470395,0.0,0.1,0.7,0.0,0.2,0.0
cambridgeltl/SapBERT-UMLS-2020AB-all-lang-from-XLMR,SapBERT,EP-4633950-A1_fr_q_fr,fr,0.0,1.0,0.37488823604547195,0.0,0.8812908992306927,0.0,0.7,0.0,0.3,0.0,0.0
cambridgeltl/SapBERT-UMLS-2020AB-all-lang-from-XLMR,SapBERT,EP-4633950-A1_en_q_es,es,0.1,0.9,0.09171030782986332,1.090389972144847,0.4689955935892812,0.0,0.9,0.0,0.1,0.0,0.0
cambridgeltl/SapBERT-UMLS-2020AB-all-lang-from-XLMR,SapBERT,EP-4634629-A1_en_q_en,en,0.7,0.30000000000000004,0.46097841359049685,1.5185092823496813,0.8812908992306927,0.0,0.7,0.3,0.0,0.0,0.0
cambridgeltl/SapBERT-UMLS-2020AB-all-lang-from-XLMR,SapBERT,EP-4634629-A1_de_q_de,de,0.7,0.30000000000000004,0.06816536807595691,10.269144284821985,0.8812908992306927,0.0,0.0,0.7,0.0,0.3,0.0
cambridgeltl/SapBERT-UMLS-2020AB-all-lang-from-XLMR,SapBERT,EP-4634629-A1_fr_q_fr,fr,0.3,0.7,0.37488823604547195,0.8002385008517887,1.8464393446710154,0.5,0.4,0.2,0.1,0.3,0.0
cambridgeltl/SapBERT-UMLS-2020AB-all-lang-from-XLMR,SapBERT,EP-4634629-A1_en_q_es,es,0.1,0.9,0.09171030782986332,1.090389972144847,1.7609640474436812,0.0,0.5,0.2,0.1,0.2,0.0
cambridgeltl/SapBERT-UMLS-2020AB-all-lang-from-XLMR,SapBERT,EP-4633582-A1_en_q_es,es,0.3,0.7,0.09171030782986332,3.2711699164345407,1.5709505944546684,0.0,0.3,0.0,0.3,0.4,0.0
cambridgeltl/SapBERT-UMLS-2020AB-all-lang-from-XLMR,SapBERT,EP-4634165-A1_en_q_es,es,0.2,0.8,0.09171030782986332,2.180779944289694,0.7219280948873623,0.5,0.8,0.0,0.2,0.0,0.0
cambridgeltl/SapBERT-UMLS-2020AB-all-lang-from-XLMR,SapBERT,EP-4633677-A1_en_q_de,de,0.0,1.0,0.06816536807595691,0.0,0.9219280948873623,0.0,0.1,0.0,0.1,0.8,0.0
cambridgeltl/SapBERT-UMLS-2020AB-all-lang-from-XLMR,SapBERT,EP-4634246-A1_en_q_en,en,0.5,0.5,0.46097841359049685,1.0846494873926296,1.360964047443681,0.0,0.5,0.4,0.0,0.1,0.0
cambridgeltl/SapBERT-UMLS-2020AB-all-lang-from-XLMR,SapBERT,EP-4634120-A1_en_q_de,de,0.3,0.7,0.06816536807595691,4.401061836352279,0.8812908992306927,0.0,0.0,0.3,0.0,0.7,0.0
cambridgeltl/SapBERT-UMLS-2020AB-all-lang-from-XLMR,SapBERT,EP-4633638-A1_en_q_en,en,0.5,0.5,0.46097841359049685,1.0846494873926296,1.4854752972273344,1.0,0.5,0.0,0.2,0.3,0.0
cambridgeltl/SapBERT-UMLS-2020AB-all-lang-from-XLMR,SapBERT,EP-4633389-A1_en_q_en,en,0.6,0.4,0.46097841359049685,1.3015793848711554,1.295461844238322,0.0,0.6,0.0,0.1,0.3,0.0
cambridgeltl/SapBERT-UMLS-2020AB-all-lang-from-XLMR,SapBERT,WO-2025209629-A1_de_q_es,es,0.2,0.8,0.09171030782986332,2.180779944289694,1.5219280948873621,0.0,0.4,0.4,0.2,0.0,0.0
cambridgeltl/SapBERT-UMLS-2020AB-all-lang-from-XLMR,SapBERT,EP-4634132-A2_en_q_en,en,0.8,0.19999999999999996,0.46097841359049685,1.7354391798282074,0.7219280948873623,0.0,0.8,0.2,0.0,0.0,0.0
cambridgeltl/SapBERT-UMLS-2020AB-all-lang-from-XLMR,SapBERT,EP-4634914-A1_en_q_es,es,0.1,0.9,0.09171030782986332,1.090389972144847,1.5709505944546687,0.0,0.6,0.1,0.1,0.2,0.0
cambridgeltl/SapBERT-UMLS-2020AB-all-lang-from-XLMR,SapBERT,EP-4634285-A1_en_q_de,de,0.3,0.7,0.06816536807595691,4.401061836352279,1.5709505944546684,0.0,0.3,0.3,0.0,0.4,0.0
cambridgeltl/SapBERT-UMLS-2020AB-all-lang-from-XLMR,SapBERT,EP-4634122-A1_fr_q_fr,fr,0.6,0.4,0.37488823604547195,1.6004770017035774,0.9709505944546686,0.0,0.0,0.4,0.0,0.6,0.0
cambridgeltl/SapBERT-UMLS-2020AB-all-lang-from-XLMR,SapBERT,EP-4634365-A1_fr_q_fr,fr,0.9,0.09999999999999998,0.37488823604547195,2.4007155025553666,0.4689955935892812,0.0,0.1,0.0,0.0,0.9,0.0
cambridgeltl/SapBERT-UMLS-2020AB-all-lang-from-XLMR,SapBERT,WO-2025214709-A1_de_q_es,es,0.6,0.4,0.09171030782986332,6.542339832869081,1.3709505944546687,0.0,0.2,0.2,0.6,0.0,0.0
cambridgeltl/SapBERT-UMLS-2020AB-all-lang-from-XLMR,SapBERT,EP-4633426-A2_en_q_es,es,0.0,1.0,0.09171030782986332,0.0,0.8812908992306927,0.6666666666666666,0.7,0.0,0.0,0.3,0.0
cambridgeltl/SapBERT-UMLS-2020AB-all-lang-from-XLMR,SapBERT,EP-4630604-A1_de_q_es,es,0.0,1.0,0.09171030782986332,0.0,1.295461844238322,0.0,0.6,0.1,0.0,0.3,0.0
cambridgeltl/SapBERT-UMLS-2020AB-all-lang-from-XLMR,SapBERT,EP-4634118-A1_en_q_es,es,0.4,0.6,0.09171030782986332,4.361559888579388,0.9709505944546686,0.0,0.6,0.0,0.4,0.0,0.0
cambridgeltl/SapBERT-UMLS-2020AB-all-lang-from-XLMR,SapBERT,EP-4634404-A1_en_q_de,de,0.1,0.9,0.06816536807595691,1.4670206121174267,1.5709505944546687,1.0,0.6,0.1,0.0,0.2,0.1
cambridgeltl/SapBERT-UMLS-2020AB-all-lang-from-XLMR,SapBERT,EP-4633465-A1_en_q_de,de,0.0,1.0,0.06816536807595691,0.0,0.9709505944546686,1.0,0.4,0.0,0.0,0.6,0.0
cambridgeltl/SapBERT-UMLS-2020AB-all-lang-from-XLMR,SapBERT,EP-4633680-A1_en_q_es,es,0.5,0.5,0.09171030782986332,5.451949860724234,1.360964047443681,1.0,0.1,0.0,0.5,0.4,0.0
cambridgeltl/SapBERT-UMLS-2020AB-all-lang-from-XLMR,SapBERT,WO-2025201606-A1_de_q_es,es,0.3,0.7,0.09171030782986332,3.2711699164345407,1.295461844238322,0.5,0.6,0.1,0.3,0.0,0.0
cambridgeltl/SapBERT-UMLS-2020AB-all-lang-from-XLMR,SapBERT,EP-4634435-A1_en_q_de,de,0.4,0.6,0.06816536807595691,5.868082448469707,1.8464393446710154,0.0,0.2,0.4,0.1,0.3,0.0
cambridgeltl/SapBERT-UMLS-2020AB-all-lang-from-XLMR,SapBERT,EP-4634143-A1_en_q_de,de,0.8,0.19999999999999996,0.06816536807595691,11.736164896939414,0.7219280948873623,0.0,0.0,0.8,0.0,0.2,0.0
cambridgeltl/SapBERT-UMLS-2020AB-all-lang-from-XLMR,SapBERT,EP-4634411-A1_en_q_de,de,0.7,0.30000000000000004,0.06816536807595691,10.269144284821985,1.1567796494470395,0.0,0.1,0.7,0.0,0.2,0.0
cambridgeltl/SapBERT-UMLS-2020AB-all-lang-from-XLMR,SapBERT,EP-4634287-A1_en_q_es,es,0.1,0.9,0.09171030782986332,1.090389972144847,1.8464393446710154,0.0,0.2,0.3,0.1,0.4,0.0
cambridgeltl/SapBERT-UMLS-2020AB-all-lang-from-XLMR,SapBERT,EP-4633627-A1_en_q_de,de,0.1,0.9,0.06816536807595691,1.4670206121174267,1.360964047443681,1.0,0.5,0.1,0.0,0.4,0.0
cambridgeltl/SapBERT-UMLS-2020AB-all-lang-from-XLMR,SapBERT,EP-4633670-A1_fr_q_fr,fr,0.6,0.4,0.37488823604547195,1.6004770017035774,1.3709505944546687,0.0,0.2,0.2,0.0,0.6,0.0
cambridgeltl/SapBERT-UMLS-2020AB-all-lang-from-XLMR,SapBERT,WO-2025202163-A1_fr_q_fr,fr,0.6,0.4,0.37488823604547195,1.6004770017035774,1.295461844238322,1.0,0.0,0.3,0.1,0.6,0.0
cambridgeltl/SapBERT-UMLS-2020AB-all-lang-from-XLMR,SapBERT,WO-2025214852-A1_fr_q_fr,fr,0.3,0.7,0.37488823604547195,0.8002385008517887,1.8464393446710154,0.0,0.2,0.4,0.1,0.3,0.0
cambridgeltl/SapBERT-UMLS-2020AB-all-lang-from-XLMR,SapBERT,WO-2025214996-A1_fr_q_fr,fr,0.6,0.4,0.37488823604547195,1.6004770017035774,0.9709505944546686,0.0,0.0,0.4,0.0,0.6,0.0
cambridgeltl/SapBERT-UMLS-2020AB-all-lang-from-XLMR,SapBERT,EP-4630123-A1_de_q_de,de,0.0,1.0,0.06816536807595691,0.0,1.295461844238322,0.0,0.6,0.0,0.1,0.3,0.0
cambridgeltl/SapBERT-UMLS-2020AB-all-lang-from-XLMR,SapBERT,EP-4634646-A1_en_q_en,en,0.7,0.30000000000000004,0.46097841359049685,1.5185092823496813,0.8812908992306927,0.0,0.7,0.0,0.0,0.3,0.0
cambridgeltl/SapBERT-UMLS-2020AB-all-lang-from-XLMR,SapBERT,EP-4634294-A1_en_q_en,en,0.8,0.19999999999999996,0.46097841359049685,1.7354391798282074,0.9219280948873623,0.0,0.8,0.0,0.1,0.1,0.0
cambridgeltl/SapBERT-UMLS-2020AB-all-lang-from-XLMR,SapBERT,EP-4634436-A1_fr_q_fr,fr,0.5,0.5,0.37488823604547195,1.3337308347529813,1.6854752972273344,0.0,0.3,0.1,0.1,0.5,0.0
cambridgeltl/SapBERT-UMLS-2020AB-all-lang-from-XLMR,SapBERT,EP-4633761-A1_en_q_en,en,0.8,0.19999999999999996,0.46097841359049685,1.7354391798282074,0.7219280948873623,0.0,0.8,0.0,0.2,0.0,0.0
cambridgeltl/SapBERT-UMLS-2020AB-all-lang-from-XLMR,SapBERT,WO-2025215167-A1_de_q_de,de,0.4,0.6,0.06816536807595691,5.868082448469707,0.9709505944546686,1.0,0.0,0.4,0.0,0.6,0.0
cambridgeltl/SapBERT-UMLS-2020AB-all-lang-from-XLMR,SapBERT,EP-4626962-A1_de_q_en,en,0.5,0.5,0.46097841359049685,1.0846494873926296,1.360964047443681,1.0,0.5,0.4,0.0,0.1,0.0
cambridgeltl/SapBERT-UMLS-2020AB-all-lang-from-XLMR,SapBERT,EP-4626962-A1_de_q_de,de,0.9,0.09999999999999998,0.06816536807595691,13.20318550905684,0.4689955935892812,0.0,0.1,0.9,0.0,0.0,0.0
cambridgeltl/SapBERT-UMLS-2020AB-all-lang-from-XLMR,SapBERT,EP-4626962-A1_fr_q_fr,fr,0.4,0.6,0.37488823604547195,1.066984667802385,1.5219280948873621,0.0,0.2,0.4,0.0,0.4,0.0
cambridgeltl/SapBERT-UMLS-2020AB-all-lang-from-XLMR,SapBERT,EP-4626962-A1_de_q_es,es,0.0,1.0,0.09171030782986332,0.0,1.5709505944546684,0.5,0.4,0.3,0.0,0.3,0.0
cambridgeltl/SapBERT-UMLS-2020AB-all-lang-from-XLMR,SapBERT,WO-2025201936-A1_de_q_en,en,0.9,0.09999999999999998,0.46097841359049685,1.9523690773067333,0.4689955935892812,0.0,0.9,0.0,0.1,0.0,0.0
cambridgeltl/SapBERT-UMLS-2020AB-all-lang-from-XLMR,SapBERT,WO-2025201936-A1_fr_q_fr,fr,0.9,0.09999999999999998,0.37488823604547195,2.4007155025553666,0.4689955935892812,0.0,0.1,0.0,0.0,0.9,0.0
cambridgeltl/SapBERT-UMLS-2020AB-all-lang-from-XLMR,SapBERT,WO-2025201936-A1_de_q_es,es,0.1,0.9,0.09171030782986332,1.090389972144847,0.4689955935892812,0.0,0.9,0.0,0.1,0.0,0.0
cambridgeltl/SapBERT-UMLS-2020AB-all-lang-from-XLMR,SapBERT,EP-4634597-A1_en_q_en,en,0.8,0.19999999999999996,0.46097841359049685,1.7354391798282074,0.7219280948873623,0.0,0.8,0.0,0.2,0.0,0.0
cambridgeltl/SapBERT-UMLS-2020AB-all-lang-from-XLMR,SapBERT,EP-4634597-A1_en_q_de,de,0.4,0.6,0.06816536807595691,5.868082448469707,1.5219280948873621,0.5,0.4,0.4,0.0,0.2,0.0
cambridgeltl/SapBERT-UMLS-2020AB-all-lang-from-XLMR,SapBERT,EP-4634597-A1_fr_q_fr,fr,0.0,1.0,0.37488823604547195,0.0,1.1567796494470395,1.0,0.7,0.2,0.1,0.0,0.0
cambridgeltl/SapBERT-UMLS-2020AB-all-lang-from-XLMR,SapBERT,EP-4634597-A1_en_q_es,es,0.2,0.8,0.09171030782986332,2.180779944289694,1.7609640474436812,0.0,0.5,0.1,0.2,0.2,0.0
cambridgeltl/SapBERT-UMLS-2020AB-all-lang-from-XLMR,SapBERT,EP-4634381-A1_en_q_zh,zh,0.0,1.0,0.004257674458210925,0.0,1.1567796494470395,0.0,0.2,0.0,0.1,0.7,0.0
cambridgeltl/SapBERT-UMLS-2020AB-all-lang-from-XLMR,SapBERT,EP-4633589-A1_en_q_zh,zh,0.0,1.0,0.004257674458210925,0.0,0.8812908992306927,0.0,0.7,0.0,0.3,0.0,0.0
cambridgeltl/SapBERT-UMLS-2020AB-all-lang-from-XLMR,SapBERT,EP-4627024-A1_de_q_zh,zh,0.0,1.0,0.004257674458210925,0.0,1.4854752972273344,0.0,0.5,0.0,0.2,0.3,0.0
cambridgeltl/SapBERT-UMLS-2020AB-all-lang-from-XLMR,SapBERT,EP-4634926-A1_en_q_zh,zh,0.0,1.0,0.004257674458210925,0.0,-0.0,0.0,1.0,0.0,0.0,0.0,0.0
cambridgeltl/SapBERT-UMLS-2020AB-all-lang-from-XLMR,SapBERT,EP-4633863-A2_en_q_zh,zh,0.0,1.0,0.004257674458210925,0.0,1.3709505944546687,0.0,0.6,0.2,0.0,0.2,0.0
cambridgeltl/SapBERT-UMLS-2020AB-all-lang-from-XLMR,SapBERT,EP-4633797-A1_en_q_zh,zh,0.1,0.9,0.004257674458210925,23.487000000000002,1.5709505944546687,0.0,0.6,0.1,0.2,0.0,0.1
cambridgeltl/SapBERT-UMLS-2020AB-all-lang-from-XLMR,SapBERT,EP-4633777-A1_en_q_zh,zh,0.2,0.8,0.004257674458210925,46.974000000000004,2.1219280948873624,0.5,0.4,0.1,0.1,0.2,0.2
cambridgeltl/SapBERT-UMLS-2020AB-all-lang-from-XLMR,SapBERT,EP-4633621-A1_en_q_zh,zh,0.0,1.0,0.004257674458210925,0.0,1.5219280948873621,0.0,0.4,0.0,0.4,0.2,0.0
cambridgeltl/SapBERT-UMLS-2020AB-all-lang-from-XLMR,SapBERT,EP-4634723-A1_en_q_zh,zh,0.0,1.0,0.004257674458210925,0.0,1.4854752972273344,0.0,0.2,0.3,0.0,0.5,0.0
cambridgeltl/SapBERT-UMLS-2020AB-all-lang-from-XLMR,SapBERT,EP-4633581-A1_en_q_zh,zh,0.0,1.0,0.004257674458210925,0.0,1.6854752972273344,0.0,0.5,0.1,0.3,0.1,0.0
cambridgeltl/SapBERT-UMLS-2020AB-all-lang-from-XLMR,SapBERT,EP-4634416-A1_en_q_zh,zh,0.0,1.0,0.004257674458210925,0.0,1.7609640474436812,0.0,0.5,0.1,0.2,0.2,0.0
cambridgeltl/SapBERT-UMLS-2020AB-all-lang-from-XLMR,SapBERT,EP-4634305-A1_en_q_zh,zh,0.0,1.0,0.004257674458210925,0.0,1.4854752972273344,1.0,0.3,0.0,0.2,0.5,0.0
cambridgeltl/SapBERT-UMLS-2020AB-all-lang-from-XLMR,SapBERT,EP-4633531-A1_en_q_zh,zh,0.0,1.0,0.004257674458210925,0.0,1.9709505944546686,1.0,0.3,0.2,0.2,0.3,0.0
cambridgeltl/SapBERT-UMLS-2020AB-all-lang-from-XLMR,SapBERT,EP-4634333-A1_en_q_zh,zh,0.0,1.0,0.004257674458210925,0.0,0.4689955935892812,0.0,0.0,0.1,0.0,0.9,0.0
cambridgeltl/SapBERT-UMLS-2020AB-all-lang-from-XLMR,SapBERT,EP-4634212-A1_en_q_zh,zh,0.0,1.0,0.004257674458210925,0.0,1.295461844238322,1.0,0.3,0.0,0.1,0.6,0.0
cambridgeltl/SapBERT-UMLS-2020AB-all-lang-from-XLMR,SapBERT,EP-4629959-A1_de_q_zh,zh,0.2,0.8,0.004257674458210925,46.974000000000004,1.3709505944546687,0.0,0.2,0.0,0.0,0.6,0.2
cambridgeltl/SapBERT-UMLS-2020AB-all-lang-from-XLMR,SapBERT,EP-4627881-A1_de_q_zh,zh,0.1,0.9,0.004257674458210925,23.487000000000002,1.8464393446710154,0.0,0.2,0.3,0.0,0.4,0.1
cambridgeltl/SapBERT-UMLS-2020AB-all-lang-from-XLMR,SapBERT,EP-4633576-A1_en_q_zh,zh,0.1,0.9,0.004257674458210925,23.487000000000002,1.5709505944546687,0.0,0.0,0.1,0.2,0.6,0.1
cambridgeltl/SapBERT-UMLS-2020AB-all-lang-from-XLMR,SapBERT,EP-4633742-A2_en_q_zh,zh,0.0,1.0,0.004257674458210925,0.0,1.1567796494470395,0.0,0.2,0.1,0.0,0.7,0.0
cambridgeltl/SapBERT-UMLS-2020AB-all-lang-from-XLMR,SapBERT,EP-4633791-A1_en_q_zh,zh,0.0,1.0,0.004257674458210925,0.0,1.295461844238322,1.0,0.3,0.0,0.1,0.6,0.0
cambridgeltl/SapBERT-UMLS-2020AB-all-lang-from-XLMR,SapBERT,EP-4630574-A1_fr_q_fr,fr,0.6,0.4,0.37488823604547195,1.6004770017035774,1.7709505944546686,0.0,0.1,0.1,0.1,0.6,0.1
cambridgeltl/SapBERT-UMLS-2020AB-all-lang-from-XLMR,SapBERT,EP-4634111-A1_fr_q_fr,fr,0.4,0.6,0.37488823604547195,1.066984667802385,1.721928094887362,0.0,0.4,0.1,0.1,0.4,0.0
cambridgeltl/SapBERT-UMLS-2020AB-all-lang-from-XLMR,SapBERT,EP-4633622-A2_en_q_es,es,0.4,0.6,0.09171030782986332,4.361559888579388,1.360964047443681,0.3333333333333333,0.5,0.0,0.4,0.0,0.1
cambridgeltl/SapBERT-UMLS-2020AB-all-lang-from-XLMR,SapBERT,EP-4634187-A1_en_q_es_120,es,0.2,0.8,0.09171030782986332,2.180779944289694,1.7609640474436812,0.3333333333333333,0.5,0.1,0.2,0.2,0.0
cambridgeltl/SapBERT-UMLS-2020AB-all-lang-from-XLMR,SapBERT,EP-4634139-A1_fr_q_fr,fr,0.7,0.30000000000000004,0.37488823604547195,1.8672231686541738,1.1567796494470395,1.0,0.2,0.0,0.0,0.7,0.1
cambridgeltl/SapBERT-UMLS-2020AB-all-lang-from-XLMR,SapBERT,EP-4634136-A1_en_q_en,en,0.9,0.09999999999999998,0.46097841359049685,1.9523690773067333,0.4689955935892812,0.0,0.9,0.0,0.0,0.1,0.0
cambridgeltl/SapBERT-UMLS-2020AB-all-lang-from-XLMR,SapBERT,EP-4634136-A1_en_q_de,de,0.4,0.6,0.06816536807595691,5.868082448469707,1.5709505944546684,0.0,0.3,0.4,0.0,0.3,0.0
cambridgeltl/SapBERT-UMLS-2020AB-all-lang-from-XLMR,SapBERT,EP-4634136-A1_fr_q_fr,fr,0.2,0.8,0.37488823604547195,0.5334923339011926,1.3709505944546687,0.0,0.6,0.0,0.2,0.2,0.0
cambridgeltl/SapBERT-UMLS-2020AB-all-lang-from-XLMR,SapBERT,EP-4634136-A1_en_q_es_125,es,0.1,0.9,0.09171030782986332,1.090389972144847,0.9219280948873623,0.0,0.8,0.0,0.1,0.1,0.0
cambridgeltl/SapBERT-UMLS-2020AB-all-lang-from-XLMR,SapBERT,EP-4634136-A1_zh_q_zh,zh,0.0,1.0,0.004257674458210925,0.0,1.7609640474436812,0.0,0.5,0.2,0.1,0.2,0.0
cambridgeltl/SapBERT-UMLS-2020AB-all-lang-from-XLMR,SapBERT,EP-4634248-A1_en_q_en,en,0.6,0.4,0.46097841359049685,1.3015793848711554,0.9709505944546686,0.0,0.6,0.0,0.0,0.4,0.0
cambridgeltl/SapBERT-UMLS-2020AB-all-lang-from-XLMR,SapBERT,EP-4634142-A1_en_q_es,es,0.1,0.9,0.09171030782986332,1.090389972144847,1.721928094887362,0.0,0.4,0.1,0.1,0.4,0.0
cambridgeltl/SapBERT-UMLS-2020AB-all-lang-from-XLMR,SapBERT,WO-2025214812-A1_de_q_es,es,0.1,0.9,0.09171030782986332,1.090389972144847,1.7609640474436812,0.6666666666666666,0.5,0.2,0.1,0.2,0.0
cambridgeltl/SapBERT-UMLS-2020AB-all-lang-from-XLMR,SapBERT,EP-4633662-A1_en_q_de,de,0.0,1.0,0.06816536807595691,0.0,1.5219280948873621,0.0,0.4,0.0,0.4,0.2,0.0
cambridgeltl/SapBERT-UMLS-2020AB-all-lang-from-XLMR,SapBERT,WO-2025153617-A3_de_q_de,de,0.7,0.30000000000000004,0.06816536807595691,10.269144284821985,0.8812908992306927,0.0,0.0,0.7,0.0,0.3,0.0
cambridgeltl/SapBERT-UMLS-2020AB-all-lang-from-XLMR,SapBERT,EP-4634596-A1_en_q_en,en,0.5,0.5,0.46097841359049685,1.0846494873926296,1.4854752972273344,0.0,0.5,0.0,0.3,0.2,0.0
cambridgeltl/SapBERT-UMLS-2020AB-all-lang-from-XLMR,SapBERT,EP-4634596-A1_en_q_de,de,0.5,0.5,0.06816536807595691,7.335103060587133,1.360964047443681,0.6666666666666666,0.0,0.5,0.0,0.4,0.1
cambridgeltl/SapBERT-UMLS-2020AB-all-lang-from-XLMR,SapBERT,EP-4634596-A1_fr_q_fr,fr,0.5,0.5,0.37488823604547195,1.3337308347529813,1.0,0.0,0.0,0.5,0.0,0.5,0.0
cambridgeltl/SapBERT-UMLS-2020AB-all-lang-from-XLMR,SapBERT,EP-4634596-A1_en_q_es_135,es,0.0,1.0,0.09171030782986332,0.0,1.3709505944546687,0.0,0.2,0.2,0.0,0.6,0.0
cambridgeltl/SapBERT-UMLS-2020AB-all-lang-from-XLMR,SapBERT,EP-4634596-A1_zh_q_zh,zh,0.1,0.9,0.004257674458210925,23.487000000000002,2.1709505944546685,0.5,0.2,0.3,0.1,0.3,0.1
intfloat/multilingual-e5-large-instruct,e5-large-instruct,EP-4633662-A1_en_q_en,en,1.0,0.0,0.46097841359049685,2.169298974785259,-0.0,0.0,1.0,0.0,0.0,0.0,0.0
intfloat/multilingual-e5-large-instruct,e5-large-instruct,EP-4630509-A1_fr_q_fr,fr,1.0,0.0,0.37488823604547195,2.6674616695059625,-0.0,0.0,0.0,0.0,0.0,1.0,0.0
intfloat/multilingual-e5-large-instruct,e5-large-instruct,EP-4634248-A1_en_q_es,es,1.0,0.0,0.09171030782986332,10.903899721448468,-0.0,0.0,0.0,0.0,1.0,0.0,0.0
intfloat/multilingual-e5-large-instruct,e5-large-instruct,EP-4634187-A1_en_q_es,es,1.0,0.0,0.09171030782986332,10.903899721448468,-0.0,0.0,0.0,0.0,1.0,0.0,0.0
intfloat/multilingual-e5-large-instruct,e5-large-instruct,EP-4634142-A1_fr_q_fr,fr,1.0,0.0,0.37488823604547195,2.6674616695059625,-0.0,0.0,0.0,0.0,0.0,1.0,0.0
intfloat/multilingual-e5-large-instruct,e5-large-instruct,EP-4633768-A2_en_q_es,es,1.0,0.0,0.09171030782986332,10.903899721448468,-0.0,0.0,0.0,0.0,1.0,0.0,0.0
intfloat/multilingual-e5-large-instruct,e5-large-instruct,EP-4633645-A1_fr_q_fr,fr,1.0,0.0,0.37488823604547195,2.6674616695059625,-0.0,0.0,0.0,0.0,0.0,1.0,0.0
intfloat/multilingual-e5-large-instruct,e5-large-instruct,EP-4633622-A2_en_q_de,de,0.9,0.09999999999999998,0.06816536807595691,13.20318550905684,0.4689955935892812,0.0,0.0,0.9,0.0,0.1,0.0
intfloat/multilingual-e5-large-instruct,e5-large-instruct,EP-4634601-A1_en_q_en,en,1.0,0.0,0.46097841359049685,2.169298974785259,-0.0,0.0,1.0,0.0,0.0,0.0,0.0
intfloat/multilingual-e5-large-instruct,e5-large-instruct,EP-4630626-A1_de_q_de,de,1.0,0.0,0.06816536807595691,14.670206121174266,-0.0,0.0,0.0,1.0,0.0,0.0,0.0
intfloat/multilingual-e5-large-instruct,e5-large-instruct,EP-4630600-A1_de_q_en,en,1.0,0.0,0.46097841359049685,2.169298974785259,-0.0,0.0,1.0,0.0,0.0,0.0,0.0
intfloat/multilingual-e5-large-instruct,e5-large-instruct,EP-4633632-A1_en_q_es,es,1.0,0.0,0.09171030782986332,10.903899721448468,-0.0,0.0,0.0,0.0,1.0,0.0,0.0
intfloat/multilingual-e5-large-instruct,e5-large-instruct,EP-4634136-A1_en_q_es,es,1.0,0.0,0.09171030782986332,10.903899721448468,-0.0,0.0,0.0,0.0,1.0,0.0,0.0
intfloat/multilingual-e5-large-instruct,e5-large-instruct,EP-4634157-A1_en_q_de,de,1.0,0.0,0.06816536807595691,14.670206121174266,-0.0,0.0,0.0,1.0,0.0,0.0,0.0
intfloat/multilingual-e5-large-instruct,e5-large-instruct,EP-4630574-A1_de_q_en,en,1.0,0.0,0.46097841359049685,2.169298974785259,-0.0,0.0,1.0,0.0,0.0,0.0,0.0
intfloat/multilingual-e5-large-instruct,e5-large-instruct,EP-4634111-A1_en_q_de,de,1.0,0.0,0.06816536807595691,14.670206121174266,-0.0,0.0,0.0,1.0,0.0,0.0,0.0
intfloat/multilingual-e5-large-instruct,e5-large-instruct,EP-4634596-A1_en_q_es,es,1.0,0.0,0.09171030782986332,10.903899721448468,-0.0,0.0,0.0,0.0,1.0,0.0,0.0
intfloat/multilingual-e5-large-instruct,e5-large-instruct,EP-4634139-A1_en_q_es,es,1.0,0.0,0.09171030782986332,10.903899721448468,-0.0,0.0,0.0,0.0,1.0,0.0,0.0
intfloat/multilingual-e5-large-instruct,e5-large-instruct,WO-2025153617-A3_de_q_en,en,1.0,0.0,0.46097841359049685,2.169298974785259,-0.0,0.0,1.0,0.0,0.0,0.0,0.0
intfloat/multilingual-e5-large-instruct,e5-large-instruct,EP-4634251-A1_en_q_es,es,1.0,0.0,0.09171030782986332,10.903899721448468,-0.0,0.0,0.0,0.0,1.0,0.0,0.0
intfloat/multilingual-e5-large-instruct,e5-large-instruct,EP-4634426-A1_en_q_es,es,1.0,0.0,0.09171030782986332,10.903899721448468,-0.0,0.0,0.0,0.0,1.0,0.0,0.0
intfloat/multilingual-e5-large-instruct,e5-large-instruct,EP-4634729-A1_en_q_de,de,1.0,0.0,0.06816536807595691,14.670206121174266,-0.0,0.0,0.0,1.0,0.0,0.0,0.0
intfloat/multilingual-e5-large-instruct,e5-large-instruct,EP-4626569-A1_de_q_en,en,1.0,0.0,0.46097841359049685,2.169298974785259,-0.0,0.0,1.0,0.0,0.0,0.0,0.0
intfloat/multilingual-e5-large-instruct,e5-large-instruct,EP-4634394-A2_en_q_es,es,1.0,0.0,0.09171030782986332,10.903899721448468,-0.0,0.0,0.0,0.0,1.0,0.0,0.0
intfloat/multilingual-e5-large-instruct,e5-large-instruct,EP-4634424-A1_en_q_es,es,1.0,0.0,0.09171030782986332,10.903899721448468,-0.0,0.0,0.0,0.0,1.0,0.0,0.0
intfloat/multilingual-e5-large-instruct,e5-large-instruct,EP-4633602-A1_en_q_de,de,1.0,0.0,0.06816536807595691,14.670206121174266,-0.0,0.0,0.0,1.0,0.0,0.0,0.0
intfloat/multilingual-e5-large-instruct,e5-large-instruct,EP-4634337-A1_en_q_en,en,1.0,0.0,0.46097841359049685,2.169298974785259,-0.0,0.0,1.0,0.0,0.0,0.0,0.0
intfloat/multilingual-e5-large-instruct,e5-large-instruct,EP-4634128-A1_en_q_en,en,1.0,0.0,0.46097841359049685,2.169298974785259,-0.0,0.0,1.0,0.0,0.0,0.0,0.0
intfloat/multilingual-e5-large-instruct,e5-large-instruct,EP-4633896-A1_en_q_en,en,1.0,0.0,0.46097841359049685,2.169298974785259,-0.0,0.0,1.0,0.0,0.0,0.0,0.0
intfloat/multilingual-e5-large-instruct,e5-large-instruct,WO-2025215091-A1_fr_q_fr,fr,1.0,0.0,0.37488823604547195,2.6674616695059625,-0.0,0.0,0.0,0.0,0.0,1.0,0.0
intfloat/multilingual-e5-large-instruct,e5-large-instruct,EP-4633599-A1_fr_q_fr,fr,1.0,0.0,0.37488823604547195,2.6674616695059625,-0.0,0.0,0.0,0.0,0.0,1.0,0.0
intfloat/multilingual-e5-large-instruct,e5-large-instruct,EP-4633656-A1_fr_q_fr,fr,1.0,0.0,0.37488823604547195,2.6674616695059625,-0.0,0.0,0.0,0.0,0.0,1.0,0.0
intfloat/multilingual-e5-large-instruct,e5-large-instruct,WO-2025208167-A1_de_q_de,de,1.0,0.0,0.06816536807595691,14.670206121174266,-0.0,0.0,0.0,1.0,0.0,0.0,0.0
intfloat/multilingual-e5-large-instruct,e5-large-instruct,EP-4634396-A1_fr_q_fr,fr,1.0,0.0,0.37488823604547195,2.6674616695059625,-0.0,0.0,0.0,0.0,0.0,1.0,0.0
intfloat/multilingual-e5-large-instruct,e5-large-instruct,EP-4633893-A1_fr_q_fr,fr,1.0,0.0,0.37488823604547195,2.6674616695059625,-0.0,0.0,0.0,0.0,0.0,1.0,0.0
intfloat/multilingual-e5-large-instruct,e5-large-instruct,EP-4633462-A1_en_q_en,en,0.9,0.09999999999999998,0.46097841359049685,1.9523690773067333,0.4689955935892812,0.0,0.9,0.0,0.0,0.0,0.1
intfloat/multilingual-e5-large-instruct,e5-large-instruct,EP-4633386-A1_en_q_en,en,1.0,0.0,0.46097841359049685,2.169298974785259,-0.0,0.0,1.0,0.0,0.0,0.0,0.0
intfloat/multilingual-e5-large-instruct,e5-large-instruct,EP-4633970-A1_fr_q_fr,fr,1.0,0.0,0.37488823604547195,2.6674616695059625,-0.0,0.0,0.0,0.0,0.0,1.0,0.0
intfloat/multilingual-e5-large-instruct,e5-large-instruct,EP-4633415-A1_en_q_en,en,1.0,0.0,0.46097841359049685,2.169298974785259,-0.0,0.0,1.0,0.0,0.0,0.0,0.0
intfloat/multilingual-e5-large-instruct,e5-large-instruct,EP-4633415-A1_en_q_de,de,1.0,0.0,0.06816536807595691,14.670206121174266,-0.0,0.0,0.0,1.0,0.0,0.0,0.0
intfloat/multilingual-e5-large-instruct,e5-large-instruct,EP-4633415-A1_fr_q_fr,fr,1.0,0.0,0.37488823604547195,2.6674616695059625,-0.0,0.0,0.0,0.0,0.0,1.0,0.0
intfloat/multilingual-e5-large-instruct,e5-large-instruct,EP-4633415-A1_en_q_es,es,1.0,0.0,0.09171030782986332,10.903899721448468,-0.0,0.0,0.0,0.0,1.0,0.0,0.0
intfloat/multilingual-e5-large-instruct,e5-large-instruct,EP-4633950-A1_en_q_en,en,1.0,0.0,0.46097841359049685,2.169298974785259,-0.0,0.0,1.0,0.0,0.0,0.0,0.0
intfloat/multilingual-e5-large-instruct,e5-large-instruct,EP-4633950-A1_en_q_de,de,1.0,0.0,0.06816536807595691,14.670206121174266,-0.0,0.0,0.0,1.0,0.0,0.0,0.0
intfloat/multilingual-e5-large-instruct,e5-large-instruct,EP-4633950-A1_fr_q_fr,fr,1.0,0.0,0.37488823604547195,2.6674616695059625,-0.0,0.0,0.0,0.0,0.0,1.0,0.0
intfloat/multilingual-e5-large-instruct,e5-large-instruct,EP-4633950-A1_en_q_es,es,1.0,0.0,0.09171030782986332,10.903899721448468,-0.0,0.0,0.0,0.0,1.0,0.0,0.0
intfloat/multilingual-e5-large-instruct,e5-large-instruct,EP-4634629-A1_en_q_en,en,1.0,0.0,0.46097841359049685,2.169298974785259,-0.0,0.0,1.0,0.0,0.0,0.0,0.0
intfloat/multilingual-e5-large-instruct,e5-large-instruct,EP-4634629-A1_de_q_de,de,1.0,0.0,0.06816536807595691,14.670206121174266,-0.0,0.0,0.0,1.0,0.0,0.0,0.0
intfloat/multilingual-e5-large-instruct,e5-large-instruct,EP-4634629-A1_fr_q_fr,fr,1.0,0.0,0.37488823604547195,2.6674616695059625,-0.0,0.0,0.0,0.0,0.0,1.0,0.0
intfloat/multilingual-e5-large-instruct,e5-large-instruct,EP-4634629-A1_en_q_es,es,1.0,0.0,0.09171030782986332,10.903899721448468,-0.0,0.0,0.0,0.0,1.0,0.0,0.0
intfloat/multilingual-e5-large-instruct,e5-large-instruct,EP-4633582-A1_en_q_es,es,1.0,0.0,0.09171030782986332,10.903899721448468,-0.0,0.0,0.0,0.0,1.0,0.0,0.0
intfloat/multilingual-e5-large-instruct,e5-large-instruct,EP-4634165-A1_en_q_es,es,0.8,0.19999999999999996,0.09171030782986332,8.723119777158775,0.9219280948873623,1.0,0.1,0.0,0.8,0.1,0.0
intfloat/multilingual-e5-large-instruct,e5-large-instruct,EP-4633677-A1_en_q_de,de,0.9,0.09999999999999998,0.06816536807595691,13.20318550905684,0.4689955935892812,0.0,0.0,0.9,0.0,0.1,0.0
intfloat/multilingual-e5-large-instruct,e5-large-instruct,EP-4634246-A1_en_q_en,en,1.0,0.0,0.46097841359049685,2.169298974785259,-0.0,0.0,1.0,0.0,0.0,0.0,0.0
intfloat/multilingual-e5-large-instruct,e5-large-instruct,EP-4634120-A1_en_q_de,de,1.0,0.0,0.06816536807595691,14.670206121174266,-0.0,0.0,0.0,1.0,0.0,0.0,0.0
intfloat/multilingual-e5-large-instruct,e5-large-instruct,EP-4633638-A1_en_q_en,en,0.9,0.09999999999999998,0.46097841359049685,1.9523690773067333,0.4689955935892812,1.0,0.9,0.0,0.0,0.1,0.0
intfloat/multilingual-e5-large-instruct,e5-large-instruct,EP-4633389-A1_en_q_en,en,0.9,0.09999999999999998,0.46097841359049685,1.9523690773067333,0.4689955935892812,1.0,0.9,0.0,0.0,0.1,0.0
intfloat/multilingual-e5-large-instruct,e5-large-instruct,WO-2025209629-A1_de_q_es,es,0.9,0.09999999999999998,0.09171030782986332,9.813509749303622,0.4689955935892812,0.0,0.1,0.0,0.9,0.0,0.0
intfloat/multilingual-e5-large-instruct,e5-large-instruct,EP-4634132-A2_en_q_en,en,1.0,0.0,0.46097841359049685,2.169298974785259,-0.0,0.0,1.0,0.0,0.0,0.0,0.0
intfloat/multilingual-e5-large-instruct,e5-large-instruct,EP-4634914-A1_en_q_es,es,1.0,0.0,0.09171030782986332,10.903899721448468,-0.0,0.0,0.0,0.0,1.0,0.0,0.0
intfloat/multilingual-e5-large-instruct,e5-large-instruct,EP-4634285-A1_en_q_de,de,1.0,0.0,0.06816536807595691,14.670206121174266,-0.0,0.0,0.0,1.0,0.0,0.0,0.0
intfloat/multilingual-e5-large-instruct,e5-large-instruct,EP-4634122-A1_fr_q_fr,fr,1.0,0.0,0.37488823604547195,2.6674616695059625,-0.0,0.0,0.0,0.0,0.0,1.0,0.0
intfloat/multilingual-e5-large-instruct,e5-large-instruct,EP-4634365-A1_fr_q_fr,fr,0.9,0.09999999999999998,0.37488823604547195,2.4007155025553666,0.4689955935892812,1.0,0.1,0.0,0.0,0.9,0.0
intfloat/multilingual-e5-large-instruct,e5-large-instruct,WO-2025214709-A1_de_q_es,es,1.0,0.0,0.09171030782986332,10.903899721448468,-0.0,0.0,0.0,0.0,1.0,0.0,0.0
intfloat/multilingual-e5-large-instruct,e5-large-instruct,EP-4633426-A2_en_q_es,es,1.0,0.0,0.09171030782986332,10.903899721448468,-0.0,0.0,0.0,0.0,1.0,0.0,0.0
intfloat/multilingual-e5-large-instruct,e5-large-instruct,EP-4630604-A1_de_q_es,es,1.0,0.0,0.09171030782986332,10.903899721448468,-0.0,0.0,0.0,0.0,1.0,0.0,0.0
intfloat/multilingual-e5-large-instruct,e5-large-instruct,EP-4634118-A1_en_q_es,es,1.0,0.0,0.09171030782986332,10.903899721448468,-0.0,0.0,0.0,0.0,1.0,0.0,0.0
intfloat/multilingual-e5-large-instruct,e5-large-instruct,EP-4634404-A1_en_q_de,de,1.0,0.0,0.06816536807595691,14.670206121174266,-0.0,0.0,0.0,1.0,0.0,0.0,0.0
intfloat/multilingual-e5-large-instruct,e5-large-instruct,EP-4633465-A1_en_q_de,de,0.7,0.30000000000000004,0.06816536807595691,10.269144284821985,1.1567796494470395,1.0,0.2,0.7,0.0,0.1,0.0
intfloat/multilingual-e5-large-instruct,e5-large-instruct,EP-4633680-A1_en_q_es,es,1.0,0.0,0.09171030782986332,10.903899721448468,-0.0,0.0,0.0,0.0,1.0,0.0,0.0
intfloat/multilingual-e5-large-instruct,e5-large-instruct,WO-2025201606-A1_de_q_es,es,1.0,0.0,0.09171030782986332,10.903899721448468,-0.0,0.0,0.0,0.0,1.0,0.0,0.0
intfloat/multilingual-e5-large-instruct,e5-large-instruct,EP-4634435-A1_en_q_de,de,1.0,0.0,0.06816536807595691,14.670206121174266,-0.0,0.0,0.0,1.0,0.0,0.0,0.0
intfloat/multilingual-e5-large-instruct,e5-large-instruct,EP-4634143-A1_en_q_de,de,1.0,0.0,0.06816536807595691,14.670206121174266,-0.0,0.0,0.0,1.0,0.0,0.0,0.0
intfloat/multilingual-e5-large-instruct,e5-large-instruct,EP-4634411-A1_en_q_de,de,1.0,0.0,0.06816536807595691,14.670206121174266,-0.0,0.0,0.0,1.0,0.0,0.0,0.0
intfloat/multilingual-e5-large-instruct,e5-large-instruct,EP-4634287-A1_en_q_es,es,1.0,0.0,0.09171030782986332,10.903899721448468,-0.0,0.0,0.0,0.0,1.0,0.0,0.0
intfloat/multilingual-e5-large-instruct,e5-large-instruct,EP-4633627-A1_en_q_de,de,0.8,0.19999999999999996,0.06816536807595691,11.736164896939414,0.9219280948873623,1.0,0.1,0.8,0.0,0.1,0.0
intfloat/multilingual-e5-large-instruct,e5-large-instruct,EP-4633670-A1_fr_q_fr,fr,1.0,0.0,0.37488823604547195,2.6674616695059625,-0.0,0.0,0.0,0.0,0.0,1.0,0.0
intfloat/multilingual-e5-large-instruct,e5-large-instruct,WO-2025202163-A1_fr_q_fr,fr,1.0,0.0,0.37488823604547195,2.6674616695059625,-0.0,0.0,0.0,0.0,0.0,1.0,0.0
intfloat/multilingual-e5-large-instruct,e5-large-instruct,WO-2025214852-A1_fr_q_fr,fr,1.0,0.0,0.37488823604547195,2.6674616695059625,-0.0,0.0,0.0,0.0,0.0,1.0,0.0
intfloat/multilingual-e5-large-instruct,e5-large-instruct,WO-2025214996-A1_fr_q_fr,fr,1.0,0.0,0.37488823604547195,2.6674616695059625,-0.0,0.0,0.0,0.0,0.0,1.0,0.0
intfloat/multilingual-e5-large-instruct,e5-large-instruct,EP-4630123-A1_de_q_de,de,1.0,0.0,0.06816536807595691,14.670206121174266,-0.0,0.0,0.0,1.0,0.0,0.0,0.0
intfloat/multilingual-e5-large-instruct,e5-large-instruct,EP-4634646-A1_en_q_en,en,0.9,0.09999999999999998,0.46097841359049685,1.9523690773067333,0.4689955935892812,1.0,0.9,0.0,0.0,0.1,0.0
intfloat/multilingual-e5-large-instruct,e5-large-instruct,EP-4634294-A1_en_q_en,en,0.9,0.09999999999999998,0.46097841359049685,1.9523690773067333,0.4689955935892812,0.0,0.9,0.0,0.0,0.1,0.0
intfloat/multilingual-e5-large-instruct,e5-large-instruct,EP-4634436-A1_fr_q_fr,fr,1.0,0.0,0.37488823604547195,2.6674616695059625,-0.0,0.0,0.0,0.0,0.0,1.0,0.0
intfloat/multilingual-e5-large-instruct,e5-large-instruct,EP-4633761-A1_en_q_en,en,1.0,0.0,0.46097841359049685,2.169298974785259,-0.0,0.0,1.0,0.0,0.0,0.0,0.0
intfloat/multilingual-e5-large-instruct,e5-large-instruct,WO-2025215167-A1_de_q_de,de,1.0,0.0,0.06816536807595691,14.670206121174266,-0.0,0.0,0.0,1.0,0.0,0.0,0.0
intfloat/multilingual-e5-large-instruct,e5-large-instruct,EP-4626962-A1_de_q_en,en,1.0,0.0,0.46097841359049685,2.169298974785259,-0.0,0.0,1.0,0.0,0.0,0.0,0.0
intfloat/multilingual-e5-large-instruct,e5-large-instruct,EP-4626962-A1_de_q_de,de,1.0,0.0,0.06816536807595691,14.670206121174266,-0.0,0.0,0.0,1.0,0.0,0.0,0.0
intfloat/multilingual-e5-large-instruct,e5-large-instruct,EP-4626962-A1_fr_q_fr,fr,1.0,0.0,0.37488823604547195,2.6674616695059625,-0.0,0.0,0.0,0.0,0.0,1.0,0.0
intfloat/multilingual-e5-large-instruct,e5-large-instruct,EP-4626962-A1_de_q_es,es,1.0,0.0,0.09171030782986332,10.903899721448468,-0.0,0.0,0.0,0.0,1.0,0.0,0.0
intfloat/multilingual-e5-large-instruct,e5-large-instruct,WO-2025201936-A1_de_q_en,en,1.0,0.0,0.46097841359049685,2.169298974785259,-0.0,0.0,1.0,0.0,0.0,0.0,0.0
intfloat/multilingual-e5-large-instruct,e5-large-instruct,WO-2025201936-A1_fr_q_fr,fr,1.0,0.0,0.37488823604547195,2.6674616695059625,-0.0,0.0,0.0,0.0,0.0,1.0,0.0
intfloat/multilingual-e5-large-instruct,e5-large-instruct,WO-2025201936-A1_de_q_es,es,1.0,0.0,0.09171030782986332,10.903899721448468,-0.0,0.0,0.0,0.0,1.0,0.0,0.0
intfloat/multilingual-e5-large-instruct,e5-large-instruct,EP-4634597-A1_en_q_en,en,1.0,0.0,0.46097841359049685,2.169298974785259,-0.0,0.0,1.0,0.0,0.0,0.0,0.0
intfloat/multilingual-e5-large-instruct,e5-large-instruct,EP-4634597-A1_en_q_de,de,1.0,0.0,0.06816536807595691,14.670206121174266,-0.0,0.0,0.0,1.0,0.0,0.0,0.0
intfloat/multilingual-e5-large-instruct,e5-large-instruct,EP-4634597-A1_fr_q_fr,fr,1.0,0.0,0.37488823604547195,2.6674616695059625,-0.0,0.0,0.0,0.0,0.0,1.0,0.0
intfloat/multilingual-e5-large-instruct,e5-large-instruct,EP-4634597-A1_en_q_es,es,1.0,0.0,0.09171030782986332,10.903899721448468,-0.0,0.0,0.0,0.0,1.0,0.0,0.0
intfloat/multilingual-e5-large-instruct,e5-large-instruct,EP-4634381-A1_en_q_zh,zh,0.9,0.09999999999999998,0.004257674458210925,211.383,0.4689955935892812,0.0,0.1,0.0,0.0,0.0,0.9
intfloat/multilingual-e5-large-instruct,e5-large-instruct,EP-4633589-A1_en_q_zh,zh,1.0,0.0,0.004257674458210925,234.87,-0.0,0.0,0.0,0.0,0.0,0.0,1.0
intfloat/multilingual-e5-large-instruct,e5-large-instruct,EP-4627024-A1_de_q_zh,zh,1.0,0.0,0.004257674458210925,234.87,-0.0,0.0,0.0,0.0,0.0,0.0,1.0
intfloat/multilingual-e5-large-instruct,e5-large-instruct,EP-4634926-A1_en_q_zh,zh,0.7,0.30000000000000004,0.004257674458210925,164.409,0.8812908992306927,0.0,0.3,0.0,0.0,0.0,0.7
intfloat/multilingual-e5-large-instruct,e5-large-instruct,EP-4633863-A2_en_q_zh,zh,1.0,0.0,0.004257674458210925,234.87,-0.0,0.0,0.0,0.0,0.0,0.0,1.0
intfloat/multilingual-e5-large-instruct,e5-large-instruct,EP-4633797-A1_en_q_zh,zh,1.0,0.0,0.004257674458210925,234.87,-0.0,0.0,0.0,0.0,0.0,0.0,1.0
intfloat/multilingual-e5-large-instruct,e5-large-instruct,EP-4633777-A1_en_q_zh,zh,0.8,0.19999999999999996,0.004257674458210925,187.89600000000002,0.7219280948873623,0.5,0.2,0.0,0.0,0.0,0.8
intfloat/multilingual-e5-large-instruct,e5-large-instruct,EP-4633621-A1_en_q_zh,zh,0.8,0.19999999999999996,0.004257674458210925,187.89600000000002,0.7219280948873623,0.0,0.2,0.0,0.0,0.0,0.8
intfloat/multilingual-e5-large-instruct,e5-large-instruct,EP-4634723-A1_en_q_zh,zh,1.0,0.0,0.004257674458210925,234.87,-0.0,0.0,0.0,0.0,0.0,0.0,1.0
intfloat/multilingual-e5-large-instruct,e5-large-instruct,EP-4633581-A1_en_q_zh,zh,1.0,0.0,0.004257674458210925,234.87,-0.0,0.0,0.0,0.0,0.0,0.0,1.0
intfloat/multilingual-e5-large-instruct,e5-large-instruct,EP-4634416-A1_en_q_zh,zh,1.0,0.0,0.004257674458210925,234.87,-0.0,0.0,0.0,0.0,0.0,0.0,1.0
intfloat/multilingual-e5-large-instruct,e5-large-instruct,EP-4634305-A1_en_q_zh,zh,0.9,0.09999999999999998,0.004257674458210925,211.383,0.4689955935892812,0.5,0.1,0.0,0.0,0.0,0.9
intfloat/multilingual-e5-large-instruct,e5-large-instruct,EP-4633531-A1_en_q_zh,zh,1.0,0.0,0.004257674458210925,234.87,-0.0,0.0,0.0,0.0,0.0,0.0,1.0
intfloat/multilingual-e5-large-instruct,e5-large-instruct,EP-4634333-A1_en_q_zh,zh,1.0,0.0,0.004257674458210925,234.87,-0.0,0.0,0.0,0.0,0.0,0.0,1.0
intfloat/multilingual-e5-large-instruct,e5-large-instruct,EP-4634212-A1_en_q_zh,zh,0.7,0.30000000000000004,0.004257674458210925,164.409,1.1567796494470395,1.0,0.2,0.0,0.0,0.1,0.7
intfloat/multilingual-e5-large-instruct,e5-large-instruct,EP-4629959-A1_de_q_zh,zh,1.0,0.0,0.004257674458210925,234.87,-0.0,0.0,0.0,0.0,0.0,0.0,1.0
intfloat/multilingual-e5-large-instruct,e5-large-instruct,EP-4627881-A1_de_q_zh,zh,1.0,0.0,0.004257674458210925,234.87,-0.0,0.0,0.0,0.0,0.0,0.0,1.0
intfloat/multilingual-e5-large-instruct,e5-large-instruct,EP-4633576-A1_en_q_zh,zh,1.0,0.0,0.004257674458210925,234.87,-0.0,0.0,0.0,0.0,0.0,0.0,1.0
intfloat/multilingual-e5-large-instruct,e5-large-instruct,EP-4633742-A2_en_q_zh,zh,0.9,0.09999999999999998,0.004257674458210925,211.383,0.4689955935892812,0.5,0.1,0.0,0.0,0.0,0.9
intfloat/multilingual-e5-large-instruct,e5-large-instruct,EP-4633791-A1_en_q_zh,zh,0.8,0.19999999999999996,0.004257674458210925,187.89600000000002,0.7219280948873623,0.5,0.2,0.0,0.0,0.0,0.8
intfloat/multilingual-e5-large-instruct,e5-large-instruct,EP-4630574-A1_fr_q_fr,fr,1.0,0.0,0.37488823604547195,2.6674616695059625,-0.0,0.0,0.0,0.0,0.0,1.0,0.0
intfloat/multilingual-e5-large-instruct,e5-large-instruct,EP-4634111-A1_fr_q_fr,fr,1.0,0.0,0.37488823604547195,2.6674616695059625,-0.0,0.0,0.0,0.0,0.0,1.0,0.0
intfloat/multilingual-e5-large-instruct,e5-large-instruct,EP-4633622-A2_en_q_es,es,1.0,0.0,0.09171030782986332,10.903899721448468,-0.0,0.0,0.0,0.0,1.0,0.0,0.0
intfloat/multilingual-e5-large-instruct,e5-large-instruct,EP-4634187-A1_en_q_es_120,es,1.0,0.0,0.09171030782986332,10.903899721448468,-0.0,0.0,0.0,0.0,1.0,0.0,0.0
intfloat/multilingual-e5-large-instruct,e5-large-instruct,EP-4634139-A1_fr_q_fr,fr,1.0,0.0,0.37488823604547195,2.6674616695059625,-0.0,0.0,0.0,0.0,0.0,1.0,0.0
intfloat/multilingual-e5-large-instruct,e5-large-instruct,EP-4634136-A1_en_q_en,en,0.9,0.09999999999999998,0.46097841359049685,1.9523690773067333,0.4689955935892812,0.0,0.9,0.0,0.0,0.1,0.0
intfloat/multilingual-e5-large-instruct,e5-large-instruct,EP-4634136-A1_en_q_de,de,1.0,0.0,0.06816536807595691,14.670206121174266,-0.0,0.0,0.0,1.0,0.0,0.0,0.0
intfloat/multilingual-e5-large-instruct,e5-large-instruct,EP-4634136-A1_fr_q_fr,fr,1.0,0.0,0.37488823604547195,2.6674616695059625,-0.0,0.0,0.0,0.0,0.0,1.0,0.0
intfloat/multilingual-e5-large-instruct,e5-large-instruct,EP-4634136-A1_en_q_es_125,es,1.0,0.0,0.09171030782986332,10.903899721448468,-0.0,0.0,0.0,0.0,1.0,0.0,0.0
intfloat/multilingual-e5-large-instruct,e5-large-instruct,EP-4634136-A1_zh_q_zh,zh,1.0,0.0,0.004257674458210925,234.87,-0.0,0.0,0.0,0.0,0.0,0.0,1.0
intfloat/multilingual-e5-large-instruct,e5-large-instruct,EP-4634248-A1_en_q_en,en,1.0,0.0,0.46097841359049685,2.169298974785259,-0.0,0.0,1.0,0.0,0.0,0.0,0.0
intfloat/multilingual-e5-large-instruct,e5-large-instruct,EP-4634142-A1_en_q_es,es,1.0,0.0,0.09171030782986332,10.903899721448468,-0.0,0.0,0.0,0.0,1.0,0.0,0.0
intfloat/multilingual-e5-large-instruct,e5-large-instruct,WO-2025214812-A1_de_q_es,es,1.0,0.0,0.09171030782986332,10.903899721448468,-0.0,0.0,0.0,0.0,1.0,0.0,0.0
intfloat/multilingual-e5-large-instruct,e5-large-instruct,EP-4633662-A1_en_q_de,de,1.0,0.0,0.06816536807595691,14.670206121174266,-0.0,0.0,0.0,1.0,0.0,0.0,0.0
intfloat/multilingual-e5-large-instruct,e5-large-instruct,WO-2025153617-A3_de_q_de,de,1.0,0.0,0.06816536807595691,14.670206121174266,-0.0,0.0,0.0,1.0,0.0,0.0,0.0
intfloat/multilingual-e5-large-instruct,e5-large-instruct,EP-4634596-A1_en_q_en,en,0.9,0.09999999999999998,0.46097841359049685,1.9523690773067333,0.4689955935892812,0.5,0.9,0.0,0.0,0.1,0.0
intfloat/multilingual-e5-large-instruct,e5-large-instruct,EP-4634596-A1_en_q_de,de,1.0,0.0,0.06816536807595691,14.670206121174266,-0.0,0.0,0.0,1.0,0.0,0.0,0.0
intfloat/multilingual-e5-large-instruct,e5-large-instruct,EP-4634596-A1_fr_q_fr,fr,1.0,0.0,0.37488823604547195,2.6674616695059625,-0.0,0.0,0.0,0.0,0.0,1.0,0.0
intfloat/multilingual-e5-large-instruct,e5-large-instruct,EP-4634596-A1_en_q_es_135,es,1.0,0.0,0.09171030782986332,10.903899721448468,-0.0,0.0,0.0,0.0,1.0,0.0,0.0
intfloat/multilingual-e5-large-instruct,e5-large-instruct,EP-4634596-A1_zh_q_zh,zh,1.0,0.0,0.004257674458210925,234.87,-0.0,0.0,0.0,0.0,0.0,0.0,1.0
Alibaba-NLP/gte-multilingual-base,gte-base,EP-4633662-A1_en_q_en,en,1.0,0.0,0.46097841359049685,2.169298974785259,-0.0,0.0,1.0,0.0,0.0,0.0,0.0
Alibaba-NLP/gte-multilingual-base,gte-base,EP-4630509-A1_fr_q_fr,fr,1.0,0.0,0.37488823604547195,2.6674616695059625,-0.0,0.0,0.0,0.0,0.0,1.0,0.0
Alibaba-NLP/gte-multilingual-base,gte-base,EP-4634248-A1_en_q_es,es,1.0,0.0,0.09171030782986332,10.903899721448468,-0.0,0.0,0.0,0.0,1.0,0.0,0.0
Alibaba-NLP/gte-multilingual-base,gte-base,EP-4634187-A1_en_q_es,es,0.3,0.7,0.09171030782986332,3.2711699164345407,0.8812908992306927,0.0,0.0,0.0,0.3,0.7,0.0
Alibaba-NLP/gte-multilingual-base,gte-base,EP-4634142-A1_fr_q_fr,fr,1.0,0.0,0.37488823604547195,2.6674616695059625,-0.0,0.0,0.0,0.0,0.0,1.0,0.0
Alibaba-NLP/gte-multilingual-base,gte-base,EP-4633768-A2_en_q_es,es,0.1,0.9,0.09171030782986332,1.090389972144847,1.295461844238322,0.0,0.0,0.3,0.1,0.6,0.0
Alibaba-NLP/gte-multilingual-base,gte-base,EP-4633645-A1_fr_q_fr,fr,1.0,0.0,0.37488823604547195,2.6674616695059625,-0.0,0.0,0.0,0.0,0.0,1.0,0.0
Alibaba-NLP/gte-multilingual-base,gte-base,EP-4633622-A2_en_q_de,de,0.8,0.19999999999999996,0.06816536807595691,11.736164896939414,0.7219280948873623,0.0,0.2,0.8,0.0,0.0,0.0
Alibaba-NLP/gte-multilingual-base,gte-base,EP-4634601-A1_en_q_en,en,1.0,0.0,0.46097841359049685,2.169298974785259,-0.0,0.0,1.0,0.0,0.0,0.0,0.0
Alibaba-NLP/gte-multilingual-base,gte-base,EP-4630626-A1_de_q_de,de,0.8,0.19999999999999996,0.06816536807595691,11.736164896939414,0.9219280948873623,0.0,0.0,0.8,0.1,0.1,0.0
Alibaba-NLP/gte-multilingual-base,gte-base,EP-4630600-A1_de_q_en,en,1.0,0.0,0.46097841359049685,2.169298974785259,-0.0,0.0,1.0,0.0,0.0,0.0,0.0
Alibaba-NLP/gte-multilingual-base,gte-base,EP-4633632-A1_en_q_es,es,0.1,0.9,0.09171030782986332,1.090389972144847,1.1567796494470395,0.0,0.2,0.0,0.1,0.7,0.0
Alibaba-NLP/gte-multilingual-base,gte-base,EP-4634136-A1_en_q_es,es,0.6,0.4,0.09171030782986332,6.542339832869081,1.295461844238322,0.0,0.0,0.1,0.6,0.3,0.0
Alibaba-NLP/gte-multilingual-base,gte-base,EP-4634157-A1_en_q_de,de,0.0,1.0,0.06816536807595691,0.0,1.4854752972273344,0.0,0.5,0.0,0.0,0.3,0.2
Alibaba-NLP/gte-multilingual-base,gte-base,EP-4630574-A1_de_q_en,en,1.0,0.0,0.46097841359049685,2.169298974785259,-0.0,0.0,1.0,0.0,0.0,0.0,0.0
Alibaba-NLP/gte-multilingual-base,gte-base,EP-4634111-A1_en_q_de,de,1.0,0.0,0.06816536807595691,14.670206121174266,-0.0,0.0,0.0,1.0,0.0,0.0,0.0
Alibaba-NLP/gte-multilingual-base,gte-base,EP-4634596-A1_en_q_es,es,0.3,0.7,0.09171030782986332,3.2711699164345407,1.295461844238322,0.0,0.0,0.6,0.3,0.1,0.0
Alibaba-NLP/gte-multilingual-base,gte-base,EP-4634139-A1_en_q_es,es,0.0,1.0,0.09171030782986332,0.0,0.4689955935892812,0.0,0.0,0.9,0.0,0.1,0.0
Alibaba-NLP/gte-multilingual-base,gte-base,WO-2025153617-A3_de_q_en,en,1.0,0.0,0.46097841359049685,2.169298974785259,-0.0,0.0,1.0,0.0,0.0,0.0,0.0
Alibaba-NLP/gte-multilingual-base,gte-base,EP-4634251-A1_en_q_es,es,0.0,1.0,0.09171030782986332,0.0,0.4689955935892812,0.0,0.1,0.9,0.0,0.0,0.0
Alibaba-NLP/gte-multilingual-base,gte-base,EP-4634426-A1_en_q_es,es,1.0,0.0,0.09171030782986332,10.903899721448468,-0.0,0.0,0.0,0.0,1.0,0.0,0.0
Alibaba-NLP/gte-multilingual-base,gte-base,EP-4634729-A1_en_q_de,de,1.0,0.0,0.06816536807595691,14.670206121174266,-0.0,0.0,0.0,1.0,0.0,0.0,0.0
Alibaba-NLP/gte-multilingual-base,gte-base,EP-4626569-A1_de_q_en,en,1.0,0.0,0.46097841359049685,2.169298974785259,-0.0,0.0,1.0,0.0,0.0,0.0,0.0
Alibaba-NLP/gte-multilingual-base,gte-base,EP-4634394-A2_en_q_es,es,0.0,1.0,0.09171030782986332,0.0,0.9709505944546686,0.0,0.0,0.4,0.0,0.6,0.0
Alibaba-NLP/gte-multilingual-base,gte-base,EP-4634424-A1_en_q_es,es,0.9,0.09999999999999998,0.09171030782986332,9.813509749303622,0.4689955935892812,0.0,0.0,0.0,0.9,0.1,0.0
Alibaba-NLP/gte-multilingual-base,gte-base,EP-4633602-A1_en_q_de,de,0.8,0.19999999999999996,0.06816536807595691,11.736164896939414,0.7219280948873623,0.0,0.2,0.8,0.0,0.0,0.0
Alibaba-NLP/gte-multilingual-base,gte-base,EP-4634337-A1_en_q_en,en,1.0,0.0,0.46097841359049685,2.169298974785259,-0.0,0.0,1.0,0.0,0.0,0.0,0.0
Alibaba-NLP/gte-multilingual-base,gte-base,EP-4634128-A1_en_q_en,en,1.0,0.0,0.46097841359049685,2.169298974785259,-0.0,0.0,1.0,0.0,0.0,0.0,0.0
Alibaba-NLP/gte-multilingual-base,gte-base,EP-4633896-A1_en_q_en,en,1.0,0.0,0.46097841359049685,2.169298974785259,-0.0,0.0,1.0,0.0,0.0,0.0,0.0
Alibaba-NLP/gte-multilingual-base,gte-base,WO-2025215091-A1_fr_q_fr,fr,1.0,0.0,0.37488823604547195,2.6674616695059625,-0.0,0.0,0.0,0.0,0.0,1.0,0.0
Alibaba-NLP/gte-multilingual-base,gte-base,EP-4633599-A1_fr_q_fr,fr,1.0,0.0,0.37488823604547195,2.6674616695059625,-0.0,0.0,0.0,0.0,0.0,1.0,0.0
Alibaba-NLP/gte-multilingual-base,gte-base,EP-4633656-A1_fr_q_fr,fr,0.5,0.5,0.37488823604547195,1.3337308347529813,1.360964047443681,0.0,0.1,0.0,0.4,0.5,0.0
Alibaba-NLP/gte-multilingual-base,gte-base,WO-2025208167-A1_de_q_de,de,0.2,0.8,0.06816536807595691,2.9340412242348535,1.1567796494470395,0.0,0.1,0.2,0.7,0.0,0.0
Alibaba-NLP/gte-multilingual-base,gte-base,EP-4634396-A1_fr_q_fr,fr,0.5,0.5,0.37488823604547195,1.3337308347529813,1.4854752972273344,0.0,0.0,0.3,0.2,0.5,0.0
Alibaba-NLP/gte-multilingual-base,gte-base,EP-4633893-A1_fr_q_fr,fr,0.1,0.9,0.37488823604547195,0.2667461669505963,0.9219280948873623,0.0,0.8,0.1,0.0,0.1,0.0
Alibaba-NLP/gte-multilingual-base,gte-base,EP-4633462-A1_en_q_en,en,1.0,0.0,0.46097841359049685,2.169298974785259,-0.0,0.0,1.0,0.0,0.0,0.0,0.0
Alibaba-NLP/gte-multilingual-base,gte-base,EP-4633386-A1_en_q_en,en,0.9,0.09999999999999998,0.46097841359049685,1.9523690773067333,0.4689955935892812,0.0,0.9,0.0,0.0,0.1,0.0
Alibaba-NLP/gte-multilingual-base,gte-base,EP-4633970-A1_fr_q_fr,fr,0.8,0.19999999999999996,0.37488823604547195,2.13396933560477,0.7219280948873623,0.0,0.0,0.0,0.2,0.8,0.0
Alibaba-NLP/gte-multilingual-base,gte-base,EP-4633415-A1_en_q_en,en,1.0,0.0,0.46097841359049685,2.169298974785259,-0.0,0.0,1.0,0.0,0.0,0.0,0.0
Alibaba-NLP/gte-multilingual-base,gte-base,EP-4633415-A1_en_q_de,de,0.7,0.30000000000000004,0.06816536807595691,10.269144284821985,0.8812908992306927,0.0,0.0,0.7,0.0,0.3,0.0
Alibaba-NLP/gte-multilingual-base,gte-base,EP-4633415-A1_fr_q_fr,fr,0.9,0.09999999999999998,0.37488823604547195,2.4007155025553666,0.4689955935892812,0.0,0.1,0.0,0.0,0.9,0.0
Alibaba-NLP/gte-multilingual-base,gte-base,EP-4633415-A1_en_q_es,es,1.0,0.0,0.09171030782986332,10.903899721448468,-0.0,0.0,0.0,0.0,1.0,0.0,0.0
Alibaba-NLP/gte-multilingual-base,gte-base,EP-4633950-A1_en_q_en,en,1.0,0.0,0.46097841359049685,2.169298974785259,-0.0,0.0,1.0,0.0,0.0,0.0,0.0
Alibaba-NLP/gte-multilingual-base,gte-base,EP-4633950-A1_en_q_de,de,0.1,0.9,0.06816536807595691,1.4670206121174267,0.4689955935892812,0.0,0.0,0.1,0.0,0.9,0.0
Alibaba-NLP/gte-multilingual-base,gte-base,EP-4633950-A1_fr_q_fr,fr,0.8,0.19999999999999996,0.37488823604547195,2.13396933560477,0.7219280948873623,0.0,0.2,0.0,0.0,0.8,0.0
Alibaba-NLP/gte-multilingual-base,gte-base,EP-4633950-A1_en_q_es,es,0.1,0.9,0.09171030782986332,1.090389972144847,0.9219280948873623,0.0,0.1,0.8,0.1,0.0,0.0
Alibaba-NLP/gte-multilingual-base,gte-base,EP-4634629-A1_en_q_en,en,1.0,0.0,0.46097841359049685,2.169298974785259,-0.0,0.0,1.0,0.0,0.0,0.0,0.0
Alibaba-NLP/gte-multilingual-base,gte-base,EP-4634629-A1_de_q_de,de,0.4,0.6,0.06816536807595691,5.868082448469707,0.9709505944546686,0.0,0.0,0.4,0.0,0.6,0.0
Alibaba-NLP/gte-multilingual-base,gte-base,EP-4634629-A1_fr_q_fr,fr,1.0,0.0,0.37488823604547195,2.6674616695059625,-0.0,0.0,0.0,0.0,0.0,1.0,0.0
Alibaba-NLP/gte-multilingual-base,gte-base,EP-4634629-A1_en_q_es,es,0.1,0.9,0.09171030782986332,1.090389972144847,1.5709505944546687,0.0,0.1,0.6,0.1,0.2,0.0
Alibaba-NLP/gte-multilingual-base,gte-base,EP-4633582-A1_en_q_es,es,0.0,1.0,0.09171030782986332,0.0,-0.0,0.0,0.0,0.0,0.0,1.0,0.0
Alibaba-NLP/gte-multilingual-base,gte-base,EP-4634165-A1_en_q_es,es,1.0,0.0,0.09171030782986332,10.903899721448468,-0.0,0.0,0.0,0.0,1.0,0.0,0.0
Alibaba-NLP/gte-multilingual-base,gte-base,EP-4633677-A1_en_q_de,de,1.0,0.0,0.06816536807595691,14.670206121174266,-0.0,0.0,0.0,1.0,0.0,0.0,0.0
Alibaba-NLP/gte-multilingual-base,gte-base,EP-4634246-A1_en_q_en,en,1.0,0.0,0.46097841359049685,2.169298974785259,-0.0,0.0,1.0,0.0,0.0,0.0,0.0
Alibaba-NLP/gte-multilingual-base,gte-base,EP-4634120-A1_en_q_de,de,1.0,0.0,0.06816536807595691,14.670206121174266,-0.0,0.0,0.0,1.0,0.0,0.0,0.0
Alibaba-NLP/gte-multilingual-base,gte-base,EP-4633638-A1_en_q_en,en,1.0,0.0,0.46097841359049685,2.169298974785259,-0.0,0.0,1.0,0.0,0.0,0.0,0.0
Alibaba-NLP/gte-multilingual-base,gte-base,EP-4633389-A1_en_q_en,en,1.0,0.0,0.46097841359049685,2.169298974785259,-0.0,0.0,1.0,0.0,0.0,0.0,0.0
Alibaba-NLP/gte-multilingual-base,gte-base,WO-2025209629-A1_de_q_es,es,0.1,0.9,0.09171030782986332,1.090389972144847,2.1709505944546685,0.0,0.3,0.1,0.1,0.3,0.2
Alibaba-NLP/gte-multilingual-base,gte-base,EP-4634132-A2_en_q_en,en,1.0,0.0,0.46097841359049685,2.169298974785259,-0.0,0.0,1.0,0.0,0.0,0.0,0.0
Alibaba-NLP/gte-multilingual-base,gte-base,EP-4634914-A1_en_q_es,es,1.0,0.0,0.09171030782986332,10.903899721448468,-0.0,0.0,0.0,0.0,1.0,0.0,0.0
Alibaba-NLP/gte-multilingual-base,gte-base,EP-4634285-A1_en_q_de,de,1.0,0.0,0.06816536807595691,14.670206121174266,-0.0,0.0,0.0,1.0,0.0,0.0,0.0
Alibaba-NLP/gte-multilingual-base,gte-base,EP-4634122-A1_fr_q_fr,fr,0.9,0.09999999999999998,0.37488823604547195,2.4007155025553666,0.4689955935892812,0.0,0.0,0.1,0.0,0.9,0.0
Alibaba-NLP/gte-multilingual-base,gte-base,EP-4634365-A1_fr_q_fr,fr,1.0,0.0,0.37488823604547195,2.6674616695059625,-0.0,0.0,0.0,0.0,0.0,1.0,0.0
Alibaba-NLP/gte-multilingual-base,gte-base,WO-2025214709-A1_de_q_es,es,0.6,0.4,0.09171030782986332,6.542339832869081,0.9709505944546686,0.0,0.0,0.0,0.6,0.4,0.0
Alibaba-NLP/gte-multilingual-base,gte-base,EP-4633426-A2_en_q_es,es,0.5,0.5,0.09171030782986332,5.451949860724234,1.0,0.0,0.0,0.0,0.5,0.5,0.0
Alibaba-NLP/gte-multilingual-base,gte-base,EP-4630604-A1_de_q_es,es,0.5,0.5,0.09171030782986332,5.451949860724234,1.0,0.0,0.0,0.0,0.5,0.5,0.0
Alibaba-NLP/gte-multilingual-base,gte-base,EP-4634118-A1_en_q_es,es,0.0,1.0,0.09171030782986332,0.0,-0.0,0.0,0.0,0.0,0.0,1.0,0.0
Alibaba-NLP/gte-multilingual-base,gte-base,EP-4634404-A1_en_q_de,de,1.0,0.0,0.06816536807595691,14.670206121174266,-0.0,0.0,0.0,1.0,0.0,0.0,0.0
Alibaba-NLP/gte-multilingual-base,gte-base,EP-4633465-A1_en_q_de,de,1.0,0.0,0.06816536807595691,14.670206121174266,-0.0,0.0,0.0,1.0,0.0,0.0,0.0
Alibaba-NLP/gte-multilingual-base,gte-base,EP-4633680-A1_en_q_es,es,0.0,1.0,0.09171030782986332,0.0,-0.0,0.0,0.0,0.0,0.0,1.0,0.0
Alibaba-NLP/gte-multilingual-base,gte-base,WO-2025201606-A1_de_q_es,es,1.0,0.0,0.09171030782986332,10.903899721448468,-0.0,0.0,0.0,0.0,1.0,0.0,0.0
Alibaba-NLP/gte-multilingual-base,gte-base,EP-4634435-A1_en_q_de,de,0.9,0.09999999999999998,0.06816536807595691,13.20318550905684,0.4689955935892812,0.0,0.0,0.9,0.0,0.1,0.0
Alibaba-NLP/gte-multilingual-base,gte-base,EP-4634143-A1_en_q_de,de,1.0,0.0,0.06816536807595691,14.670206121174266,-0.0,0.0,0.0,1.0,0.0,0.0,0.0
Alibaba-NLP/gte-multilingual-base,gte-base,EP-4634411-A1_en_q_de,de,1.0,0.0,0.06816536807595691,14.670206121174266,-0.0,0.0,0.0,1.0,0.0,0.0,0.0
Alibaba-NLP/gte-multilingual-base,gte-base,EP-4634287-A1_en_q_es,es,0.8,0.19999999999999996,0.09171030782986332,8.723119777158775,0.7219280948873623,0.0,0.0,0.0,0.8,0.2,0.0
Alibaba-NLP/gte-multilingual-base,gte-base,EP-4633627-A1_en_q_de,de,1.0,0.0,0.06816536807595691,14.670206121174266,-0.0,0.0,0.0,1.0,0.0,0.0,0.0
Alibaba-NLP/gte-multilingual-base,gte-base,EP-4633670-A1_fr_q_fr,fr,0.9,0.09999999999999998,0.37488823604547195,2.4007155025553666,0.4689955935892812,0.0,0.0,0.0,0.1,0.9,0.0
Alibaba-NLP/gte-multilingual-base,gte-base,WO-2025202163-A1_fr_q_fr,fr,1.0,0.0,0.37488823604547195,2.6674616695059625,-0.0,0.0,0.0,0.0,0.0,1.0,0.0
Alibaba-NLP/gte-multilingual-base,gte-base,WO-2025214852-A1_fr_q_fr,fr,1.0,0.0,0.37488823604547195,2.6674616695059625,-0.0,0.0,0.0,0.0,0.0,1.0,0.0
Alibaba-NLP/gte-multilingual-base,gte-base,WO-2025214996-A1_fr_q_fr,fr,1.0,0.0,0.37488823604547195,2.6674616695059625,-0.0,0.0,0.0,0.0,0.0,1.0,0.0
Alibaba-NLP/gte-multilingual-base,gte-base,EP-4630123-A1_de_q_de,de,1.0,0.0,0.06816536807595691,14.670206121174266,-0.0,0.0,0.0,1.0,0.0,0.0,0.0
Alibaba-NLP/gte-multilingual-base,gte-base,EP-4634646-A1_en_q_en,en,1.0,0.0,0.46097841359049685,2.169298974785259,-0.0,0.0,1.0,0.0,0.0,0.0,0.0
Alibaba-NLP/gte-multilingual-base,gte-base,EP-4634294-A1_en_q_en,en,1.0,0.0,0.46097841359049685,2.169298974785259,-0.0,0.0,1.0,0.0,0.0,0.0,0.0
Alibaba-NLP/gte-multilingual-base,gte-base,EP-4634436-A1_fr_q_fr,fr,1.0,0.0,0.37488823604547195,2.6674616695059625,-0.0,0.0,0.0,0.0,0.0,1.0,0.0
Alibaba-NLP/gte-multilingual-base,gte-base,EP-4633761-A1_en_q_en,en,1.0,0.0,0.46097841359049685,2.169298974785259,-0.0,0.0,1.0,0.0,0.0,0.0,0.0
Alibaba-NLP/gte-multilingual-base,gte-base,WO-2025215167-A1_de_q_de,de,1.0,0.0,0.06816536807595691,14.670206121174266,-0.0,0.0,0.0,1.0,0.0,0.0,0.0
Alibaba-NLP/gte-multilingual-base,gte-base,EP-4626962-A1_de_q_en,en,1.0,0.0,0.46097841359049685,2.169298974785259,-0.0,0.0,1.0,0.0,0.0,0.0,0.0
Alibaba-NLP/gte-multilingual-base,gte-base,EP-4626962-A1_de_q_de,de,1.0,0.0,0.06816536807595691,14.670206121174266,-0.0,0.0,0.0,1.0,0.0,0.0,0.0
Alibaba-NLP/gte-multilingual-base,gte-base,EP-4626962-A1_fr_q_fr,fr,1.0,0.0,0.37488823604547195,2.6674616695059625,-0.0,0.0,0.0,0.0,0.0,1.0,0.0
Alibaba-NLP/gte-multilingual-base,gte-base,EP-4626962-A1_de_q_es,es,1.0,0.0,0.09171030782986332,10.903899721448468,-0.0,0.0,0.0,0.0,1.0,0.0,0.0
Alibaba-NLP/gte-multilingual-base,gte-base,WO-2025201936-A1_de_q_en,en,1.0,0.0,0.46097841359049685,2.169298974785259,-0.0,0.0,1.0,0.0,0.0,0.0,0.0
Alibaba-NLP/gte-multilingual-base,gte-base,WO-2025201936-A1_fr_q_fr,fr,1.0,0.0,0.37488823604547195,2.6674616695059625,-0.0,0.0,0.0,0.0,0.0,1.0,0.0
Alibaba-NLP/gte-multilingual-base,gte-base,WO-2025201936-A1_de_q_es,es,0.1,0.9,0.09171030782986332,1.090389972144847,0.4689955935892812,0.0,0.0,0.0,0.1,0.9,0.0
Alibaba-NLP/gte-multilingual-base,gte-base,EP-4634597-A1_en_q_en,en,1.0,0.0,0.46097841359049685,2.169298974785259,-0.0,0.0,1.0,0.0,0.0,0.0,0.0
Alibaba-NLP/gte-multilingual-base,gte-base,EP-4634597-A1_en_q_de,de,0.8,0.19999999999999996,0.06816536807595691,11.736164896939414,0.7219280948873623,0.0,0.0,0.8,0.0,0.2,0.0
Alibaba-NLP/gte-multilingual-base,gte-base,EP-4634597-A1_fr_q_fr,fr,1.0,0.0,0.37488823604547195,2.6674616695059625,-0.0,0.0,0.0,0.0,0.0,1.0,0.0
Alibaba-NLP/gte-multilingual-base,gte-base,EP-4634597-A1_en_q_es,es,0.8,0.19999999999999996,0.09171030782986332,8.723119777158775,0.9219280948873623,0.0,0.1,0.0,0.8,0.1,0.0
Alibaba-NLP/gte-multilingual-base,gte-base,EP-4634381-A1_en_q_zh,zh,0.0,1.0,0.004257674458210925,0.0,-0.0,0.0,0.0,1.0,0.0,0.0,0.0
Alibaba-NLP/gte-multilingual-base,gte-base,EP-4633589-A1_en_q_zh,zh,0.0,1.0,0.004257674458210925,0.0,0.4689955935892812,0.0,0.9,0.1,0.0,0.0,0.0
Alibaba-NLP/gte-multilingual-base,gte-base,EP-4627024-A1_de_q_zh,zh,0.2,0.8,0.004257674458210925,46.974000000000004,0.7219280948873623,0.0,0.0,0.8,0.0,0.0,0.2
Alibaba-NLP/gte-multilingual-base,gte-base,EP-4634926-A1_en_q_zh,zh,0.0,1.0,0.004257674458210925,0.0,1.8954618442383218,0.0,0.3,0.3,0.1,0.3,0.0
Alibaba-NLP/gte-multilingual-base,gte-base,EP-4633863-A2_en_q_zh,zh,0.2,0.8,0.004257674458210925,46.974000000000004,0.7219280948873623,0.0,0.0,0.8,0.0,0.0,0.2
Alibaba-NLP/gte-multilingual-base,gte-base,EP-4633797-A1_en_q_zh,zh,0.2,0.8,0.004257674458210925,46.974000000000004,1.1567796494470395,0.0,0.1,0.7,0.0,0.0,0.2
Alibaba-NLP/gte-multilingual-base,gte-base,EP-4633777-A1_en_q_zh,zh,1.0,0.0,0.004257674458210925,234.87,-0.0,0.0,0.0,0.0,0.0,0.0,1.0
Alibaba-NLP/gte-multilingual-base,gte-base,EP-4633621-A1_en_q_zh,zh,0.1,0.9,0.004257674458210925,23.487000000000002,0.4689955935892812,0.0,0.9,0.0,0.0,0.0,0.1
Alibaba-NLP/gte-multilingual-base,gte-base,EP-4634723-A1_en_q_zh,zh,0.0,1.0,0.004257674458210925,0.0,1.0,0.0,0.5,0.5,0.0,0.0,0.0
Alibaba-NLP/gte-multilingual-base,gte-base,EP-4633581-A1_en_q_zh,zh,0.0,1.0,0.004257674458210925,0.0,1.1567796494470395,0.0,0.0,0.7,0.2,0.1,0.0
Alibaba-NLP/gte-multilingual-base,gte-base,EP-4634416-A1_en_q_zh,zh,1.0,0.0,0.004257674458210925,234.87,-0.0,0.0,0.0,0.0,0.0,0.0,1.0
Alibaba-NLP/gte-multilingual-base,gte-base,EP-4634305-A1_en_q_zh,zh,1.0,0.0,0.004257674458210925,234.87,-0.0,0.0,0.0,0.0,0.0,0.0,1.0
Alibaba-NLP/gte-multilingual-base,gte-base,EP-4633531-A1_en_q_zh,zh,0.0,1.0,0.004257674458210925,0.0,-0.0,0.0,1.0,0.0,0.0,0.0,0.0
Alibaba-NLP/gte-multilingual-base,gte-base,EP-4634333-A1_en_q_zh,zh,1.0,0.0,0.004257674458210925,234.87,-0.0,0.0,0.0,0.0,0.0,0.0,1.0
Alibaba-NLP/gte-multilingual-base,gte-base,EP-4634212-A1_en_q_zh,zh,1.0,0.0,0.004257674458210925,234.87,-0.0,0.0,0.0,0.0,0.0,0.0,1.0
Alibaba-NLP/gte-multilingual-base,gte-base,EP-4629959-A1_de_q_zh,zh,1.0,0.0,0.004257674458210925,234.87,-0.0,0.0,0.0,0.0,0.0,0.0,1.0
Alibaba-NLP/gte-multilingual-base,gte-base,EP-4627881-A1_de_q_zh,zh,0.7,0.30000000000000004,0.004257674458210925,164.409,0.8812908992306927,0.0,0.3,0.0,0.0,0.0,0.7
Alibaba-NLP/gte-multilingual-base,gte-base,EP-4633576-A1_en_q_zh,zh,0.2,0.8,0.004257674458210925,46.974000000000004,1.3709505944546687,0.0,0.2,0.6,0.0,0.0,0.2
Alibaba-NLP/gte-multilingual-base,gte-base,EP-4633742-A2_en_q_zh,zh,0.2,0.8,0.004257674458210925,46.974000000000004,0.7219280948873623,0.0,0.8,0.0,0.0,0.0,0.2
Alibaba-NLP/gte-multilingual-base,gte-base,EP-4633791-A1_en_q_zh,zh,0.2,0.8,0.004257674458210925,46.974000000000004,1.1567796494470395,0.0,0.1,0.7,0.0,0.0,0.2
Alibaba-NLP/gte-multilingual-base,gte-base,EP-4630574-A1_fr_q_fr,fr,0.9,0.09999999999999998,0.37488823604547195,2.4007155025553666,0.4689955935892812,0.0,0.1,0.0,0.0,0.9,0.0
Alibaba-NLP/gte-multilingual-base,gte-base,EP-4634111-A1_fr_q_fr,fr,1.0,0.0,0.37488823604547195,2.6674616695059625,-0.0,0.0,0.0,0.0,0.0,1.0,0.0
Alibaba-NLP/gte-multilingual-base,gte-base,EP-4633622-A2_en_q_es,es,0.1,0.9,0.09171030782986332,1.090389972144847,0.9219280948873623,0.0,0.0,0.8,0.1,0.1,0.0
Alibaba-NLP/gte-multilingual-base,gte-base,EP-4634187-A1_en_q_es_120,es,0.8,0.19999999999999996,0.09171030782986332,8.723119777158775,0.9219280948873623,0.0,0.0,0.1,0.8,0.1,0.0
Alibaba-NLP/gte-multilingual-base,gte-base,EP-4634139-A1_fr_q_fr,fr,0.2,0.8,0.37488823604547195,0.5334923339011926,0.7219280948873623,0.0,0.0,0.0,0.8,0.2,0.0
Alibaba-NLP/gte-multilingual-base,gte-base,EP-4634136-A1_en_q_en,en,1.0,0.0,0.46097841359049685,2.169298974785259,-0.0,0.0,1.0,0.0,0.0,0.0,0.0
Alibaba-NLP/gte-multilingual-base,gte-base,EP-4634136-A1_en_q_de,de,1.0,0.0,0.06816536807595691,14.670206121174266,-0.0,0.0,0.0,1.0,0.0,0.0,0.0
Alibaba-NLP/gte-multilingual-base,gte-base,EP-4634136-A1_fr_q_fr,fr,0.2,0.8,0.37488823604547195,0.5334923339011926,1.4854752972273344,0.0,0.3,0.5,0.0,0.2,0.0
Alibaba-NLP/gte-multilingual-base,gte-base,EP-4634136-A1_en_q_es_125,es,0.0,1.0,0.09171030782986332,0.0,1.4854752972273344,0.0,0.5,0.2,0.0,0.3,0.0
Alibaba-NLP/gte-multilingual-base,gte-base,EP-4634136-A1_zh_q_zh,zh,0.0,1.0,0.004257674458210925,0.0,-0.0,0.0,0.0,1.0,0.0,0.0,0.0
Alibaba-NLP/gte-multilingual-base,gte-base,EP-4634248-A1_en_q_en,en,1.0,0.0,0.46097841359049685,2.169298974785259,-0.0,0.0,1.0,0.0,0.0,0.0,0.0
Alibaba-NLP/gte-multilingual-base,gte-base,EP-4634142-A1_en_q_es,es,0.6,0.4,0.09171030782986332,6.542339832869081,0.9709505944546686,0.0,0.0,0.0,0.6,0.4,0.0
Alibaba-NLP/gte-multilingual-base,gte-base,WO-2025214812-A1_de_q_es,es,0.8,0.19999999999999996,0.09171030782986332,8.723119777158775,0.7219280948873623,0.0,0.0,0.0,0.8,0.2,0.0
Alibaba-NLP/gte-multilingual-base,gte-base,EP-4633662-A1_en_q_de,de,1.0,0.0,0.06816536807595691,14.670206121174266,-0.0,0.0,0.0,1.0,0.0,0.0,0.0
Alibaba-NLP/gte-multilingual-base,gte-base,WO-2025153617-A3_de_q_de,de,1.0,0.0,0.06816536807595691,14.670206121174266,-0.0,0.0,0.0,1.0,0.0,0.0,0.0
Alibaba-NLP/gte-multilingual-base,gte-base,EP-4634596-A1_en_q_en,en,1.0,0.0,0.46097841359049685,2.169298974785259,-0.0,0.0,1.0,0.0,0.0,0.0,0.0
Alibaba-NLP/gte-multilingual-base,gte-base,EP-4634596-A1_en_q_de,de,1.0,0.0,0.06816536807595691,14.670206121174266,-0.0,0.0,0.0,1.0,0.0,0.0,0.0
Alibaba-NLP/gte-multilingual-base,gte-base,EP-4634596-A1_fr_q_fr,fr,1.0,0.0,0.37488823604547195,2.6674616695059625,-0.0,0.0,0.0,0.0,0.0,1.0,0.0
Alibaba-NLP/gte-multilingual-base,gte-base,EP-4634596-A1_en_q_es_135,es,1.0,0.0,0.09171030782986332,10.903899721448468,-0.0,0.0,0.0,0.0,1.0,0.0,0.0
Alibaba-NLP/gte-multilingual-base,gte-base,EP-4634596-A1_zh_q_zh,zh,1.0,0.0,0.004257674458210925,234.87,-0.0,0.0,0.0,0.0,0.0,0.0,1.0
