pack_id,candidate_rank_by_generated_score,is_selected_for_annotation,selected_rank_by_generated_score,is_wild_pack,generated_score_spread,generated_score_min,generated_score_max,annotator_total_score_selected,annotator_failure_type_selected,selected_source_passages,corpus_id,publication_number,mode,strategy,question_language,context_language,generated_total_score,generated_faith_overall,generated_quality_overall,generated_failure_type,question,answer
"EP-4633896-A1_en|technical|3|en|en,fr",1,yes,1,yes,12,25,37,10,none,"[{""language"": ""en"", ""passage"": ""Title: A method of extracting thermoset resin fractions for decomposition and reuse\n\nAbstract: A method of extracting of thermoset epoxy fractions from a composite structure comprising thermoset epoxy matrix having a network structure and embedded solid element(s) is described. The method comprises providing a swelling fluid and soaking the composite structure with the swelling fluid including allowing the thermoset epoxy matrix to swell the swelling fluid into the network structure of the thermoset epoxy matrix for a sufficient time to mechanically break up the network structure to form a multitude of thermoset epoxy fractions liberated from the solid elements. Separating at least a portion of the thermoset epoxy fractions from the solid elements to obtain a swelling fluid slurry comprising the portion of the thermoset epoxy fractions in the swelling fluid. The swelling fluid comprises at least 1 mol/L of formic acid.""}, {""language"": ""fr"", ""passage"": ""Title: Procédé d'extraction de fractions de résine thermodurcies pour décomposition et réutilisation\n\nAbstract: L'invention concerne un procédé d'extraction de fractions époxy thermodurcies à partir d'une structure composite comprenant une matrice d'époxy thermodurcie ayant une structure de réseau et un ou plusieurs éléments solides incorporés. Le procédé comprend la fourniture d'un fluide de gonflement et l'imbibition de la structure composite avec le fluide de gonflement, y compris le fait de permettre à la matrice d'époxy thermodurcie de gonfler le fluide de gonflement dans la structure de réseau de la matrice d'époxy thermodurcie pendant un temps suffisant pour rompre mécaniquement la structure de réseau afin de former une multitude de fractions époxy thermodurcies libérées des éléments solides. Séparation d'au moins une portion des fractions époxy thermodurcies des éléments solides en vue d'obtenir une suspension de fluide gonflant comprenant la portion des fractions époxy thermodurcies dans le fluide de gonflement. Le fluide de gonflement comprend au moins 1 mol/l d'acide formique.""}]",EP-4633896-A1_en,EP-4633896-A1,technical,3,en,"en,fr",37,15,22,none,What concentration of formic acid is in the swelling fluid?,at least 1 mol/L of formic acid.
"EP-4633896-A1_en|technical|3|en|en,fr",2,no,1,yes,12,25,37,10,none,"[{""language"": ""en"", ""passage"": ""Title: A method of extracting thermoset resin fractions for decomposition and reuse\n\nAbstract: A method of extracting of thermoset epoxy fractions from a composite structure comprising thermoset epoxy matrix having a network structure and embedded solid element(s) is described. The method comprises providing a swelling fluid and soaking the composite structure with the swelling fluid including allowing the thermoset epoxy matrix to swell the swelling fluid into the network structure of the thermoset epoxy matrix for a sufficient time to mechanically break up the network structure to form a multitude of thermoset epoxy fractions liberated from the solid elements. Separating at least a portion of the thermoset epoxy fractions from the solid elements to obtain a swelling fluid slurry comprising the portion of the thermoset epoxy fractions in the swelling fluid. The swelling fluid comprises at least 1 mol/L of formic acid.""}, {""language"": ""fr"", ""passage"": ""Title: Procédé d'extraction de fractions de résine thermodurcies pour décomposition et réutilisation\n\nAbstract: L'invention concerne un procédé d'extraction de fractions époxy thermodurcies à partir d'une structure composite comprenant une matrice d'époxy thermodurcie ayant une structure de réseau et un ou plusieurs éléments solides incorporés. Le procédé comprend la fourniture d'un fluide de gonflement et l'imbibition de la structure composite avec le fluide de gonflement, y compris le fait de permettre à la matrice d'époxy thermodurcie de gonfler le fluide de gonflement dans la structure de réseau de la matrice d'époxy thermodurcie pendant un temps suffisant pour rompre mécaniquement la structure de réseau afin de former une multitude de fractions époxy thermodurcies libérées des éléments solides. Séparation d'au moins une portion des fractions époxy thermodurcies des éléments solides en vue d'obtenir une suspension de fluide gonflant comprenant la portion des fractions époxy thermodurcies dans le fluide de gonflement. Le fluide de gonflement comprend au moins 1 mol/l d'acide formique.""}]",EP-4633896-A1_en,EP-4633896-A1,technical,3,en,"en,fr",28,12,16,weak-query-shape,What is formed when the network structure is mechanically broken up?,to form a multitude of thermoset epoxy fractions liberated from the solid elements.
"EP-4633896-A1_en|technical|3|en|en,fr",3,no,1,yes,12,25,37,10,none,"[{""language"": ""en"", ""passage"": ""Title: A method of extracting thermoset resin fractions for decomposition and reuse\n\nAbstract: A method of extracting of thermoset epoxy fractions from a composite structure comprising thermoset epoxy matrix having a network structure and embedded solid element(s) is described. The method comprises providing a swelling fluid and soaking the composite structure with the swelling fluid including allowing the thermoset epoxy matrix to swell the swelling fluid into the network structure of the thermoset epoxy matrix for a sufficient time to mechanically break up the network structure to form a multitude of thermoset epoxy fractions liberated from the solid elements. Separating at least a portion of the thermoset epoxy fractions from the solid elements to obtain a swelling fluid slurry comprising the portion of the thermoset epoxy fractions in the swelling fluid. The swelling fluid comprises at least 1 mol/L of formic acid.""}, {""language"": ""fr"", ""passage"": ""Title: Procédé d'extraction de fractions de résine thermodurcies pour décomposition et réutilisation\n\nAbstract: L'invention concerne un procédé d'extraction de fractions époxy thermodurcies à partir d'une structure composite comprenant une matrice d'époxy thermodurcie ayant une structure de réseau et un ou plusieurs éléments solides incorporés. Le procédé comprend la fourniture d'un fluide de gonflement et l'imbibition de la structure composite avec le fluide de gonflement, y compris le fait de permettre à la matrice d'époxy thermodurcie de gonfler le fluide de gonflement dans la structure de réseau de la matrice d'époxy thermodurcie pendant un temps suffisant pour rompre mécaniquement la structure de réseau afin de former une multitude de fractions époxy thermodurcies libérées des éléments solides. Séparation d'au moins une portion des fractions époxy thermodurcies des éléments solides en vue d'obtenir une suspension de fluide gonflant comprenant la portion des fractions époxy thermodurcies dans le fluide de gonflement. Le fluide de gonflement comprend au moins 1 mol/l d'acide formique.""}]",EP-4633896-A1_en,EP-4633896-A1,technical,3,en,"en,fr",25,15,10,document-phrasing,What does the method comprise providing?,a swelling fluid
"EP-4633462-A1_en|technical|3|en|en,fr",1,yes,1,yes,11,22,33,9,document-phrasing,"[{""language"": ""en"", ""passage"": ""Title: Dermal sensor for determining analyte concentrations\n\nAbstract: A monitor for determining analyte concentrations in vivo, includes a housing configured to adhere to the skin of a subject, an elongate sensor body configured to extend from the housing into the skin of the subject, an analyte sensing region positioned on the sensor body such that the analyte sensing region is configured to be held in the dermis of the skin of the subject, and at least one engagement surface configured to facilitate increased anchoring of the sensor body in the skin of the subject.""}, {""language"": ""fr"", ""passage"": ""Title: Capteur dermique servant à déterminer des concentrations d'analyte\n\nAbstract: Un moniteur servant à déterminer des concentrations d'analyte in vivo comprend un boîtier configuré pour adhérer à la peau d'un sujet, un corps de capteur allongé configuré pour s'étendre depuis le boîtier dans la peau du sujet, une région de détection d'analyte positionnée sur le corps de capteur de sorte que la région de détection d'analyte est configurée pour être maintenue dans le derme de la peau du sujet, et au moins une surface de mise en prise configurée pour faciliter un ancrage accru du corps de capteur dans la peau du sujet.""}]",EP-4633462-A1_en,EP-4633462-A1,technical,3,en,"en,fr",33,15,18,weak-query-shape,Where is the analyte sensing region configured to be held?,in the dermis of the skin of the subject
"EP-4633462-A1_en|technical|3|en|en,fr",2,no,1,yes,11,22,33,9,document-phrasing,"[{""language"": ""en"", ""passage"": ""Title: Dermal sensor for determining analyte concentrations\n\nAbstract: A monitor for determining analyte concentrations in vivo, includes a housing configured to adhere to the skin of a subject, an elongate sensor body configured to extend from the housing into the skin of the subject, an analyte sensing region positioned on the sensor body such that the analyte sensing region is configured to be held in the dermis of the skin of the subject, and at least one engagement surface configured to facilitate increased anchoring of the sensor body in the skin of the subject.""}, {""language"": ""fr"", ""passage"": ""Title: Capteur dermique servant à déterminer des concentrations d'analyte\n\nAbstract: Un moniteur servant à déterminer des concentrations d'analyte in vivo comprend un boîtier configuré pour adhérer à la peau d'un sujet, un corps de capteur allongé configuré pour s'étendre depuis le boîtier dans la peau du sujet, une région de détection d'analyte positionnée sur le corps de capteur de sorte que la région de détection d'analyte est configurée pour être maintenue dans le derme de la peau du sujet, et au moins une surface de mise en prise configurée pour faciliter un ancrage accru du corps de capteur dans la peau du sujet.""}]",EP-4633462-A1_en,EP-4633462-A1,technical,3,en,"en,fr",29,13,16,weak-query-shape,What part is configured to adhere to the skin of a subject?,a housing configured to adhere to the skin of a subject
"EP-4633462-A1_en|technical|3|en|en,fr",3,no,1,yes,11,22,33,9,document-phrasing,"[{""language"": ""en"", ""passage"": ""Title: Dermal sensor for determining analyte concentrations\n\nAbstract: A monitor for determining analyte concentrations in vivo, includes a housing configured to adhere to the skin of a subject, an elongate sensor body configured to extend from the housing into the skin of the subject, an analyte sensing region positioned on the sensor body such that the analyte sensing region is configured to be held in the dermis of the skin of the subject, and at least one engagement surface configured to facilitate increased anchoring of the sensor body in the skin of the subject.""}, {""language"": ""fr"", ""passage"": ""Title: Capteur dermique servant à déterminer des concentrations d'analyte\n\nAbstract: Un moniteur servant à déterminer des concentrations d'analyte in vivo comprend un boîtier configuré pour adhérer à la peau d'un sujet, un corps de capteur allongé configuré pour s'étendre depuis le boîtier dans la peau du sujet, une région de détection d'analyte positionnée sur le corps de capteur de sorte que la région de détection d'analyte est configurée pour être maintenue dans le derme de la peau du sujet, et au moins une surface de mise en prise configurée pour faciliter un ancrage accru du corps de capteur dans la peau du sujet.""}]",EP-4633462-A1_en,EP-4633462-A1,technical,3,en,"en,fr",22,10,12,broad-summary,What does the monitor determine in vivo?,determining analyte concentrations in vivo
"EP-4633950-A1_en|technical|4|es|en,fr",1,yes,1,yes,11,24,35,8,language-issue,"[{""language"": ""en"", ""passage"": ""Title: Use of a triple-structured steel in an acidic environment\n\nAbstract: The invention relates to the use of a steel material in contact with an acidic medium that has a pH of less than 5, the steel material being composed of grains comprising a matrix within which precipitates are incorporated, the steel material comprising i) chromium, nickel, carbon, oxygen, manganese, molybdenum, silicon, phosphorus, sulfur, other elements and iron; ii) spherical precipitates, the size of which is between 1 nm and 150 nm; iii) equiaxed, non-columnar grains, the size of which is less than 40 µm; and iv) between 68% and 82% HAGBs, between 1% and 16% LAGBs, and between 9% and 26% twin boundaries.""}, {""language"": ""fr"", ""passage"": ""Title: Utilisation d'un acier à triple structuration dans un environnement acide\n\nAbstract: Utilisation d'un matériau en acier au contact d'un milieu acide présentant un pH inférieur à 5, le matériau en acier étant composé de grains comprenant une matrice dans laquelle sont incorporés des précipités, le matériau en acier comprenant i) du chrome, du nickel, du carbone, de l'oxygène, du manganèse, du molybdène, du silicium, du phosphore, du soufre, d'autres éléments et du fer, ii) des précipités sphériques, de taille variant entre 1 nm et 150 nm, iii) des grains non colonnaires équiaxes dont la taille est inférieure à 40 µm, et iv) entre 68 % et 82 % de joints de grain de type HAGB, entre 1 % et 16 % de joints de type LAGB, et entre 9 % et 26 % de joints de macles Pas de figure d'abrégé.""}]",EP-4633950-A1_en,EP-4633950-A1,technical,4,es,"en,fr",35,13,22,none,tamaño de los precipitados esféricos,between 1 nm and 150 nm
"EP-4633950-A1_en|technical|4|es|en,fr",2,no,1,yes,11,24,35,8,language-issue,"[{""language"": ""en"", ""passage"": ""Title: Use of a triple-structured steel in an acidic environment\n\nAbstract: The invention relates to the use of a steel material in contact with an acidic medium that has a pH of less than 5, the steel material being composed of grains comprising a matrix within which precipitates are incorporated, the steel material comprising i) chromium, nickel, carbon, oxygen, manganese, molybdenum, silicon, phosphorus, sulfur, other elements and iron; ii) spherical precipitates, the size of which is between 1 nm and 150 nm; iii) equiaxed, non-columnar grains, the size of which is less than 40 µm; and iv) between 68% and 82% HAGBs, between 1% and 16% LAGBs, and between 9% and 26% twin boundaries.""}, {""language"": ""fr"", ""passage"": ""Title: Utilisation d'un acier à triple structuration dans un environnement acide\n\nAbstract: Utilisation d'un matériau en acier au contact d'un milieu acide présentant un pH inférieur à 5, le matériau en acier étant composé de grains comprenant une matrice dans laquelle sont incorporés des précipités, le matériau en acier comprenant i) du chrome, du nickel, du carbone, de l'oxygène, du manganèse, du molybdène, du silicium, du phosphore, du soufre, d'autres éléments et du fer, ii) des précipités sphériques, de taille variant entre 1 nm et 150 nm, iii) des grains non colonnaires équiaxes dont la taille est inférieure à 40 µm, et iv) entre 68 % et 82 % de joints de grain de type HAGB, entre 1 % et 16 % de joints de type LAGB, et entre 9 % et 26 % de joints de macles Pas de figure d'abrégé.""}]",EP-4633950-A1_en,EP-4633950-A1,technical,4,es,"en,fr",32,12,20,broad-summary,pH del medio ácido,a pH of less than 5
"EP-4633950-A1_en|technical|4|es|en,fr",3,no,1,yes,11,24,35,8,language-issue,"[{""language"": ""en"", ""passage"": ""Title: Use of a triple-structured steel in an acidic environment\n\nAbstract: The invention relates to the use of a steel material in contact with an acidic medium that has a pH of less than 5, the steel material being composed of grains comprising a matrix within which precipitates are incorporated, the steel material comprising i) chromium, nickel, carbon, oxygen, manganese, molybdenum, silicon, phosphorus, sulfur, other elements and iron; ii) spherical precipitates, the size of which is between 1 nm and 150 nm; iii) equiaxed, non-columnar grains, the size of which is less than 40 µm; and iv) between 68% and 82% HAGBs, between 1% and 16% LAGBs, and between 9% and 26% twin boundaries.""}, {""language"": ""fr"", ""passage"": ""Title: Utilisation d'un acier à triple structuration dans un environnement acide\n\nAbstract: Utilisation d'un matériau en acier au contact d'un milieu acide présentant un pH inférieur à 5, le matériau en acier étant composé de grains comprenant une matrice dans laquelle sont incorporés des précipités, le matériau en acier comprenant i) du chrome, du nickel, du carbone, de l'oxygène, du manganèse, du molybdène, du silicium, du phosphore, du soufre, d'autres éléments et du fer, ii) des précipités sphériques, de taille variant entre 1 nm et 150 nm, iii) des grains non colonnaires équiaxes dont la taille est inférieure à 40 µm, et iv) entre 68 % et 82 % de joints de grain de type HAGB, entre 1 % et 16 % de joints de type LAGB, et entre 9 % et 26 % de joints de macles Pas de figure d'abrégé.""}]",EP-4633950-A1_en,EP-4633950-A1,technical,4,es,"en,fr",24,14,10,broad-summary,elementos presentes en el material de acero,"chromium, nickel, carbon, oxygen, manganese, molybdenum, silicon, phosphorus, sulfur, other elements and iron"
"EP-4634601-A1_en|technical|1|en|en,fr",1,yes,1,yes,11,24,35,10,none,"[{""language"": ""en"", ""passage"": ""Title: Weapons and weapon components including surface coatings\n\nAbstract: Molds and dies with surface coatings are described. A surface of the mold or die that, contacts a material to be processed can include a surface coating. The surface coating ca include many different materials man may include a metal or metal alloy such as, for example, a molybdenum alloy.""}, {""language"": ""fr"", ""passage"": ""Title: Armes et composants d'arme comprenant des revêtements de surface\n\nAbstract: L'invention concerne des moules et des matrices avec des revêtements de surface. Une surface du moule ou de la matrice qui entre en contact avec un matériau à traiter peut comprendre un revêtement de surface. Le revêtement de surface peut comprend de nombreux matériaux différents qui peuvent comprendre un métal ou un alliage métallique tel que, par exemple, un alliage de molybdène.""}]",EP-4634601-A1_en,EP-4634601-A1,technical,1,en,"en,fr",35,15,20,none,What metal alloy is given as an example for the surface coating?,a molybdenum alloy.
"EP-4634601-A1_en|technical|1|en|en,fr",2,no,1,yes,11,24,35,10,none,"[{""language"": ""en"", ""passage"": ""Title: Weapons and weapon components including surface coatings\n\nAbstract: Molds and dies with surface coatings are described. A surface of the mold or die that, contacts a material to be processed can include a surface coating. The surface coating ca include many different materials man may include a metal or metal alloy such as, for example, a molybdenum alloy.""}, {""language"": ""fr"", ""passage"": ""Title: Armes et composants d'arme comprenant des revêtements de surface\n\nAbstract: L'invention concerne des moules et des matrices avec des revêtements de surface. Une surface du moule ou de la matrice qui entre en contact avec un matériau à traiter peut comprendre un revêtement de surface. Le revêtement de surface peut comprend de nombreux matériaux différents qui peuvent comprendre un métal ou un alliage métallique tel que, par exemple, un alliage de molybdène.""}]",EP-4634601-A1_en,EP-4634601-A1,technical,1,en,"en,fr",27,14,13,weak-query-shape,What part of the mold or die can include a surface coating?,"A surface of the mold or die that, contacts a material to be processed can include a surface coating."
"EP-4634601-A1_en|technical|1|en|en,fr",3,no,1,yes,11,24,35,10,none,"[{""language"": ""en"", ""passage"": ""Title: Weapons and weapon components including surface coatings\n\nAbstract: Molds and dies with surface coatings are described. A surface of the mold or die that, contacts a material to be processed can include a surface coating. The surface coating ca include many different materials man may include a metal or metal alloy such as, for example, a molybdenum alloy.""}, {""language"": ""fr"", ""passage"": ""Title: Armes et composants d'arme comprenant des revêtements de surface\n\nAbstract: L'invention concerne des moules et des matrices avec des revêtements de surface. Une surface du moule ou de la matrice qui entre en contact avec un matériau à traiter peut comprendre un revêtement de surface. Le revêtement de surface peut comprend de nombreux matériaux différents qui peuvent comprendre un métal ou un alliage métallique tel que, par exemple, un alliage de molybdène.""}]",EP-4634601-A1_en,EP-4634601-A1,technical,1,en,"en,fr",24,15,9,broad-summary,What items are described?,Molds and dies with surface coatings are described.
"WO-2025201606-A1_de|semantic|2|es|de,fr",1,yes,1,yes,11,25,36,9,none,"[{""language"": ""de"", ""passage"": ""Title: Verfahren zum erzeugen einer antimikrobiellen polymeroberfläche und material mit einer antimikrobiellen polymeroberfläche\n\nAbstract: Die Erfindung betrifft ein Verfahren zum Erzeugen einer antimikrobiellen Polymeroberfläche, speziell einer antimikrobiellen Biopolymeroberfläche, wobei eine Oberfläche, enthaltend mindestens ein Polymer, speziell ein Biopolymer, bereitgestellt wird und die bereitgestellte Oberfläche ausschließlich mit energiereichen Elektronen unter Anwesenheit einer sauerstoffhaltigen Atmosphäre, vorzugsweise Luft, und unter Abwesenheit weiterer Substanzen behandelt wird, wobei eine vorgegebene Elektronenenergie mit einer vorgegebenen Gesamtdosis in Sequenzen bei vorgegeben Prozessdosisleistungen auf die Oberfläche appliziert wird. Ferner betrifft die Erfindung ein Material mit einer solchen antimikrobiellen Polymeroberfläche.""}, {""language"": ""fr"", ""passage"": ""Title: Procédé de production d'une surface polymère antimicrobienne et matériau ayant une surface polymère antimicrobienne\n\nAbstract: L'invention concerne un procédé de production d'une surface polymère antimicrobienne, en particulier d'une surface biopolymère antimicrobienne, une surface contenant au moins un polymère, en particulier un biopolymère, étant fournie et la surface fournie étant traitée exclusivement avec des électrons à haute énergie en présence d'une atmosphère contenant de l'oxygène, de préférence de l'air, et en l'absence d'autres substances, une énergie d'électrons spécifiée étant appliquée à la surface à une dose totale spécifiée dans des séquences à des débits de dose de traitement spécifiés. L'invention concerne en outre un matériau ayant une telle surface polymère antimicrobienne.""}]",WO-2025201606-A1_de,WO-2025201606-A1,semantic,2,es,"de,fr",36,14,22,none,¿Qué método propone el documento para dotar de actividad antimicrobiana a una superficie polimérica sin añadir otras sustancias?,"die bereitgestellte Oberfläche ausschließlich mit energiereichen Elektronen unter Anwesenheit einer sauerstoffhaltigen Atmosphäre, vorzugsweise Luft, und unter Abwesenheit weiterer Substanzen behandelt wird,"
"WO-2025201606-A1_de|semantic|2|es|de,fr",2,no,1,yes,11,25,36,9,none,"[{""language"": ""de"", ""passage"": ""Title: Verfahren zum erzeugen einer antimikrobiellen polymeroberfläche und material mit einer antimikrobiellen polymeroberfläche\n\nAbstract: Die Erfindung betrifft ein Verfahren zum Erzeugen einer antimikrobiellen Polymeroberfläche, speziell einer antimikrobiellen Biopolymeroberfläche, wobei eine Oberfläche, enthaltend mindestens ein Polymer, speziell ein Biopolymer, bereitgestellt wird und die bereitgestellte Oberfläche ausschließlich mit energiereichen Elektronen unter Anwesenheit einer sauerstoffhaltigen Atmosphäre, vorzugsweise Luft, und unter Abwesenheit weiterer Substanzen behandelt wird, wobei eine vorgegebene Elektronenenergie mit einer vorgegebenen Gesamtdosis in Sequenzen bei vorgegeben Prozessdosisleistungen auf die Oberfläche appliziert wird. Ferner betrifft die Erfindung ein Material mit einer solchen antimikrobiellen Polymeroberfläche.""}, {""language"": ""fr"", ""passage"": ""Title: Procédé de production d'une surface polymère antimicrobienne et matériau ayant une surface polymère antimicrobienne\n\nAbstract: L'invention concerne un procédé de production d'une surface polymère antimicrobienne, en particulier d'une surface biopolymère antimicrobienne, une surface contenant au moins un polymère, en particulier un biopolymère, étant fournie et la surface fournie étant traitée exclusivement avec des électrons à haute énergie en présence d'une atmosphère contenant de l'oxygène, de préférence de l'air, et en l'absence d'autres substances, une énergie d'électrons spécifiée étant appliquée à la surface à une dose totale spécifiée dans des séquences à des débits de dose de traitement spécifiés. L'invention concerne en outre un matériau ayant une telle surface polymère antimicrobienne.""}]",WO-2025201606-A1_de,WO-2025201606-A1,semantic,2,es,"de,fr",27,14,13,too-extractive,¿Qué producto final o tipo de material se obtiene con el tratamiento de la superficie según el procedimiento?,Ferner betrifft die Erfindung ein Material mit einer solchen antimikrobiellen Polymeroberfläche.
"WO-2025201606-A1_de|semantic|2|es|de,fr",3,no,1,yes,11,25,36,9,none,"[{""language"": ""de"", ""passage"": ""Title: Verfahren zum erzeugen einer antimikrobiellen polymeroberfläche und material mit einer antimikrobiellen polymeroberfläche\n\nAbstract: Die Erfindung betrifft ein Verfahren zum Erzeugen einer antimikrobiellen Polymeroberfläche, speziell einer antimikrobiellen Biopolymeroberfläche, wobei eine Oberfläche, enthaltend mindestens ein Polymer, speziell ein Biopolymer, bereitgestellt wird und die bereitgestellte Oberfläche ausschließlich mit energiereichen Elektronen unter Anwesenheit einer sauerstoffhaltigen Atmosphäre, vorzugsweise Luft, und unter Abwesenheit weiterer Substanzen behandelt wird, wobei eine vorgegebene Elektronenenergie mit einer vorgegebenen Gesamtdosis in Sequenzen bei vorgegeben Prozessdosisleistungen auf die Oberfläche appliziert wird. Ferner betrifft die Erfindung ein Material mit einer solchen antimikrobiellen Polymeroberfläche.""}, {""language"": ""fr"", ""passage"": ""Title: Procédé de production d'une surface polymère antimicrobienne et matériau ayant une surface polymère antimicrobienne\n\nAbstract: L'invention concerne un procédé de production d'une surface polymère antimicrobienne, en particulier d'une surface biopolymère antimicrobienne, une surface contenant au moins un polymère, en particulier un biopolymère, étant fournie et la surface fournie étant traitée exclusivement avec des électrons à haute énergie en présence d'une atmosphère contenant de l'oxygène, de préférence de l'air, et en l'absence d'autres substances, une énergie d'électrons spécifiée étant appliquée à la surface à une dose totale spécifiée dans des séquences à des débits de dose de traitement spécifiés. L'invention concerne en outre un matériau ayant une telle surface polymère antimicrobienne.""}]",WO-2025201606-A1_de,WO-2025201606-A1,semantic,2,es,"de,fr",25,9,16,too-generic,¿Qué necesidad o limitación en superficies poliméricas busca solucionar el procedimiento descrito?,"Die Erfindung betrifft ein Verfahren zum Erzeugen einer antimikrobiellen Polymeroberfläche, speziell einer antimikrobiellen Biopolymeroberfläche,"
"EP-4633645-A1_fr|technical|1|fr|en,fr",1,yes,1,yes,10,26,36,9,none,"[{""language"": ""en"", ""passage"": ""Title: Adenosine derivatives for use in the treatment of neurodegenerative disorders and cancer\n\nAbstract: The invention relates to a compound of General Formula (I): (General Formula I) wherein R 1 and R 2 are as defined herein; for use in the treatment of neurodegenerative diseases or conditions that are characterised by an elevated level of Ubiquitin Ser65 phosphorylation and/or in the treatment of cancer. The invention also relates to pharmaceutical compositions and combination therapeutic agents comprising compounds of formula (I) for treating these conditions as well to a method of treating such diseases and conditions using the compounds of General Formula (I).""}, {""language"": ""fr"", ""passage"": ""Title: Dérivés d'adénosine destinés à être utilisés dans le traitement de troubles neurodégénératifs et du cancer\n\nAbstract: L'invention concerne un composé représenté par la formule générale (I) : (Formule générale I) dans laquelle R 1 et R 2 sont tels que définis dans la description ; pour une utilisation dans le traitement de maladies ou d'affections neurodégénératives qui sont caractérisées par un niveau élevé de phosphorylation de l'ubiquitine Ser65 et/ou dans le traitement du cancer. L'invention concerne également des compositions pharmaceutiques et des agents thérapeutiques associés comprenant des composés de formule (I) pour traiter ces affections, ainsi qu'une méthode de traitement de telles maladies et affections à l'aide des composés de formule générale (I).""}]",EP-4633645-A1_fr,EP-4633645-A1,technical,1,fr,"en,fr",36,14,22,none,Quel marqueur moléculaire est élevé dans les maladies neurodégénératives visées ?,un niveau élevé de phosphorylation de l'ubiquitine Ser65
"EP-4633645-A1_fr|technical|1|fr|en,fr",2,no,1,yes,10,26,36,9,none,"[{""language"": ""en"", ""passage"": ""Title: Adenosine derivatives for use in the treatment of neurodegenerative disorders and cancer\n\nAbstract: The invention relates to a compound of General Formula (I): (General Formula I) wherein R 1 and R 2 are as defined herein; for use in the treatment of neurodegenerative diseases or conditions that are characterised by an elevated level of Ubiquitin Ser65 phosphorylation and/or in the treatment of cancer. The invention also relates to pharmaceutical compositions and combination therapeutic agents comprising compounds of formula (I) for treating these conditions as well to a method of treating such diseases and conditions using the compounds of General Formula (I).""}, {""language"": ""fr"", ""passage"": ""Title: Dérivés d'adénosine destinés à être utilisés dans le traitement de troubles neurodégénératifs et du cancer\n\nAbstract: L'invention concerne un composé représenté par la formule générale (I) : (Formule générale I) dans laquelle R 1 et R 2 sont tels que définis dans la description ; pour une utilisation dans le traitement de maladies ou d'affections neurodégénératives qui sont caractérisées par un niveau élevé de phosphorylation de l'ubiquitine Ser65 et/ou dans le traitement du cancer. L'invention concerne également des compositions pharmaceutiques et des agents thérapeutiques associés comprenant des composés de formule (I) pour traiter ces affections, ainsi qu'une méthode de traitement de telles maladies et affections à l'aide des composés de formule générale (I).""}]",EP-4633645-A1_fr,EP-4633645-A1,technical,1,fr,"en,fr",27,14,13,weak-query-shape,Quel est le numéro de la formule générale du composé ?,la formule générale (I)
"EP-4633645-A1_fr|technical|1|fr|en,fr",3,no,1,yes,10,26,36,9,none,"[{""language"": ""en"", ""passage"": ""Title: Adenosine derivatives for use in the treatment of neurodegenerative disorders and cancer\n\nAbstract: The invention relates to a compound of General Formula (I): (General Formula I) wherein R 1 and R 2 are as defined herein; for use in the treatment of neurodegenerative diseases or conditions that are characterised by an elevated level of Ubiquitin Ser65 phosphorylation and/or in the treatment of cancer. The invention also relates to pharmaceutical compositions and combination therapeutic agents comprising compounds of formula (I) for treating these conditions as well to a method of treating such diseases and conditions using the compounds of General Formula (I).""}, {""language"": ""fr"", ""passage"": ""Title: Dérivés d'adénosine destinés à être utilisés dans le traitement de troubles neurodégénératifs et du cancer\n\nAbstract: L'invention concerne un composé représenté par la formule générale (I) : (Formule générale I) dans laquelle R 1 et R 2 sont tels que définis dans la description ; pour une utilisation dans le traitement de maladies ou d'affections neurodégénératives qui sont caractérisées par un niveau élevé de phosphorylation de l'ubiquitine Ser65 et/ou dans le traitement du cancer. L'invention concerne également des compositions pharmaceutiques et des agents thérapeutiques associés comprenant des composés de formule (I) pour traiter ces affections, ainsi qu'une méthode de traitement de telles maladies et affections à l'aide des composés de formule générale (I).""}]",EP-4633645-A1_fr,EP-4633645-A1,technical,1,fr,"en,fr",26,14,12,document-phrasing,Quelle autre indication thérapeutique est mentionnée pour les composés de formule (I) ?,dans le traitement du cancer.
"EP-4633950-A1_en|technical|4|en|en,fr",1,yes,1,yes,10,25,35,9,none,"[{""language"": ""en"", ""passage"": ""Title: Use of a triple-structured steel in an acidic environment\n\nAbstract: The invention relates to the use of a steel material in contact with an acidic medium that has a pH of less than 5, the steel material being composed of grains comprising a matrix within which precipitates are incorporated, the steel material comprising i) chromium, nickel, carbon, oxygen, manganese, molybdenum, silicon, phosphorus, sulfur, other elements and iron; ii) spherical precipitates, the size of which is between 1 nm and 150 nm; iii) equiaxed, non-columnar grains, the size of which is less than 40 µm; and iv) between 68% and 82% HAGBs, between 1% and 16% LAGBs, and between 9% and 26% twin boundaries.""}, {""language"": ""fr"", ""passage"": ""Title: Utilisation d'un acier à triple structuration dans un environnement acide\n\nAbstract: Utilisation d'un matériau en acier au contact d'un milieu acide présentant un pH inférieur à 5, le matériau en acier étant composé de grains comprenant une matrice dans laquelle sont incorporés des précipités, le matériau en acier comprenant i) du chrome, du nickel, du carbone, de l'oxygène, du manganèse, du molybdène, du silicium, du phosphore, du soufre, d'autres éléments et du fer, ii) des précipités sphériques, de taille variant entre 1 nm et 150 nm, iii) des grains non colonnaires équiaxes dont la taille est inférieure à 40 µm, et iv) entre 68 % et 82 % de joints de grain de type HAGB, entre 1 % et 16 % de joints de type LAGB, et entre 9 % et 26 % de joints de macles Pas de figure d'abrégé.""}]",EP-4633950-A1_en,EP-4633950-A1,technical,4,en,"en,fr",35,15,20,none,What is the percentage range of HAGBs in the steel?,between 68% and 82% HAGBs
"EP-4633950-A1_en|technical|4|en|en,fr",2,no,1,yes,10,25,35,9,none,"[{""language"": ""en"", ""passage"": ""Title: Use of a triple-structured steel in an acidic environment\n\nAbstract: The invention relates to the use of a steel material in contact with an acidic medium that has a pH of less than 5, the steel material being composed of grains comprising a matrix within which precipitates are incorporated, the steel material comprising i) chromium, nickel, carbon, oxygen, manganese, molybdenum, silicon, phosphorus, sulfur, other elements and iron; ii) spherical precipitates, the size of which is between 1 nm and 150 nm; iii) equiaxed, non-columnar grains, the size of which is less than 40 µm; and iv) between 68% and 82% HAGBs, between 1% and 16% LAGBs, and between 9% and 26% twin boundaries.""}, {""language"": ""fr"", ""passage"": ""Title: Utilisation d'un acier à triple structuration dans un environnement acide\n\nAbstract: Utilisation d'un matériau en acier au contact d'un milieu acide présentant un pH inférieur à 5, le matériau en acier étant composé de grains comprenant une matrice dans laquelle sont incorporés des précipités, le matériau en acier comprenant i) du chrome, du nickel, du carbone, de l'oxygène, du manganèse, du molybdène, du silicium, du phosphore, du soufre, d'autres éléments et du fer, ii) des précipités sphériques, de taille variant entre 1 nm et 150 nm, iii) des grains non colonnaires équiaxes dont la taille est inférieure à 40 µm, et iv) entre 68 % et 82 % de joints de grain de type HAGB, entre 1 % et 16 % de joints de type LAGB, et entre 9 % et 26 % de joints de macles Pas de figure d'abrégé.""}]",EP-4633950-A1_en,EP-4633950-A1,technical,4,en,"en,fr",30,15,15,broad-summary,What pH is the acidic medium?,a pH of less than 5
"EP-4633950-A1_en|technical|4|en|en,fr",3,no,1,yes,10,25,35,9,none,"[{""language"": ""en"", ""passage"": ""Title: Use of a triple-structured steel in an acidic environment\n\nAbstract: The invention relates to the use of a steel material in contact with an acidic medium that has a pH of less than 5, the steel material being composed of grains comprising a matrix within which precipitates are incorporated, the steel material comprising i) chromium, nickel, carbon, oxygen, manganese, molybdenum, silicon, phosphorus, sulfur, other elements and iron; ii) spherical precipitates, the size of which is between 1 nm and 150 nm; iii) equiaxed, non-columnar grains, the size of which is less than 40 µm; and iv) between 68% and 82% HAGBs, between 1% and 16% LAGBs, and between 9% and 26% twin boundaries.""}, {""language"": ""fr"", ""passage"": ""Title: Utilisation d'un acier à triple structuration dans un environnement acide\n\nAbstract: Utilisation d'un matériau en acier au contact d'un milieu acide présentant un pH inférieur à 5, le matériau en acier étant composé de grains comprenant une matrice dans laquelle sont incorporés des précipités, le matériau en acier comprenant i) du chrome, du nickel, du carbone, de l'oxygène, du manganèse, du molybdène, du silicium, du phosphore, du soufre, d'autres éléments et du fer, ii) des précipités sphériques, de taille variant entre 1 nm et 150 nm, iii) des grains non colonnaires équiaxes dont la taille est inférieure à 40 µm, et iv) entre 68 % et 82 % de joints de grain de type HAGB, entre 1 % et 16 % de joints de type LAGB, et entre 9 % et 26 % de joints de macles Pas de figure d'abrégé.""}]",EP-4633950-A1_en,EP-4633950-A1,technical,4,en,"en,fr",25,14,11,broad-summary,What elements does the steel material comprise?,"chromium, nickel, carbon, oxygen, manganese, molybdenum, silicon, phosphorus, sulfur, other elements and iron;"
"EP-4634337-A1_en|technical|3|en|en,fr",1,yes,1,yes,10,27,37,9,none,"[{""language"": ""en"", ""passage"": ""Title: Laboratory scale fluid catalytic cracking unit for co-refining bio-based feedstocks\n\nAbstract: The invention relates to a test unit, particularly for the study of catalysts in reactions involving at least one catalyst and at least one reagent, such as fluid catalytic cracking reactions. The test unit comprises a downer, separator, riser, catalyst regenerator, and optional catalyst buffer. Transport of the catalyst is performed by screw conveyors.""}, {""language"": ""fr"", ""passage"": ""Title: Unité de craquage catalytique de fluide à l'échelle de laboratoire pour co-raffiner des charges d'alimentation d'origine biologique\n\nAbstract: L'invention concerne une unité de test, en particulier pour l'étude de catalyseurs dans des réactions impliquant au moins un catalyseur et au moins un réactif, tels que des réactions de craquage catalytique fluide. L'unité de test comprend une colonne descendante, un séparateur, une colonne montante, un régénérateur de catalyseur et un tampon de catalyseur facultatif. Le transport du catalyseur est effectué par des transporteurs à vis.""}]",EP-4634337-A1_en,EP-4634337-A1,technical,3,en,"en,fr",37,15,22,none,What is used to transport the catalyst?,screw conveyors
"EP-4634337-A1_en|technical|3|en|en,fr",2,no,1,yes,10,27,37,9,none,"[{""language"": ""en"", ""passage"": ""Title: Laboratory scale fluid catalytic cracking unit for co-refining bio-based feedstocks\n\nAbstract: The invention relates to a test unit, particularly for the study of catalysts in reactions involving at least one catalyst and at least one reagent, such as fluid catalytic cracking reactions. The test unit comprises a downer, separator, riser, catalyst regenerator, and optional catalyst buffer. Transport of the catalyst is performed by screw conveyors.""}, {""language"": ""fr"", ""passage"": ""Title: Unité de craquage catalytique de fluide à l'échelle de laboratoire pour co-raffiner des charges d'alimentation d'origine biologique\n\nAbstract: L'invention concerne une unité de test, en particulier pour l'étude de catalyseurs dans des réactions impliquant au moins un catalyseur et au moins un réactif, tels que des réactions de craquage catalytique fluide. L'unité de test comprend une colonne descendante, un séparateur, une colonne montante, un régénérateur de catalyseur et un tampon de catalyseur facultatif. Le transport du catalyseur est effectué par des transporteurs à vis.""}]",EP-4634337-A1_en,EP-4634337-A1,technical,3,en,"en,fr",31,15,16,broad-summary,What type of reactions is the test unit used to study?,fluid catalytic cracking reactions
"EP-4634337-A1_en|technical|3|en|en,fr",3,no,1,yes,10,27,37,9,none,"[{""language"": ""en"", ""passage"": ""Title: Laboratory scale fluid catalytic cracking unit for co-refining bio-based feedstocks\n\nAbstract: The invention relates to a test unit, particularly for the study of catalysts in reactions involving at least one catalyst and at least one reagent, such as fluid catalytic cracking reactions. The test unit comprises a downer, separator, riser, catalyst regenerator, and optional catalyst buffer. Transport of the catalyst is performed by screw conveyors.""}, {""language"": ""fr"", ""passage"": ""Title: Unité de craquage catalytique de fluide à l'échelle de laboratoire pour co-raffiner des charges d'alimentation d'origine biologique\n\nAbstract: L'invention concerne une unité de test, en particulier pour l'étude de catalyseurs dans des réactions impliquant au moins un catalyseur et au moins un réactif, tels que des réactions de craquage catalytique fluide. L'unité de test comprend une colonne descendante, un séparateur, une colonne montante, un régénérateur de catalyseur et un tampon de catalyseur facultatif. Le transport du catalyseur est effectué par des transporteurs à vis.""}]",EP-4634337-A1_en,EP-4634337-A1,technical,3,en,"en,fr",27,15,12,broad-summary,Does the test unit include a separator?,separator
"EP-4633670-A1_fr|semantic|3|fr|en,fr",1,yes,1,yes,9,25,34,9,none,"[{""language"": ""en"", ""passage"": ""Title: Engineered virus-like-particles for targeted capture of membrane proteins\n\nAbstract: Disclosed are engineered virus-like-particles (VLPs) and their use. In the VPLs integral plasma membrane proteins are captured and displayed on the surface of a VLP in a native conformation based on an interaction between a viral scaffolding protein fused to a PDZ domain and a synthetic polypeptide in the cytoplasmatic C-terminal tail of the target membrane protein.""}, {""language"": ""fr"", ""passage"": ""Title: Particules de type viral modifiées pour la capture ciblée de protéines membranaires\n\nAbstract: L'invention concerne des particules de type viral (VLP) modifiées et leur utilisation. Dans les VPL, des protéines intégrales de membrane plasmatique sont capturées et affichées sur la surface d'une VLP dans une conformation native sur la base d'une interaction entre une protéine d'échafaudage virale fusionnée à un domaine PDZ et un polypeptide synthétique dans la queue C-terminale cytoplasmique de la protéine membranaire cible.""}]",EP-4633670-A1_fr,EP-4633670-A1,semantic,3,fr,"en,fr",34,14,20,none,Quelle stratégie moléculaire permet de diriger sélectivement une protéine membranaire vers la surface d'une VLP ?,sur la base d'une interaction entre une protéine d'échafaudage virale fusionnée à un domaine PDZ et un polypeptide synthétique dans la queue C-terminale cytoplasmique de la protéine membranaire cible.
"EP-4633670-A1_fr|semantic|3|fr|en,fr",2,no,1,yes,9,25,34,9,none,"[{""language"": ""en"", ""passage"": ""Title: Engineered virus-like-particles for targeted capture of membrane proteins\n\nAbstract: Disclosed are engineered virus-like-particles (VLPs) and their use. In the VPLs integral plasma membrane proteins are captured and displayed on the surface of a VLP in a native conformation based on an interaction between a viral scaffolding protein fused to a PDZ domain and a synthetic polypeptide in the cytoplasmatic C-terminal tail of the target membrane protein.""}, {""language"": ""fr"", ""passage"": ""Title: Particules de type viral modifiées pour la capture ciblée de protéines membranaires\n\nAbstract: L'invention concerne des particules de type viral (VLP) modifiées et leur utilisation. Dans les VPL, des protéines intégrales de membrane plasmatique sont capturées et affichées sur la surface d'une VLP dans une conformation native sur la base d'une interaction entre une protéine d'échafaudage virale fusionnée à un domaine PDZ et un polypeptide synthétique dans la queue C-terminale cytoplasmique de la protéine membranaire cible.""}]",EP-4633670-A1_fr,EP-4633670-A1,semantic,3,fr,"en,fr",31,12,19,none,Comment exposer des protéines membranaires intégrales tout en préservant leur conformation native pour les analyser ou les manipuler ?,"Dans les VPL, des protéines intégrales de membrane plasmatique sont capturées et affichées sur la surface d'une VLP dans une conformation native"
"EP-4633670-A1_fr|semantic|3|fr|en,fr",3,no,1,yes,9,25,34,9,none,"[{""language"": ""en"", ""passage"": ""Title: Engineered virus-like-particles for targeted capture of membrane proteins\n\nAbstract: Disclosed are engineered virus-like-particles (VLPs) and their use. In the VPLs integral plasma membrane proteins are captured and displayed on the surface of a VLP in a native conformation based on an interaction between a viral scaffolding protein fused to a PDZ domain and a synthetic polypeptide in the cytoplasmatic C-terminal tail of the target membrane protein.""}, {""language"": ""fr"", ""passage"": ""Title: Particules de type viral modifiées pour la capture ciblée de protéines membranaires\n\nAbstract: L'invention concerne des particules de type viral (VLP) modifiées et leur utilisation. Dans les VPL, des protéines intégrales de membrane plasmatique sont capturées et affichées sur la surface d'une VLP dans une conformation native sur la base d'une interaction entre une protéine d'échafaudage virale fusionnée à un domaine PDZ et un polypeptide synthétique dans la queue C-terminale cytoplasmique de la protéine membranaire cible.""}]",EP-4633670-A1_fr,EP-4633670-A1,semantic,3,fr,"en,fr",25,14,11,weak-query-shape,Est-ce que des particules virales modifiées sont proposées comme outil utilisable pour la capture ciblée de protéines membranaires ?,L'invention concerne des particules de type viral (VLP) modifiées et leur utilisation.
"EP-4634136-A1_en|technical|1|es|en,fr",1,yes,1,yes,9,21,30,9,none,"[{""language"": ""en"", ""passage"": ""Title: Assembly with detachable constructional layer\n\nAbstract: Subject of the invention is a layered assembly comprising (a) a substrate based on a hydraulically binding composition, (b) a primer layer, and (c) a constructional layer wherein the primer layer is positioned between the substrate and the constructional layer, and wherein the primer layer comprises a polymer and a wax. The invention also relates to methods for producing the layered assembly and methods for detaching the constructional layer from the layered assembly.""}, {""language"": ""fr"", ""passage"": ""Title: Ensemble à couche de construction détachable\n\nAbstract: L'invention concerne un ensemble stratifié comprenant (a) un substrat basé sur une composition de liaison hydraulique, (b) une couche d'apprêt, et (c) une couche de construction, la couche d'apprêt étant positionnée entre le substrat et la couche de construction, et la couche d'apprêt comprenant un polymère et une cire. L'invention concerne également des procédés de production de l'ensemble stratifié et des procédés de détachement de la couche de construction de l'ensemble stratifié.""}]",EP-4634136-A1_en,EP-4634136-A1,technical,1,es,"en,fr",30,13,17,broad-summary,¿Dónde está posicionada la capa de imprimación?,between the substrate and the constructional layer
"EP-4634136-A1_en|technical|1|es|en,fr",2,no,1,yes,9,21,30,9,none,"[{""language"": ""en"", ""passage"": ""Title: Assembly with detachable constructional layer\n\nAbstract: Subject of the invention is a layered assembly comprising (a) a substrate based on a hydraulically binding composition, (b) a primer layer, and (c) a constructional layer wherein the primer layer is positioned between the substrate and the constructional layer, and wherein the primer layer comprises a polymer and a wax. The invention also relates to methods for producing the layered assembly and methods for detaching the constructional layer from the layered assembly.""}, {""language"": ""fr"", ""passage"": ""Title: Ensemble à couche de construction détachable\n\nAbstract: L'invention concerne un ensemble stratifié comprenant (a) un substrat basé sur une composition de liaison hydraulique, (b) une couche d'apprêt, et (c) une couche de construction, la couche d'apprêt étant positionnée entre le substrat et la couche de construction, et la couche d'apprêt comprenant un polymère et une cire. L'invention concerne également des procédés de production de l'ensemble stratifié et des procédés de détachement de la couche de construction de l'ensemble stratifié.""}]",EP-4634136-A1_en,EP-4634136-A1,technical,1,es,"en,fr",27,10,17,none,¿De qué está basado el sustrato?,a substrate based on a hydraulically binding composition
"EP-4634136-A1_en|technical|1|es|en,fr",3,no,1,yes,9,21,30,9,none,"[{""language"": ""en"", ""passage"": ""Title: Assembly with detachable constructional layer\n\nAbstract: Subject of the invention is a layered assembly comprising (a) a substrate based on a hydraulically binding composition, (b) a primer layer, and (c) a constructional layer wherein the primer layer is positioned between the substrate and the constructional layer, and wherein the primer layer comprises a polymer and a wax. The invention also relates to methods for producing the layered assembly and methods for detaching the constructional layer from the layered assembly.""}, {""language"": ""fr"", ""passage"": ""Title: Ensemble à couche de construction détachable\n\nAbstract: L'invention concerne un ensemble stratifié comprenant (a) un substrat basé sur une composition de liaison hydraulique, (b) une couche d'apprêt, et (c) une couche de construction, la couche d'apprêt étant positionnée entre le substrat et la couche de construction, et la couche d'apprêt comprenant un polymère et une cire. L'invention concerne également des procédés de production de l'ensemble stratifié et des procédés de détachement de la couche de construction de l'ensemble stratifié.""}]",EP-4634136-A1_en,EP-4634136-A1,technical,1,es,"en,fr",21,13,8,broad-summary,¿Qué métodos se mencionan en el resumen?,methods for producing the layered assembly and methods for detaching the constructional layer from the layered assembly
"EP-4633950-A1_fr|technical|4|fr|en,fr",1,yes,1,yes,8,28,36,8,language-issue,"[{""language"": ""en"", ""passage"": ""Title: Use of a triple-structured steel in an acidic environment\n\nAbstract: The invention relates to the use of a steel material in contact with an acidic medium that has a pH of less than 5, the steel material being composed of grains comprising a matrix within which precipitates are incorporated, the steel material comprising i) chromium, nickel, carbon, oxygen, manganese, molybdenum, silicon, phosphorus, sulfur, other elements and iron; ii) spherical precipitates, the size of which is between 1 nm and 150 nm; iii) equiaxed, non-columnar grains, the size of which is less than 40 µm; and iv) between 68% and 82% HAGBs, between 1% and 16% LAGBs, and between 9% and 26% twin boundaries.""}, {""language"": ""fr"", ""passage"": ""Title: Utilisation d'un acier à triple structuration dans un environnement acide\n\nAbstract: Utilisation d'un matériau en acier au contact d'un milieu acide présentant un pH inférieur à 5, le matériau en acier étant composé de grains comprenant une matrice dans laquelle sont incorporés des précipités, le matériau en acier comprenant i) du chrome, du nickel, du carbone, de l'oxygène, du manganèse, du molybdène, du silicium, du phosphore, du soufre, d'autres éléments et du fer, ii) des précipités sphériques, de taille variant entre 1 nm et 150 nm, iii) des grains non colonnaires équiaxes dont la taille est inférieure à 40 µm, et iv) entre 68 % et 82 % de joints de grain de type HAGB, entre 1 % et 16 % de joints de type LAGB, et entre 9 % et 26 % de joints de macles Pas de figure d'abrégé.""}]",EP-4633950-A1_fr,EP-4633950-A1,technical,4,fr,"en,fr",36,15,21,none,Proportion de joints de type LAGB,entre 1 % et 16 % de joints de type LAGB
"EP-4633950-A1_fr|technical|4|fr|en,fr",2,no,1,yes,8,28,36,8,language-issue,"[{""language"": ""en"", ""passage"": ""Title: Use of a triple-structured steel in an acidic environment\n\nAbstract: The invention relates to the use of a steel material in contact with an acidic medium that has a pH of less than 5, the steel material being composed of grains comprising a matrix within which precipitates are incorporated, the steel material comprising i) chromium, nickel, carbon, oxygen, manganese, molybdenum, silicon, phosphorus, sulfur, other elements and iron; ii) spherical precipitates, the size of which is between 1 nm and 150 nm; iii) equiaxed, non-columnar grains, the size of which is less than 40 µm; and iv) between 68% and 82% HAGBs, between 1% and 16% LAGBs, and between 9% and 26% twin boundaries.""}, {""language"": ""fr"", ""passage"": ""Title: Utilisation d'un acier à triple structuration dans un environnement acide\n\nAbstract: Utilisation d'un matériau en acier au contact d'un milieu acide présentant un pH inférieur à 5, le matériau en acier étant composé de grains comprenant une matrice dans laquelle sont incorporés des précipités, le matériau en acier comprenant i) du chrome, du nickel, du carbone, de l'oxygène, du manganèse, du molybdène, du silicium, du phosphore, du soufre, d'autres éléments et du fer, ii) des précipités sphériques, de taille variant entre 1 nm et 150 nm, iii) des grains non colonnaires équiaxes dont la taille est inférieure à 40 µm, et iv) entre 68 % et 82 % de joints de grain de type HAGB, entre 1 % et 16 % de joints de type LAGB, et entre 9 % et 26 % de joints de macles Pas de figure d'abrégé.""}]",EP-4633950-A1_fr,EP-4633950-A1,technical,4,fr,"en,fr",31,14,17,weak-query-shape,pH du milieu acide en contact avec l'acier,un pH inférieur à 5
"EP-4633950-A1_fr|technical|4|fr|en,fr",3,no,1,yes,8,28,36,8,language-issue,"[{""language"": ""en"", ""passage"": ""Title: Use of a triple-structured steel in an acidic environment\n\nAbstract: The invention relates to the use of a steel material in contact with an acidic medium that has a pH of less than 5, the steel material being composed of grains comprising a matrix within which precipitates are incorporated, the steel material comprising i) chromium, nickel, carbon, oxygen, manganese, molybdenum, silicon, phosphorus, sulfur, other elements and iron; ii) spherical precipitates, the size of which is between 1 nm and 150 nm; iii) equiaxed, non-columnar grains, the size of which is less than 40 µm; and iv) between 68% and 82% HAGBs, between 1% and 16% LAGBs, and between 9% and 26% twin boundaries.""}, {""language"": ""fr"", ""passage"": ""Title: Utilisation d'un acier à triple structuration dans un environnement acide\n\nAbstract: Utilisation d'un matériau en acier au contact d'un milieu acide présentant un pH inférieur à 5, le matériau en acier étant composé de grains comprenant une matrice dans laquelle sont incorporés des précipités, le matériau en acier comprenant i) du chrome, du nickel, du carbone, de l'oxygène, du manganèse, du molybdène, du silicium, du phosphore, du soufre, d'autres éléments et du fer, ii) des précipités sphériques, de taille variant entre 1 nm et 150 nm, iii) des grains non colonnaires équiaxes dont la taille est inférieure à 40 µm, et iv) entre 68 % et 82 % de joints de grain de type HAGB, entre 1 % et 16 % de joints de type LAGB, et entre 9 % et 26 % de joints de macles Pas de figure d'abrégé.""}]",EP-4633950-A1_fr,EP-4633950-A1,technical,4,fr,"en,fr",28,14,14,broad-summary,Éléments présents dans le matériau en acier,"du chrome, du nickel, du carbone, de l'oxygène, du manganèse, du molybdène, du silicium, du phosphore, du soufre, d'autres éléments et du fer"
"EP-4634120-A1_en|semantic|1|de|en,fr",1,yes,1,yes,8,23,31,8,faithfulness-borderline,"[{""language"": ""en"", ""passage"": ""Title: Positive electrode active material and method for manufacturing a positive electrode active material\n\nAbstract: The present invention relates a positive electrode active material for solid-state batteries, comprising lithium, oxygen, nickel, and at least one metal selected from the group consisting of manganese and cobalt, wherein the positive electrode active material has an enriched amount of Si in the surface layer, and wherein the positive electrode active material comprises single-crystalline particles. The present inventors have surprisingly found that the positive electrode active material of the invention improves the storage stability of the positive electrode active material. In particular, a decreased uptake of water and carbon (or carbon dioxide) is observed by applying a surface layer of Si on the positive electrode active material. Moreover, the positive electrode active material improves the electrochemical stability of the battery.""}, {""language"": ""fr"", ""passage"": ""Title: Matériau actif d'électrode positive et méthode de fabrication d'un matériau actif d'électrode positive\n\nAbstract: La présente invention concerne un matériau actif d'électrode positive pour batteries à l'état solide, comprenant du lithium, de l'oxygène, du nickel et au moins un métal choisi dans le groupe constitué par le manganèse et le cobalt. Le matériau actif d'électrode positive comporte une quantité enrichie de Si dans la couche de surface, et comprend des particules monocristallines. Les présents inventeurs ont découvert de manière surprenante que le matériau actif d'électrode positive de l'invention améliore la stabilité au stockage du matériau actif d'électrode positive. En particulier, une absorption réduite de l'eau et du carbone (ou du dioxyde de carbone) est observée par application d'une couche de surface de Si sur le matériau actif d'électrode positive. De plus, le matériau actif d'électrode positive améliore la stabilité électrochimique de la batterie.""}]",EP-4634120-A1_en,EP-4634120-A1,semantic,1,de,"en,fr",31,12,19,none,Welche Lagerungsprobleme bei Kathodenmaterialien für Festkörperbatterien werden durch das beschriebene Material reduziert?,"Die vorliegenden Erfinder haben überraschend festgestellt, dass das positive electrode active material die Stabilität bei der Lagerung verbessert. Insbesondere wird durch Aufbringen einer Oberflächenschicht aus Si auf das positive electrode active material eine verringerte Aufnahme von Wasser und Kohlenstoff (oder Kohlendioxid) beobachtet."
"EP-4634120-A1_en|semantic|1|de|en,fr",2,no,1,yes,8,23,31,8,faithfulness-borderline,"[{""language"": ""en"", ""passage"": ""Title: Positive electrode active material and method for manufacturing a positive electrode active material\n\nAbstract: The present invention relates a positive electrode active material for solid-state batteries, comprising lithium, oxygen, nickel, and at least one metal selected from the group consisting of manganese and cobalt, wherein the positive electrode active material has an enriched amount of Si in the surface layer, and wherein the positive electrode active material comprises single-crystalline particles. The present inventors have surprisingly found that the positive electrode active material of the invention improves the storage stability of the positive electrode active material. In particular, a decreased uptake of water and carbon (or carbon dioxide) is observed by applying a surface layer of Si on the positive electrode active material. Moreover, the positive electrode active material improves the electrochemical stability of the battery.""}, {""language"": ""fr"", ""passage"": ""Title: Matériau actif d'électrode positive et méthode de fabrication d'un matériau actif d'électrode positive\n\nAbstract: La présente invention concerne un matériau actif d'électrode positive pour batteries à l'état solide, comprenant du lithium, de l'oxygène, du nickel et au moins un métal choisi dans le groupe constitué par le manganèse et le cobalt. Le matériau actif d'électrode positive comporte une quantité enrichie de Si dans la couche de surface, et comprend des particules monocristallines. Les présents inventeurs ont découvert de manière surprenante que le matériau actif d'électrode positive de l'invention améliore la stabilité au stockage du matériau actif d'électrode positive. En particulier, une absorption réduite de l'eau et du carbone (ou du dioxyde de carbone) est observée par application d'une couche de surface de Si sur le matériau actif d'électrode positive. De plus, le matériau actif d'électrode positive améliore la stabilité électrochimique de la batterie.""}]",EP-4634120-A1_en,EP-4634120-A1,semantic,1,de,"en,fr",27,12,15,too-generic,Für welchen Batterietyp ist das beschriebene Kathodenmaterial bestimmt und welche elektrochemische Wirkung wird dadurch erzielt?,Das vorliegende Material betrifft ein positives Elektrodenaktiva für Festkörperbatterien und verbessert die elektrochemische Stabilität der Batterie.
"EP-4634120-A1_en|semantic|1|de|en,fr",3,no,1,yes,8,23,31,8,faithfulness-borderline,"[{""language"": ""en"", ""passage"": ""Title: Positive electrode active material and method for manufacturing a positive electrode active material\n\nAbstract: The present invention relates a positive electrode active material for solid-state batteries, comprising lithium, oxygen, nickel, and at least one metal selected from the group consisting of manganese and cobalt, wherein the positive electrode active material has an enriched amount of Si in the surface layer, and wherein the positive electrode active material comprises single-crystalline particles. The present inventors have surprisingly found that the positive electrode active material of the invention improves the storage stability of the positive electrode active material. In particular, a decreased uptake of water and carbon (or carbon dioxide) is observed by applying a surface layer of Si on the positive electrode active material. Moreover, the positive electrode active material improves the electrochemical stability of the battery.""}, {""language"": ""fr"", ""passage"": ""Title: Matériau actif d'électrode positive et méthode de fabrication d'un matériau actif d'électrode positive\n\nAbstract: La présente invention concerne un matériau actif d'électrode positive pour batteries à l'état solide, comprenant du lithium, de l'oxygène, du nickel et au moins un métal choisi dans le groupe constitué par le manganèse et le cobalt. Le matériau actif d'électrode positive comporte une quantité enrichie de Si dans la couche de surface, et comprend des particules monocristallines. Les présents inventeurs ont découvert de manière surprenante que le matériau actif d'électrode positive de l'invention améliore la stabilité au stockage du matériau actif d'électrode positive. En particulier, une absorption réduite de l'eau et du carbone (ou du dioxyde de carbone) est observée par application d'une couche de surface de Si sur le matériau actif d'électrode positive. De plus, le matériau actif d'électrode positive améliore la stabilité électrochimique de la batterie.""}]",EP-4634120-A1_en,EP-4634120-A1,semantic,1,de,"en,fr",23,10,13,keyword-lifted,"Welche Oberflächenmodifikation an den Partikeln wird vorgeschlagen, um die Eigenschaften des positiven Elektrodenaktiva zu beeinflussen?","Das positive electrode active material hat eine angereicherte Menge an Si in der Oberflächenschicht, und das positive electrode active material umfasst single-crystalline particles."
"EP-4634128-A1_en|technical|3|en|en,fr",1,yes,1,yes,8,30,38,10,none,"[{""language"": ""en"", ""passage"": ""Title: An insulating plate formulation and a production method of an insulating plate comprising the same\n\nAbstract: The insulating plate formulation according to the present invention comprises 30-70% by weight of vermiculite raw material, 20-60% by weight of at least one inorganic binder, 1-5% by weight of at least one organic binder, and 3-15% by weight of at least one montmorillonite group compound. In addition, a production method of an insulating plate according to the present invention comprises the steps of: mixing at least a first amount of vermiculite raw material, at least a second amount of inorganic binder, at least a third amount of organic binder and at least a fourth amount of montmorillonite group compound by means of at least one mixer for at least a first period; pressing the mixture obtained from the mixing process by applying a pressure in at least a first pressure range by means of a uniaxial press, thereby shaping the mixture into a plate; introducing carbon dioxide gas to the plate-shaped mixture for at least a second period to perform a curing process, and baking the cured plate-shaped mixture in a furnace at at least a first temperature range for at least a third period of time, thereby obtaining at least one insulating plate.""}, {""language"": ""fr"", ""passage"": ""Title: Formulation de plaque isolante et procédé de production d'une plaque isolante la comprenant\n\nAbstract: La formulation de plaque isolante selon la présente invention comprend 30 à 70 % en poids de matière première de vermiculite, 20 à 60 % en poids d'au moins un liant inorganique, 1 à 5 % en poids d'au moins un liant organique et 3 à 15 % en poids d'au moins un composé du groupe de la montmorillonite. De plus, un procédé de production d'une plaque isolante selon la présente invention comprend les étapes consistant à : mélanger au moins une première quantité de matière première de vermiculite, au moins une deuxième quantité de liant inorganique, au moins une troisième quantité de liant organique et au moins une quatrième quantité de composé du groupe de la montmorillonite au moyen d'au moins un mélangeur pendant au moins une première période ; presser le mélange obtenu à partir du processus de mélange par application d'une pression dans au moins une première plage de pression au moyen d'une presse uniaxiale, ce qui permet de donner au mélange la forme d'une plaque ; introduire du dioxyde de carbone gazeux dans le mélange en forme de plaque pendant au moins une deuxième période pour effectuer un processus de durcissement, et cuire le mélange en forme de plaque durci dans un four à au moins une première plage de température pendant au moins une troisième période, ce qui permet d'obtenir au moins une plaque isolante.""}]",EP-4634128-A1_en,EP-4634128-A1,technical,3,en,"en,fr",38,15,23,none,What gas is introduced to the plate-shaped mixture for curing?,carbon dioxide gas
"EP-4634128-A1_en|technical|3|en|en,fr",2,no,1,yes,8,30,38,10,none,"[{""language"": ""en"", ""passage"": ""Title: An insulating plate formulation and a production method of an insulating plate comprising the same\n\nAbstract: The insulating plate formulation according to the present invention comprises 30-70% by weight of vermiculite raw material, 20-60% by weight of at least one inorganic binder, 1-5% by weight of at least one organic binder, and 3-15% by weight of at least one montmorillonite group compound. In addition, a production method of an insulating plate according to the present invention comprises the steps of: mixing at least a first amount of vermiculite raw material, at least a second amount of inorganic binder, at least a third amount of organic binder and at least a fourth amount of montmorillonite group compound by means of at least one mixer for at least a first period; pressing the mixture obtained from the mixing process by applying a pressure in at least a first pressure range by means of a uniaxial press, thereby shaping the mixture into a plate; introducing carbon dioxide gas to the plate-shaped mixture for at least a second period to perform a curing process, and baking the cured plate-shaped mixture in a furnace at at least a first temperature range for at least a third period of time, thereby obtaining at least one insulating plate.""}, {""language"": ""fr"", ""passage"": ""Title: Formulation de plaque isolante et procédé de production d'une plaque isolante la comprenant\n\nAbstract: La formulation de plaque isolante selon la présente invention comprend 30 à 70 % en poids de matière première de vermiculite, 20 à 60 % en poids d'au moins un liant inorganique, 1 à 5 % en poids d'au moins un liant organique et 3 à 15 % en poids d'au moins un composé du groupe de la montmorillonite. De plus, un procédé de production d'une plaque isolante selon la présente invention comprend les étapes consistant à : mélanger au moins une première quantité de matière première de vermiculite, au moins une deuxième quantité de liant inorganique, au moins une troisième quantité de liant organique et au moins une quatrième quantité de composé du groupe de la montmorillonite au moyen d'au moins un mélangeur pendant au moins une première période ; presser le mélange obtenu à partir du processus de mélange par application d'une pression dans au moins une première plage de pression au moyen d'une presse uniaxiale, ce qui permet de donner au mélange la forme d'une plaque ; introduire du dioxyde de carbone gazeux dans le mélange en forme de plaque pendant au moins une deuxième période pour effectuer un processus de durcissement, et cuire le mélange en forme de plaque durci dans un four à au moins une première plage de température pendant au moins une troisième période, ce qui permet d'obtenir au moins une plaque isolante.""}]",EP-4634128-A1_en,EP-4634128-A1,technical,3,en,"en,fr",30,14,16,weak-query-shape,What percentage by weight of vermiculite raw material does the formulation comprise?,30-70% by weight of vermiculite raw material
"EP-4634128-A1_en|technical|3|en|en,fr",3,no,1,yes,8,30,38,10,none,"[{""language"": ""en"", ""passage"": ""Title: An insulating plate formulation and a production method of an insulating plate comprising the same\n\nAbstract: The insulating plate formulation according to the present invention comprises 30-70% by weight of vermiculite raw material, 20-60% by weight of at least one inorganic binder, 1-5% by weight of at least one organic binder, and 3-15% by weight of at least one montmorillonite group compound. In addition, a production method of an insulating plate according to the present invention comprises the steps of: mixing at least a first amount of vermiculite raw material, at least a second amount of inorganic binder, at least a third amount of organic binder and at least a fourth amount of montmorillonite group compound by means of at least one mixer for at least a first period; pressing the mixture obtained from the mixing process by applying a pressure in at least a first pressure range by means of a uniaxial press, thereby shaping the mixture into a plate; introducing carbon dioxide gas to the plate-shaped mixture for at least a second period to perform a curing process, and baking the cured plate-shaped mixture in a furnace at at least a first temperature range for at least a third period of time, thereby obtaining at least one insulating plate.""}, {""language"": ""fr"", ""passage"": ""Title: Formulation de plaque isolante et procédé de production d'une plaque isolante la comprenant\n\nAbstract: La formulation de plaque isolante selon la présente invention comprend 30 à 70 % en poids de matière première de vermiculite, 20 à 60 % en poids d'au moins un liant inorganique, 1 à 5 % en poids d'au moins un liant organique et 3 à 15 % en poids d'au moins un composé du groupe de la montmorillonite. De plus, un procédé de production d'une plaque isolante selon la présente invention comprend les étapes consistant à : mélanger au moins une première quantité de matière première de vermiculite, au moins une deuxième quantité de liant inorganique, au moins une troisième quantité de liant organique et au moins une quatrième quantité de composé du groupe de la montmorillonite au moyen d'au moins un mélangeur pendant au moins une première période ; presser le mélange obtenu à partir du processus de mélange par application d'une pression dans au moins une première plage de pression au moyen d'une presse uniaxiale, ce qui permet de donner au mélange la forme d'une plaque ; introduire du dioxyde de carbone gazeux dans le mélange en forme de plaque pendant au moins une deuxième période pour effectuer un processus de durcissement, et cuire le mélange en forme de plaque durci dans un four à au moins une première plage de température pendant au moins une troisième période, ce qui permet d'obtenir au moins une plaque isolante.""}]",EP-4634128-A1_en,EP-4634128-A1,technical,3,en,"en,fr",30,14,16,weak-query-shape,What percentage by weight of at least one montmorillonite group compound does the formulation comprise?,3-15% by weight of at least one montmorillonite group compound
"EP-4634365-A1_fr|semantic|1|fr|en,fr",1,yes,1,yes,8,22,30,8,broad-summary,"[{""language"": ""en"", ""passage"": ""Title: A method for generation of porcine embryonic stem cells\n\nAbstract: The present invention relates to a method for producing porcine embryonic stem cells, involving the steps of (a) chemically activating a matured porcine oocyte, (b) culturing the chemically activated oocyte until blastocysts are formed, (c) removing the trophoblast from the blastocyst to isolate the inner cell mass (ICM), and (d) transferring the ICM to a culture plate for attachment and cell outgrowth. The present invention also relates to porcine embryonic stem cells obtained through such methods.""}, {""language"": ""fr"", ""passage"": ""Title: Procédé de génération de cellules souches embryonnaires porcines\n\nAbstract: La présente invention concerne un procédé de production de cellules souches embryonnaires porcines, comprenant les étapes consistant à (a) activer chimiquement un ovocyte porcin maturé, (b) cultiver l'ovocyte activé chimiquement jusqu'à ce que des blastocystes soient formés, (c) éliminer le trophoblaste du blastocyste pour isoler la masse cellulaire interne (ICM), et (d) transférer l'ICM à une plaque de culture pour la fixation et l'excroissance cellulaire. La présente invention concerne également des cellules souches embryonnaires porcines obtenues par de tels procédés.""}]",EP-4634365-A1_fr,EP-4634365-A1,semantic,1,fr,"en,fr",30,13,17,keyword-lifted,Quelle séquence d'étapes est proposée pour générer des cellules souches embryonnaires porcines à partir d'un ovocyte maturé ?,"comportant les étapes consistant à (a) activer chimiquement un ovocyte porcin maturé, (b) cultiver l'ovocyte activé chimiquement jusqu'à ce que des blastocystes soient formés, (c) éliminer le trophoblaste du blastocyste pour isoler la masse cellulaire interne (ICM), et (d) transférer l'ICM à une plaque de culture pour la fixation et l'excroissance cellulaire."
"EP-4634365-A1_fr|semantic|1|fr|en,fr",2,no,1,yes,8,22,30,8,broad-summary,"[{""language"": ""en"", ""passage"": ""Title: A method for generation of porcine embryonic stem cells\n\nAbstract: The present invention relates to a method for producing porcine embryonic stem cells, involving the steps of (a) chemically activating a matured porcine oocyte, (b) culturing the chemically activated oocyte until blastocysts are formed, (c) removing the trophoblast from the blastocyst to isolate the inner cell mass (ICM), and (d) transferring the ICM to a culture plate for attachment and cell outgrowth. The present invention also relates to porcine embryonic stem cells obtained through such methods.""}, {""language"": ""fr"", ""passage"": ""Title: Procédé de génération de cellules souches embryonnaires porcines\n\nAbstract: La présente invention concerne un procédé de production de cellules souches embryonnaires porcines, comprenant les étapes consistant à (a) activer chimiquement un ovocyte porcin maturé, (b) cultiver l'ovocyte activé chimiquement jusqu'à ce que des blastocystes soient formés, (c) éliminer le trophoblaste du blastocyste pour isoler la masse cellulaire interne (ICM), et (d) transférer l'ICM à une plaque de culture pour la fixation et l'excroissance cellulaire. La présente invention concerne également des cellules souches embryonnaires porcines obtenues par de tels procédés.""}]",EP-4634365-A1_fr,EP-4634365-A1,semantic,1,fr,"en,fr",25,12,13,too-extractive,Quel composant isolé du blastocyste est placé en culture pour permettre la fixation et l'excroissance des cellules ?,(d) transférer l'ICM à une plaque de culture pour la fixation et l'excroissance cellulaire.
"EP-4634365-A1_fr|semantic|1|fr|en,fr",3,no,1,yes,8,22,30,8,broad-summary,"[{""language"": ""en"", ""passage"": ""Title: A method for generation of porcine embryonic stem cells\n\nAbstract: The present invention relates to a method for producing porcine embryonic stem cells, involving the steps of (a) chemically activating a matured porcine oocyte, (b) culturing the chemically activated oocyte until blastocysts are formed, (c) removing the trophoblast from the blastocyst to isolate the inner cell mass (ICM), and (d) transferring the ICM to a culture plate for attachment and cell outgrowth. The present invention also relates to porcine embryonic stem cells obtained through such methods.""}, {""language"": ""fr"", ""passage"": ""Title: Procédé de génération de cellules souches embryonnaires porcines\n\nAbstract: La présente invention concerne un procédé de production de cellules souches embryonnaires porcines, comprenant les étapes consistant à (a) activer chimiquement un ovocyte porcin maturé, (b) cultiver l'ovocyte activé chimiquement jusqu'à ce que des blastocystes soient formés, (c) éliminer le trophoblaste du blastocyste pour isoler la masse cellulaire interne (ICM), et (d) transférer l'ICM à une plaque de culture pour la fixation et l'excroissance cellulaire. La présente invention concerne également des cellules souches embryonnaires porcines obtenues par de tels procédés.""}]",EP-4634365-A1_fr,EP-4634365-A1,semantic,1,fr,"en,fr",22,7,15,too-generic,Quel problème biologique ce procédé cherche-t-il à résoudre concernant la production de cellules souches porcines ?,"La présente invention concerne un procédé de production de cellules souches embryonnaires porcines, comprenant les étapes consistant à (a) activer chimiquement un ovocyte porcin maturé, (b) cultiver l'ovocyte activé chimiquement jusqu'à ce que des blastocystes soient formés, (c) éliminer le trophoblaste du blastocyste pour isoler la masse cellulaire interne (ICM), et (d) transférer l'ICM à une plaque de culture pour la fixation et l'excroissance cellulaire."
"WO-2025214996-A1_fr|semantic|3|fr|de,fr",1,yes,1,yes,8,24,32,8,broad-summary,"[{""language"": ""de"", ""passage"": ""Title: Verfahren und vorrichtung zur formkorrektur eines optischen bauelements mittels laserstrahlung\n\nAbstract: Die vorliegende Erfindung betrifft ein Verfahren und eine Vorrichtung zur Formkorrektur eines optischen Bauelements (1) mit gepulster Laserstrahlung. Das Bauelement (1) wird hierzu vermessen und durch Vergleich mit einer Soll-Geometrie (6) überschüssiges Material (7) bestimmt und durch Bearbeitung mit wenigstens einem gepulsten Laserstrahl (4) mit Pulsdauern von > 1 μs zumindest teilweise abgetragen, um die Ist-Geometrie (5) der Soll-Geometrie (6) zumindest anzunähern. Das Bauelement (1) wird bei der Bearbeitung mit einer Drehzahl um eine Rotationsachse rotiert, wobei der Abstand des Laserstrahls (4) zur Rotationsachse zumindest zeitweise verändert wird. Drehzahl, Strahldurchmesser des Laserstrahls (4) auf dem Bauelement (1) und zeitlicher Pulsabstand der Pulse des Laserstrahls (4) werden dabei so gewählt, dass durch jeweils aufeinanderfolgende Pulse des Laserstrahls (4) abgetragene Materialbereiche des Bauelements (1) nicht überlappen.""}, {""language"": ""fr"", ""passage"": ""Title: Procédé et dispositif de correction de forme d'un composant optique au moyen d'un rayonnement laser\n\nAbstract: L'invention concerne un procédé et un dispositif de correction de forme d'un composant optique (1) au moyen d'un rayonnement laser pulsé. À cet effet, le composant (1) est mesuré et, par comparaison avec une géométrie de consigne (6), du matériau excédentaire (7) est déterminé puis au moins partiellement éliminé par usinage au moyen d'au moins un faisceau laser (4) pulsé présentant des durées d'impulsion > 1 µs, de manière à rapprocher au moins la géométrie réelle (5) de la géométrie de consigne (6). Lors de l'usinage, le composant (1) est mis en rotation autour d'un axe de rotation à une certaine vitesse de rotation, la distance entre le faisceau laser (4) et l'axe de rotation étant au moins temporairement modifiée. La vitesse de rotation, le diamètre du faisceau laser (4) sur le composant (1) ainsi que l'intervalle d'impulsion temporel entre les impulsions du faisceau laser (4) sont sélectionnés de sorte que les zones du composant (1) enlevées par des impulsions respectivement successives du faisceau laser (4) ne se chevauchent pas.""}]",WO-2025214996-A1_fr,WO-2025214996-A1,semantic,3,fr,"de,fr",32,14,18,none,Comment la mise en mouvement de la pièce et les paramètres du faisceau sont-ils réglés pour éviter que les zones retirées par des impulsions successives se chevauchent ?,"Lors de l'usinage, le composant (1) est mis en rotation autour d'un axe de rotation à une certaine vitesse de rotation, la distance entre le faisceau laser (4) et l'axe de rotation étant au moins temporairement modifiée. La vitesse de rotation, le diamètre du faisceau laser (4) sur le composant (1) ainsi que l'intervalle d'impulsion temporel entre les impulsions du faisceau laser (4) sont sélectionnés de sorte que les zones du composant (1) enlevées par des impulsions respectivement successives du faisceau laser (4) ne se chevauchent pas."
"WO-2025214996-A1_fr|semantic|3|fr|de,fr",2,no,1,yes,8,24,32,8,broad-summary,"[{""language"": ""de"", ""passage"": ""Title: Verfahren und vorrichtung zur formkorrektur eines optischen bauelements mittels laserstrahlung\n\nAbstract: Die vorliegende Erfindung betrifft ein Verfahren und eine Vorrichtung zur Formkorrektur eines optischen Bauelements (1) mit gepulster Laserstrahlung. Das Bauelement (1) wird hierzu vermessen und durch Vergleich mit einer Soll-Geometrie (6) überschüssiges Material (7) bestimmt und durch Bearbeitung mit wenigstens einem gepulsten Laserstrahl (4) mit Pulsdauern von > 1 μs zumindest teilweise abgetragen, um die Ist-Geometrie (5) der Soll-Geometrie (6) zumindest anzunähern. Das Bauelement (1) wird bei der Bearbeitung mit einer Drehzahl um eine Rotationsachse rotiert, wobei der Abstand des Laserstrahls (4) zur Rotationsachse zumindest zeitweise verändert wird. Drehzahl, Strahldurchmesser des Laserstrahls (4) auf dem Bauelement (1) und zeitlicher Pulsabstand der Pulse des Laserstrahls (4) werden dabei so gewählt, dass durch jeweils aufeinanderfolgende Pulse des Laserstrahls (4) abgetragene Materialbereiche des Bauelements (1) nicht überlappen.""}, {""language"": ""fr"", ""passage"": ""Title: Procédé et dispositif de correction de forme d'un composant optique au moyen d'un rayonnement laser\n\nAbstract: L'invention concerne un procédé et un dispositif de correction de forme d'un composant optique (1) au moyen d'un rayonnement laser pulsé. À cet effet, le composant (1) est mesuré et, par comparaison avec une géométrie de consigne (6), du matériau excédentaire (7) est déterminé puis au moins partiellement éliminé par usinage au moyen d'au moins un faisceau laser (4) pulsé présentant des durées d'impulsion > 1 µs, de manière à rapprocher au moins la géométrie réelle (5) de la géométrie de consigne (6). Lors de l'usinage, le composant (1) est mis en rotation autour d'un axe de rotation à une certaine vitesse de rotation, la distance entre le faisceau laser (4) et l'axe de rotation étant au moins temporairement modifiée. La vitesse de rotation, le diamètre du faisceau laser (4) sur le composant (1) ainsi que l'intervalle d'impulsion temporel entre les impulsions du faisceau laser (4) sont sélectionnés de sorte que les zones du composant (1) enlevées par des impulsions respectivement successives du faisceau laser (4) ne se chevauchent pas.""}]",WO-2025214996-A1_fr,WO-2025214996-A1,semantic,3,fr,"de,fr",31,14,17,none,Quelle méthode propose-t-on pour enlever le matériau superflu afin d'amener la pièce vers sa géométrie souhaitée ?,"du matériau excédentaire (7) est déterminé puis au moins partiellement éliminé par usinage au moyen d'au moins un faisceau laser (4) pulsé présentant des durées d'impulsion > 1 µs, de manière à rapprocher au moins la géométrie réelle (5) de la géométrie de consigne (6)."
"WO-2025214996-A1_fr|semantic|3|fr|de,fr",3,no,1,yes,8,24,32,8,broad-summary,"[{""language"": ""de"", ""passage"": ""Title: Verfahren und vorrichtung zur formkorrektur eines optischen bauelements mittels laserstrahlung\n\nAbstract: Die vorliegende Erfindung betrifft ein Verfahren und eine Vorrichtung zur Formkorrektur eines optischen Bauelements (1) mit gepulster Laserstrahlung. Das Bauelement (1) wird hierzu vermessen und durch Vergleich mit einer Soll-Geometrie (6) überschüssiges Material (7) bestimmt und durch Bearbeitung mit wenigstens einem gepulsten Laserstrahl (4) mit Pulsdauern von > 1 μs zumindest teilweise abgetragen, um die Ist-Geometrie (5) der Soll-Geometrie (6) zumindest anzunähern. Das Bauelement (1) wird bei der Bearbeitung mit einer Drehzahl um eine Rotationsachse rotiert, wobei der Abstand des Laserstrahls (4) zur Rotationsachse zumindest zeitweise verändert wird. Drehzahl, Strahldurchmesser des Laserstrahls (4) auf dem Bauelement (1) und zeitlicher Pulsabstand der Pulse des Laserstrahls (4) werden dabei so gewählt, dass durch jeweils aufeinanderfolgende Pulse des Laserstrahls (4) abgetragene Materialbereiche des Bauelements (1) nicht überlappen.""}, {""language"": ""fr"", ""passage"": ""Title: Procédé et dispositif de correction de forme d'un composant optique au moyen d'un rayonnement laser\n\nAbstract: L'invention concerne un procédé et un dispositif de correction de forme d'un composant optique (1) au moyen d'un rayonnement laser pulsé. À cet effet, le composant (1) est mesuré et, par comparaison avec une géométrie de consigne (6), du matériau excédentaire (7) est déterminé puis au moins partiellement éliminé par usinage au moyen d'au moins un faisceau laser (4) pulsé présentant des durées d'impulsion > 1 µs, de manière à rapprocher au moins la géométrie réelle (5) de la géométrie de consigne (6). Lors de l'usinage, le composant (1) est mis en rotation autour d'un axe de rotation à une certaine vitesse de rotation, la distance entre le faisceau laser (4) et l'axe de rotation étant au moins temporairement modifiée. La vitesse de rotation, le diamètre du faisceau laser (4) sur le composant (1) ainsi que l'intervalle d'impulsion temporel entre les impulsions du faisceau laser (4) sont sélectionnés de sorte que les zones du composant (1) enlevées par des impulsions respectivement successives du faisceau laser (4) ne se chevauchent pas.""}]",WO-2025214996-A1_fr,WO-2025214996-A1,semantic,3,fr,"de,fr",24,11,13,too-extractive,Quel défaut de forme sur un composant optique ce procédé vise-t-il à détecter avant correction ?,"le composant (1) est mesuré et, par comparaison avec une géométrie de consigne (6), du matériau excédentaire (7) est déterminé"
"EP-4626962-A1_fr|semantic|4|fr|de,fr",1,yes,1,yes,7,23,30,8,too-extractive,"[{""language"": ""de"", ""passage"": ""Title: Verfahren zur herstellung von farbstabilen superabsorberpartikeln\n\nAbstract: Die vorliegende Erfindung betrifft ein Verfahren zur Herstellung von farbstabilen Superabsorberpartikeln, wobei eine wässrige Monomerlösung oder -suspension zu einem Polymergel polymerisiert wird, das erhaltene Polymergel optional zerkleinert wird, das Polymergel anschließend getrocknet wird, das getrocknete Polymergel optional gemahlen und klassiert wird, das getrocknete Polymergel anschließend thermisch oberflächennachvernetzt und gekühlt wird, dadurch gekennzeichnet, dass nach der Polymerisation mit einem Pyrazol beschichtet wird.""}, {""language"": ""fr"", ""passage"": ""Title: Procédé de production de particules superabsorbantes de couleur stable\n\nAbstract: La présente invention concerne un procédé de production de particules superabsorbantes de couleur stable, selon lequel une solution aqueuse de monomère ou une suspension de monomère est polymérisée pour former un gel polymère, le gel polymère obtenu est éventuellement broyé, le gel polymère est ensuite séché, le gel polymère séché est éventuellement broyé et classifié, le gel polymère séché est par la suite réticulé thermiquement en surface et refroidi, le revêtement étant caractérisé en ce qu'il est réalisé avec un pyrazole après polymérisation.""}]",EP-4626962-A1_fr,EP-4626962-A1,semantic,4,fr,"de,fr",30,12,18,none,Quel traitement de surface est appliqué pour stabiliser la teinte des particules et à quel moment du procédé est-il réalisé ?,"le gel polymère séché est par la suite réticulé thermiquement en surface et refroidi, le revêtement étant caractérisé en ce qu'il est réalisé avec un pyrazole après polymérisation."
"EP-4626962-A1_fr|semantic|4|fr|de,fr",2,no,1,yes,7,23,30,8,too-extractive,"[{""language"": ""de"", ""passage"": ""Title: Verfahren zur herstellung von farbstabilen superabsorberpartikeln\n\nAbstract: Die vorliegende Erfindung betrifft ein Verfahren zur Herstellung von farbstabilen Superabsorberpartikeln, wobei eine wässrige Monomerlösung oder -suspension zu einem Polymergel polymerisiert wird, das erhaltene Polymergel optional zerkleinert wird, das Polymergel anschließend getrocknet wird, das getrocknete Polymergel optional gemahlen und klassiert wird, das getrocknete Polymergel anschließend thermisch oberflächennachvernetzt und gekühlt wird, dadurch gekennzeichnet, dass nach der Polymerisation mit einem Pyrazol beschichtet wird.""}, {""language"": ""fr"", ""passage"": ""Title: Procédé de production de particules superabsorbantes de couleur stable\n\nAbstract: La présente invention concerne un procédé de production de particules superabsorbantes de couleur stable, selon lequel une solution aqueuse de monomère ou une suspension de monomère est polymérisée pour former un gel polymère, le gel polymère obtenu est éventuellement broyé, le gel polymère est ensuite séché, le gel polymère séché est éventuellement broyé et classifié, le gel polymère séché est par la suite réticulé thermiquement en surface et refroidi, le revêtement étant caractérisé en ce qu'il est réalisé avec un pyrazole après polymérisation.""}]",EP-4626962-A1_fr,EP-4626962-A1,semantic,4,fr,"de,fr",27,9,18,too-generic,Quel défaut des particules superabsorbantes ce procédé cherche-t-il à corriger ?,La présente invention concerne un procédé de production de particules superabsorbantes de couleur stable
"EP-4626962-A1_fr|semantic|4|fr|de,fr",3,no,1,yes,7,23,30,8,too-extractive,"[{""language"": ""de"", ""passage"": ""Title: Verfahren zur herstellung von farbstabilen superabsorberpartikeln\n\nAbstract: Die vorliegende Erfindung betrifft ein Verfahren zur Herstellung von farbstabilen Superabsorberpartikeln, wobei eine wässrige Monomerlösung oder -suspension zu einem Polymergel polymerisiert wird, das erhaltene Polymergel optional zerkleinert wird, das Polymergel anschließend getrocknet wird, das getrocknete Polymergel optional gemahlen und klassiert wird, das getrocknete Polymergel anschließend thermisch oberflächennachvernetzt und gekühlt wird, dadurch gekennzeichnet, dass nach der Polymerisation mit einem Pyrazol beschichtet wird.""}, {""language"": ""fr"", ""passage"": ""Title: Procédé de production de particules superabsorbantes de couleur stable\n\nAbstract: La présente invention concerne un procédé de production de particules superabsorbantes de couleur stable, selon lequel une solution aqueuse de monomère ou une suspension de monomère est polymérisée pour former un gel polymère, le gel polymère obtenu est éventuellement broyé, le gel polymère est ensuite séché, le gel polymère séché est éventuellement broyé et classifié, le gel polymère séché est par la suite réticulé thermiquement en surface et refroidi, le revêtement étant caractérisé en ce qu'il est réalisé avec un pyrazole après polymérisation.""}]",EP-4626962-A1_fr,EP-4626962-A1,semantic,4,fr,"de,fr",23,11,12,keyword-lifted,Quelles étapes de mise en forme et de concassage du gel sont prévues pour obtenir des particules avant le traitement thermique de surface ?,"une solution aqueuse de monomère ou une suspension de monomère est polymérisée pour former un gel polymère, le gel polymère obtenu est éventuellement broyé, le gel polymère est ensuite séché, le gel polymère séché est éventuellement broyé et classifié"
"EP-4630626-A1_de|technical|1|de|de,fr",1,yes,1,yes,7,25,32,9,document-phrasing,"[{""language"": ""de"", ""passage"": ""Title: Verfahren zur wiederverwertung von asphalt\n\nAbstract: In einem Verfahren zur Wiederverwertung von Ausbauasphalt wird Ausbauasphalt verwendet, der in Fraktionen mit unterschiedlichen Korngrössen aufgeteilt ist, um gemeinsam mit Neumaterial zu neuem Asphalt verarbeitet zu werden. Ein softwarebasiertes Optimierungsverfahren weist mindestens eines der folgenden Optimierungsziele auf 1) Maximierung einer Verwertungsquote eines innerhalb einer definierten Zeitspanne vorliegenden Ausbauasphalts, 2) Maximierung eines Recyclinganteils an Ausbauasphalt im neuen Asphalt (RA-Anteil) und 3) Maximierung der Qualität des neuen Asphalts, wobei die Qualität umso grösser ist, je geringer eine Abweichung von einem deklarierten Soll des neuen Asphalts ist Das Verfahren optimiert die Wiederverwertung von Ausbauasphalt und senkt die Kosten für die Herstellung von neuem Asphalt.""}, {""language"": ""fr"", ""passage"": ""Title: Procédé de recyclage d'asphalte\n\nAbstract: Dans un procédé de recyclage d'asphalte de démolition, on utilise de l'asphalte de démolition divisé en fractions de différentes granulométries pour être transformé en nouvel asphalte avec des matériaux neufs. L'invention concerne un procédé d'optimisation basé sur un logiciel présentant au moins l'un des objectifs d'optimisation suivants : 1) maximisation d'un taux de recyclage d'un asphalte de démolition présent dans un laps de temps défini, 2) maximisation d'une part de recyclage d'asphalte de démolition dans le nouvel asphalte (part RA) et 3) maximisation de la qualité du nouvel asphalte, la qualité étant d'autant plus grande qu'un écart par rapport à une valeur cible déclarée du nouvel asphalte est faible. Le procédé permet d'optimiser le recyclage d'asphalte de démolition et de réduire les coûts de production d'asphalte neuf.""}]",EP-4630626-A1_de,EP-4630626-A1,technical,1,de,"de,fr",32,15,17,none,Wie ist die Qualität des neuen Asphalts definiert?,"wobei die Qualität umso grösser ist, je geringer eine Abweichung von einem deklarierten Soll des neuen Asphalts ist"
"EP-4630626-A1_de|technical|1|de|de,fr",2,no,1,yes,7,25,32,9,document-phrasing,"[{""language"": ""de"", ""passage"": ""Title: Verfahren zur wiederverwertung von asphalt\n\nAbstract: In einem Verfahren zur Wiederverwertung von Ausbauasphalt wird Ausbauasphalt verwendet, der in Fraktionen mit unterschiedlichen Korngrössen aufgeteilt ist, um gemeinsam mit Neumaterial zu neuem Asphalt verarbeitet zu werden. Ein softwarebasiertes Optimierungsverfahren weist mindestens eines der folgenden Optimierungsziele auf 1) Maximierung einer Verwertungsquote eines innerhalb einer definierten Zeitspanne vorliegenden Ausbauasphalts, 2) Maximierung eines Recyclinganteils an Ausbauasphalt im neuen Asphalt (RA-Anteil) und 3) Maximierung der Qualität des neuen Asphalts, wobei die Qualität umso grösser ist, je geringer eine Abweichung von einem deklarierten Soll des neuen Asphalts ist Das Verfahren optimiert die Wiederverwertung von Ausbauasphalt und senkt die Kosten für die Herstellung von neuem Asphalt.""}, {""language"": ""fr"", ""passage"": ""Title: Procédé de recyclage d'asphalte\n\nAbstract: Dans un procédé de recyclage d'asphalte de démolition, on utilise de l'asphalte de démolition divisé en fractions de différentes granulométries pour être transformé en nouvel asphalte avec des matériaux neufs. L'invention concerne un procédé d'optimisation basé sur un logiciel présentant au moins l'un des objectifs d'optimisation suivants : 1) maximisation d'un taux de recyclage d'un asphalte de démolition présent dans un laps de temps défini, 2) maximisation d'une part de recyclage d'asphalte de démolition dans le nouvel asphalte (part RA) et 3) maximisation de la qualité du nouvel asphalte, la qualité étant d'autant plus grande qu'un écart par rapport à une valeur cible déclarée du nouvel asphalte est faible. Le procédé permet d'optimiser le recyclage d'asphalte de démolition et de réduire les coûts de production d'asphalte neuf.""}]",EP-4630626-A1_de,EP-4630626-A1,technical,1,de,"de,fr",27,15,12,document-phrasing,Was ist Optimierungsziel 2?,Maximierung eines Recyclinganteils an Ausbauasphalt im neuen Asphalt (RA-Anteil)
"EP-4630626-A1_de|technical|1|de|de,fr",3,no,1,yes,7,25,32,9,document-phrasing,"[{""language"": ""de"", ""passage"": ""Title: Verfahren zur wiederverwertung von asphalt\n\nAbstract: In einem Verfahren zur Wiederverwertung von Ausbauasphalt wird Ausbauasphalt verwendet, der in Fraktionen mit unterschiedlichen Korngrössen aufgeteilt ist, um gemeinsam mit Neumaterial zu neuem Asphalt verarbeitet zu werden. Ein softwarebasiertes Optimierungsverfahren weist mindestens eines der folgenden Optimierungsziele auf 1) Maximierung einer Verwertungsquote eines innerhalb einer definierten Zeitspanne vorliegenden Ausbauasphalts, 2) Maximierung eines Recyclinganteils an Ausbauasphalt im neuen Asphalt (RA-Anteil) und 3) Maximierung der Qualität des neuen Asphalts, wobei die Qualität umso grösser ist, je geringer eine Abweichung von einem deklarierten Soll des neuen Asphalts ist Das Verfahren optimiert die Wiederverwertung von Ausbauasphalt und senkt die Kosten für die Herstellung von neuem Asphalt.""}, {""language"": ""fr"", ""passage"": ""Title: Procédé de recyclage d'asphalte\n\nAbstract: Dans un procédé de recyclage d'asphalte de démolition, on utilise de l'asphalte de démolition divisé en fractions de différentes granulométries pour être transformé en nouvel asphalte avec des matériaux neufs. L'invention concerne un procédé d'optimisation basé sur un logiciel présentant au moins l'un des objectifs d'optimisation suivants : 1) maximisation d'un taux de recyclage d'un asphalte de démolition présent dans un laps de temps défini, 2) maximisation d'une part de recyclage d'asphalte de démolition dans le nouvel asphalte (part RA) et 3) maximisation de la qualité du nouvel asphalte, la qualité étant d'autant plus grande qu'un écart par rapport à une valeur cible déclarée du nouvel asphalte est faible. Le procédé permet d'optimiser le recyclage d'asphalte de démolition et de réduire les coûts de production d'asphalte neuf.""}]",EP-4630626-A1_de,EP-4630626-A1,technical,1,de,"de,fr",25,11,14,broad-summary,Welches Material wird zur Wiederverwertung verwendet?,Ausbauasphalt
"EP-4633599-A1_fr|technical|3|fr|en,fr",1,yes,1,yes,7,30,37,9,none,"[{""language"": ""en"", ""passage"": ""Title: Cosmetic composition comprising piroctone olamine, at least 1% niacinamide and a ginger root extract\n\nAbstract: The present invention relates to a cosmetic composition comprising piroctone olamine, at least 1% by weight of niacinamide and a ginger root extract. The invention also relates to a process for the cosmetic treatment of human keratin materials such as the skin, notably human scalp, hair and/or eyelashes, comprising at least the application of the cosmetic composition according to the present invention. The present invention also relates to the use of said cosmetic composition for treating the loss and/or promoting the regrowth of keratin fibres. The present invention also relates to the use of said cosmetic composition for cosmetically treating dandruff.""}, {""language"": ""fr"", ""passage"": ""Title: Composition cosmétique comprenant de la piroctone olamine, au moins 1% de niacinamide et un extrait de racine de gingembre\n\nAbstract: La présente invention concerne une composition cosmétique comprenant de la piroctone olamine, au moins 1% en poids de niacinamide et un extrait de racine de gingembre. L'invention concerne également un procédé de traitement cosmétique de matières kératiniques humaines telles que la peau, notamment le cuir chevelu, les cheveux et/ou les cils humains, comprenant au moins l'application de la composition cosmétique selon la présente invention. La présente invention concerne également l'utilisation de ladite composition cosmétique pour traiter la perte et/ou favoriser la repousse des fibres kératiniques. La présente invention concerne également l'utilisation de ladite composition cosmétique pour le traitement cosmétique des pellicules.""}]",EP-4633599-A1_fr,EP-4633599-A1,technical,3,fr,"en,fr",37,14,23,none,Quel est le pourcentage minimal de niacinamide dans la composition ?,au moins 1% en poids de niacinamide.
"EP-4633599-A1_fr|technical|3|fr|en,fr",2,no,1,yes,7,30,37,9,none,"[{""language"": ""en"", ""passage"": ""Title: Cosmetic composition comprising piroctone olamine, at least 1% niacinamide and a ginger root extract\n\nAbstract: The present invention relates to a cosmetic composition comprising piroctone olamine, at least 1% by weight of niacinamide and a ginger root extract. The invention also relates to a process for the cosmetic treatment of human keratin materials such as the skin, notably human scalp, hair and/or eyelashes, comprising at least the application of the cosmetic composition according to the present invention. The present invention also relates to the use of said cosmetic composition for treating the loss and/or promoting the regrowth of keratin fibres. The present invention also relates to the use of said cosmetic composition for cosmetically treating dandruff.""}, {""language"": ""fr"", ""passage"": ""Title: Composition cosmétique comprenant de la piroctone olamine, au moins 1% de niacinamide et un extrait de racine de gingembre\n\nAbstract: La présente invention concerne une composition cosmétique comprenant de la piroctone olamine, au moins 1% en poids de niacinamide et un extrait de racine de gingembre. L'invention concerne également un procédé de traitement cosmétique de matières kératiniques humaines telles que la peau, notamment le cuir chevelu, les cheveux et/ou les cils humains, comprenant au moins l'application de la composition cosmétique selon la présente invention. La présente invention concerne également l'utilisation de ladite composition cosmétique pour traiter la perte et/ou favoriser la repousse des fibres kératiniques. La présente invention concerne également l'utilisation de ladite composition cosmétique pour le traitement cosmétique des pellicules.""}]",EP-4633599-A1_fr,EP-4633599-A1,technical,3,fr,"en,fr",33,15,18,broad-summary,Quel extrait végétal figure dans la composition cosmétique ?,un extrait de racine de gingembre.
"EP-4633599-A1_fr|technical|3|fr|en,fr",3,no,1,yes,7,30,37,9,none,"[{""language"": ""en"", ""passage"": ""Title: Cosmetic composition comprising piroctone olamine, at least 1% niacinamide and a ginger root extract\n\nAbstract: The present invention relates to a cosmetic composition comprising piroctone olamine, at least 1% by weight of niacinamide and a ginger root extract. The invention also relates to a process for the cosmetic treatment of human keratin materials such as the skin, notably human scalp, hair and/or eyelashes, comprising at least the application of the cosmetic composition according to the present invention. The present invention also relates to the use of said cosmetic composition for treating the loss and/or promoting the regrowth of keratin fibres. The present invention also relates to the use of said cosmetic composition for cosmetically treating dandruff.""}, {""language"": ""fr"", ""passage"": ""Title: Composition cosmétique comprenant de la piroctone olamine, au moins 1% de niacinamide et un extrait de racine de gingembre\n\nAbstract: La présente invention concerne une composition cosmétique comprenant de la piroctone olamine, au moins 1% en poids de niacinamide et un extrait de racine de gingembre. L'invention concerne également un procédé de traitement cosmétique de matières kératiniques humaines telles que la peau, notamment le cuir chevelu, les cheveux et/ou les cils humains, comprenant au moins l'application de la composition cosmétique selon la présente invention. La présente invention concerne également l'utilisation de ladite composition cosmétique pour traiter la perte et/ou favoriser la repousse des fibres kératiniques. La présente invention concerne également l'utilisation de ladite composition cosmétique pour le traitement cosmétique des pellicules.""}]",EP-4633599-A1_fr,EP-4633599-A1,technical,3,fr,"en,fr",30,15,15,weak-query-shape,Pour quelle action sur les fibres kératiniques la composition est-elle utilisée ?,pour traiter la perte et/ou favoriser la repousse des fibres kératiniques.
"EP-4633662-A1_en|technical|1|en|en,fr",1,yes,1,yes,7,27,34,9,document-phrasing,"[{""language"": ""en"", ""passage"": ""Title: Kit for combination therapy of tumor diseases and/or infections\n\nAbstract: The present invention relates to a kit of active pharmaceutical ingredients comprising (1) a fusion component comprising an agent, which increases the level of reactive oxygen species (ROS), such as Aplysia punctata ink toxin (APIT), and a targeting sequence, and (2) a prodrug or a proreporter comprising phenylboronic acid or phenylboronic ester derivatives. The present invention relates to said kit of pharmaceutical compositions for use in the diagnosis, prevention and/or treatment of proliferative diseases, viral and/or non-viral infections. The present invention further relates to a method of diagnosis, prevention and/or treatment of a proliferative disease, a viral infection and/or a non-viral infection.""}, {""language"": ""fr"", ""passage"": ""Title: Kit pour la polythérapie de maladies tumorales et/ou d'infections\n\nAbstract: La présente invention concerne un kit d'ingrédients pharmaceutiques actifs comprenant (1) un composant de fusion comprenant un agent, qui augmente le niveau d'espèces réactives de l'oxygène (ERO), telles que la toxine d'encre d'Aplysia punctata (APIT), et une séquence de ciblage, et (2) un promédicament ou un proreporteur comprenant de l'acide phénylboronique ou des dérivés d'ester phénylboronique. La présente invention concerne ledit kit de compositions pharmaceutiques destiné à être utilisé dans le diagnostic, la prévention et/ou le traitement de maladies prolifératives, d'infections virales et/ou non virales. La présente invention concerne en outre un procédé de diagnostic, de prévention et/ou de traitement d'une maladie proliférative, d'une infection virale et/ou d'une infection non virale.""}]",EP-4633662-A1_en,EP-4633662-A1,technical,1,en,"en,fr",34,15,19,none,Which agent example is given that increases ROS?,Aplysia punctata ink toxin (APIT)
"EP-4633662-A1_en|technical|1|en|en,fr",2,no,1,yes,7,27,34,9,document-phrasing,"[{""language"": ""en"", ""passage"": ""Title: Kit for combination therapy of tumor diseases and/or infections\n\nAbstract: The present invention relates to a kit of active pharmaceutical ingredients comprising (1) a fusion component comprising an agent, which increases the level of reactive oxygen species (ROS), such as Aplysia punctata ink toxin (APIT), and a targeting sequence, and (2) a prodrug or a proreporter comprising phenylboronic acid or phenylboronic ester derivatives. The present invention relates to said kit of pharmaceutical compositions for use in the diagnosis, prevention and/or treatment of proliferative diseases, viral and/or non-viral infections. The present invention further relates to a method of diagnosis, prevention and/or treatment of a proliferative disease, a viral infection and/or a non-viral infection.""}, {""language"": ""fr"", ""passage"": ""Title: Kit pour la polythérapie de maladies tumorales et/ou d'infections\n\nAbstract: La présente invention concerne un kit d'ingrédients pharmaceutiques actifs comprenant (1) un composant de fusion comprenant un agent, qui augmente le niveau d'espèces réactives de l'oxygène (ERO), telles que la toxine d'encre d'Aplysia punctata (APIT), et une séquence de ciblage, et (2) un promédicament ou un proreporteur comprenant de l'acide phénylboronique ou des dérivés d'ester phénylboronique. La présente invention concerne ledit kit de compositions pharmaceutiques destiné à être utilisé dans le diagnostic, la prévention et/ou le traitement de maladies prolifératives, d'infections virales et/ou non virales. La présente invention concerne en outre un procédé de diagnostic, de prévention et/ou de traitement d'une maladie proliférative, d'une infection virale et/ou d'une infection non virale.""}]",EP-4633662-A1_en,EP-4633662-A1,technical,1,en,"en,fr",29,15,14,weak-query-shape,What does the prodrug or proreporter comprise?,phenylboronic acid or phenylboronic ester derivatives
"EP-4633662-A1_en|technical|1|en|en,fr",3,no,1,yes,7,27,34,9,document-phrasing,"[{""language"": ""en"", ""passage"": ""Title: Kit for combination therapy of tumor diseases and/or infections\n\nAbstract: The present invention relates to a kit of active pharmaceutical ingredients comprising (1) a fusion component comprising an agent, which increases the level of reactive oxygen species (ROS), such as Aplysia punctata ink toxin (APIT), and a targeting sequence, and (2) a prodrug or a proreporter comprising phenylboronic acid or phenylboronic ester derivatives. The present invention relates to said kit of pharmaceutical compositions for use in the diagnosis, prevention and/or treatment of proliferative diseases, viral and/or non-viral infections. The present invention further relates to a method of diagnosis, prevention and/or treatment of a proliferative disease, a viral infection and/or a non-viral infection.""}, {""language"": ""fr"", ""passage"": ""Title: Kit pour la polythérapie de maladies tumorales et/ou d'infections\n\nAbstract: La présente invention concerne un kit d'ingrédients pharmaceutiques actifs comprenant (1) un composant de fusion comprenant un agent, qui augmente le niveau d'espèces réactives de l'oxygène (ERO), telles que la toxine d'encre d'Aplysia punctata (APIT), et une séquence de ciblage, et (2) un promédicament ou un proreporteur comprenant de l'acide phénylboronique ou des dérivés d'ester phénylboronique. La présente invention concerne ledit kit de compositions pharmaceutiques destiné à être utilisé dans le diagnostic, la prévention et/ou le traitement de maladies prolifératives, d'infections virales et/ou non virales. La présente invention concerne en outre un procédé de diagnostic, de prévention et/ou de traitement d'une maladie proliférative, d'une infection virale et/ou d'une infection non virale.""}]",EP-4633662-A1_en,EP-4633662-A1,technical,1,en,"en,fr",27,15,12,broad-summary,What is the kit of pharmaceutical compositions used for?,"diagnosis, prevention and/or treatment of proliferative diseases, viral and/or non-viral infections"
"EP-4633950-A1_en|technical|4|de|en,fr",1,yes,1,yes,7,29,36,9,none,"[{""language"": ""en"", ""passage"": ""Title: Use of a triple-structured steel in an acidic environment\n\nAbstract: The invention relates to the use of a steel material in contact with an acidic medium that has a pH of less than 5, the steel material being composed of grains comprising a matrix within which precipitates are incorporated, the steel material comprising i) chromium, nickel, carbon, oxygen, manganese, molybdenum, silicon, phosphorus, sulfur, other elements and iron; ii) spherical precipitates, the size of which is between 1 nm and 150 nm; iii) equiaxed, non-columnar grains, the size of which is less than 40 µm; and iv) between 68% and 82% HAGBs, between 1% and 16% LAGBs, and between 9% and 26% twin boundaries.""}, {""language"": ""fr"", ""passage"": ""Title: Utilisation d'un acier à triple structuration dans un environnement acide\n\nAbstract: Utilisation d'un matériau en acier au contact d'un milieu acide présentant un pH inférieur à 5, le matériau en acier étant composé de grains comprenant une matrice dans laquelle sont incorporés des précipités, le matériau en acier comprenant i) du chrome, du nickel, du carbone, de l'oxygène, du manganèse, du molybdène, du silicium, du phosphore, du soufre, d'autres éléments et du fer, ii) des précipités sphériques, de taille variant entre 1 nm et 150 nm, iii) des grains non colonnaires équiaxes dont la taille est inférieure à 40 µm, et iv) entre 68 % et 82 % de joints de grain de type HAGB, entre 1 % et 16 % de joints de type LAGB, et entre 9 % et 26 % de joints de macles Pas de figure d'abrégé.""}]",EP-4633950-A1_en,EP-4633950-A1,technical,4,de,"en,fr",36,14,22,none,Welche Größe haben die sphärischen Präzipitate?,zwischen 1 nm und 150 nm
"EP-4633950-A1_en|technical|4|de|en,fr",2,no,1,yes,7,29,36,9,none,"[{""language"": ""en"", ""passage"": ""Title: Use of a triple-structured steel in an acidic environment\n\nAbstract: The invention relates to the use of a steel material in contact with an acidic medium that has a pH of less than 5, the steel material being composed of grains comprising a matrix within which precipitates are incorporated, the steel material comprising i) chromium, nickel, carbon, oxygen, manganese, molybdenum, silicon, phosphorus, sulfur, other elements and iron; ii) spherical precipitates, the size of which is between 1 nm and 150 nm; iii) equiaxed, non-columnar grains, the size of which is less than 40 µm; and iv) between 68% and 82% HAGBs, between 1% and 16% LAGBs, and between 9% and 26% twin boundaries.""}, {""language"": ""fr"", ""passage"": ""Title: Utilisation d'un acier à triple structuration dans un environnement acide\n\nAbstract: Utilisation d'un matériau en acier au contact d'un milieu acide présentant un pH inférieur à 5, le matériau en acier étant composé de grains comprenant une matrice dans laquelle sont incorporés des précipités, le matériau en acier comprenant i) du chrome, du nickel, du carbone, de l'oxygène, du manganèse, du molybdène, du silicium, du phosphore, du soufre, d'autres éléments et du fer, ii) des précipités sphériques, de taille variant entre 1 nm et 150 nm, iii) des grains non colonnaires équiaxes dont la taille est inférieure à 40 µm, et iv) entre 68 % et 82 % de joints de grain de type HAGB, entre 1 % et 16 % de joints de type LAGB, et entre 9 % et 26 % de joints de macles Pas de figure d'abrégé.""}]",EP-4633950-A1_en,EP-4633950-A1,technical,4,de,"en,fr",36,15,21,broad-summary,Welchen pH-Wert hat das saure Medium?,einen pH von weniger als 5
"EP-4633950-A1_en|technical|4|de|en,fr",3,no,1,yes,7,29,36,9,none,"[{""language"": ""en"", ""passage"": ""Title: Use of a triple-structured steel in an acidic environment\n\nAbstract: The invention relates to the use of a steel material in contact with an acidic medium that has a pH of less than 5, the steel material being composed of grains comprising a matrix within which precipitates are incorporated, the steel material comprising i) chromium, nickel, carbon, oxygen, manganese, molybdenum, silicon, phosphorus, sulfur, other elements and iron; ii) spherical precipitates, the size of which is between 1 nm and 150 nm; iii) equiaxed, non-columnar grains, the size of which is less than 40 µm; and iv) between 68% and 82% HAGBs, between 1% and 16% LAGBs, and between 9% and 26% twin boundaries.""}, {""language"": ""fr"", ""passage"": ""Title: Utilisation d'un acier à triple structuration dans un environnement acide\n\nAbstract: Utilisation d'un matériau en acier au contact d'un milieu acide présentant un pH inférieur à 5, le matériau en acier étant composé de grains comprenant une matrice dans laquelle sont incorporés des précipités, le matériau en acier comprenant i) du chrome, du nickel, du carbone, de l'oxygène, du manganèse, du molybdène, du silicium, du phosphore, du soufre, d'autres éléments et du fer, ii) des précipités sphériques, de taille variant entre 1 nm et 150 nm, iii) des grains non colonnaires équiaxes dont la taille est inférieure à 40 µm, et iv) entre 68 % et 82 % de joints de grain de type HAGB, entre 1 % et 16 % de joints de type LAGB, et entre 9 % et 26 % de joints de macles Pas de figure d'abrégé.""}]",EP-4633950-A1_en,EP-4633950-A1,technical,4,de,"en,fr",29,13,16,poor-writing,Welchen Anteil an twin boundaries nennt der Text?,zwischen 9% und 26% twin boundaries
"EP-4634396-A1_fr|technical|3|fr|en,fr",1,yes,1,yes,7,30,37,9,none,"[{""language"": ""en"", ""passage"": ""Title: Biobased synthesis of glucodiamine\n\nAbstract: A method of preparing glucodiamine, comprising contacting glucose with an enzyme oxidation catalyst under conditions suitable for the formation of glucodialdose; contacting glucodialdose with a nitrogen-containing compound under conditions suitable for the formation of glucodioxime; and reducing glucodioxime under conditions suitable for the formation of glucodiamine. A method of preparing glucodiamine, comprising contacting glucodioxime with a dehydration catalyst under conditions suitable for the formation of glucodinitrile; and reducing glucodinitrile under conditions suitable for the formation of glucodiamine. A chemoenzymatic method of producing a bio-based amide platform chemical, comprising: contacting glucose with a biocatalyst under conditions suitable for the formation of glucodialdose; contacting glucodialdose with a base under conditions suitable for the formation of glucodioxime; and contacting glucodioxime with a hydrogenation catalyst in the presence of hydrogen under conditions suitable for formation of glucodiamine.""}, {""language"": ""fr"", ""passage"": ""Title: Synthèse d'origine biologique de glucodiamine\n\nAbstract: L'invention concerne un procédé de préparation de glucodiamine, consistant à mettre en contact du glucose et un catalyseur d'oxydation enzymatique dans des conditions appropriées pour la formation de glucodialdose ; à mettre en contact une dose de glucodialdose et un composé contenant de l'azote dans des conditions appropriées pour la formation de glucodioxime ; et à réduire le glucodioxime dans des conditions appropriées pour la formation de glucodiamine. L'invention concerne également un procédé de préparation de glucodiamine, comprenant la mise en contact de glucodioxime et d'un catalyseur de déshydratation dans des conditions appropriées pour la formation de glucodinitrile ; et la réduction du glucodinitrile dans des conditions appropriées pour la formation de glucodiamine. L'invention concerne également un procédé chimioenzymatique de production d'un produit chimique de plate-forme amide d'origine biologique, comprenant : la mise en contact de glucose avec un biocatalyseur dans des conditions appropriées pour la formation de glucodialdose ; la mise en contact d'une dose de glucodialdose avec une base dans des conditions appropriées pour la formation de glucodioxime ; et la mise en contact de glucodioxime avec un catalyseur d'hydrogénation en présence d'hydrogène dans des conditions appropriées pour la formation de glucodiamine.""}]",EP-4634396-A1_fr,EP-4634396-A1,technical,3,fr,"en,fr",37,15,22,none,Quelle atmosphère est présente lors de l'hydrogénation de la glucodioxime pour former la glucodiamine ?,en présence d'hydrogène
"EP-4634396-A1_fr|technical|3|fr|en,fr",2,no,1,yes,7,30,37,9,none,"[{""language"": ""en"", ""passage"": ""Title: Biobased synthesis of glucodiamine\n\nAbstract: A method of preparing glucodiamine, comprising contacting glucose with an enzyme oxidation catalyst under conditions suitable for the formation of glucodialdose; contacting glucodialdose with a nitrogen-containing compound under conditions suitable for the formation of glucodioxime; and reducing glucodioxime under conditions suitable for the formation of glucodiamine. A method of preparing glucodiamine, comprising contacting glucodioxime with a dehydration catalyst under conditions suitable for the formation of glucodinitrile; and reducing glucodinitrile under conditions suitable for the formation of glucodiamine. A chemoenzymatic method of producing a bio-based amide platform chemical, comprising: contacting glucose with a biocatalyst under conditions suitable for the formation of glucodialdose; contacting glucodialdose with a base under conditions suitable for the formation of glucodioxime; and contacting glucodioxime with a hydrogenation catalyst in the presence of hydrogen under conditions suitable for formation of glucodiamine.""}, {""language"": ""fr"", ""passage"": ""Title: Synthèse d'origine biologique de glucodiamine\n\nAbstract: L'invention concerne un procédé de préparation de glucodiamine, consistant à mettre en contact du glucose et un catalyseur d'oxydation enzymatique dans des conditions appropriées pour la formation de glucodialdose ; à mettre en contact une dose de glucodialdose et un composé contenant de l'azote dans des conditions appropriées pour la formation de glucodioxime ; et à réduire le glucodioxime dans des conditions appropriées pour la formation de glucodiamine. L'invention concerne également un procédé de préparation de glucodiamine, comprenant la mise en contact de glucodioxime et d'un catalyseur de déshydratation dans des conditions appropriées pour la formation de glucodinitrile ; et la réduction du glucodinitrile dans des conditions appropriées pour la formation de glucodiamine. L'invention concerne également un procédé chimioenzymatique de production d'un produit chimique de plate-forme amide d'origine biologique, comprenant : la mise en contact de glucose avec un biocatalyseur dans des conditions appropriées pour la formation de glucodialdose ; la mise en contact d'une dose de glucodialdose avec une base dans des conditions appropriées pour la formation de glucodioxime ; et la mise en contact de glucodioxime avec un catalyseur d'hydrogénation en présence d'hydrogène dans des conditions appropriées pour la formation de glucodiamine.""}]",EP-4634396-A1_fr,EP-4634396-A1,technical,3,fr,"en,fr",32,15,17,none,Quel catalyseur est mis en contact avec le glucose pour former la glucodialdose ?,un catalyseur d'oxydation enzymatique
"EP-4634396-A1_fr|technical|3|fr|en,fr",3,no,1,yes,7,30,37,9,none,"[{""language"": ""en"", ""passage"": ""Title: Biobased synthesis of glucodiamine\n\nAbstract: A method of preparing glucodiamine, comprising contacting glucose with an enzyme oxidation catalyst under conditions suitable for the formation of glucodialdose; contacting glucodialdose with a nitrogen-containing compound under conditions suitable for the formation of glucodioxime; and reducing glucodioxime under conditions suitable for the formation of glucodiamine. A method of preparing glucodiamine, comprising contacting glucodioxime with a dehydration catalyst under conditions suitable for the formation of glucodinitrile; and reducing glucodinitrile under conditions suitable for the formation of glucodiamine. A chemoenzymatic method of producing a bio-based amide platform chemical, comprising: contacting glucose with a biocatalyst under conditions suitable for the formation of glucodialdose; contacting glucodialdose with a base under conditions suitable for the formation of glucodioxime; and contacting glucodioxime with a hydrogenation catalyst in the presence of hydrogen under conditions suitable for formation of glucodiamine.""}, {""language"": ""fr"", ""passage"": ""Title: Synthèse d'origine biologique de glucodiamine\n\nAbstract: L'invention concerne un procédé de préparation de glucodiamine, consistant à mettre en contact du glucose et un catalyseur d'oxydation enzymatique dans des conditions appropriées pour la formation de glucodialdose ; à mettre en contact une dose de glucodialdose et un composé contenant de l'azote dans des conditions appropriées pour la formation de glucodioxime ; et à réduire le glucodioxime dans des conditions appropriées pour la formation de glucodiamine. L'invention concerne également un procédé de préparation de glucodiamine, comprenant la mise en contact de glucodioxime et d'un catalyseur de déshydratation dans des conditions appropriées pour la formation de glucodinitrile ; et la réduction du glucodinitrile dans des conditions appropriées pour la formation de glucodiamine. L'invention concerne également un procédé chimioenzymatique de production d'un produit chimique de plate-forme amide d'origine biologique, comprenant : la mise en contact de glucose avec un biocatalyseur dans des conditions appropriées pour la formation de glucodialdose ; la mise en contact d'une dose de glucodialdose avec une base dans des conditions appropriées pour la formation de glucodioxime ; et la mise en contact de glucodioxime avec un catalyseur d'hydrogénation en présence d'hydrogène dans des conditions appropriées pour la formation de glucodiamine.""}]",EP-4634396-A1_fr,EP-4634396-A1,technical,3,fr,"en,fr",30,15,15,document-phrasing,Quel composé est formé en mettant en contact la glucodialdose avec un composé contenant de l'azote ?,glucodioxime
"EP-4634596-A1_en|technical|2|es|en,fr",1,yes,1,yes,7,27,34,10,none,"[{""language"": ""en"", ""passage"": ""Title: A PFR LIME KILN PROVIDED WITH A NOx ABATEMENT SYSTEM\n\nAbstract: The present disclosure relates to a PFR lime kiln, comprising at least two vertical shafts each comprising a burner arranged for combustion of limestone, producing exhaust gas comprising dust and nitrogen oxides (NO X ), a dust treatment system to reduce the dust present in the exhaust gas, an SCR system situated downstream the dust treatment system and being arranged to reduce the NO X in the exhaust gas, comprising a low temperature catalyst which is arranged to operate at a temperature of between 150°C and 160°C, and at least one injection lance which is placed in a duct which is situated between the dust treatment system and the catalyst and which is arranged to inject reducing agent in the exhaust gas present in the duct. The present disclosure further relates to a method for reducing NO X in exhaust gas produced during the combustion of limestone in such a PFR lime kiln.""}, {""language"": ""fr"", ""passage"": ""Title: FOUR À CHAUX PFR POURVU D'UN SYSTÈME DE RÉDUCTION DE NOx\n\nAbstract: La présente divulgation concerne un four à chaux PFR, comprenant au moins deux arbres verticaux comprenant chacun un brûleur agencé pour la combustion de calcaire, produisant un gaz d'échappement comprenant de la poussière et des oxydes d'azote (NO X ), un système de traitement de poussière pour réduire la poussière présente dans le gaz d'échappement, un système SCR situé en aval du système de traitement de poussière et étant agencé pour réduire le NO X dans le gaz d'échappement, comprenant un catalyseur à basse température qui est agencé pour fonctionner à une température comprise entre 150°C et 160°C, et au moins une lance d'injection qui est placée dans un conduit qui est situé entre le système de traitement de poussière et le catalyseur et qui est agencée pour injecter un agent réducteur dans le gaz d'échappement présent dans le conduit. La présente divulgation concerne en outre un procédé de réduction de NO X dans un gaz d'échappement produit pendant la combustion de calcaire dans un tel four à chaux PFR.""}]",EP-4634596-A1_en,EP-4634596-A1,technical,2,es,"en,fr",34,13,21,none,¿Cuál es el intervalo de temperatura de funcionamiento del catalizador de baja temperatura?,between 150°C and 160°C
"EP-4634596-A1_en|technical|2|es|en,fr",2,no,1,yes,7,27,34,10,none,"[{""language"": ""en"", ""passage"": ""Title: A PFR LIME KILN PROVIDED WITH A NOx ABATEMENT SYSTEM\n\nAbstract: The present disclosure relates to a PFR lime kiln, comprising at least two vertical shafts each comprising a burner arranged for combustion of limestone, producing exhaust gas comprising dust and nitrogen oxides (NO X ), a dust treatment system to reduce the dust present in the exhaust gas, an SCR system situated downstream the dust treatment system and being arranged to reduce the NO X in the exhaust gas, comprising a low temperature catalyst which is arranged to operate at a temperature of between 150°C and 160°C, and at least one injection lance which is placed in a duct which is situated between the dust treatment system and the catalyst and which is arranged to inject reducing agent in the exhaust gas present in the duct. The present disclosure further relates to a method for reducing NO X in exhaust gas produced during the combustion of limestone in such a PFR lime kiln.""}, {""language"": ""fr"", ""passage"": ""Title: FOUR À CHAUX PFR POURVU D'UN SYSTÈME DE RÉDUCTION DE NOx\n\nAbstract: La présente divulgation concerne un four à chaux PFR, comprenant au moins deux arbres verticaux comprenant chacun un brûleur agencé pour la combustion de calcaire, produisant un gaz d'échappement comprenant de la poussière et des oxydes d'azote (NO X ), un système de traitement de poussière pour réduire la poussière présente dans le gaz d'échappement, un système SCR situé en aval du système de traitement de poussière et étant agencé pour réduire le NO X dans le gaz d'échappement, comprenant un catalyseur à basse température qui est agencé pour fonctionner à une température comprise entre 150°C et 160°C, et au moins une lance d'injection qui est placée dans un conduit qui est situé entre le système de traitement de poussière et le catalyseur et qui est agencée pour injecter un agent réducteur dans le gaz d'échappement présent dans le conduit. La présente divulgation concerne en outre un procédé de réduction de NO X dans un gaz d'échappement produit pendant la combustion de calcaire dans un tel four à chaux PFR.""}]",EP-4634596-A1_en,EP-4634596-A1,technical,2,es,"en,fr",29,13,16,high-overlap,¿Dónde está colocada la lance de inyección?,placed in a duct which is situated between the dust treatment system and the catalyst
"EP-4634596-A1_en|technical|2|es|en,fr",3,no,1,yes,7,27,34,10,none,"[{""language"": ""en"", ""passage"": ""Title: A PFR LIME KILN PROVIDED WITH A NOx ABATEMENT SYSTEM\n\nAbstract: The present disclosure relates to a PFR lime kiln, comprising at least two vertical shafts each comprising a burner arranged for combustion of limestone, producing exhaust gas comprising dust and nitrogen oxides (NO X ), a dust treatment system to reduce the dust present in the exhaust gas, an SCR system situated downstream the dust treatment system and being arranged to reduce the NO X in the exhaust gas, comprising a low temperature catalyst which is arranged to operate at a temperature of between 150°C and 160°C, and at least one injection lance which is placed in a duct which is situated between the dust treatment system and the catalyst and which is arranged to inject reducing agent in the exhaust gas present in the duct. The present disclosure further relates to a method for reducing NO X in exhaust gas produced during the combustion of limestone in such a PFR lime kiln.""}, {""language"": ""fr"", ""passage"": ""Title: FOUR À CHAUX PFR POURVU D'UN SYSTÈME DE RÉDUCTION DE NOx\n\nAbstract: La présente divulgation concerne un four à chaux PFR, comprenant au moins deux arbres verticaux comprenant chacun un brûleur agencé pour la combustion de calcaire, produisant un gaz d'échappement comprenant de la poussière et des oxydes d'azote (NO X ), un système de traitement de poussière pour réduire la poussière présente dans le gaz d'échappement, un système SCR situé en aval du système de traitement de poussière et étant agencé pour réduire le NO X dans le gaz d'échappement, comprenant un catalyseur à basse température qui est agencé pour fonctionner à une température comprise entre 150°C et 160°C, et au moins une lance d'injection qui est placée dans un conduit qui est situé entre le système de traitement de poussière et le catalyseur et qui est agencée pour injecter un agent réducteur dans le gaz d'échappement présent dans le conduit. La présente divulgation concerne en outre un procédé de réduction de NO X dans un gaz d'échappement produit pendant la combustion de calcaire dans un tel four à chaux PFR.""}]",EP-4634596-A1_en,EP-4634596-A1,technical,2,es,"en,fr",27,14,13,language-issue,¿Qué contiene el gas de escape producido por la combustión de limestone?,exhaust gas comprising dust and nitrogen oxides (NO X )
"EP-4634597-A1_en|semantic|4|de|en,fr",1,yes,1,yes,7,24,31,8,faithfulness-borderline,"[{""language"": ""en"", ""passage"": ""Title: Apparatus and process for calcining feed material\n\nAbstract: A process for calcining a feed material can include passing a solid particulate material through a burner or adjacent a burner for being pass through a flame formed by the burner to facilitate calcination of the material. The material can be emitted from the flame of the burner within a calciner for passing through a body of the calciner to an outlet for further calcination of the material so the material has a pre-selected residence time as it is passed through the flame and calciner to an outlet. The residence time can be 20 seconds to 30 seconds, 1-3 minutes, less than 5 minutes in some embodiments. Some embodiments can facilitate calcination of a CaCO 3 material so the calcined solid material output from a calciner is comprised of Ca(OH) 2 (e.g. is mostly Ca(OH) 2 , is over 90 weight percent Ca(OH) 2 , etc.).""}, {""language"": ""fr"", ""passage"": ""Title: Appareil et procédé de calcination de matériau d'alimentation\n\nAbstract: Un procédé de calcination d'un matériau d'alimentation peut comprendre le passage d'un matériau particulaire solide à travers un brûleur ou adjacent à un brûleur pour passer à travers une flamme formée par le brûleur pour faciliter la calcination du matériau. Le matériau peut être émis à partir de la flamme du brûleur à l'intérieur d'un calcinateur pour passer à travers un corps du calcinateur jusqu'à une sortie pour une calcination ultérieure du matériau de telle sorte que le matériau présente un temps de séjour présélectionné lorsqu'il passe à travers la flamme et un calcinateur vers une sortie. Le temps de séjour peut être de 20 secondes à 30 secondes, de 1 à 3 minutes, de moins de 5 minutes dans certains modes de réalisation. Certains modes de réalisation peuvent faciliter la calcination d'un matériau CaCO 3 de telle sorte que le matériau solide calciné délivré par un calcinateur est constitué de Ca(OH) 2 (par exemple, est principalement Ca(OH) 2 , est supérieur à 90 pour cent en poids Ca(OH) 2 , etc.).""}]",EP-4634597-A1_en,EP-4634597-A1,semantic,4,de,"en,fr",31,13,18,none,"Wie kann ein Verfahren die direkte Behandlung von festen Partikeln mit einer Flamme nutzen, um deren Calcination zu ermöglichen?","Ein Verfahren zur Calcination eines Zuführmaterials kann das Durchleiten eines festen partikulären Materials durch einen Brenner oder in dessen Nähe umfassen, sodass es eine vom Brenner gebildete Flamme durchläuft, um die Calcination des Materials zu erleichtern."
"EP-4634597-A1_en|semantic|4|de|en,fr",2,no,1,yes,7,24,31,8,faithfulness-borderline,"[{""language"": ""en"", ""passage"": ""Title: Apparatus and process for calcining feed material\n\nAbstract: A process for calcining a feed material can include passing a solid particulate material through a burner or adjacent a burner for being pass through a flame formed by the burner to facilitate calcination of the material. The material can be emitted from the flame of the burner within a calciner for passing through a body of the calciner to an outlet for further calcination of the material so the material has a pre-selected residence time as it is passed through the flame and calciner to an outlet. The residence time can be 20 seconds to 30 seconds, 1-3 minutes, less than 5 minutes in some embodiments. Some embodiments can facilitate calcination of a CaCO 3 material so the calcined solid material output from a calciner is comprised of Ca(OH) 2 (e.g. is mostly Ca(OH) 2 , is over 90 weight percent Ca(OH) 2 , etc.).""}, {""language"": ""fr"", ""passage"": ""Title: Appareil et procédé de calcination de matériau d'alimentation\n\nAbstract: Un procédé de calcination d'un matériau d'alimentation peut comprendre le passage d'un matériau particulaire solide à travers un brûleur ou adjacent à un brûleur pour passer à travers une flamme formée par le brûleur pour faciliter la calcination du matériau. Le matériau peut être émis à partir de la flamme du brûleur à l'intérieur d'un calcinateur pour passer à travers un corps du calcinateur jusqu'à une sortie pour une calcination ultérieure du matériau de telle sorte que le matériau présente un temps de séjour présélectionné lorsqu'il passe à travers la flamme et un calcinateur vers une sortie. Le temps de séjour peut être de 20 secondes à 30 secondes, de 1 à 3 minutes, de moins de 5 minutes dans certains modes de réalisation. Certains modes de réalisation peuvent faciliter la calcination d'un matériau CaCO 3 de telle sorte que le matériau solide calciné délivré par un calcinateur est constitué de Ca(OH) 2 (par exemple, est principalement Ca(OH) 2 , est supérieur à 90 pour cent en poids Ca(OH) 2 , etc.).""}]",EP-4634597-A1_en,EP-4634597-A1,semantic,4,de,"en,fr",24,11,13,too-extractive,Welche Umwandlung von Calciumverbindungen wird als möglich beschrieben und wie hoch kann der Anteil des Zielprodukts im Ausgangsmaterial sein?,"Einige Ausführungsformen können die Calcination eines CaCO 3-Materials erleichtern, sodass das calzinierte Feststoffmaterial, das aus einem Calciner ausgegeben wird, aus Ca(OH) 2 besteht (z. B. ist überwiegend Ca(OH) 2, beträgt mehr als 90 weight percent Ca(OH) 2, usw.)."
"EP-4634597-A1_en|semantic|4|de|en,fr",3,no,1,yes,7,24,31,8,faithfulness-borderline,"[{""language"": ""en"", ""passage"": ""Title: Apparatus and process for calcining feed material\n\nAbstract: A process for calcining a feed material can include passing a solid particulate material through a burner or adjacent a burner for being pass through a flame formed by the burner to facilitate calcination of the material. The material can be emitted from the flame of the burner within a calciner for passing through a body of the calciner to an outlet for further calcination of the material so the material has a pre-selected residence time as it is passed through the flame and calciner to an outlet. The residence time can be 20 seconds to 30 seconds, 1-3 minutes, less than 5 minutes in some embodiments. Some embodiments can facilitate calcination of a CaCO 3 material so the calcined solid material output from a calciner is comprised of Ca(OH) 2 (e.g. is mostly Ca(OH) 2 , is over 90 weight percent Ca(OH) 2 , etc.).""}, {""language"": ""fr"", ""passage"": ""Title: Appareil et procédé de calcination de matériau d'alimentation\n\nAbstract: Un procédé de calcination d'un matériau d'alimentation peut comprendre le passage d'un matériau particulaire solide à travers un brûleur ou adjacent à un brûleur pour passer à travers une flamme formée par le brûleur pour faciliter la calcination du matériau. Le matériau peut être émis à partir de la flamme du brûleur à l'intérieur d'un calcinateur pour passer à travers un corps du calcinateur jusqu'à une sortie pour une calcination ultérieure du matériau de telle sorte que le matériau présente un temps de séjour présélectionné lorsqu'il passe à travers la flamme et un calcinateur vers une sortie. Le temps de séjour peut être de 20 secondes à 30 secondes, de 1 à 3 minutes, de moins de 5 minutes dans certains modes de réalisation. Certains modes de réalisation peuvent faciliter la calcination d'un matériau CaCO 3 de telle sorte que le matériau solide calciné délivré par un calcinateur est constitué de Ca(OH) 2 (par exemple, est principalement Ca(OH) 2 , est supérieur à 90 pour cent en poids Ca(OH) 2 , etc.).""}]",EP-4634597-A1_en,EP-4634597-A1,semantic,4,de,"en,fr",24,11,13,poor-writing,"Wie wird im beschriebenen Ansatz die Verweildauer der Partikel während der Flammenbehandlung und der Nachbehandlung gesteuert, und welche Zeitbereiche werden genannt?","Das Material kann aus der Flamme des Brenners innerhalb eines Calciners abgegeben werden, um durch den Körper des Calciners zu einer Austrittsöffnung für eine weitere Calcination des Materials geführt zu werden, sodass das Material eine vorgewählte Verweildauer aufweist, während es durch die Flamme und den Calciner zu einer Austrittsöffnung geführt wird. Die Verweildauer kann 20 seconds to 30 seconds, 1-3 minutes, less than 5 minutes in einigen Ausführungsformen betragen."
"EP-4626569-A1_de|technical|2|en|de,fr",1,yes,1,yes,6,29,35,10,none,"[{""language"": ""de"", ""passage"": ""Title: Verbessertes verfahren zur herstellung von alkalimetallmethanolaten\n\nAbstract: Die vorliegende Erfindung betrifft ein Verfahren zur Herstellung mindestens eines Alkalimetallmethanolats durch Reaktivdestillation in mindestens einer Reaktionskolonne. Am unteren Ende der Reaktionskolonne(n) wird das jeweilige, in Methanol gelöste Alkalimetallmethanolat entnommen. Das am Kopf der Reaktionskolonne(n) erhaltene Methanol/Wasser-Gemisch wird in einer Rektifikationskolonne destillativ getrennt. Die am oberen Ende der Rektifikationskolonne erhaltenen Brüden werden in mindestens zwei Stufen verdichtet und die Energie der jeweils verdichteten Brüden vorteilhaft auf Sumpf- und Seitenstrom der Rektifikationskolonne übertragen. Dies ermöglicht den besonders effizienten Einsatz der Energie der verdichteten Brüden im erfindungsgemäßen Verfahren. Zusätzlich wird die Energie des am unteren Ende der Reaktionskolonne(n) erhaltenen Produktstroms von Alkalimetallmethanolat vorteilhaft auf die Brüdenströme aus der Rektifikationskolonne übertragen, insbesondere bevor diese Brüden einer Verdichtung unterworfen werden. Die Energie des verdichteten Brüdens kann zusätzlich zum Betrieb der Reaktionskolonne(n) eingesetzt werden oder zum Betrieb einer Reaktionskolonne, in welcher ein Verfahren zur Umalkoholisierung von Alkalimetallalkoholaten durchgeführt wird.""}, {""language"": ""fr"", ""passage"": ""Title: Procédé amelioré de production de méthoxydes de métaux alcalins\n\nAbstract: L'invention concerne un procédé de production d'au moins un méthoxyde de métal alcalin par distillation réactive dans au moins une colonne de réaction. Au niveau de l'extrémité inférieure de la ou des colonnes de réaction, le méthoxyde de métal alcalin respectif dissous dans le méthanol est retiré. Le mélange méthanol/eau obtenu en tête de la ou des colonnes de réaction est séparé par distillation dans une colonne de rectification. Les vapeurs obtenues à l'extrémité supérieure de la colonne de rectification sont comprimées en au moins deux étapes, et l'énergie des vapeurs comprimées dans chaque cas est transférée de manière avantageuse vers les flux de fond et les flux latéraux de la colonne de rectification. Ceci permet une utilisation particulièrement efficace de l'énergie des vapeurs comprimées dans le procédé selon l'invention. De plus, l'énergie du flux de produit de méthoxyde de métal alcalin obtenu à l'extrémité inférieure de la ou des colonnes de réaction est avantageusement transférée aux flux de vapeur provenant de la colonne de rectification, en particulier avant que lesdites vapeurs ne soient soumises à un processus de compression. L'énergie provenant des vapeurs comprimées peut en outre être utilisée pour faire fonctionner la ou les colonnes de réaction ou une colonne de réaction dans laquelle un procédé de transalcoolisation d'alcoxydes de métal alcalin est effectué.""}]",EP-4626569-A1_de,EP-4626569-A1,technical,2,en,"de,fr",35,15,20,none,In how many stages are the vapors from the top of the rectification column compressed?,in mindestens zwei Stufen
"EP-4626569-A1_de|technical|2|en|de,fr",2,no,1,yes,6,29,35,10,none,"[{""language"": ""de"", ""passage"": ""Title: Verbessertes verfahren zur herstellung von alkalimetallmethanolaten\n\nAbstract: Die vorliegende Erfindung betrifft ein Verfahren zur Herstellung mindestens eines Alkalimetallmethanolats durch Reaktivdestillation in mindestens einer Reaktionskolonne. Am unteren Ende der Reaktionskolonne(n) wird das jeweilige, in Methanol gelöste Alkalimetallmethanolat entnommen. Das am Kopf der Reaktionskolonne(n) erhaltene Methanol/Wasser-Gemisch wird in einer Rektifikationskolonne destillativ getrennt. Die am oberen Ende der Rektifikationskolonne erhaltenen Brüden werden in mindestens zwei Stufen verdichtet und die Energie der jeweils verdichteten Brüden vorteilhaft auf Sumpf- und Seitenstrom der Rektifikationskolonne übertragen. Dies ermöglicht den besonders effizienten Einsatz der Energie der verdichteten Brüden im erfindungsgemäßen Verfahren. Zusätzlich wird die Energie des am unteren Ende der Reaktionskolonne(n) erhaltenen Produktstroms von Alkalimetallmethanolat vorteilhaft auf die Brüdenströme aus der Rektifikationskolonne übertragen, insbesondere bevor diese Brüden einer Verdichtung unterworfen werden. Die Energie des verdichteten Brüdens kann zusätzlich zum Betrieb der Reaktionskolonne(n) eingesetzt werden oder zum Betrieb einer Reaktionskolonne, in welcher ein Verfahren zur Umalkoholisierung von Alkalimetallalkoholaten durchgeführt wird.""}, {""language"": ""fr"", ""passage"": ""Title: Procédé amelioré de production de méthoxydes de métaux alcalins\n\nAbstract: L'invention concerne un procédé de production d'au moins un méthoxyde de métal alcalin par distillation réactive dans au moins une colonne de réaction. Au niveau de l'extrémité inférieure de la ou des colonnes de réaction, le méthoxyde de métal alcalin respectif dissous dans le méthanol est retiré. Le mélange méthanol/eau obtenu en tête de la ou des colonnes de réaction est séparé par distillation dans une colonne de rectification. Les vapeurs obtenues à l'extrémité supérieure de la colonne de rectification sont comprimées en au moins deux étapes, et l'énergie des vapeurs comprimées dans chaque cas est transférée de manière avantageuse vers les flux de fond et les flux latéraux de la colonne de rectification. Ceci permet une utilisation particulièrement efficace de l'énergie des vapeurs comprimées dans le procédé selon l'invention. De plus, l'énergie du flux de produit de méthoxyde de métal alcalin obtenu à l'extrémité inférieure de la ou des colonnes de réaction est avantageusement transférée aux flux de vapeur provenant de la colonne de rectification, en particulier avant que lesdites vapeurs ne soient soumises à un processus de compression. L'énergie provenant des vapeurs comprimées peut en outre être utilisée pour faire fonctionner la ou les colonnes de réaction ou une colonne de réaction dans laquelle un procédé de transalcoolisation d'alcoxydes de métal alcalin est effectué.""}]",EP-4626569-A1_de,EP-4626569-A1,technical,2,en,"de,fr",31,15,16,weak-query-shape,What is withdrawn at the lower end of the reaction column?,"das jeweilige, in Methanol gelöste Alkalimetallmethanolat"
"EP-4626569-A1_de|technical|2|en|de,fr",3,no,1,yes,6,29,35,10,none,"[{""language"": ""de"", ""passage"": ""Title: Verbessertes verfahren zur herstellung von alkalimetallmethanolaten\n\nAbstract: Die vorliegende Erfindung betrifft ein Verfahren zur Herstellung mindestens eines Alkalimetallmethanolats durch Reaktivdestillation in mindestens einer Reaktionskolonne. Am unteren Ende der Reaktionskolonne(n) wird das jeweilige, in Methanol gelöste Alkalimetallmethanolat entnommen. Das am Kopf der Reaktionskolonne(n) erhaltene Methanol/Wasser-Gemisch wird in einer Rektifikationskolonne destillativ getrennt. Die am oberen Ende der Rektifikationskolonne erhaltenen Brüden werden in mindestens zwei Stufen verdichtet und die Energie der jeweils verdichteten Brüden vorteilhaft auf Sumpf- und Seitenstrom der Rektifikationskolonne übertragen. Dies ermöglicht den besonders effizienten Einsatz der Energie der verdichteten Brüden im erfindungsgemäßen Verfahren. Zusätzlich wird die Energie des am unteren Ende der Reaktionskolonne(n) erhaltenen Produktstroms von Alkalimetallmethanolat vorteilhaft auf die Brüdenströme aus der Rektifikationskolonne übertragen, insbesondere bevor diese Brüden einer Verdichtung unterworfen werden. Die Energie des verdichteten Brüdens kann zusätzlich zum Betrieb der Reaktionskolonne(n) eingesetzt werden oder zum Betrieb einer Reaktionskolonne, in welcher ein Verfahren zur Umalkoholisierung von Alkalimetallalkoholaten durchgeführt wird.""}, {""language"": ""fr"", ""passage"": ""Title: Procédé amelioré de production de méthoxydes de métaux alcalins\n\nAbstract: L'invention concerne un procédé de production d'au moins un méthoxyde de métal alcalin par distillation réactive dans au moins une colonne de réaction. Au niveau de l'extrémité inférieure de la ou des colonnes de réaction, le méthoxyde de métal alcalin respectif dissous dans le méthanol est retiré. Le mélange méthanol/eau obtenu en tête de la ou des colonnes de réaction est séparé par distillation dans une colonne de rectification. Les vapeurs obtenues à l'extrémité supérieure de la colonne de rectification sont comprimées en au moins deux étapes, et l'énergie des vapeurs comprimées dans chaque cas est transférée de manière avantageuse vers les flux de fond et les flux latéraux de la colonne de rectification. Ceci permet une utilisation particulièrement efficace de l'énergie des vapeurs comprimées dans le procédé selon l'invention. De plus, l'énergie du flux de produit de méthoxyde de métal alcalin obtenu à l'extrémité inférieure de la ou des colonnes de réaction est avantageusement transférée aux flux de vapeur provenant de la colonne de rectification, en particulier avant que lesdites vapeurs ne soient soumises à un processus de compression. L'énergie provenant des vapeurs comprimées peut en outre être utilisée pour faire fonctionner la ou les colonnes de réaction ou une colonne de réaction dans laquelle un procédé de transalcoolisation d'alcoxydes de métal alcalin est effectué.""}]",EP-4626569-A1_de,EP-4626569-A1,technical,2,en,"de,fr",29,15,14,broad-summary,What process is used to produce the alkali metal methoxides?,Reaktivdestillation in mindestens einer Reaktionskolonne
"EP-4633386-A1_en|technical|3|en|en,fr",1,yes,1,yes,6,31,37,9,none,"[{""language"": ""en"", ""passage"": ""Title: Procedure for preparing compositions with a high content of bioactive compounds\n\nAbstract: The present invention relates to a process for the preparation of compositions having a high concentration of bioactive compounds (BACs), as well as to the use of a device for implementing said process, comprising the percolation of halogenated solvents, in particular hydrofluorocarbons and hydrofluoroolefins, through a solid matrix comprising one or more bioactive compounds and the subsequent evaporation of the halogenated solvent in an expansion chamber containing the substance to be enriched. The invention also relates to BAC-enriched compositions thus obtained and to food, cosmetic, nutraceutical, or pharmaceutical products containing them.""}, {""language"": ""fr"", ""passage"": ""Title: Procédé de préparation de compositions à teneur élevée en composés bioactifs\n\nAbstract: La présente invention concerne un procédé de préparation de compositions ayant une concentration élevée en composés bioactifs (BAC), ainsi que l'utilisation d'un dispositif pour la mise en œuvre dudit procédé, comprenant la percolation de solvants halogénés, en particulier d'hydrofluorocarbones et d'hydrofluorooléfines, à travers une matrice solide comprenant un ou plusieurs composés bioactifs et l'évaporation ultérieure du solvant halogéné dans une chambre d'expansion contenant la substance à enrichir. L'invention concerne également des compositions enrichies en BAC ainsi obtenues et des produits alimentaires, cosmétiques, nutraceutiques ou pharmaceutiques les contenant.""}]",EP-4633386-A1_en,EP-4633386-A1,technical,3,en,"en,fr",37,15,22,none,What types of halogenated solvents are specified?,hydrofluorocarbons and hydrofluoroolefins
"EP-4633386-A1_en|technical|3|en|en,fr",2,no,1,yes,6,31,37,9,none,"[{""language"": ""en"", ""passage"": ""Title: Procedure for preparing compositions with a high content of bioactive compounds\n\nAbstract: The present invention relates to a process for the preparation of compositions having a high concentration of bioactive compounds (BACs), as well as to the use of a device for implementing said process, comprising the percolation of halogenated solvents, in particular hydrofluorocarbons and hydrofluoroolefins, through a solid matrix comprising one or more bioactive compounds and the subsequent evaporation of the halogenated solvent in an expansion chamber containing the substance to be enriched. The invention also relates to BAC-enriched compositions thus obtained and to food, cosmetic, nutraceutical, or pharmaceutical products containing them.""}, {""language"": ""fr"", ""passage"": ""Title: Procédé de préparation de compositions à teneur élevée en composés bioactifs\n\nAbstract: La présente invention concerne un procédé de préparation de compositions ayant une concentration élevée en composés bioactifs (BAC), ainsi que l'utilisation d'un dispositif pour la mise en œuvre dudit procédé, comprenant la percolation de solvants halogénés, en particulier d'hydrofluorocarbones et d'hydrofluorooléfines, à travers une matrice solide comprenant un ou plusieurs composés bioactifs et l'évaporation ultérieure du solvant halogéné dans une chambre d'expansion contenant la substance à enrichir. L'invention concerne également des compositions enrichies en BAC ainsi obtenues et des produits alimentaires, cosmétiques, nutraceutiques ou pharmaceutiques les contenant.""}]",EP-4633386-A1_en,EP-4633386-A1,technical,3,en,"en,fr",34,15,19,none,Where is the halogenated solvent evaporated?,in an expansion chamber containing the substance to be enriched
"EP-4633386-A1_en|technical|3|en|en,fr",3,no,1,yes,6,31,37,9,none,"[{""language"": ""en"", ""passage"": ""Title: Procedure for preparing compositions with a high content of bioactive compounds\n\nAbstract: The present invention relates to a process for the preparation of compositions having a high concentration of bioactive compounds (BACs), as well as to the use of a device for implementing said process, comprising the percolation of halogenated solvents, in particular hydrofluorocarbons and hydrofluoroolefins, through a solid matrix comprising one or more bioactive compounds and the subsequent evaporation of the halogenated solvent in an expansion chamber containing the substance to be enriched. The invention also relates to BAC-enriched compositions thus obtained and to food, cosmetic, nutraceutical, or pharmaceutical products containing them.""}, {""language"": ""fr"", ""passage"": ""Title: Procédé de préparation de compositions à teneur élevée en composés bioactifs\n\nAbstract: La présente invention concerne un procédé de préparation de compositions ayant une concentration élevée en composés bioactifs (BAC), ainsi que l'utilisation d'un dispositif pour la mise en œuvre dudit procédé, comprenant la percolation de solvants halogénés, en particulier d'hydrofluorocarbones et d'hydrofluorooléfines, à travers une matrice solide comprenant un ou plusieurs composés bioactifs et l'évaporation ultérieure du solvant halogéné dans une chambre d'expansion contenant la substance à enrichir. L'invention concerne également des compositions enrichies en BAC ainsi obtenues et des produits alimentaires, cosmétiques, nutraceutiques ou pharmaceutiques les contenant.""}]",EP-4633386-A1_en,EP-4633386-A1,technical,3,en,"en,fr",31,15,16,broad-summary,What kinds of products can contain the BAC-enriched compositions?,"food, cosmetic, nutraceutical, or pharmaceutical products"
"EP-4633638-A1_en|semantic|1|en|en,fr",1,yes,1,yes,6,28,34,9,none,"[{""language"": ""en"", ""passage"": ""Title: Treatment of psychological factors affecting other medical conditions (pfaomc)\n\nAbstract: The present disclosure provides methods for treating psychological factors affecting other medical conditions (PFAOMC) in a subject by administering a reversible monoamine oxidase inhibitor (RIMA), for example moclobemide, optionally in combination with a second pharmaceutical agent, which may for example be an antihyperglycemic agent, an anti-hypertensive agent, an anti-inflammatory agent, an antioxidant, an anxiolytic agent, or an antidepressant, as well as certain other disclosed pharmaceutical agents. In some aspects, the combinations provide synergistic effects in the treatment of the psychological factor(s) and the medical condition(s). Also disclosed are pharmaceutical compositions and pharmaceutical kits comprising such agents and such combinations, including for use in treating subjects with PFAOMC.""}, {""language"": ""fr"", ""passage"": ""Title: Traitement de facteurs psychologiques affectant d'autres problèmes de santé (pfaomc)\n\nAbstract: La présente divulgation propose des procédés de traitement de facteurs psychologiques affectant d'autres problèmes de santé (PFAOMC) chez un sujet par l'administration d'un inhibiteur réversible de monoamine oxydase (RIMA), par exemple le moclobémide, éventuellement en association avec un second agent pharmaceutique, qui peut par exemple être un agent antihyperglycémique, un agent antihypertenseur, un agent antiinflammatoire, un antioxydant, un agent anxiolytique ou un antidépresseur, ainsi que certains autres agents pharmaceutiques décrits. Selon certains aspects, les combinaisons fournissent des effets synergiques dans le traitement du ou des facteurs psychologiques et du ou des problèmes de santé. Sont également divulgués des compositions pharmaceutiques et des kits pharmaceutiques comprenant de tels agents et de telles combinaisons, y compris pour une utilisation dans le traitement de sujets atteints de PFAOMC.""}]",EP-4633638-A1_en,EP-4633638-A1,semantic,1,en,"en,fr",34,13,21,none,What pharmacological approach is suggested for managing psychological contributors that complicate other health disorders?,"The present disclosure provides methods for treating psychological factors affecting other medical conditions (PFAOMC) in a subject by administering a reversible monoamine oxidase inhibitor (RIMA), for example moclobemide, optionally in combination with a second pharmaceutical agent, which may for example be an antihyperglycemic agent, an anti-hypertensive agent, an anti-inflammatory agent, an antioxidant, an anxiolytic agent, or an antidepressant, as well as certain other disclosed pharmaceutical agents."
"EP-4633638-A1_en|semantic|1|en|en,fr",2,no,1,yes,6,28,34,9,none,"[{""language"": ""en"", ""passage"": ""Title: Treatment of psychological factors affecting other medical conditions (pfaomc)\n\nAbstract: The present disclosure provides methods for treating psychological factors affecting other medical conditions (PFAOMC) in a subject by administering a reversible monoamine oxidase inhibitor (RIMA), for example moclobemide, optionally in combination with a second pharmaceutical agent, which may for example be an antihyperglycemic agent, an anti-hypertensive agent, an anti-inflammatory agent, an antioxidant, an anxiolytic agent, or an antidepressant, as well as certain other disclosed pharmaceutical agents. In some aspects, the combinations provide synergistic effects in the treatment of the psychological factor(s) and the medical condition(s). Also disclosed are pharmaceutical compositions and pharmaceutical kits comprising such agents and such combinations, including for use in treating subjects with PFAOMC.""}, {""language"": ""fr"", ""passage"": ""Title: Traitement de facteurs psychologiques affectant d'autres problèmes de santé (pfaomc)\n\nAbstract: La présente divulgation propose des procédés de traitement de facteurs psychologiques affectant d'autres problèmes de santé (PFAOMC) chez un sujet par l'administration d'un inhibiteur réversible de monoamine oxydase (RIMA), par exemple le moclobémide, éventuellement en association avec un second agent pharmaceutique, qui peut par exemple être un agent antihyperglycémique, un agent antihypertenseur, un agent antiinflammatoire, un antioxydant, un agent anxiolytique ou un antidépresseur, ainsi que certains autres agents pharmaceutiques décrits. Selon certains aspects, les combinaisons fournissent des effets synergiques dans le traitement du ou des facteurs psychologiques et du ou des problèmes de santé. Sont également divulgués des compositions pharmaceutiques et des kits pharmaceutiques comprenant de tels agents et de telles combinaisons, y compris pour une utilisation dans le traitement de sujets atteints de PFAOMC.""}]",EP-4633638-A1_en,EP-4633638-A1,semantic,1,en,"en,fr",29,15,14,weak-query-shape,"Does pairing the described MAO inhibitor with other therapeutics improve outcomes, and how is that benefit characterized?","In some aspects, the combinations provide synergistic effects in the treatment of the psychological factor(s) and the medical condition(s)."
"EP-4633638-A1_en|semantic|1|en|en,fr",3,no,1,yes,6,28,34,9,none,"[{""language"": ""en"", ""passage"": ""Title: Treatment of psychological factors affecting other medical conditions (pfaomc)\n\nAbstract: The present disclosure provides methods for treating psychological factors affecting other medical conditions (PFAOMC) in a subject by administering a reversible monoamine oxidase inhibitor (RIMA), for example moclobemide, optionally in combination with a second pharmaceutical agent, which may for example be an antihyperglycemic agent, an anti-hypertensive agent, an anti-inflammatory agent, an antioxidant, an anxiolytic agent, or an antidepressant, as well as certain other disclosed pharmaceutical agents. In some aspects, the combinations provide synergistic effects in the treatment of the psychological factor(s) and the medical condition(s). Also disclosed are pharmaceutical compositions and pharmaceutical kits comprising such agents and such combinations, including for use in treating subjects with PFAOMC.""}, {""language"": ""fr"", ""passage"": ""Title: Traitement de facteurs psychologiques affectant d'autres problèmes de santé (pfaomc)\n\nAbstract: La présente divulgation propose des procédés de traitement de facteurs psychologiques affectant d'autres problèmes de santé (PFAOMC) chez un sujet par l'administration d'un inhibiteur réversible de monoamine oxydase (RIMA), par exemple le moclobémide, éventuellement en association avec un second agent pharmaceutique, qui peut par exemple être un agent antihyperglycémique, un agent antihypertenseur, un agent antiinflammatoire, un antioxydant, un agent anxiolytique ou un antidépresseur, ainsi que certains autres agents pharmaceutiques décrits. Selon certains aspects, les combinaisons fournissent des effets synergiques dans le traitement du ou des facteurs psychologiques et du ou des problèmes de santé. Sont également divulgués des compositions pharmaceutiques et des kits pharmaceutiques comprenant de tels agents et de telles combinaisons, y compris pour une utilisation dans le traitement de sujets atteints de PFAOMC.""}]",EP-4633638-A1_en,EP-4633638-A1,semantic,1,en,"en,fr",28,15,13,weak-query-shape,Are there formulated products or combination packs proposed for delivering these treatments to patients?,"Also disclosed are pharmaceutical compositions and pharmaceutical kits comprising such agents and such combinations, including for use in treating subjects with PFAOMC."
"EP-4634143-A1_en|semantic|2|de|en,fr",1,yes,1,yes,6,28,34,8,none,"[{""language"": ""en"", ""passage"": ""Title: Concentration of aqueous acetic acid by clathrate hydrate formation\n\nAbstract: A method and a system for concentrating an acetic acid solution are provided An exemplary system includes a hydrate reactor to form solid hydrates in the acetic acid solution, a filtration system to remove the solid hydrates formed in the hydrate reactor, and a drying system to separate ethane from water.""}, {""language"": ""fr"", ""passage"": ""Title: Concentration d'acide acétique aqueux par formation de clathrate hydrate\n\nAbstract: L'invention concerne un procédé et un système de concentration d'une solution d'acide acétique. Un système donné à titre d'exemple comprend un réacteur d'hydrate pour former des hydrates solides dans la solution d'acide acétique, un système de filtration pour éliminer les hydrates solides formés dans le réacteur d'hydrate, et un système de séchage pour séparer l'éthane de l'eau.""}]",EP-4634143-A1_en,EP-4634143-A1,semantic,2,de,"en,fr",34,14,20,none,"Welcher Verfahrensaufbau wird vorgeschlagen, um die Konzentration einer Essigsäurelösung durch Feststoffbildung zu realisieren?","An exemplary system includes a hydrate reactor to form solid hydrates in the acetic acid solution, a filtration system to remove the solid hydrates formed in the hydrate reactor, and a drying system to separate ethane from water."
"EP-4634143-A1_en|semantic|2|de|en,fr",2,no,1,yes,6,28,34,8,none,"[{""language"": ""en"", ""passage"": ""Title: Concentration of aqueous acetic acid by clathrate hydrate formation\n\nAbstract: A method and a system for concentrating an acetic acid solution are provided An exemplary system includes a hydrate reactor to form solid hydrates in the acetic acid solution, a filtration system to remove the solid hydrates formed in the hydrate reactor, and a drying system to separate ethane from water.""}, {""language"": ""fr"", ""passage"": ""Title: Concentration d'acide acétique aqueux par formation de clathrate hydrate\n\nAbstract: L'invention concerne un procédé et un système de concentration d'une solution d'acide acétique. Un système donné à titre d'exemple comprend un réacteur d'hydrate pour former des hydrates solides dans la solution d'acide acétique, un système de filtration pour éliminer les hydrates solides formés dans le réacteur d'hydrate, et un système de séchage pour séparer l'éthane de l'eau.""}]",EP-4634143-A1_en,EP-4634143-A1,semantic,2,de,"en,fr",30,10,20,too-generic,"Wie kann man eine wässrige Lösung effizient aufkonzentrieren, wenn man eine andere Trenntechnik als einfache Verdampfung einsetzen möchte?",A method and a system for concentrating an acetic acid solution are provided.
"EP-4634143-A1_en|semantic|2|de|en,fr",3,no,1,yes,6,28,34,8,none,"[{""language"": ""en"", ""passage"": ""Title: Concentration of aqueous acetic acid by clathrate hydrate formation\n\nAbstract: A method and a system for concentrating an acetic acid solution are provided An exemplary system includes a hydrate reactor to form solid hydrates in the acetic acid solution, a filtration system to remove the solid hydrates formed in the hydrate reactor, and a drying system to separate ethane from water.""}, {""language"": ""fr"", ""passage"": ""Title: Concentration d'acide acétique aqueux par formation de clathrate hydrate\n\nAbstract: L'invention concerne un procédé et un système de concentration d'une solution d'acide acétique. Un système donné à titre d'exemple comprend un réacteur d'hydrate pour former des hydrates solides dans la solution d'acide acétique, un système de filtration pour éliminer les hydrates solides formés dans le réacteur d'hydrate, et un système de séchage pour séparer l'éthane de l'eau.""}]",EP-4634143-A1_en,EP-4634143-A1,semantic,2,de,"en,fr",28,15,13,too-extractive,"Wie werden bei dem beschriebenen Ablauf gasförmige Begleitstoffe von Wasser getrennt, nachdem Feststoffe entfernt wurden?",a drying system to separate ethane from water.
"EP-4634246-A1_en|semantic|1|en|en,fr",1,yes,1,yes,6,26,32,9,too-extractive,"[{""language"": ""en"", ""passage"": ""Title: Monomer mixture comprising an n-vinyl monomer and a butenolide monomer and coating compositions derived therefrom\n\nAbstract: A radiation-curable coating composition, comprising a monomer mixture comprising: a) at least one butenolide monomer A, which butenolide monomer is a substituted-5- hydroxy-2(5H)-furanone of general formula (I) wherein: n is 0 or an integer of from 1 to 5; m is 0 or 1; R 1 is alkyl or aryl; X is any one of -C(O)-, -C(O)O-, -C(O)NR 2 -, -S(O)-, -S(O2)-, -C(O)S-, -C(S)S- and - C(S)NR 2 -; wherein R 2 is hydrogen, alkyl or aryl; and b) at least one N-vinyl monomer B, which N-vinyl monomer is a compound of general formula (II) wherein R 4 and R 5 are each independently any one of hydrogen, alkyl, aryl, heteroalkyl or heteroaryl and Y is selected from O, NR 6 and S; and wherein either: i) a is 1 and b is 1; or ii) a is 0 and b is 2; and wherein at least one monomer of A and B comprises at least two vinyl groups.""}, {""language"": ""fr"", ""passage"": ""Title: Mélange de monomères comprenant un monomère de n-vinyle et un monomère de buténolide, et compositions de revêtement dérivées de celui-ci\n\nAbstract: L'invention concerne une composition de revêtement durcissable par rayonnement, comprenant un mélange de monomères comprenant : a) au moins un monomère de buténolide A, ledit monomère de buténolide étant une -5-hydroxy-2 (5H)-furanone substituée de formule générale (I) dans laquelle : n est 0 ou un nombre entier de 1 à 5; m est 0 ou 1; R 1 est alkyle ou aryle; X est l'un quelconque parmi -C(O)-, -C(O)O-, -C(O)NR 2 -, -S(O)-, -S(O2)-, -C(O)S-, -C(S)S- et -C(S)NR 2 -; dans laquelle R 2 est hydrogène, alkyle ou aryle; et b) au moins un monomère de N-vinyle B, ledit monomère de N-vinyle étant un composé de formule générale (II) dans laquelle R 4 et R 5 sont chacun indépendamment l'un quelconque parmi hydrogène, alkyle, aryle, hétéroalkyle ou hétéroaryle et Y est choisi parmi O, NR 6 et S; et dans laquelle : soit i) a est 1 et b est 1; ou ii) a est 0 et b est 2; et dans laquelle au moins un monomère de A et B comprend au moins deux groupes vinyle.""}]",EP-4634246-A1_en,EP-4634246-A1,semantic,1,en,"en,fr",32,14,18,none,What requirement does the formulation impose to ensure at least one monomer can provide multiple vinyl reactive sites for network formation?,and wherein at least one monomer of A and B comprises at least two vinyl groups.
"EP-4634246-A1_en|semantic|1|en|en,fr",2,no,1,yes,6,26,32,9,too-extractive,"[{""language"": ""en"", ""passage"": ""Title: Monomer mixture comprising an n-vinyl monomer and a butenolide monomer and coating compositions derived therefrom\n\nAbstract: A radiation-curable coating composition, comprising a monomer mixture comprising: a) at least one butenolide monomer A, which butenolide monomer is a substituted-5- hydroxy-2(5H)-furanone of general formula (I) wherein: n is 0 or an integer of from 1 to 5; m is 0 or 1; R 1 is alkyl or aryl; X is any one of -C(O)-, -C(O)O-, -C(O)NR 2 -, -S(O)-, -S(O2)-, -C(O)S-, -C(S)S- and - C(S)NR 2 -; wherein R 2 is hydrogen, alkyl or aryl; and b) at least one N-vinyl monomer B, which N-vinyl monomer is a compound of general formula (II) wherein R 4 and R 5 are each independently any one of hydrogen, alkyl, aryl, heteroalkyl or heteroaryl and Y is selected from O, NR 6 and S; and wherein either: i) a is 1 and b is 1; or ii) a is 0 and b is 2; and wherein at least one monomer of A and B comprises at least two vinyl groups.""}, {""language"": ""fr"", ""passage"": ""Title: Mélange de monomères comprenant un monomère de n-vinyle et un monomère de buténolide, et compositions de revêtement dérivées de celui-ci\n\nAbstract: L'invention concerne une composition de revêtement durcissable par rayonnement, comprenant un mélange de monomères comprenant : a) au moins un monomère de buténolide A, ledit monomère de buténolide étant une -5-hydroxy-2 (5H)-furanone substituée de formule générale (I) dans laquelle : n est 0 ou un nombre entier de 1 à 5; m est 0 ou 1; R 1 est alkyle ou aryle; X est l'un quelconque parmi -C(O)-, -C(O)O-, -C(O)NR 2 -, -S(O)-, -S(O2)-, -C(O)S-, -C(S)S- et -C(S)NR 2 -; dans laquelle R 2 est hydrogène, alkyle ou aryle; et b) au moins un monomère de N-vinyle B, ledit monomère de N-vinyle étant un composé de formule générale (II) dans laquelle R 4 et R 5 sont chacun indépendamment l'un quelconque parmi hydrogène, alkyle, aryle, hétéroalkyle ou hétéroaryle et Y est choisi parmi O, NR 6 et S; et dans laquelle : soit i) a est 1 et b est 1; ou ii) a est 0 et b est 2; et dans laquelle au moins un monomère de A et B comprend au moins deux groupes vinyle.""}]",EP-4634246-A1_en,EP-4634246-A1,semantic,1,en,"en,fr",27,14,13,too-extractive,What types of linkage or functional groups are permitted as the connector X on the butenolide core?,"X is any one of -C(O)-, -C(O)O-, -C(O)NR 2 -, -S(O)-, -S(O2)-, -C(O)S-, -C(S)S- and - C(S)NR 2 -; wherein R 2 is hydrogen, alkyl or aryl;"
"EP-4634246-A1_en|semantic|1|en|en,fr",3,no,1,yes,6,26,32,9,too-extractive,"[{""language"": ""en"", ""passage"": ""Title: Monomer mixture comprising an n-vinyl monomer and a butenolide monomer and coating compositions derived therefrom\n\nAbstract: A radiation-curable coating composition, comprising a monomer mixture comprising: a) at least one butenolide monomer A, which butenolide monomer is a substituted-5- hydroxy-2(5H)-furanone of general formula (I) wherein: n is 0 or an integer of from 1 to 5; m is 0 or 1; R 1 is alkyl or aryl; X is any one of -C(O)-, -C(O)O-, -C(O)NR 2 -, -S(O)-, -S(O2)-, -C(O)S-, -C(S)S- and - C(S)NR 2 -; wherein R 2 is hydrogen, alkyl or aryl; and b) at least one N-vinyl monomer B, which N-vinyl monomer is a compound of general formula (II) wherein R 4 and R 5 are each independently any one of hydrogen, alkyl, aryl, heteroalkyl or heteroaryl and Y is selected from O, NR 6 and S; and wherein either: i) a is 1 and b is 1; or ii) a is 0 and b is 2; and wherein at least one monomer of A and B comprises at least two vinyl groups.""}, {""language"": ""fr"", ""passage"": ""Title: Mélange de monomères comprenant un monomère de n-vinyle et un monomère de buténolide, et compositions de revêtement dérivées de celui-ci\n\nAbstract: L'invention concerne une composition de revêtement durcissable par rayonnement, comprenant un mélange de monomères comprenant : a) au moins un monomère de buténolide A, ledit monomère de buténolide étant une -5-hydroxy-2 (5H)-furanone substituée de formule générale (I) dans laquelle : n est 0 ou un nombre entier de 1 à 5; m est 0 ou 1; R 1 est alkyle ou aryle; X est l'un quelconque parmi -C(O)-, -C(O)O-, -C(O)NR 2 -, -S(O)-, -S(O2)-, -C(O)S-, -C(S)S- et -C(S)NR 2 -; dans laquelle R 2 est hydrogène, alkyle ou aryle; et b) au moins un monomère de N-vinyle B, ledit monomère de N-vinyle étant un composé de formule générale (II) dans laquelle R 4 et R 5 sont chacun indépendamment l'un quelconque parmi hydrogène, alkyle, aryle, hétéroalkyle ou hétéroaryle et Y est choisi parmi O, NR 6 et S; et dans laquelle : soit i) a est 1 et b est 1; ou ii) a est 0 et b est 2; et dans laquelle au moins un monomère de A et B comprend au moins deux groupes vinyle.""}]",EP-4634246-A1_en,EP-4634246-A1,semantic,1,en,"en,fr",26,9,17,keyword-lifted,Which two classes of monomers are combined to make a radiation‑curable coating that includes a substituted 5‑hydroxy‑2(5H)‑furanone unit?,"a) at least one butenolide monomer A, which butenolide monomer is a substituted-5- hydroxy-2(5H)-furanone of general formula (I) wherein: n is 0 or an integer of from 1 to 5; m is 0 or 1; R 1 is alkyl or aryl; X is any one of -C(O)-, -C(O)O-, -C(O)NR 2 -, -S(O)-, -S(O2)-, -C(O)S-, -C(S)S- and - C(S)NR 2 -; wherein R 2 is hydrogen, alkyl or aryl; and b) at least one N-vinyl monomer B, which N-vinyl monomer is a compound of general formula (II)"
"EP-4634251-A1_en|technical|2|es|en,de,fr",1,yes,1,yes,6,23,29,8,broad-summary,"[{""language"": ""de"", ""passage"": ""Title: Verbundelement für eine isolierglasscheibe\n\nAbstract: Die vorliegende Erfindung betrifft ein Verbundelement (10), insbesondere ein Verbundelement (10) für eine Isolierglasscheibe, wenigstens umfassend ein erstes Scheibenelement (20) und wenigstens ein zweites Scheibenelement (22) sowie wenigstens ein erstes Profilelement (30), wobei das Profilelement (30) wenigstens eine erste Verbindefläche (32) und/oder wenigstens eine zweite Verbindefläche (33) aufweist, wobei die erste und/oder die zweite Verbindefläche (32, 33) zur Applizierung und/oder Aufnahme eines ersten Verbindemittels (40) vorgesehen und beschaffen ist, wobei benachbart zur ersten Verbindefläche (32) eine dritte Verbindefläche (34) zur Applizierung und/oder Aufnahme eines zweiten Verbindemittels (50) und/oder benachbart zu zweiten Verbindefläche (33) eine vierte Verbindefläche (35) zur Applizierung und/oder Aufnahme eines zweiten Verbindemittels (50) vorgesehen ist und wobei das erste Scheibenelement (20) und das zweite Scheibenelement (22) mittels des Profilelementes (30) und des ersten Verbindemittels (40) und/oder des zweiten Verbindemittels (50) verbindbar oder verbunden sind, wobei das erste Verbindemittel (40) ein zweikomponentiger (Meth)acrylatklebstoff ist, dadurch gekennzeichnet, dass der zweikomponentige (Meth)acrylatklebstoff mindestens zwei ausgewählte Meth(acrylat)-Monomere in spezifischen Anteilen und spezifischem Massenverhältnis zueinander enthält. Des Weiteren betrifft die vorliegende Erfindung eine Isolierglasscheibe (100), ein Profilelement (30), ein Fenster, eine Tür sowie ein Verfahren zur Herstellung eines Verbundelementes bzw. einer Isolierglasscheibe (100).""}, {""language"": ""en"", ""passage"": ""Title: Composite element for an insulating-glass panel\n\nAbstract: The present invention relates to a composite element (10), in particular a composite element (10) for an insulating-glass panel, at least comprising a first panel element (20) and at least one second panel element (22) and at least one first profile element (30), wherein: the profile element (30) has at least one first connecting surface (32) and/or at least one second connecting surface (33); the first and/or the second connecting surface (32, 33) are/is provided and designed for applying and/or accommodating a first connecting means (40); adjacent to the first connecting surface (32) a third connecting surface (34) for applying and/or accommodating a second connecting means (50) is provided; and/or adjacent to the second connecting surface (33) a fourth connecting surface (35) for applying and/or accommodating a second connecting means (50) is provided; and the first panel element (20) and the second panel element (22) can be, or are, connected by means of the profile element (30) and the first connecting means (40) and/or the second connecting means (50); and the first connecting means (40) is a two-component (meth)acrylate adhesive, characterized in that the two-component adhesive contains at least two selected (meth)acrylate monomers in specific proportions and specific mass ratios to each other. The present invention also relates to an insulating-glass panel (100), a profile element (30), a window, a door, and to a method for producing a composite element or an insulating-glass panel (100).""}, {""language"": ""fr"", ""passage"": ""Title: Élément composite pour panneau de verre isolant\n\nAbstract: La présente invention concerne un élément composite (10), en particulier un élément composite (10) pour un panneau de verre isolant, comprenant au moins un premier élément de panneau (20) et au moins un second élément de panneau (22) et au moins un premier élément de profil (30), l'élément de profil (30) ayant au moins une première surface de liaison (32) et/ou au moins une seconde surface de liaison (33) ; la première et/ou la deuxième surface de liaison (32, 33) étant prévues et conçues pour l'application et/ou la réception d'un premier moyen de liaison (40) ; adjacente à la première surface de liaison (32), une troisième surface de liaison (34) pour appliquer et/ou recevoir un second moyen de liaison (50) ; et/ou adjacente à la seconde surface de liaison (33), une quatrième surface de liaison (35) pour appliquer et/ou recevoir un second moyen de liaison (50) ; et le premier élément de panneau (20) et le second élément de panneau (22) peuvent être, ou sont reliés au moyen de l'élément de profil (30) et du premier moyen de liaison (40) et/ou du second moyen de liaison (50) ; et le premier moyen de liaison (40) est un adhésif de (méth)acrylate à deux composants, caractérisé en ce que l'adhésif à deux composants contient au moins deux monomères de (méth)acrylate sélectionnés dans des proportions spécifiques et des rapports de masse spécifiques les uns par rapport aux autres. La présente invention concerne également un panneau de verre isolant (100), un élément profilé (30), une fenêtre, une porte et un procédé de production d'un élément composite ou d'un panneau de verre isolant (100).""}]",EP-4634251-A1_en,EP-4634251-A1,technical,2,es,"en,de,fr",29,13,16,none,¿Qué contiene el adhesivo bicomponente en relación con monómeros?,characterized in that the two-component adhesive contains at least two selected (meth)acrylate monomers in specific proportions and specific mass ratios to each other.
"EP-4634251-A1_en|technical|2|es|en,de,fr",2,no,1,yes,6,23,29,8,broad-summary,"[{""language"": ""de"", ""passage"": ""Title: Verbundelement für eine isolierglasscheibe\n\nAbstract: Die vorliegende Erfindung betrifft ein Verbundelement (10), insbesondere ein Verbundelement (10) für eine Isolierglasscheibe, wenigstens umfassend ein erstes Scheibenelement (20) und wenigstens ein zweites Scheibenelement (22) sowie wenigstens ein erstes Profilelement (30), wobei das Profilelement (30) wenigstens eine erste Verbindefläche (32) und/oder wenigstens eine zweite Verbindefläche (33) aufweist, wobei die erste und/oder die zweite Verbindefläche (32, 33) zur Applizierung und/oder Aufnahme eines ersten Verbindemittels (40) vorgesehen und beschaffen ist, wobei benachbart zur ersten Verbindefläche (32) eine dritte Verbindefläche (34) zur Applizierung und/oder Aufnahme eines zweiten Verbindemittels (50) und/oder benachbart zu zweiten Verbindefläche (33) eine vierte Verbindefläche (35) zur Applizierung und/oder Aufnahme eines zweiten Verbindemittels (50) vorgesehen ist und wobei das erste Scheibenelement (20) und das zweite Scheibenelement (22) mittels des Profilelementes (30) und des ersten Verbindemittels (40) und/oder des zweiten Verbindemittels (50) verbindbar oder verbunden sind, wobei das erste Verbindemittel (40) ein zweikomponentiger (Meth)acrylatklebstoff ist, dadurch gekennzeichnet, dass der zweikomponentige (Meth)acrylatklebstoff mindestens zwei ausgewählte Meth(acrylat)-Monomere in spezifischen Anteilen und spezifischem Massenverhältnis zueinander enthält. Des Weiteren betrifft die vorliegende Erfindung eine Isolierglasscheibe (100), ein Profilelement (30), ein Fenster, eine Tür sowie ein Verfahren zur Herstellung eines Verbundelementes bzw. einer Isolierglasscheibe (100).""}, {""language"": ""en"", ""passage"": ""Title: Composite element for an insulating-glass panel\n\nAbstract: The present invention relates to a composite element (10), in particular a composite element (10) for an insulating-glass panel, at least comprising a first panel element (20) and at least one second panel element (22) and at least one first profile element (30), wherein: the profile element (30) has at least one first connecting surface (32) and/or at least one second connecting surface (33); the first and/or the second connecting surface (32, 33) are/is provided and designed for applying and/or accommodating a first connecting means (40); adjacent to the first connecting surface (32) a third connecting surface (34) for applying and/or accommodating a second connecting means (50) is provided; and/or adjacent to the second connecting surface (33) a fourth connecting surface (35) for applying and/or accommodating a second connecting means (50) is provided; and the first panel element (20) and the second panel element (22) can be, or are, connected by means of the profile element (30) and the first connecting means (40) and/or the second connecting means (50); and the first connecting means (40) is a two-component (meth)acrylate adhesive, characterized in that the two-component adhesive contains at least two selected (meth)acrylate monomers in specific proportions and specific mass ratios to each other. The present invention also relates to an insulating-glass panel (100), a profile element (30), a window, a door, and to a method for producing a composite element or an insulating-glass panel (100).""}, {""language"": ""fr"", ""passage"": ""Title: Élément composite pour panneau de verre isolant\n\nAbstract: La présente invention concerne un élément composite (10), en particulier un élément composite (10) pour un panneau de verre isolant, comprenant au moins un premier élément de panneau (20) et au moins un second élément de panneau (22) et au moins un premier élément de profil (30), l'élément de profil (30) ayant au moins une première surface de liaison (32) et/ou au moins une seconde surface de liaison (33) ; la première et/ou la deuxième surface de liaison (32, 33) étant prévues et conçues pour l'application et/ou la réception d'un premier moyen de liaison (40) ; adjacente à la première surface de liaison (32), une troisième surface de liaison (34) pour appliquer et/ou recevoir un second moyen de liaison (50) ; et/ou adjacente à la seconde surface de liaison (33), une quatrième surface de liaison (35) pour appliquer et/ou recevoir un second moyen de liaison (50) ; et le premier élément de panneau (20) et le second élément de panneau (22) peuvent être, ou sont reliés au moyen de l'élément de profil (30) et du premier moyen de liaison (40) et/ou du second moyen de liaison (50) ; et le premier moyen de liaison (40) est un adhésif de (méth)acrylate à deux composants, caractérisé en ce que l'adhésif à deux composants contient au moins deux monomères de (méth)acrylate sélectionnés dans des proportions spécifiques et des rapports de masse spécifiques les uns par rapport aux autres. La présente invention concerne également un panneau de verre isolant (100), un élément profilé (30), une fenêtre, une porte et un procédé de production d'un élément composite ou d'un panneau de verre isolant (100).""}]",EP-4634251-A1_en,EP-4634251-A1,technical,2,es,"en,de,fr",28,12,16,broad-summary,¿Qué es el primer medio de unión (40)?,and the first connecting means (40) is a two-component (meth)acrylate adhesive
"EP-4634251-A1_en|technical|2|es|en,de,fr",3,no,1,yes,6,23,29,8,broad-summary,"[{""language"": ""de"", ""passage"": ""Title: Verbundelement für eine isolierglasscheibe\n\nAbstract: Die vorliegende Erfindung betrifft ein Verbundelement (10), insbesondere ein Verbundelement (10) für eine Isolierglasscheibe, wenigstens umfassend ein erstes Scheibenelement (20) und wenigstens ein zweites Scheibenelement (22) sowie wenigstens ein erstes Profilelement (30), wobei das Profilelement (30) wenigstens eine erste Verbindefläche (32) und/oder wenigstens eine zweite Verbindefläche (33) aufweist, wobei die erste und/oder die zweite Verbindefläche (32, 33) zur Applizierung und/oder Aufnahme eines ersten Verbindemittels (40) vorgesehen und beschaffen ist, wobei benachbart zur ersten Verbindefläche (32) eine dritte Verbindefläche (34) zur Applizierung und/oder Aufnahme eines zweiten Verbindemittels (50) und/oder benachbart zu zweiten Verbindefläche (33) eine vierte Verbindefläche (35) zur Applizierung und/oder Aufnahme eines zweiten Verbindemittels (50) vorgesehen ist und wobei das erste Scheibenelement (20) und das zweite Scheibenelement (22) mittels des Profilelementes (30) und des ersten Verbindemittels (40) und/oder des zweiten Verbindemittels (50) verbindbar oder verbunden sind, wobei das erste Verbindemittel (40) ein zweikomponentiger (Meth)acrylatklebstoff ist, dadurch gekennzeichnet, dass der zweikomponentige (Meth)acrylatklebstoff mindestens zwei ausgewählte Meth(acrylat)-Monomere in spezifischen Anteilen und spezifischem Massenverhältnis zueinander enthält. Des Weiteren betrifft die vorliegende Erfindung eine Isolierglasscheibe (100), ein Profilelement (30), ein Fenster, eine Tür sowie ein Verfahren zur Herstellung eines Verbundelementes bzw. einer Isolierglasscheibe (100).""}, {""language"": ""en"", ""passage"": ""Title: Composite element for an insulating-glass panel\n\nAbstract: The present invention relates to a composite element (10), in particular a composite element (10) for an insulating-glass panel, at least comprising a first panel element (20) and at least one second panel element (22) and at least one first profile element (30), wherein: the profile element (30) has at least one first connecting surface (32) and/or at least one second connecting surface (33); the first and/or the second connecting surface (32, 33) are/is provided and designed for applying and/or accommodating a first connecting means (40); adjacent to the first connecting surface (32) a third connecting surface (34) for applying and/or accommodating a second connecting means (50) is provided; and/or adjacent to the second connecting surface (33) a fourth connecting surface (35) for applying and/or accommodating a second connecting means (50) is provided; and the first panel element (20) and the second panel element (22) can be, or are, connected by means of the profile element (30) and the first connecting means (40) and/or the second connecting means (50); and the first connecting means (40) is a two-component (meth)acrylate adhesive, characterized in that the two-component adhesive contains at least two selected (meth)acrylate monomers in specific proportions and specific mass ratios to each other. The present invention also relates to an insulating-glass panel (100), a profile element (30), a window, a door, and to a method for producing a composite element or an insulating-glass panel (100).""}, {""language"": ""fr"", ""passage"": ""Title: Élément composite pour panneau de verre isolant\n\nAbstract: La présente invention concerne un élément composite (10), en particulier un élément composite (10) pour un panneau de verre isolant, comprenant au moins un premier élément de panneau (20) et au moins un second élément de panneau (22) et au moins un premier élément de profil (30), l'élément de profil (30) ayant au moins une première surface de liaison (32) et/ou au moins une seconde surface de liaison (33) ; la première et/ou la deuxième surface de liaison (32, 33) étant prévues et conçues pour l'application et/ou la réception d'un premier moyen de liaison (40) ; adjacente à la première surface de liaison (32), une troisième surface de liaison (34) pour appliquer et/ou recevoir un second moyen de liaison (50) ; et/ou adjacente à la seconde surface de liaison (33), une quatrième surface de liaison (35) pour appliquer et/ou recevoir un second moyen de liaison (50) ; et le premier élément de panneau (20) et le second élément de panneau (22) peuvent être, ou sont reliés au moyen de l'élément de profil (30) et du premier moyen de liaison (40) et/ou du second moyen de liaison (50) ; et le premier moyen de liaison (40) est un adhésif de (méth)acrylate à deux composants, caractérisé en ce que l'adhésif à deux composants contient au moins deux monomères de (méth)acrylate sélectionnés dans des proportions spécifiques et des rapports de masse spécifiques les uns par rapport aux autres. La présente invention concerne également un panneau de verre isolant (100), un élément profilé (30), une fenêtre, une porte et un procédé de production d'un élément composite ou d'un panneau de verre isolant (100).""}]",EP-4634251-A1_en,EP-4634251-A1,technical,2,es,"en,de,fr",23,12,11,broad-summary,¿Qué superficies de unión presenta el elemento de perfil (30)?,wherein: the profile element (30) has at least one first connecting surface (32) and/or at least one second connecting surface (33);
"WO-2025215167-A1_de|semantic|3|de|de,fr",1,yes,1,yes,6,25,31,9,none,"[{""language"": ""de"", ""passage"": ""Title: Beschichtung mit darin eingebetteten quantensensoren und verfahren für ihre herstellung\n\nAbstract: Die Erfindung betrifft eine Beschichtung aus Zirconium(IV)-oxid, welche durch einen Sol-Gel-Prozess aus einer flüssigen Phase mit darin verteilten dotierten Nanodiamanten auf einem Substrat abgeschieden und nach Ihrer Trocknung durch einen Kalzinierungsprozess bei erhöhter Temperatur in einen kristallinen Zustand überfuhrt wird, in dem das Zirconium(IV)-oxid zum überwiegendem Anteil in seiner tetragonalen Phase vorliegt.""}, {""language"": ""fr"", ""passage"": ""Title: Revêtement comprenant des capteurs quantiques incorporés dans celui-ci, et procédé de production du revêtement\n\nAbstract: L'invention concerne un revêtement en oxyde de zirconium (IV), qui est déposé sur un substrat au moyen d'un procédé sol-gel, à partir d'une phase liquide dans laquelle sont réparties des nanodiamants dopés, et, après séchage, est converti au moyen d'un procédé de calcination à haute température dans un état cristallin dans lequel l'oxyde de zirconium (IV) est majoritairement présent dans sa phase tétragonale.""}]",WO-2025215167-A1_de,WO-2025215167-A1,semantic,3,de,"de,fr",31,14,17,keyword-lifted,Welches Herstellungsverfahren integriert dotierte Nanodiamanten in die Oxidschicht und wie wird anschließend die gewünschte Kristallstruktur erreicht?,durch einen Sol-Gel-Prozess aus einer flüssigen Phase mit darin verteilten dotierten Nanodiamanten auf einem Substrat abgeschieden und nach Ihrer Trocknung durch einen Kalzinierungsprozess bei erhöhter Temperatur in einen kristallinen Zustand überfuhrt wird
"WO-2025215167-A1_de|semantic|3|de|de,fr",2,no,1,yes,6,25,31,9,none,"[{""language"": ""de"", ""passage"": ""Title: Beschichtung mit darin eingebetteten quantensensoren und verfahren für ihre herstellung\n\nAbstract: Die Erfindung betrifft eine Beschichtung aus Zirconium(IV)-oxid, welche durch einen Sol-Gel-Prozess aus einer flüssigen Phase mit darin verteilten dotierten Nanodiamanten auf einem Substrat abgeschieden und nach Ihrer Trocknung durch einen Kalzinierungsprozess bei erhöhter Temperatur in einen kristallinen Zustand überfuhrt wird, in dem das Zirconium(IV)-oxid zum überwiegendem Anteil in seiner tetragonalen Phase vorliegt.""}, {""language"": ""fr"", ""passage"": ""Title: Revêtement comprenant des capteurs quantiques incorporés dans celui-ci, et procédé de production du revêtement\n\nAbstract: L'invention concerne un revêtement en oxyde de zirconium (IV), qui est déposé sur un substrat au moyen d'un procédé sol-gel, à partir d'une phase liquide dans laquelle sont réparties des nanodiamants dopés, et, après séchage, est converti au moyen d'un procédé de calcination à haute température dans un état cristallin dans lequel l'oxyde de zirconium (IV) est majoritairement présent dans sa phase tétragonale.""}]",WO-2025215167-A1_de,WO-2025215167-A1,semantic,3,de,"de,fr",26,13,13,weak-query-shape,Eignet sich die beschriebene Technik zum direkten Auftrag einer Nanodiamant-haltigen Beschichtung auf ein Substrat?,aus einer flüssigen Phase mit darin verteilten dotierten Nanodiamanten auf einem Substrat abgeschieden
"WO-2025215167-A1_de|semantic|3|de|de,fr",3,no,1,yes,6,25,31,9,none,"[{""language"": ""de"", ""passage"": ""Title: Beschichtung mit darin eingebetteten quantensensoren und verfahren für ihre herstellung\n\nAbstract: Die Erfindung betrifft eine Beschichtung aus Zirconium(IV)-oxid, welche durch einen Sol-Gel-Prozess aus einer flüssigen Phase mit darin verteilten dotierten Nanodiamanten auf einem Substrat abgeschieden und nach Ihrer Trocknung durch einen Kalzinierungsprozess bei erhöhter Temperatur in einen kristallinen Zustand überfuhrt wird, in dem das Zirconium(IV)-oxid zum überwiegendem Anteil in seiner tetragonalen Phase vorliegt.""}, {""language"": ""fr"", ""passage"": ""Title: Revêtement comprenant des capteurs quantiques incorporés dans celui-ci, et procédé de production du revêtement\n\nAbstract: L'invention concerne un revêtement en oxyde de zirconium (IV), qui est déposé sur un substrat au moyen d'un procédé sol-gel, à partir d'une phase liquide dans laquelle sont réparties des nanodiamants dopés, et, après séchage, est converti au moyen d'un procédé de calcination à haute température dans un état cristallin dans lequel l'oxyde de zirconium (IV) est majoritairement présent dans sa phase tétragonale.""}]",WO-2025215167-A1_de,WO-2025215167-A1,semantic,3,de,"de,fr",25,11,14,weak-query-shape,Welche Herausforderung bei der Kristallphase von Zirconium(IV)-oxid wird durch diese Schichtbildung adressiert?,"in einen kristallinen Zustand überfuhrt wird, in dem das Zirconium(IV)-oxid zum überwiegendem Anteil in seiner tetragonalen Phase vorliegt."
"EP-4633632-A1_en|technical|1|es|en,fr",1,yes,1,yes,5,24,29,9,none,"[{""language"": ""en"", ""passage"": ""Title: Dosage regime of orforglipron for treating a subject with type 2 diabetes (t2d), obesity, or overweight with at least one weight related comorbidity\n\nAbstract: Disclosed herein are methods for treating a subject with T2D, obesity, or overweight with at least one weight related comorbidity using a glucagon-like peptide-1 (GLP-1) receptor non-peptide agonist (NPA) by oral administration. Also disclosed herein are oral escalation doses for treating T2D, obesity, or overweight with at least one weight related comorbidity using the GLP-1 receptor NPA. Also disclosed are pharmaceutical unit dosages suitable for treating T2D, obesity, or overweight with at least one weight related comorbidity. Further disclosed herein are uses of the GLP-1 receptor NPA for the manufacture of a medicament for treating T2D, obesity, or overweight with at least one weight related comorbidity.""}, {""language"": ""fr"", ""passage"": ""Title: Régime posologique d'orforglipron pour traiter un sujet atteint de diabète de type 2 (t2d), d'obésité ou de surpoids avec au moins une comorbidité liée au poids\n\nAbstract: Sont ici divulguées des méthodes de traitement d'un sujet atteint de T2D, d'obésité ou de surpoids avec au moins une comorbidité liée au poids à l'aide d'un agoniste non peptidique du récepteur du peptide-1 de type glucagon (GLP-1) (NPA) par administration orale. Sont également ici divulguées des doses croissantes par voies orales pour traiter le T2D, l'obésité ou le surpoids avec au moins une comorbidité liée au poids à l'aide du NPA du récepteur GLP-1. Sont également ici divulguées des doses unitaires pharmaceutiques appropriées pour traiter la T2D, l'obésité ou le surpoids avec au moins une comorbidité liée au poids. Sont en outre ici divulguées des utilisations du NPA du récepteur GLP-1 pour la fabrication d'un médicament pour traiter la T2D, l'obésité ou le surpoids avec au moins une comorbidité liée au poids.""}]",EP-4633632-A1_en,EP-4633632-A1,technical,1,es,"en,fr",29,13,16,none,¿Qué vía de administración se utiliza para el agonista del receptor GLP-1?,by oral administration
"EP-4633632-A1_en|technical|1|es|en,fr",2,no,1,yes,5,24,29,9,none,"[{""language"": ""en"", ""passage"": ""Title: Dosage regime of orforglipron for treating a subject with type 2 diabetes (t2d), obesity, or overweight with at least one weight related comorbidity\n\nAbstract: Disclosed herein are methods for treating a subject with T2D, obesity, or overweight with at least one weight related comorbidity using a glucagon-like peptide-1 (GLP-1) receptor non-peptide agonist (NPA) by oral administration. Also disclosed herein are oral escalation doses for treating T2D, obesity, or overweight with at least one weight related comorbidity using the GLP-1 receptor NPA. Also disclosed are pharmaceutical unit dosages suitable for treating T2D, obesity, or overweight with at least one weight related comorbidity. Further disclosed herein are uses of the GLP-1 receptor NPA for the manufacture of a medicament for treating T2D, obesity, or overweight with at least one weight related comorbidity.""}, {""language"": ""fr"", ""passage"": ""Title: Régime posologique d'orforglipron pour traiter un sujet atteint de diabète de type 2 (t2d), d'obésité ou de surpoids avec au moins une comorbidité liée au poids\n\nAbstract: Sont ici divulguées des méthodes de traitement d'un sujet atteint de T2D, d'obésité ou de surpoids avec au moins une comorbidité liée au poids à l'aide d'un agoniste non peptidique du récepteur du peptide-1 de type glucagon (GLP-1) (NPA) par administration orale. Sont également ici divulguées des doses croissantes par voies orales pour traiter le T2D, l'obésité ou le surpoids avec au moins une comorbidité liée au poids à l'aide du NPA du récepteur GLP-1. Sont également ici divulguées des doses unitaires pharmaceutiques appropriées pour traiter la T2D, l'obésité ou le surpoids avec au moins une comorbidité liée au poids. Sont en outre ici divulguées des utilisations du NPA du récepteur GLP-1 pour la fabrication d'un médicament pour traiter la T2D, l'obésité ou le surpoids avec au moins une comorbidité liée au poids.""}]",EP-4633632-A1_en,EP-4633632-A1,technical,1,es,"en,fr",27,15,12,document-phrasing,¿Qué compuesto se menciona en el título?,orforglipron
"EP-4633632-A1_en|technical|1|es|en,fr",3,no,1,yes,5,24,29,9,none,"[{""language"": ""en"", ""passage"": ""Title: Dosage regime of orforglipron for treating a subject with type 2 diabetes (t2d), obesity, or overweight with at least one weight related comorbidity\n\nAbstract: Disclosed herein are methods for treating a subject with T2D, obesity, or overweight with at least one weight related comorbidity using a glucagon-like peptide-1 (GLP-1) receptor non-peptide agonist (NPA) by oral administration. Also disclosed herein are oral escalation doses for treating T2D, obesity, or overweight with at least one weight related comorbidity using the GLP-1 receptor NPA. Also disclosed are pharmaceutical unit dosages suitable for treating T2D, obesity, or overweight with at least one weight related comorbidity. Further disclosed herein are uses of the GLP-1 receptor NPA for the manufacture of a medicament for treating T2D, obesity, or overweight with at least one weight related comorbidity.""}, {""language"": ""fr"", ""passage"": ""Title: Régime posologique d'orforglipron pour traiter un sujet atteint de diabète de type 2 (t2d), d'obésité ou de surpoids avec au moins une comorbidité liée au poids\n\nAbstract: Sont ici divulguées des méthodes de traitement d'un sujet atteint de T2D, d'obésité ou de surpoids avec au moins une comorbidité liée au poids à l'aide d'un agoniste non peptidique du récepteur du peptide-1 de type glucagon (GLP-1) (NPA) par administration orale. Sont également ici divulguées des doses croissantes par voies orales pour traiter le T2D, l'obésité ou le surpoids avec au moins une comorbidité liée au poids à l'aide du NPA du récepteur GLP-1. Sont également ici divulguées des doses unitaires pharmaceutiques appropriées pour traiter la T2D, l'obésité ou le surpoids avec au moins une comorbidité liée au poids. Sont en outre ici divulguées des utilisations du NPA du récepteur GLP-1 pour la fabrication d'un médicament pour traiter la T2D, l'obésité ou le surpoids avec au moins une comorbidité liée au poids.""}]",EP-4633632-A1_en,EP-4633632-A1,technical,1,es,"en,fr",24,12,12,broad-summary,¿Qué tipo de dosis unitarias se divulgan?,"pharmaceutical unit dosages suitable for treating T2D, obesity, or overweight with at least one weight related comorbidity"
"EP-4633680-A1_en|semantic|2|es|en,fr",1,yes,1,yes,5,25,30,9,none,"[{""language"": ""en"", ""passage"": ""Title: Thyclotide peptide conjugates with cell permeability and inhibitory activity\n\nAbstract: Disclosed are thyclotide-peptide conjugates of the formula (I): Tn-L-P (I), wherein T is a thyclotide unit of the formula:, wherein the thyclotide units are optionally intercepted by segments of polypeptide which can be the same as or different from P, n is about 5 to about 25, L is a linker, P is a polypeptide, and B is a nucleobase or a heterocyclyl moiety. Also disclosed are pharmaceutical compositions and methods of treating diseases such as cancers by administering an effective amount of a thyclotide-peptide conjugate.""}, {""language"": ""fr"", ""passage"": ""Title: Conjugués peptidiques de thyclotide ayant une perméabilité cellulaire et activité inhibitrice\n\nAbstract: La présente divulgation concerne des conjugués de thyclotide-peptide de formule (I) : T n -L-P (I), dans laquelle T est une unité de thyclotide de la formule, les unités de thyclotide étant éventuellement interceptées par des segments de polypeptide qui peuvent être identiques ou différents de P, n étant d'environ 5 à environ 25, L étant un lieur, P étant un polypeptide, et B étant une nucléobase ou une fraction hétérocyclyle. La présente divulgation concerne également des compositions pharmaceutiques et des méthodes de traitement de maladies telles que des cancers en administrant une quantité efficace d'un conjugué thyclotide-peptide.""}]",EP-4633680-A1_en,EP-4633680-A1,semantic,2,es,"en,fr",30,10,20,none,¿Qué arquitectura molecular proponen para unir un thyclotide con un péptido funcional?,"Disclosed are thyclotide-peptide conjugates of the formula (I): Tn-L-P (I), wherein T is a thyclotide unit of the formula:, wherein the thyclotide units are optionally intercepted by segments of polypeptide which can be the same as or different from P, n is about 5 to about 25, L is a linker, P is a polypeptide, and B is a nucleobase or a heterocyclyl moiety."
"EP-4633680-A1_en|semantic|2|es|en,fr",2,no,1,yes,5,25,30,9,none,"[{""language"": ""en"", ""passage"": ""Title: Thyclotide peptide conjugates with cell permeability and inhibitory activity\n\nAbstract: Disclosed are thyclotide-peptide conjugates of the formula (I): Tn-L-P (I), wherein T is a thyclotide unit of the formula:, wherein the thyclotide units are optionally intercepted by segments of polypeptide which can be the same as or different from P, n is about 5 to about 25, L is a linker, P is a polypeptide, and B is a nucleobase or a heterocyclyl moiety. Also disclosed are pharmaceutical compositions and methods of treating diseases such as cancers by administering an effective amount of a thyclotide-peptide conjugate.""}, {""language"": ""fr"", ""passage"": ""Title: Conjugués peptidiques de thyclotide ayant une perméabilité cellulaire et activité inhibitrice\n\nAbstract: La présente divulgation concerne des conjugués de thyclotide-peptide de formule (I) : T n -L-P (I), dans laquelle T est une unité de thyclotide de la formule, les unités de thyclotide étant éventuellement interceptées par des segments de polypeptide qui peuvent être identiques ou différents de P, n étant d'environ 5 à environ 25, L étant un lieur, P étant un polypeptide, et B étant une nucléobase ou une fraction hétérocyclyle. La présente divulgation concerne également des compositions pharmaceutiques et des méthodes de traitement de maladies telles que des cancers en administrant une quantité efficace d'un conjugué thyclotide-peptide.""}]",EP-4633680-A1_en,EP-4633680-A1,semantic,2,es,"en,fr",28,13,15,too-generic,¿Qué uso terapéutico concreto habilitan estos conjugados según el pasaje?,Also disclosed are pharmaceutical compositions and methods of treating diseases such as cancers by administering an effective amount of a thyclotide-peptide conjugate.
"EP-4633680-A1_en|semantic|2|es|en,fr",3,no,1,yes,5,25,30,9,none,"[{""language"": ""en"", ""passage"": ""Title: Thyclotide peptide conjugates with cell permeability and inhibitory activity\n\nAbstract: Disclosed are thyclotide-peptide conjugates of the formula (I): Tn-L-P (I), wherein T is a thyclotide unit of the formula:, wherein the thyclotide units are optionally intercepted by segments of polypeptide which can be the same as or different from P, n is about 5 to about 25, L is a linker, P is a polypeptide, and B is a nucleobase or a heterocyclyl moiety. Also disclosed are pharmaceutical compositions and methods of treating diseases such as cancers by administering an effective amount of a thyclotide-peptide conjugate.""}, {""language"": ""fr"", ""passage"": ""Title: Conjugués peptidiques de thyclotide ayant une perméabilité cellulaire et activité inhibitrice\n\nAbstract: La présente divulgation concerne des conjugués de thyclotide-peptide de formule (I) : T n -L-P (I), dans laquelle T est une unité de thyclotide de la formule, les unités de thyclotide étant éventuellement interceptées par des segments de polypeptide qui peuvent être identiques ou différents de P, n étant d'environ 5 à environ 25, L étant un lieur, P étant un polypeptide, et B étant une nucléobase ou une fraction hétérocyclyle. La présente divulgation concerne également des compositions pharmaceutiques et des méthodes de traitement de maladies telles que des cancers en administrant une quantité efficace d'un conjugué thyclotide-peptide.""}]",EP-4633680-A1_en,EP-4633680-A1,semantic,2,es,"en,fr",25,7,18,none,¿Qué limitación en terapias peptídicas buscan resolver estos compuestos respecto a la entrada en la célula y la actividad terapéutica?,Conjugués peptidiques de thyclotide ayant une perméabilité cellulaire et activité inhibitrice
"EP-4633415-A1_en|technical|4|es|en,fr",1,yes,1,yes,4,25,29,8,none,"[{""language"": ""en"", ""passage"": ""Title: Metal-foam vape filter\n\nAbstract: A metal foam vape structure is used for fluid filtration or purification, such as vapor or gas filtration. It is also used for inhaling and exhaling vapor containing nicotine and flavoring produced by a device. This metal foam structure can thus be used in electronic cigarettes or ecigarettes and related devices.""}, {""language"": ""fr"", ""passage"": ""Title: Filtre pour vapoteuse à mousse métallique\n\nAbstract: Une structure de vapoteuse à mousse métallique est utilisée pour la filtration ou la purification de fluide, telle que la filtration de vapeur ou de gaz. Elle est également utilisée pour inhaler et exhaler de la vapeur contenant de la nicotine et un arôme produit par un dispositif. Cette structure à mousse métallique peut ainsi être utilisée dans des cigarettes électroniques ou e-cigarettes et des dispositifs associés.""}]",EP-4633415-A1_en,EP-4633415-A1,technical,4,es,"en,fr",29,13,16,broad-summary,¿Para qué se usa la estructura de espuma metálica?,"se utiliza para la filtración o la purificación de fluido, como la filtración de vapor o de gas"
"EP-4633415-A1_en|technical|4|es|en,fr",2,no,1,yes,4,25,29,8,none,"[{""language"": ""en"", ""passage"": ""Title: Metal-foam vape filter\n\nAbstract: A metal foam vape structure is used for fluid filtration or purification, such as vapor or gas filtration. It is also used for inhaling and exhaling vapor containing nicotine and flavoring produced by a device. This metal foam structure can thus be used in electronic cigarettes or ecigarettes and related devices.""}, {""language"": ""fr"", ""passage"": ""Title: Filtre pour vapoteuse à mousse métallique\n\nAbstract: Une structure de vapoteuse à mousse métallique est utilisée pour la filtration ou la purification de fluide, telle que la filtration de vapeur ou de gaz. Elle est également utilisée pour inhaler et exhaler de la vapeur contenant de la nicotine et un arôme produit par un dispositif. Cette structure à mousse métallique peut ainsi être utilisée dans des cigarettes électroniques ou e-cigarettes et des dispositifs associés.""}]",EP-4633415-A1_en,EP-4633415-A1,technical,4,es,"en,fr",26,15,11,weak-query-shape,¿Cuál es el título en inglés?,Metal-foam vape filter
"EP-4633415-A1_en|technical|4|es|en,fr",3,no,1,yes,4,25,29,8,none,"[{""language"": ""en"", ""passage"": ""Title: Metal-foam vape filter\n\nAbstract: A metal foam vape structure is used for fluid filtration or purification, such as vapor or gas filtration. It is also used for inhaling and exhaling vapor containing nicotine and flavoring produced by a device. This metal foam structure can thus be used in electronic cigarettes or ecigarettes and related devices.""}, {""language"": ""fr"", ""passage"": ""Title: Filtre pour vapoteuse à mousse métallique\n\nAbstract: Une structure de vapoteuse à mousse métallique est utilisée pour la filtration ou la purification de fluide, telle que la filtration de vapeur ou de gaz. Elle est également utilisée pour inhaler et exhaler de la vapeur contenant de la nicotine et un arôme produit par un dispositif. Cette structure à mousse métallique peut ainsi être utilisée dans des cigarettes électroniques ou e-cigarettes et des dispositifs associés.""}]",EP-4633415-A1_en,EP-4633415-A1,technical,4,es,"en,fr",25,11,14,language-issue,¿En qué dispositivos puede utilizarse la estructura de espuma metálica?,puede así utilizarse en electronic cigarettes or ecigarettes and related devices
"EP-4633627-A1_en|semantic|2|de|en,fr",1,yes,1,yes,4,25,29,8,faithfulness-borderline,"[{""language"": ""en"", ""passage"": ""Title: Cosmetic use of a composition for caring for keratin materials comprising at least indole-3-pyruvic acid\n\nAbstract: The present invention relates to the cosmetic use, notably topical non-therapeutic cosmetic use, of a composition comprising, in a physiologically acceptable medium, indole-3- pyruvic acid, an isomer thereof or a salt thereof, for preventing a reduction in the skin barrier function and/or reinforcing the skin barrier function in an individual, in particular of dry skin The invention also relates to the use of such a composition for preventing and/or treating a skin disorder in sensitive skin in an individual and also to the use of such a composition for preventing and/or treating pruritus and/or inflammation in the skin of an individual. Finally, the invention relates to a non-therapeutic cosmetic process for caring for keratin materials, in particular the skin, comprising the topical application to these keratin materials of such a composition.""}, {""language"": ""fr"", ""passage"": ""Title: Utilisation cosmétique d'une composition pour le soin des matières kératiniques comprenant au moins de l'acide indole-3-pyruvique\n\nAbstract: La présente invention concerne l'utilisation cosmétique, notamment l'utilisation cosmétique non thérapeutique topique, d'une composition comprenant, dans un milieu physiologiquement acceptable, de l'acide indole-3-pyruvique, un isomère de celui-ci ou un sel de celui-ci, pour prévenir une réduction de la fonction barrière cutanée et/ou renforcer la fonction barrière cutanée chez un individu, en particulier de la peau sèche. L'invention concerne également l'utilisation d'une telle composition pour prévenir et/ou traiter un trouble cutané dans la peau sensible chez un individu, ainsi que l'utilisation d'une telle composition pour prévenir et/ou traiter le prurit et/ou l'inflammation de la peau d'un individu. Enfin, l'invention concerne un procédé cosmétique non thérapeutique pour le soin des matières kératiniques, en particulier de la peau, comprenant l'application topique sur ces matières kératiniques d'une telle composition.""}]",EP-4633627-A1_en,EP-4633627-A1,semantic,2,de,"en,fr",29,13,16,keyword-lifted,Welche Hautprobleme lassen sich mit einer kosmetischen Formulierung auf Basis von indole-3-pyruvic acid verhindern oder lindern?,"zur Verhütung einer Reduktion der Hautbarrierefunktion und/oder zur Verstärkung der Hautbarrierefunktion, insbesondere bei trockener Haut; zur Vorbeugung und/oder Behandlung von Hautstörungen in empfindlicher Haut; sowie zur Vorbeugung und/oder Behandlung von Pruritus und/oder Entzündungen der Haut."
"EP-4633627-A1_en|semantic|2|de|en,fr",2,no,1,yes,4,25,29,8,faithfulness-borderline,"[{""language"": ""en"", ""passage"": ""Title: Cosmetic use of a composition for caring for keratin materials comprising at least indole-3-pyruvic acid\n\nAbstract: The present invention relates to the cosmetic use, notably topical non-therapeutic cosmetic use, of a composition comprising, in a physiologically acceptable medium, indole-3- pyruvic acid, an isomer thereof or a salt thereof, for preventing a reduction in the skin barrier function and/or reinforcing the skin barrier function in an individual, in particular of dry skin The invention also relates to the use of such a composition for preventing and/or treating a skin disorder in sensitive skin in an individual and also to the use of such a composition for preventing and/or treating pruritus and/or inflammation in the skin of an individual. Finally, the invention relates to a non-therapeutic cosmetic process for caring for keratin materials, in particular the skin, comprising the topical application to these keratin materials of such a composition.""}, {""language"": ""fr"", ""passage"": ""Title: Utilisation cosmétique d'une composition pour le soin des matières kératiniques comprenant au moins de l'acide indole-3-pyruvique\n\nAbstract: La présente invention concerne l'utilisation cosmétique, notamment l'utilisation cosmétique non thérapeutique topique, d'une composition comprenant, dans un milieu physiologiquement acceptable, de l'acide indole-3-pyruvique, un isomère de celui-ci ou un sel de celui-ci, pour prévenir une réduction de la fonction barrière cutanée et/ou renforcer la fonction barrière cutanée chez un individu, en particulier de la peau sèche. L'invention concerne également l'utilisation d'une telle composition pour prévenir et/ou traiter un trouble cutané dans la peau sensible chez un individu, ainsi que l'utilisation d'une telle composition pour prévenir et/ou traiter le prurit et/ou l'inflammation de la peau d'un individu. Enfin, l'invention concerne un procédé cosmétique non thérapeutique pour le soin des matières kératiniques, en particulier de la peau, comprenant l'application topique sur ces matières kératiniques d'une telle composition.""}]",EP-4633627-A1_en,EP-4633627-A1,semantic,2,de,"en,fr",26,13,13,weak-query-shape,"Auf welche Weise soll indole-3-pyruvic acid topisch angewendet werden, um die Hautbarriere zu unterstützen?","durch topische nicht-therapeutische kosmetische Anwendung einer Zusammensetzung, die in einem physiologisch akzeptablen Medium indole-3-pyruvic acid, ein Isomer davon oder ein Salz davon enthält."
"EP-4633627-A1_en|semantic|2|de|en,fr",3,no,1,yes,4,25,29,8,faithfulness-borderline,"[{""language"": ""en"", ""passage"": ""Title: Cosmetic use of a composition for caring for keratin materials comprising at least indole-3-pyruvic acid\n\nAbstract: The present invention relates to the cosmetic use, notably topical non-therapeutic cosmetic use, of a composition comprising, in a physiologically acceptable medium, indole-3- pyruvic acid, an isomer thereof or a salt thereof, for preventing a reduction in the skin barrier function and/or reinforcing the skin barrier function in an individual, in particular of dry skin The invention also relates to the use of such a composition for preventing and/or treating a skin disorder in sensitive skin in an individual and also to the use of such a composition for preventing and/or treating pruritus and/or inflammation in the skin of an individual. Finally, the invention relates to a non-therapeutic cosmetic process for caring for keratin materials, in particular the skin, comprising the topical application to these keratin materials of such a composition.""}, {""language"": ""fr"", ""passage"": ""Title: Utilisation cosmétique d'une composition pour le soin des matières kératiniques comprenant au moins de l'acide indole-3-pyruvique\n\nAbstract: La présente invention concerne l'utilisation cosmétique, notamment l'utilisation cosmétique non thérapeutique topique, d'une composition comprenant, dans un milieu physiologiquement acceptable, de l'acide indole-3-pyruvique, un isomère de celui-ci ou un sel de celui-ci, pour prévenir une réduction de la fonction barrière cutanée et/ou renforcer la fonction barrière cutanée chez un individu, en particulier de la peau sèche. L'invention concerne également l'utilisation d'une telle composition pour prévenir et/ou traiter un trouble cutané dans la peau sensible chez un individu, ainsi que l'utilisation d'une telle composition pour prévenir et/ou traiter le prurit et/ou l'inflammation de la peau d'un individu. Enfin, l'invention concerne un procédé cosmétique non thérapeutique pour le soin des matières kératiniques, en particulier de la peau, comprenant l'application topique sur ces matières kératiniques d'une telle composition.""}]",EP-4633627-A1_en,EP-4633627-A1,semantic,2,de,"en,fr",25,12,13,weak-query-shape,Für welche keratinären Materialien oder Pflegeanwendungen ist die Zusammensetzung mit indole-3-pyruvic acid vorgesehen?,"ein nicht-therapeutisches kosmetisches Verfahren für die Pflege von Keratinmaterialien, insbesondere der Haut, bestehend in der topischen Applikation auf diese Keratinmaterialien einer solchen Zusammensetzung."
"EP-4634287-A1_en|semantic|2|es|en,de,fr",1,yes,1,yes,4,25,29,8,faithfulness-borderline,"[{""language"": ""de"", ""passage"": ""Title: Vulkanisierbare kautschukmischung und vulkanisat mit verbesserten roll- und abriebseigenschaften\n\nAbstract: Vulkanisierbare Kautschukmischung und Vulkanisat mit verbesserten Roll- und Abriebseigenschaften Die Erfindung betrifft eine vulkanisierbare Kautschukmischung, umfassend: a) Dienkautschuke, b) Füllstoffe, c) organosilicium-modifizierte Harze, und d) Organosiliciumverbindungen, die ausgewählt sind aus der Gruppe bestehend aus Organosiliciumverbindungen der Formeln I.a) und I.b): I.a) (R 1 R 2 R 3 )Si – X a – S – (C=O) – Y a , und I.b) (R 1 R 2 R 3 )Si – X b1 – S n – X b2 – Si(R 4 R 5 R 6 ), wobei die Reste R 1 , R 2 , R 3 , R 4 , R 5 und R 6 unabhängig voneinander lineare oder verzweigte organische Gruppe mit 1 bis 20 Nicht-Wasserstoffatomen sind, wobei die organische Gruppe zumindest eines der Reste R 1 , R 2 und R3 sowie eines der Reste R 4 , R 5 und R 6 über ein Sauerstoffatom an das Si-Atom angebunden ist, wobei n eine ganze Zahl im Bereich von 2 bis 10 ist, wobei X a eine lineare oder verzweigte organische Verbindungseinheit mit 4 bis 40 Nicht-Wasserstoffatomen ist, wobei die Zahl der Nicht- Wasserstoffatome in der Verbindungskette zwischen dem Si-Atom und dem S-Atom 4 oder mehr beträgt, wobei X b1 und X b2 unabhängig voneinander lineare oder verzweigte organische Verbindungseinheiten mit 4 bis 20 Nicht-Wasserstoffatomen sind, wobei die Zahl der Nicht-Wasserstoffatome in der Verbindungskette zwischen dem Si-Atom und dem S-Atom jeweils 4 oder mehr beträgt, und wobei Y a eine lineare oder verzweigte organische Gruppe mit 1 bis 20 Nicht-Wasserstoffatomen ist.""}, {""language"": ""en"", ""passage"": ""Title: Vulcanisable rubber mixture and vulcanised material with improved rolling and abrasion characteristics\n\nAbstract: The invention relates to a vulcanisable rubber mixture comprising a) diene rubber, b) filling materials, c) organo-silicon-modified resin, and d) organo-silicon compounds, selected from the group consisting of organo-silicon compounds of formulas I.a) and I.b): I.a) (R 1 R 2 R 3 )Si – X a – S – (C=O) – Y a , and I.b) (R 1 R 2 R 3 )Si – X b1 – S n – X b2 – Si(R 4 R 5 R 6 ), wherein the R groups R 1 , R 2 , R 3 , R 4 , R 5 and R 6 are independently linear or branched organic groups with 1 to 20 non-hydrogen atoms, wherein the organic group of at least one of the R groups R 1 , R 2 and R3 as well as one of the R groups R 4 , R 5 and R 6 is bonded to the Si atom via an oxygen atom, wherein n is a whole number in the region of 2 and 10, wherein X a is a linear or branched organic compound unit with 4 to 40 non-hydrogen atoms, wherein the number of non-hydrogen atoms in the compound chain between the Si atom and the S atom is 4 or more, wherein X b1 and X b2 are independently linear or branched organic compound units with 4 to 20 non-hydrogen atoms, wherein the number of non-hydrogen atoms in the compound chain between the Si atom and the S atom is respectively 4 or more, and wherein Y a is a linear or branched organic group with 1 to 20 non-hydrogen atoms.""}, {""language"": ""fr"", ""passage"": ""Title: Mélange de caoutchouc vulcanisable et vulcanisat ayant des caractéristiques de roulement et d'usure améliorées\n\nAbstract: L'invention concerne un mélange de caoutchouc vulcanisable comprenant : a) des caoutchoucs diéniques, b) des charges, c) des résines modifiées par de l'organsilicium et d) des composés organosiliciques choisis dans le groupe constitué par les composés organosiliciés sélectionnés dans le groupe constitué par les composés organosiliciés représentés par les formules I.a) et I.b) : I.a) (R 1 R 2 R 3 )Si – X a – S – (C=O) – Y a , et I.b) (R 1 R 2 R 3 )Si – X b1 – S n – X b2 – Si(R 4 R 5 R 6 ), les radicaux R 1 , R 2 , R 3 , R 4 , R 5 et R 6 étant indépendamment les uns des autres des groupes organiques linéaires ou ramifiés ayant de 1 à 20 atomes non hydrogène, le groupe organique d'au moins l'un des radicaux R 1 , R 2 et R3 ainsi que l'un des radicaux R 4 , R 5 et R 6 étant lié à l'atome Si par un atome d'oxygène, n étant un nombre entier compris entre 2 et 10, X a étant une unité de liaison organique linéaire ou ramifiée ayant de 4 à 40 atomes non hydrogène, le nombre d'atomes non hydrogène dans la chaîne de liaison entre l'atome Si et l'atome S étant de 4 ou plus, X b1 et X b2 étant indépendants les uns des autres des unités de liaison organiques linéaires ou ramifiées ayant de 4 à 20 atomes non hydrogène, le nombre d'atomes non hydrogène dans la chaîne de liaison entre l'atome Si et l'atome S étant de 4 ou plus, et Y a étant un groupe organique linéaire ou ramifié ayant de 1 à 20 atomes non hydrogène.""}]",EP-4634287-A1_en,EP-4634287-A1,semantic,2,es,"en,de,fr",29,11,18,none,¿Qué problema de comportamiento en rodadura y desgaste pretende resolver esta formulación de caucho?,mezcla de caucho vulcanizable y vulcanizado con características de rodadura y de abrasión mejoradas
"EP-4634287-A1_en|semantic|2|es|en,de,fr",2,no,1,yes,4,25,29,8,faithfulness-borderline,"[{""language"": ""de"", ""passage"": ""Title: Vulkanisierbare kautschukmischung und vulkanisat mit verbesserten roll- und abriebseigenschaften\n\nAbstract: Vulkanisierbare Kautschukmischung und Vulkanisat mit verbesserten Roll- und Abriebseigenschaften Die Erfindung betrifft eine vulkanisierbare Kautschukmischung, umfassend: a) Dienkautschuke, b) Füllstoffe, c) organosilicium-modifizierte Harze, und d) Organosiliciumverbindungen, die ausgewählt sind aus der Gruppe bestehend aus Organosiliciumverbindungen der Formeln I.a) und I.b): I.a) (R 1 R 2 R 3 )Si – X a – S – (C=O) – Y a , und I.b) (R 1 R 2 R 3 )Si – X b1 – S n – X b2 – Si(R 4 R 5 R 6 ), wobei die Reste R 1 , R 2 , R 3 , R 4 , R 5 und R 6 unabhängig voneinander lineare oder verzweigte organische Gruppe mit 1 bis 20 Nicht-Wasserstoffatomen sind, wobei die organische Gruppe zumindest eines der Reste R 1 , R 2 und R3 sowie eines der Reste R 4 , R 5 und R 6 über ein Sauerstoffatom an das Si-Atom angebunden ist, wobei n eine ganze Zahl im Bereich von 2 bis 10 ist, wobei X a eine lineare oder verzweigte organische Verbindungseinheit mit 4 bis 40 Nicht-Wasserstoffatomen ist, wobei die Zahl der Nicht- Wasserstoffatome in der Verbindungskette zwischen dem Si-Atom und dem S-Atom 4 oder mehr beträgt, wobei X b1 und X b2 unabhängig voneinander lineare oder verzweigte organische Verbindungseinheiten mit 4 bis 20 Nicht-Wasserstoffatomen sind, wobei die Zahl der Nicht-Wasserstoffatome in der Verbindungskette zwischen dem Si-Atom und dem S-Atom jeweils 4 oder mehr beträgt, und wobei Y a eine lineare oder verzweigte organische Gruppe mit 1 bis 20 Nicht-Wasserstoffatomen ist.""}, {""language"": ""en"", ""passage"": ""Title: Vulcanisable rubber mixture and vulcanised material with improved rolling and abrasion characteristics\n\nAbstract: The invention relates to a vulcanisable rubber mixture comprising a) diene rubber, b) filling materials, c) organo-silicon-modified resin, and d) organo-silicon compounds, selected from the group consisting of organo-silicon compounds of formulas I.a) and I.b): I.a) (R 1 R 2 R 3 )Si – X a – S – (C=O) – Y a , and I.b) (R 1 R 2 R 3 )Si – X b1 – S n – X b2 – Si(R 4 R 5 R 6 ), wherein the R groups R 1 , R 2 , R 3 , R 4 , R 5 and R 6 are independently linear or branched organic groups with 1 to 20 non-hydrogen atoms, wherein the organic group of at least one of the R groups R 1 , R 2 and R3 as well as one of the R groups R 4 , R 5 and R 6 is bonded to the Si atom via an oxygen atom, wherein n is a whole number in the region of 2 and 10, wherein X a is a linear or branched organic compound unit with 4 to 40 non-hydrogen atoms, wherein the number of non-hydrogen atoms in the compound chain between the Si atom and the S atom is 4 or more, wherein X b1 and X b2 are independently linear or branched organic compound units with 4 to 20 non-hydrogen atoms, wherein the number of non-hydrogen atoms in the compound chain between the Si atom and the S atom is respectively 4 or more, and wherein Y a is a linear or branched organic group with 1 to 20 non-hydrogen atoms.""}, {""language"": ""fr"", ""passage"": ""Title: Mélange de caoutchouc vulcanisable et vulcanisat ayant des caractéristiques de roulement et d'usure améliorées\n\nAbstract: L'invention concerne un mélange de caoutchouc vulcanisable comprenant : a) des caoutchoucs diéniques, b) des charges, c) des résines modifiées par de l'organsilicium et d) des composés organosiliciques choisis dans le groupe constitué par les composés organosiliciés sélectionnés dans le groupe constitué par les composés organosiliciés représentés par les formules I.a) et I.b) : I.a) (R 1 R 2 R 3 )Si – X a – S – (C=O) – Y a , et I.b) (R 1 R 2 R 3 )Si – X b1 – S n – X b2 – Si(R 4 R 5 R 6 ), les radicaux R 1 , R 2 , R 3 , R 4 , R 5 et R 6 étant indépendamment les uns des autres des groupes organiques linéaires ou ramifiés ayant de 1 à 20 atomes non hydrogène, le groupe organique d'au moins l'un des radicaux R 1 , R 2 et R3 ainsi que l'un des radicaux R 4 , R 5 et R 6 étant lié à l'atome Si par un atome d'oxygène, n étant un nombre entier compris entre 2 et 10, X a étant une unité de liaison organique linéaire ou ramifiée ayant de 4 à 40 atomes non hydrogène, le nombre d'atomes non hydrogène dans la chaîne de liaison entre l'atome Si et l'atome S étant de 4 ou plus, X b1 et X b2 étant indépendants les uns des autres des unités de liaison organiques linéaires ou ramifiées ayant de 4 à 20 atomes non hydrogène, le nombre d'atomes non hydrogène dans la chaîne de liaison entre l'atome Si et l'atome S étant de 4 ou plus, et Y a étant un groupe organique linéaire ou ramifié ayant de 1 à 20 atomes non hydrogène.""}]",EP-4634287-A1_en,EP-4634287-A1,semantic,2,es,"en,de,fr",27,12,15,too-generic,¿Qué elementos fundamentales incluye la receta propuesta para lograr esas propiedades mejoradas en el caucho?,"a) diene rubber, b) filling materials, c) organo-silicon-modified resin, and d) organo-silicon compounds, selected from the group consisting of organo-silicon compounds of formulas I.a) and I.b): I.a) (R 1 R 2 R 3 )Si – X a – S – (C=O) – Y a , and I.b) (R 1 R 2 R 3 )Si – X b1 – S n – X b2 – Si(R 4 R 5 R 6 )"
"EP-4634287-A1_en|semantic|2|es|en,de,fr",3,no,1,yes,4,25,29,8,faithfulness-borderline,"[{""language"": ""de"", ""passage"": ""Title: Vulkanisierbare kautschukmischung und vulkanisat mit verbesserten roll- und abriebseigenschaften\n\nAbstract: Vulkanisierbare Kautschukmischung und Vulkanisat mit verbesserten Roll- und Abriebseigenschaften Die Erfindung betrifft eine vulkanisierbare Kautschukmischung, umfassend: a) Dienkautschuke, b) Füllstoffe, c) organosilicium-modifizierte Harze, und d) Organosiliciumverbindungen, die ausgewählt sind aus der Gruppe bestehend aus Organosiliciumverbindungen der Formeln I.a) und I.b): I.a) (R 1 R 2 R 3 )Si – X a – S – (C=O) – Y a , und I.b) (R 1 R 2 R 3 )Si – X b1 – S n – X b2 – Si(R 4 R 5 R 6 ), wobei die Reste R 1 , R 2 , R 3 , R 4 , R 5 und R 6 unabhängig voneinander lineare oder verzweigte organische Gruppe mit 1 bis 20 Nicht-Wasserstoffatomen sind, wobei die organische Gruppe zumindest eines der Reste R 1 , R 2 und R3 sowie eines der Reste R 4 , R 5 und R 6 über ein Sauerstoffatom an das Si-Atom angebunden ist, wobei n eine ganze Zahl im Bereich von 2 bis 10 ist, wobei X a eine lineare oder verzweigte organische Verbindungseinheit mit 4 bis 40 Nicht-Wasserstoffatomen ist, wobei die Zahl der Nicht- Wasserstoffatome in der Verbindungskette zwischen dem Si-Atom und dem S-Atom 4 oder mehr beträgt, wobei X b1 und X b2 unabhängig voneinander lineare oder verzweigte organische Verbindungseinheiten mit 4 bis 20 Nicht-Wasserstoffatomen sind, wobei die Zahl der Nicht-Wasserstoffatome in der Verbindungskette zwischen dem Si-Atom und dem S-Atom jeweils 4 oder mehr beträgt, und wobei Y a eine lineare oder verzweigte organische Gruppe mit 1 bis 20 Nicht-Wasserstoffatomen ist.""}, {""language"": ""en"", ""passage"": ""Title: Vulcanisable rubber mixture and vulcanised material with improved rolling and abrasion characteristics\n\nAbstract: The invention relates to a vulcanisable rubber mixture comprising a) diene rubber, b) filling materials, c) organo-silicon-modified resin, and d) organo-silicon compounds, selected from the group consisting of organo-silicon compounds of formulas I.a) and I.b): I.a) (R 1 R 2 R 3 )Si – X a – S – (C=O) – Y a , and I.b) (R 1 R 2 R 3 )Si – X b1 – S n – X b2 – Si(R 4 R 5 R 6 ), wherein the R groups R 1 , R 2 , R 3 , R 4 , R 5 and R 6 are independently linear or branched organic groups with 1 to 20 non-hydrogen atoms, wherein the organic group of at least one of the R groups R 1 , R 2 and R3 as well as one of the R groups R 4 , R 5 and R 6 is bonded to the Si atom via an oxygen atom, wherein n is a whole number in the region of 2 and 10, wherein X a is a linear or branched organic compound unit with 4 to 40 non-hydrogen atoms, wherein the number of non-hydrogen atoms in the compound chain between the Si atom and the S atom is 4 or more, wherein X b1 and X b2 are independently linear or branched organic compound units with 4 to 20 non-hydrogen atoms, wherein the number of non-hydrogen atoms in the compound chain between the Si atom and the S atom is respectively 4 or more, and wherein Y a is a linear or branched organic group with 1 to 20 non-hydrogen atoms.""}, {""language"": ""fr"", ""passage"": ""Title: Mélange de caoutchouc vulcanisable et vulcanisat ayant des caractéristiques de roulement et d'usure améliorées\n\nAbstract: L'invention concerne un mélange de caoutchouc vulcanisable comprenant : a) des caoutchoucs diéniques, b) des charges, c) des résines modifiées par de l'organsilicium et d) des composés organosiliciques choisis dans le groupe constitué par les composés organosiliciés sélectionnés dans le groupe constitué par les composés organosiliciés représentés par les formules I.a) et I.b) : I.a) (R 1 R 2 R 3 )Si – X a – S – (C=O) – Y a , et I.b) (R 1 R 2 R 3 )Si – X b1 – S n – X b2 – Si(R 4 R 5 R 6 ), les radicaux R 1 , R 2 , R 3 , R 4 , R 5 et R 6 étant indépendamment les uns des autres des groupes organiques linéaires ou ramifiés ayant de 1 à 20 atomes non hydrogène, le groupe organique d'au moins l'un des radicaux R 1 , R 2 et R3 ainsi que l'un des radicaux R 4 , R 5 et R 6 étant lié à l'atome Si par un atome d'oxygène, n étant un nombre entier compris entre 2 et 10, X a étant une unité de liaison organique linéaire ou ramifiée ayant de 4 à 40 atomes non hydrogène, le nombre d'atomes non hydrogène dans la chaîne de liaison entre l'atome Si et l'atome S étant de 4 ou plus, X b1 et X b2 étant indépendants les uns des autres des unités de liaison organiques linéaires ou ramifiées ayant de 4 à 20 atomes non hydrogène, le nombre d'atomes non hydrogène dans la chaîne de liaison entre l'atome Si et l'atome S étant de 4 ou plus, et Y a étant un groupe organique linéaire ou ramifié ayant de 1 à 20 atomes non hydrogène.""}]",EP-4634287-A1_en,EP-4634287-A1,semantic,2,es,"en,de,fr",25,11,14,too-extractive,¿Qué restricciones estructurales y rangos se imponen a los sustituyentes y a las unidades puente en los compuestos organosilícicos utilizados?,"wherein the R groups R 1 , R 2 , R 3 , R 4 , R 5 and R 6 are independently linear or branched organic groups with 1 to 20 non-hydrogen atoms, wherein the organic group of at least one of the R groups R 1 , R 2 and R3 as well as one of the R groups R 4 , R 5 and R 6 is bonded to the Si atom via an oxygen atom, wherein n is a whole number in the region of 2 and 10, wherein X a is a linear or branched organic compound unit with 4 to 40 non-hydrogen atoms, wherein the number of non-hydrogen atoms in the compound chain between the Si atom and the S atom is 4 or more, wherein X b1 and X b2 are independently linear or branched organic compound units with 4 to 20 non-hydrogen atoms, wherein the number of non-hydrogen atoms in the compound chain between the Si atom and the S atom is respectively 4 or more, and wherein Y a is a linear or branched organic group with 1 to 20 non-hydrogen atoms."
"EP-4634629-A1_en|technical|4|en|en,de,fr",1,yes,1,yes,3,24,27,9,none,"[{""language"": ""de"", ""passage"": ""Title: Verfahren zum herstellen eines drucksensors\n\nAbstract: Verfahren zum Herstellen eines Drucksensors, umfassend zumindest die Folgenden Schritte: - Bereitstellen eines keramischen Grundkörpers (1), - Bereitstellen einer Messmembran (5), - Bereitstellen eines elektromechanischen Wandlers, - Bereitstellen mindestens eines Titankerns (9.1) für einen elektrisch leitfähigen Kontaktstift; - Erzeugen einer gegenüber dem Einlegieren von Titan aus dem Titankern (9.1) in eine Schmelze eines Aktivhartlotes passivierenden Schicht auf einer Oberfläche des Titankerns; - Einbringen des Kontaktstiftes (9.1, 9.2) in eine durch den Grundkörper (1) verlaufende für den Kontaktstift (9.1, 9.2) angedachte Aufnahme; - Elektrisches Verbinden des Kontaktstiftes (9.1, 9.2) mit einer Komponente des elektromechanischen Wandlers an einer membran-zugewandten Seite des Grundkörpers (1); - Fügen des Kontaktstiftes (9.1, 9.2) mit dem Grundkörper (1) mittels des Aktivhartlotes (23) zumindest an einer der membran-abgewandten Seite des Grundkörpers (1), so dass das Titan des Titankerns (9.1) nicht in die Schmelze des Aktivhartlotes (23) legiert.""}, {""language"": ""en"", ""passage"": ""Title: Method for producing a pressure sensor\n\nAbstract: The invention relates to a method for producing a pressure sensor, having at least the following steps: - providing a ceramic main part (1), - providing a measuring membrane (5), - providing an electromechanical converter, - providing at least one titanium core (9.1) for an electrically conductive contact pin, - producing a layer on the surface of the titanium core, said layer having a passivating effect with respect to the alloying of titanium out of the titanium core (9.1) and into a molten active hard solder; - introducing the contact pin (9.1, 9.2) into a receiving area which runs through the main part (1) and is intended for the contact pin (9.1, 9.2); - electrically connecting the contact pin (9.1, 9.2) to a component of the electromechanical converter on a main part (1) face facing the membrane; and - joining the contact pin (9.1 , 9.2) to the main part (1) using the active hard solder (23) at least on the main part (1) face facing away from the membrane so that the titanium of the titanium core (9.1) does not alloy into the molten active hard solder (23).""}, {""language"": ""fr"", ""passage"": ""Title: Procédé de fabrication de capteur manométrique\n\nAbstract: L'invention concerne un procédé de fabrication de capteur de pression, comportant au moins les étapes suivantes : la fourniture d'une pièce principale en céramique (1) ; la fourniture d'une membrane de mesure (5) ; la fourniture d'un convertisseur électromécanique ; la fourniture d'au moins un noyau en titane (9.1) pour une broche de contact électriquement conductrice ; la production d'une couche sur la surface du noyau en titane, ladite couche ayant un effet de passivation par rapport à l'alliage du titane hors du noyau en titane (9.1) et dans une brasure forte active fondue ; l'introduction de la broche de contact (9.1, 9.2) dans une zone de réception qui traverse la partie principale (1) et qui est destinée à la broche de contact (9.1, 9.2) ; la connexion électrique de la broche de contact (9.1, 9.2) à un composant du convertisseur électromécanique sur une face de la partie principale (1) tournée vers la membrane ; et l'assemblage de la broche de contact (9.1, 9.2) à la partie principale (1) à l'aide de la brasure forte active (23) au moins sur la face de la partie principale (1) opposée à la membrane, de sorte que le titane du noyau en titane (9.1) ne s'allie pas à la brasure forte active fondue (23).""}]",EP-4634629-A1_en,EP-4634629-A1,technical,4,en,"en,de,fr",27,14,13,broad-summary,What is provided for an electrically conductive contact pin?,"at least one titanium core (9.1) for an electrically conductive contact pin,"
"EP-4634629-A1_en|technical|4|en|en,de,fr",2,no,1,yes,3,24,27,9,none,"[{""language"": ""de"", ""passage"": ""Title: Verfahren zum herstellen eines drucksensors\n\nAbstract: Verfahren zum Herstellen eines Drucksensors, umfassend zumindest die Folgenden Schritte: - Bereitstellen eines keramischen Grundkörpers (1), - Bereitstellen einer Messmembran (5), - Bereitstellen eines elektromechanischen Wandlers, - Bereitstellen mindestens eines Titankerns (9.1) für einen elektrisch leitfähigen Kontaktstift; - Erzeugen einer gegenüber dem Einlegieren von Titan aus dem Titankern (9.1) in eine Schmelze eines Aktivhartlotes passivierenden Schicht auf einer Oberfläche des Titankerns; - Einbringen des Kontaktstiftes (9.1, 9.2) in eine durch den Grundkörper (1) verlaufende für den Kontaktstift (9.1, 9.2) angedachte Aufnahme; - Elektrisches Verbinden des Kontaktstiftes (9.1, 9.2) mit einer Komponente des elektromechanischen Wandlers an einer membran-zugewandten Seite des Grundkörpers (1); - Fügen des Kontaktstiftes (9.1, 9.2) mit dem Grundkörper (1) mittels des Aktivhartlotes (23) zumindest an einer der membran-abgewandten Seite des Grundkörpers (1), so dass das Titan des Titankerns (9.1) nicht in die Schmelze des Aktivhartlotes (23) legiert.""}, {""language"": ""en"", ""passage"": ""Title: Method for producing a pressure sensor\n\nAbstract: The invention relates to a method for producing a pressure sensor, having at least the following steps: - providing a ceramic main part (1), - providing a measuring membrane (5), - providing an electromechanical converter, - providing at least one titanium core (9.1) for an electrically conductive contact pin, - producing a layer on the surface of the titanium core, said layer having a passivating effect with respect to the alloying of titanium out of the titanium core (9.1) and into a molten active hard solder; - introducing the contact pin (9.1, 9.2) into a receiving area which runs through the main part (1) and is intended for the contact pin (9.1, 9.2); - electrically connecting the contact pin (9.1, 9.2) to a component of the electromechanical converter on a main part (1) face facing the membrane; and - joining the contact pin (9.1 , 9.2) to the main part (1) using the active hard solder (23) at least on the main part (1) face facing away from the membrane so that the titanium of the titanium core (9.1) does not alloy into the molten active hard solder (23).""}, {""language"": ""fr"", ""passage"": ""Title: Procédé de fabrication de capteur manométrique\n\nAbstract: L'invention concerne un procédé de fabrication de capteur de pression, comportant au moins les étapes suivantes : la fourniture d'une pièce principale en céramique (1) ; la fourniture d'une membrane de mesure (5) ; la fourniture d'un convertisseur électromécanique ; la fourniture d'au moins un noyau en titane (9.1) pour une broche de contact électriquement conductrice ; la production d'une couche sur la surface du noyau en titane, ladite couche ayant un effet de passivation par rapport à l'alliage du titane hors du noyau en titane (9.1) et dans une brasure forte active fondue ; l'introduction de la broche de contact (9.1, 9.2) dans une zone de réception qui traverse la partie principale (1) et qui est destinée à la broche de contact (9.1, 9.2) ; la connexion électrique de la broche de contact (9.1, 9.2) à un composant du convertisseur électromécanique sur une face de la partie principale (1) tournée vers la membrane ; et l'assemblage de la broche de contact (9.1, 9.2) à la partie principale (1) à l'aide de la brasure forte active (23) au moins sur la face de la partie principale (1) opposée à la membrane, de sorte que le titane du noyau en titane (9.1) ne s'allie pas à la brasure forte active fondue (23).""}]",EP-4634629-A1_en,EP-4634629-A1,technical,4,en,"en,de,fr",27,14,13,weak-query-shape,Where is the contact pin introduced?,"into a receiving area which runs through the main part (1) and is intended for the contact pin (9.1, 9.2);"
"EP-4634629-A1_en|technical|4|en|en,de,fr",3,no,1,yes,3,24,27,9,none,"[{""language"": ""de"", ""passage"": ""Title: Verfahren zum herstellen eines drucksensors\n\nAbstract: Verfahren zum Herstellen eines Drucksensors, umfassend zumindest die Folgenden Schritte: - Bereitstellen eines keramischen Grundkörpers (1), - Bereitstellen einer Messmembran (5), - Bereitstellen eines elektromechanischen Wandlers, - Bereitstellen mindestens eines Titankerns (9.1) für einen elektrisch leitfähigen Kontaktstift; - Erzeugen einer gegenüber dem Einlegieren von Titan aus dem Titankern (9.1) in eine Schmelze eines Aktivhartlotes passivierenden Schicht auf einer Oberfläche des Titankerns; - Einbringen des Kontaktstiftes (9.1, 9.2) in eine durch den Grundkörper (1) verlaufende für den Kontaktstift (9.1, 9.2) angedachte Aufnahme; - Elektrisches Verbinden des Kontaktstiftes (9.1, 9.2) mit einer Komponente des elektromechanischen Wandlers an einer membran-zugewandten Seite des Grundkörpers (1); - Fügen des Kontaktstiftes (9.1, 9.2) mit dem Grundkörper (1) mittels des Aktivhartlotes (23) zumindest an einer der membran-abgewandten Seite des Grundkörpers (1), so dass das Titan des Titankerns (9.1) nicht in die Schmelze des Aktivhartlotes (23) legiert.""}, {""language"": ""en"", ""passage"": ""Title: Method for producing a pressure sensor\n\nAbstract: The invention relates to a method for producing a pressure sensor, having at least the following steps: - providing a ceramic main part (1), - providing a measuring membrane (5), - providing an electromechanical converter, - providing at least one titanium core (9.1) for an electrically conductive contact pin, - producing a layer on the surface of the titanium core, said layer having a passivating effect with respect to the alloying of titanium out of the titanium core (9.1) and into a molten active hard solder; - introducing the contact pin (9.1, 9.2) into a receiving area which runs through the main part (1) and is intended for the contact pin (9.1, 9.2); - electrically connecting the contact pin (9.1, 9.2) to a component of the electromechanical converter on a main part (1) face facing the membrane; and - joining the contact pin (9.1 , 9.2) to the main part (1) using the active hard solder (23) at least on the main part (1) face facing away from the membrane so that the titanium of the titanium core (9.1) does not alloy into the molten active hard solder (23).""}, {""language"": ""fr"", ""passage"": ""Title: Procédé de fabrication de capteur manométrique\n\nAbstract: L'invention concerne un procédé de fabrication de capteur de pression, comportant au moins les étapes suivantes : la fourniture d'une pièce principale en céramique (1) ; la fourniture d'une membrane de mesure (5) ; la fourniture d'un convertisseur électromécanique ; la fourniture d'au moins un noyau en titane (9.1) pour une broche de contact électriquement conductrice ; la production d'une couche sur la surface du noyau en titane, ladite couche ayant un effet de passivation par rapport à l'alliage du titane hors du noyau en titane (9.1) et dans une brasure forte active fondue ; l'introduction de la broche de contact (9.1, 9.2) dans une zone de réception qui traverse la partie principale (1) et qui est destinée à la broche de contact (9.1, 9.2) ; la connexion électrique de la broche de contact (9.1, 9.2) à un composant du convertisseur électromécanique sur une face de la partie principale (1) tournée vers la membrane ; et l'assemblage de la broche de contact (9.1, 9.2) à la partie principale (1) à l'aide de la brasure forte active (23) au moins sur la face de la partie principale (1) opposée à la membrane, de sorte que le titane du noyau en titane (9.1) ne s'allie pas à la brasure forte active fondue (23).""}]",EP-4634629-A1_en,EP-4634629-A1,technical,4,en,"en,de,fr",24,14,10,document-phrasing,What is component (1)?,"a ceramic main part (1),"
