chebi_id,concept_name,lang,wiki_title,wiki_present,concept_present,matched_instead,publication_number
CHEBI:48605,(fluoren-9-ylmethoxy)carbonyl group,de,Fmoc-Schutzgruppe,0,1,FMOC,WO-2025032139-A1
CHEBI:148435,"3,4-dimethyl-1H-pyrazole phosphate",de,"3,4-Dimethylpyrazolphosphat",0,1,DMPP,EP-4536723-A1
CHEBI:82295,Bitumens,de,Asphalt (Geologie),0,1,Asphalt,EP-4630626-A1
CHEBI:27605,D-psicose,de,Psicose,0,1,D-psicose,WO-2024213621-A3
CHEBI:27605,D-psicose,de,Psicose,0,1,D-psicose,WO-2025012221-A2
CHEBI:27605,D-psicose,de,Psicose,0,1,D-psicose,WO-2024189215-A3
CHEBI:88639,Ethylhexyl salicylate,de,Salicylsäure-2-ethylhexylester,0,1,Ethylhexyl salicylate,WO-2025132354-A1
CHEBI:88639,Ethylhexyl salicylate,de,Salicylsäure-2-ethylhexylester,0,1,Ethylhexyl salicylate,WO-2025132347-A1
CHEBI:16467,L-arginine,de,Arginin,0,1,L-Arginin,EP-4525996-A1
CHEBI:63213,TCEP,de,Tris(2-carboxyethyl)phosphin,0,1,TCEP,EP-4536723-A1
CHEBI:28619,acrylamide,de,Acrylamid,0,1,acrylamide,WO-2025179326-A2
CHEBI:17478,aldehyde,de,Aldehyde,0,1,Aldehyd,EP-4554996-A1
CHEBI:17478,aldehyde,de,Aldehyde,0,1,Aldehyd,WO-2025026803-A1
CHEBI:17478,aldehyde,de,Aldehyde,0,1,Aldehyd,WO-2025017075-A1
CHEBI:17478,aldehyde,de,Aldehyde,0,1,Aldehyd,EP-4554994-A1
CHEBI:17478,aldehyde,de,Aldehyde,0,1,Aldehyd,EP-4572887-A1
CHEBI:17478,aldehyde,de,Aldehyde,0,1,Aldehyd,WO-2025176520-A1
CHEBI:22314,alkali metal atom,de,Alkalimetalle,0,1,Alkalimetall,WO-2025131704-A1
CHEBI:22314,alkali metal atom,de,Alkalimetalle,0,1,Alkalimetall,EP-4605455-A1
CHEBI:22314,alkali metal atom,de,Alkalimetalle,0,1,Alkalimetall,EP-4605454-A1
CHEBI:22314,alkali metal atom,de,Alkalimetalle,0,1,Alkalimetall,WO-2025172138-A1
CHEBI:30187,aluminium oxide,de,Aluminiumoxid,0,1,Al2O3,WO-2025073418-A1
CHEBI:30187,aluminium oxide,de,Aluminiumoxid,0,1,Tonerde,EP-4630509-A1
CHEBI:32952,amine,de,Amine,0,1,Amin,WO-2025098885-A1
CHEBI:18219,ammonium hydroxide,de,Ammoniakwasser,0,1,NH4OH,WO-2025109154-A1
CHEBI:22563,anion,de,Anion,0,1,Anionen,WO-2025176739-A1
CHEBI:22563,anion,de,Anion,0,1,Anionen,WO-2025093514-A3
CHEBI:22563,anion,de,Anion,0,1,Anionen,EP-4555056-A1
CHEBI:22563,anion,de,Anion,0,1,Anionen,EP-4547640-A1
CHEBI:33281,antimicrobial agent,de,Antimikrobielle Wirkstoffe,0,1,Antibiotika,WO-2025040286-A1
CHEBI:33655,aromatic compound,de,Aromaten,0,1,aromatische Verbindungen,WO-2025017075-A1
CHEBI:33250,atom,de,Atom,0,1,atome,WO-2025149224-A1
CHEBI:26130,biological pigment,de,Pigmente,0,1,Pigment,WO-2025036919-A1
CHEBI:26130,biological pigment,de,Pigmente,0,1,Pigment,EP-4547197-A1
CHEBI:26130,biological pigment,de,Pigmente,0,1,Pigment,EP-4526383-A1
CHEBI:26130,biological pigment,de,Pigmente,0,1,Pigment,EP-4507656-A1
CHEBI:26130,biological pigment,de,Pigmente,0,1,Pigment,EP-4507655-A1
CHEBI:26130,biological pigment,de,Pigmente,0,1,Pigment,EP-4561706-A1
CHEBI:26130,biological pigment,de,Pigmente,0,1,Pigment,EP-4532216-A1
CHEBI:26130,biological pigment,de,Pigmente,0,1,Pigment,EP-4507657-A1
CHEBI:231672,bis(2-hydroxyethyl) terephthalate,de,Bis(hydroxyethyl)terephthalat,0,1,BHET,EP-4605454-A1
CHEBI:231672,bis(2-hydroxyethyl) terephthalate,de,Bis(hydroxyethyl)terephthalat,0,1,BHET,EP-4504402-A1
CHEBI:231672,bis(2-hydroxyethyl) terephthalate,de,Bis(hydroxyethyl)terephthalat,0,1,BHET,EP-4605455-A1
CHEBI:231672,bis(2-hydroxyethyl) terephthalate,de,Bis(hydroxyethyl)terephthalat,0,1,BHET,EP-4504829-A1
CHEBI:231672,bis(2-hydroxyethyl) terephthalate,de,Bis(hydroxyethyl)terephthalat,0,1,BHET,EP-4504401-A1
CHEBI:33301,bismuth atom,de,Bismut,0,1,Wismut,WO-2025180708-A1
CHEBI:22901,bisphenol,de,Bisphenole,0,1,bisphenol,WO-2025073535-A1
CHEBI:22901,bisphenol,de,Bisphenole,0,1,bisphenol,EP-4508141-A1
CHEBI:22901,bisphenol,de,Bisphenole,0,1,bisphenols,EP-4526369-A1
CHEBI:22901,bisphenol,de,Bisphenole,0,1,bisphenol,EP-4562075-A1
CHEBI:33216,bisphenol A,de,Bisphenol A,0,1,bisphenol-A,WO-2025098864-A1
CHEBI:33216,bisphenol A,de,Bisphenol A,0,1,bisphenol-A,EP-4562076-A1
CHEBI:28885,butan-1-ol,de,1-Butanol,0,1,n-Butanol,EP-4568939-A1
CHEBI:28885,butan-1-ol,de,1-Butanol,0,1,n-Butanol,EP-4568938-A1
CHEBI:27732,caffeine,de,Coffein,0,1,Koffein,EP-4577051-A1
CHEBI:22984,calcium atom,de,Calcium,0,1,Kalzium,EP-4490331-A1
CHEBI:22984,calcium atom,de,Calcium,0,1,Kalzium,WO-2025125109-A1
CHEBI:22984,calcium atom,de,Calcium,0,1,Kalzium,EP-4515011-A1
CHEBI:22984,calcium atom,de,Calcium,0,1,Kalzium,EP-4515010-A1
CHEBI:22984,calcium atom,de,Calcium,0,1,Kalzium,EP-4490333-A1
CHEBI:82297,carbon black,de,Ruß,0,1,carbon black,WO-2025124665-A1
CHEBI:46883,carboxy group,de,Carboxygruppe,0,1,-COOH,EP-4532666-A1
CHEBI:46883,carboxy group,de,Carboxygruppe,0,1,-COOH,EP-4532660-A1
CHEBI:18135,catechol,de,Brenzcatechin,0,1,catechol,WO-2025131235-A1
CHEBI:28097,chlorobenzene,de,Chlorbenzol,0,1,Monochlorbenzol,EP-4622950-A1
CHEBI:34631,chlorpyrifos,de,Chlorpyrifos,0,1,Cobalt,WO-2025008452-A3
CHEBI:34631,chlorpyrifos,de,Chlorpyrifos,0,1,Cobalt,WO-2025172145-A1
CHEBI:27638,cobalt atom,de,Cobalt,0,1,Kobalt,EP-4515011-A1
CHEBI:27638,cobalt atom,de,Cobalt,0,1,Kobalt,EP-4568800-A1
CHEBI:27638,cobalt atom,de,Cobalt,0,1,Kobalt,WO-2025073358-A1
CHEBI:27638,cobalt atom,de,Cobalt,0,1,Kobalt,EP-4515010-A1
CHEBI:27638,cobalt atom,de,Cobalt,0,1,Kobalt,WO-2025078064-A1
CHEBI:27638,cobalt atom,de,Cobalt,0,1,Kobalt,WO-2025056199-A1
CHEBI:53310,copolymer macromolecule,de,Copolymer,0,1,copolymers,EP-4551626-A1
CHEBI:23824,diol,de,Diole,0,1,diol,WO-2025168594-A1
CHEBI:23824,diol,de,Diole,0,1,diol,EP-4558538-A1
CHEBI:23824,diol,de,Diole,0,1,diol,EP-4532582-A1
CHEBI:23824,diol,de,Diole,0,1,diol,EP-4532581-A1
CHEBI:23824,diol,de,Diole,0,1,diol,EP-4504808-A1
CHEBI:23824,diol,de,Diole,0,1,diols,EP-4598475-A1
CHEBI:23824,diol,de,Diole,0,1,diol,EP-4558537-A1
CHEBI:10545,electron,de,Elektron,0,1,beta,EP-4569148-A1
CHEBI:10545,electron,de,Elektron,0,1,beta,EP-4569146-A1
CHEBI:46880,"ethene-1,2-diyl group",de,Vinylengruppe,0,1,-CH=CH-,WO-2025093481-A3
CHEBI:46880,"ethene-1,2-diyl group",de,Vinylengruppe,0,1,-CH=CH-,WO-2025093514-A3
CHEBI:46880,"ethene-1,2-diyl group",de,Vinylengruppe,0,1,-CH=CH-,WO-2025093481-A2
CHEBI:42241,ethoxy group,de,Ethoxygruppe,0,1,ethoxy,EP-4526383-A1
CHEBI:4735,ethylenediaminetetraacetic acid,de,Ethylendiamintetraessigsäure,0,1,EDTA,WO-2025132354-A1
CHEBI:4735,ethylenediaminetetraacetic acid,de,Ethylendiamintetraessigsäure,0,1,EDTA,WO-2025132347-A1
CHEBI:4907,etidronic acid,de,Etidronsäure,0,1,HEDP,EP-4496557-A1
CHEBI:35366,fatty acid,de,Fettsäuren,0,1,fatty acid,EP-4543440-A1
CHEBI:5445,glyceraldehyde,de,Glycerinaldehyd,0,1,Glyceraldehyd,EP-4615987-A1
CHEBI:17754,glycerol,de,Glycerin,0,1,glycerol,WO-2025131407-A1
CHEBI:17754,glycerol,de,Glycerin,0,1,glycerol,EP-4525996-A1
CHEBI:13643,glycol,de,Glycole,0,1,Glykol,EP-4605455-A1
CHEBI:13643,glycol,de,Glycole,0,1,Glykol,EP-4605454-A1
CHEBI:24473,halogen,de,Halogene,0,1,halogen,EP-4623032-A2
CHEBI:24473,halogen,de,Halogene,0,1,halogen,WO-2025124794-A1
CHEBI:24473,halogen,de,Halogene,0,1,halogen,WO-2025077974-A3
CHEBI:24473,halogen,de,Halogene,0,1,halogen,WO-2025124777-A1
CHEBI:24473,halogen,de,Halogene,0,1,halogen,EP-4526383-A1
CHEBI:24473,halogen,de,Halogene,0,1,halogen,WO-2025103552-A1
CHEBI:24473,halogen,de,Halogene,0,1,halogen,WO-2025077974-A2
CHEBI:24473,halogen,de,Halogene,0,1,halogen,EP-4504821-A1
CHEBI:24632,hydrocarbon,de,Kohlenwasserstoffe,0,1,Kohlenwasserstoff,WO-2025040614-A1
CHEBI:24632,hydrocarbon,de,Kohlenwasserstoffe,0,1,Kohlenwasserstoff,WO-2025051910-A1
CHEBI:24632,hydrocarbon,de,Kohlenwasserstoffe,0,1,Kohlenwasserstoff,EP-4611917-A1
CHEBI:24632,hydrocarbon,de,Kohlenwasserstoffe,0,1,Kohlenwasserstoff,WO-2025088039-A1
CHEBI:30188,hydroxidooxidoaluminium,de,Aluminiumoxidhydroxid,0,1,AlO(OH),EP-4562076-A1
CHEBI:43176,hydroxy group,de,Hydroxygruppe,0,1,hydroxy,EP-4584335-A1
CHEBI:85249,hydroxyethylcellulose,de,Hydroxyethylcellulose,0,1,Hydroxyethyl cellulose,EP-4496559-A1
CHEBI:29191,hydroxyl,de,Hydroxyl-Radikal,0,1,hydroxyl,WO-2025093514-A3
CHEBI:24835,inorganic molecular entity,de,Anorganische Verbindung,0,1,anorganische Verbindungen,EP-4496555-A1
CHEBI:29202,isocyanic acid,de,Isocyansäure,0,1,isocyanate,WO-2025131826-A1
CHEBI:29202,isocyanic acid,de,Isocyansäure,0,1,isocyanate,EP-4543852-A1
CHEBI:29202,isocyanic acid,de,Isocyansäure,0,1,isocyanate,EP-4558661-A2
CHEBI:29202,isocyanic acid,de,Isocyansäure,0,1,isocyanate,EP-4584246-A1
CHEBI:29202,isocyanic acid,de,Isocyansäure,0,1,isocyanate,WO-2025202163-A1
CHEBI:29202,isocyanic acid,de,Isocyansäure,0,1,isocyanate,WO-2025045564-A1
CHEBI:17087,ketone,de,Ketone,0,1,Keton,EP-4608795-A1
CHEBI:17087,ketone,de,Ketone,0,1,Keton,WO-2025017075-A1
CHEBI:24995,lactam,de,Lactame,0,1,lactam,WO-2025045754-A1
CHEBI:33319,lanthanoid atom,de,Lanthanoide,0,1,Lanthanoid,EP-4587447-A1
CHEBI:33319,lanthanoid atom,de,Lanthanoide,0,1,Lanthanoid,WO-2025021255-A1
CHEBI:44401,lawsone,de,"2-Hydroxy-1,4-naphthochinon",0,1,Henna,EP-4601607-A1
CHEBI:61995,lecithin,de,Lecithine,0,1,lecithin,WO-2025040605-A1
CHEBI:61995,lecithin,de,Lecithine,0,1,lecithin,WO-2025045813-A1
CHEBI:33979,lithium hydroxide,de,Lithiumhydroxid,0,1,LiOH,WO-2025196191-A1
CHEBI:33979,lithium hydroxide,de,Lithiumhydroxid,0,1,LiOH,WO-2025196199-A1
CHEBI:51759,methacrylamide,de,Methacrylamid,0,1,methacrylamide,WO-2025179326-A2
CHEBI:44520,methoxy group,de,Methoxygruppe,0,1,methoxy,EP-4526383-A1
CHEBI:46662,mineral,de,Mineral,0,1,Minerale,WO-2025036617-A1
CHEBI:135526,octocrylene,de,Octocrilen,0,1,octocrylene,WO-2025132354-A1
CHEBI:135526,octocrylene,de,Octocrilen,0,1,octocrylene,WO-2025132347-A1
CHEBI:7754,oligonucleotide,de,Oligonukleotide,0,1,oligonucleotides,EP-4615979-A1
CHEBI:17309,pectin,de,Pektine,0,1,Pektin,EP-4608736-A1
CHEBI:17309,pectin,de,Pektine,0,1,Pektin,WO-2025021764-A1
CHEBI:16670,peptide,de,Peptid,0,1,peptide,WO-2025119538-A1
CHEBI:30396,phenyl group,de,Phenylgruppe,0,1,phenyl,EP-4526383-A1
CHEBI:30396,phenyl group,de,Phenylgruppe,0,1,phenyl,EP-4581089-A2
CHEBI:30396,phenyl group,de,Phenylgruppe,0,1,phenyl,WO-2025133002-A1
CHEBI:26020,phosphate,de,Phosphate,0,1,phosphates,EP-4493529-A1
CHEBI:26191,polyol,de,Polyole,0,1,polyols,EP-4514884-A1
CHEBI:26191,polyol,de,Polyole,0,1,polyol,EP-4536723-A1
CHEBI:26191,polyol,de,Polyole,0,1,polyol,WO-2025131704-A1
CHEBI:26191,polyol,de,Polyole,0,1,polyol,EP-4626945-A1
CHEBI:26191,polyol,de,Polyole,0,1,polyol,WO-2025131844-A1
CHEBI:26191,polyol,de,Polyole,0,1,polyol,WO-2025131851-A1
CHEBI:26191,polyol,de,Polyole,0,1,polyols,EP-4496846-A1
CHEBI:26191,polyol,de,Polyole,0,1,polyol,WO-2025068609-A1
CHEBI:26191,polyol,de,Polyole,0,1,polyol,WO-2025026865-A1
CHEBI:26191,polyol,de,Polyole,0,1,polyol,WO-2025215142-A1
CHEBI:26191,polyol,de,Polyole,0,1,polyol,EP-4608886-A1
CHEBI:26191,polyol,de,Polyole,0,1,polyol,WO-2025045813-A1
CHEBI:26191,polyol,de,Polyole,0,1,polyol,EP-4605483-A1
CHEBI:26191,polyol,de,Polyole,0,1,polyol,WO-2025214701-A1
CHEBI:26191,polyol,de,Polyole,0,1,polyol,EP-4551631-A1
CHEBI:26191,polyol,de,Polyole,0,1,polyols,EP-4573140-A1
CHEBI:26218,potassium salt,de,Kaliumsalz,0,1,Kaliumsalze,WO-2025131407-A1
CHEBI:28831,propan-1-ol,de,1-Propanol,0,1,Propanol,WO-2025131407-A1
CHEBI:17824,propan-2-ol,de,2-Propanol,0,1,Isopropanol,WO-2025120127-A1
CHEBI:17824,propan-2-ol,de,2-Propanol,0,1,Isopropanol,WO-2025131407-A1
CHEBI:36867,pseudohalogen,de,Pseudohalogene,0,1,pseudohalogen,WO-2025077974-A3
CHEBI:36867,pseudohalogen,de,Pseudohalogene,0,1,pseudohalogen,WO-2025077974-A2
CHEBI:14973,pyrazole,de,Pyrazole,0,1,Pyrazol,EP-4626961-A1
CHEBI:14973,pyrazole,de,Pyrazole,0,1,Pyrazol,EP-4626962-A1
CHEBI:29389,silane,de,Monosilan,0,1,silane,EP-4587323-A1
CHEBI:27573,silicon atom,de,Silicium,0,1,Silizium,WO-2025051900-A1
CHEBI:27573,silicon atom,de,Silicium,0,1,Silizium,EP-4490331-A1
CHEBI:27573,silicon atom,de,Silicium,0,1,Silizium,WO-2025113919-A1
CHEBI:27573,silicon atom,de,Silicium,0,1,Silizium,WO-2025056242-A1
CHEBI:27573,silicon atom,de,Silicium,0,1,Silizium,WO-2025157879-A1
CHEBI:27573,silicon atom,de,Silicium,0,1,Silizium,EP-4522358-A1
CHEBI:27573,silicon atom,de,Silicium,0,1,Silizium,WO-2025179317-A1
CHEBI:27573,silicon atom,de,Silicium,0,1,Silizium,EP-4515011-A1
CHEBI:27573,silicon atom,de,Silicium,0,1,Silizium,WO-2025056114-A1
CHEBI:27573,silicon atom,de,Silicium,0,1,Silizium,WO-2025073535-A1
CHEBI:27573,silicon atom,de,Silicium,0,1,Silizium,WO-2025056114-A4
CHEBI:27573,silicon atom,de,Silicium,0,1,Silizium,EP-4568800-A1
CHEBI:27573,silicon atom,de,Silicium,0,1,Silizium,WO-2025045768-A1
CHEBI:27573,silicon atom,de,Silicium,0,1,Silizium,EP-4515010-A1
CHEBI:27573,silicon atom,de,Silicium,0,1,Silizium,WO-2025078064-A1
CHEBI:27573,silicon atom,de,Silicium,0,1,Silizium,WO-2025016757-A1
CHEBI:27573,silicon atom,de,Silicium,0,1,Silizium,EP-4490333-A1
CHEBI:29390,silicon carbide,de,Siliciumcarbid,0,1,Siliziumkarbid,EP-4581192-A2
CHEBI:30563,silicon dioxide,de,Quarzglas,0,1,SiO2,EP-4493528-A1
CHEBI:30563,silicon dioxide,de,Quarzglas,0,1,SiO2,WO-2025073418-A1
CHEBI:30563,silicon dioxide,de,Quarzglas,0,1,SiO2,WO-2025073557-A1
CHEBI:30563,silicon dioxide,de,Quarzglas,0,1,Siliziumdioxid,EP-4536361-A1
CHEBI:30563,silicon dioxide,de,Quarzglas,0,1,Siliziumdioxid,WO-2025133002-A1
CHEBI:53311,sodium alginate,de,Natriumalginat,0,1,Algin,EP-4496559-A1
CHEBI:32145,sodium hydroxide,de,Natriumhydroxid,0,1,NaOH,WO-2025190720-A1
CHEBI:32145,sodium hydroxide,de,Natriumhydroxid,0,1,NaOH,WO-2025109154-A1
CHEBI:35195,surfactant,de,Tensid,0,1,surfactant,EP-4526372-A1
CHEBI:26848,tannin,de,Tannine,0,1,tannin,EP-4565554-A1
CHEBI:29256,thiol,de,Thiole,0,1,thiol,WO-2025202079-A1
CHEBI:33341,titanium atom,de,Titan (Element),0,1,Titan,EP-4490331-A1
CHEBI:33341,titanium atom,de,Titan (Element),0,1,Titan,EP-4522358-A1
CHEBI:33341,titanium atom,de,Titan (Element),0,1,Titan,EP-4634629-A1
CHEBI:33341,titanium atom,de,Titan (Element),0,1,Titan,WO-2025021255-A1
CHEBI:33341,titanium atom,de,Titan (Element),0,1,Titan,WO-2025180751-A1
CHEBI:33341,titanium atom,de,Titan (Element),0,1,Titan,EP-4568800-A1
CHEBI:33341,titanium atom,de,Titan (Element),0,1,Titan,EP-4587447-A1
CHEBI:33341,titanium atom,de,Titan (Element),0,1,Titan,WO-2025073358-A1
CHEBI:33341,titanium atom,de,Titan (Element),0,1,Titan,EP-4584405-A1
CHEBI:33341,titanium atom,de,Titan (Element),0,1,Titan,WO-2025114478-A1
CHEBI:33341,titanium atom,de,Titan (Element),0,1,Titan,WO-2025056199-A1
CHEBI:33341,titanium atom,de,Titan (Element),0,1,Titan,WO-2025016810-A1
CHEBI:33341,titanium atom,de,Titan (Element),0,1,Titan,EP-4490333-A1
CHEBI:32234,titanium dioxide,de,Titan(IV)-oxid,0,1,Titandioxid,EP-4562076-A1
CHEBI:16199,urea,de,Harnstoff,0,1,urea,WO-2025093275-A1
CHEBI:16199,urea,de,Harnstoff,0,1,urea,WO-2025093279-A1
CHEBI:16199,urea,de,Harnstoff,0,1,urea,WO-2025093277-A1
CHEBI:16199,urea,de,Harnstoff,0,1,urea,WO-2025093276-A1
CHEBI:16199,urea,de,Harnstoff,0,1,urea,EP-4525996-A1
CHEBI:37603,vinyl group,de,Vinylgruppe,0,1,vinyl,EP-4526361-A1
CHEBI:37603,vinyl group,de,Vinylgruppe,0,1,vinyl,EP-4581089-A2
CHEBI:17151,xylitol,de,Xylit,0,1,xylitol,EP-4525996-A1
CHEBI:33342,zirconium atom,de,Zirconium,0,1,Zirkonium,WO-2025180751-A1
CHEBI:33342,zirconium atom,de,Zirconium,0,1,Zirkonium,WO-2025073358-A1
CHEBI:33342,zirconium atom,de,Zirconium,0,1,Zirkonium,WO-2025108775-A1
CHEBI:33342,zirconium atom,de,Zirconium,0,1,Zirkonium,WO-2025021496-A1
CHEBI:46345,5-fluorouracil,es,5-fluorouracilo,0,1,5-FU,MX-2025006353-A
CHEBI:80270,Glucagon-like peptide 1,es,Péptido similar al glucagón tipo 1,0,1,GLP-1,MX-2025011217-A
CHEBI:80270,Glucagon-like peptide 1,es,Péptido similar al glucagón tipo 1,0,1,GLP-1,MX-2025007172-A
CHEBI:80270,Glucagon-like peptide 1,es,Péptido similar al glucagón tipo 1,0,1,GLP-1,MX-2025010496-A
CHEBI:80270,Glucagon-like peptide 1,es,Péptido similar al glucagón tipo 1,0,1,GLP-1,MX-2025006996-A
CHEBI:80270,Glucagon-like peptide 1,es,Péptido similar al glucagón tipo 1,0,1,GLP-1,MX-2025008908-A
CHEBI:80270,Glucagon-like peptide 1,es,Péptido similar al glucagón tipo 1,0,1,GLP-1,MX-2025011037-A
CHEBI:80270,Glucagon-like peptide 1,es,Péptido similar al glucagón tipo 1,0,1,GLP-1,MX-2025003188-A
CHEBI:80270,Glucagon-like peptide 1,es,Péptido similar al glucagón tipo 1,0,1,GLP-1,MX-2025007846-A
CHEBI:15765,L-dopa,es,Levodopa,0,1,L-dopa,MX-2025007343-A
CHEBI:31882,N-methyl-D-aspartic acid,es,NMDAR,0,1,NMDA,MX-2025002186-A
CHEBI:2509,agar,es,Agar-agar,0,1,agar,MX-2025006773-A
CHEBI:2509,agar,es,Agar-agar,0,1,agar,ES-3031938-A1
CHEBI:2509,agar,es,Agar-agar,0,1,agar,ES-3020982-A1
CHEBI:2509,agar,es,Agar-agar,0,1,agar,MX-2025007237-A
CHEBI:2509,agar,es,Agar-agar,0,1,agar,WO-2024126879-A8
CHEBI:22315,alkaloid,es,Alcaloide,0,1,alcaloides,MX-2025005272-A
CHEBI:18310,alkane,es,Alcano,0,1,alcanos,MX-2025009954-A
CHEBI:30187,aluminium oxide,es,Alúmina,0,1,Al2O3,MX-2025011014-A
CHEBI:30187,aluminium oxide,es,Alúmina,0,1,Al2O3,MX-2025007370-A
CHEBI:16134,ammonia,es,Amoníaco,0,1,amoniaco,ES-1321192-U
CHEBI:16134,ammonia,es,Amoníaco,0,1,amoniaco,MX-2025007947-A
CHEBI:50113,androgen,es,Andrógeno,0,1,androgenos,MX-2025010560-A
CHEBI:50113,androgen,es,Andrógeno,0,1,androgenos,MX-2025004701-A
CHEBI:22563,anion,es,Anión,0,1,aniones,MX-2025004970-A
CHEBI:22563,anion,es,Anión,0,1,aniones,MX-2025008100-A
CHEBI:22563,anion,es,Anión,0,1,aniones,MX-2025010154-A
CHEBI:22563,anion,es,Anión,0,1,aniones,MX-2025005631-A
CHEBI:48706,antagonist,es,Antagonista (bioquímica),0,1,antagonista,MX-2025009867-A
CHEBI:48706,antagonist,es,Antagonista (bioquímica),0,1,antagonista,MX-2025002186-A
CHEBI:48706,antagonist,es,Antagonista (bioquímica),0,1,antagonista,MX-2025007063-A
CHEBI:48706,antagonist,es,Antagonista (bioquímica),0,1,antagonista,MX-2025010042-A
CHEBI:48706,antagonist,es,Antagonista (bioquímica),0,1,antagonista,MX-2025007194-A
CHEBI:48706,antagonist,es,Antagonista (bioquímica),0,1,antagonista,MX-2025008128-A
CHEBI:48706,antagonist,es,Antagonista (bioquímica),0,1,antagonista,MX-2025009185-A
CHEBI:48706,antagonist,es,Antagonista (bioquímica),0,1,antagonista,MX-2025004957-A
CHEBI:48706,antagonist,es,Antagonista (bioquímica),0,1,antagonista,MX-2025003314-A
CHEBI:48706,antagonist,es,Antagonista (bioquímica),0,1,antagonista,MX-2025003315-A
CHEBI:48706,antagonist,es,Antagonista (bioquímica),0,1,antagonista,MX-2025005903-A
CHEBI:16646,carbohydrate,es,Glúcido,0,1,carbohidratos,MX-2025004649-A
CHEBI:16646,carbohydrate,es,Glúcido,0,1,carbohidratos,MX-2025005917-A
CHEBI:16646,carbohydrate,es,Glúcido,0,1,carbohidrato,MX-2025006735-A
CHEBI:16646,carbohydrate,es,Glúcido,0,1,carbohidrato,MX-2025006733-A
CHEBI:16646,carbohydrate,es,Glúcido,0,1,carbohidratos,MX-2025005906-A
CHEBI:50594,carbon nanotube,es,Nanotubo de carbono,0,1,nanotubos de carbono,MX-2025010722-A
CHEBI:36916,cation,es,Catión,0,1,cationes,MX-2025008100-A
CHEBI:36916,cation,es,Catión,0,1,cationes,MX-2025010154-A
CHEBI:36916,cation,es,Catión,0,1,cationes,MX-2025007237-A
CHEBI:36916,cation,es,Catión,0,1,cationes,ES-1322257-U
CHEBI:50858,corticosteroid,es,Corticosteroide,0,1,corticosteroides,MX-2025007295-A
CHEBI:17650,cortisol,es,Cortisol,0,1,hidrocortisona,MX-2025007361-A
CHEBI:29237,deuterium atom,es,Deuteruro de hidrógeno,0,1,deuterio,MX-2025008946-A
CHEBI:10545,electron,es,Electrón,0,1,beta,MX-2025006880-A
CHEBI:10545,electron,es,Electrón,0,1,beta,MX-2025010447-A
CHEBI:10545,electron,es,Electrón,0,1,beta,MX-2025002013-A
CHEBI:10545,electron,es,Electrón,0,1,beta,MX-2025005144-A
CHEBI:10545,electron,es,Electrón,0,1,beta,MX-2025006698-A
CHEBI:10545,electron,es,Electrón,0,1,beta,MX-2025008722-A
CHEBI:10545,electron,es,Electrón,0,1,beta,MX-2025005049-A
CHEBI:10545,electron,es,Electrón,0,1,beta,MX-2025009326-A
CHEBI:10545,electron,es,Electrón,0,1,beta,MX-2025008267-A
CHEBI:4735,ethylenediaminetetraacetic acid,es,Ácido etilendiaminotetraacético,0,1,EDTA,MX-2025003702-A
CHEBI:35366,fatty acid,es,Ácido graso,0,1,acidos grasos,MX-2025009008-A
CHEBI:35366,fatty acid,es,Ácido graso,0,1,acidos grasos,MX-2025005186-A
CHEBI:35366,fatty acid,es,Ácido graso,0,1,acidos grasos,WO-2025163349-A1
CHEBI:35366,fatty acid,es,Ácido graso,0,1,acidos grasos,MX-2025007887-A
CHEBI:48318,fragrance,es,Perfume,0,1,aroma,MX-2025006532-A
CHEBI:48318,fragrance,es,Perfume,0,1,aroma,MX-2025006200-A
CHEBI:48318,fragrance,es,Perfume,0,1,aroma,MX-2025006531-A
CHEBI:48318,fragrance,es,Perfume,0,1,aroma,MX-2025006530-A
CHEBI:48318,fragrance,es,Perfume,0,1,aroma,MX-2025006344-A
CHEBI:16865,gamma-aminobutyric acid,es,Ácido γ-aminobutírico,0,1,GABA,MX-2025009158-A
CHEBI:17089,glycoprotein,es,Glucoproteína,0,1,glicoproteina,MX-2025004964-A
CHEBI:5686,heterocyclic compound,es,Compuesto heterocíclico,0,1,compuesto heterociclico,MX-2025010048-A
CHEBI:5686,heterocyclic compound,es,Compuesto heterocíclico,0,1,compuestos heterociclicos,MX-2025004817-A
CHEBI:5686,heterocyclic compound,es,Compuesto heterocíclico,0,1,compuestos heterociclicos,MX-2025004812-A
CHEBI:5686,heterocyclic compound,es,Compuesto heterocíclico,0,1,compuestos heterociclicos,MX-2025008456-A
CHEBI:5686,heterocyclic compound,es,Compuesto heterocíclico,0,1,compuestos heterociclicos,MX-2025004813-A
CHEBI:16125,hexadecan-1-ol,es,Alcohol cetílico,0,1,1-Hexadecanol,ES-3025334-A1
CHEBI:16125,hexadecan-1-ol,es,Alcohol cetílico,0,1,1-Hexadecanol,ES-3025333-A1
CHEBI:30776,hexanoic acid,es,Ácido hexanoico,0,1,C6:0,MX-2025004066-A
CHEBI:35505,hydrate,es,Hidrato,0,1,hidratos,MX-2025006404-A
CHEBI:35505,hydrate,es,Hidrato,0,1,hidratos,MX-2025010042-A
CHEBI:35505,hydrate,es,Hidrato,0,1,hidratos,MX-2025005052-A
CHEBI:35505,hydrate,es,Hidrato,0,1,hidratos,MX-2025004626-A
CHEBI:35505,hydrate,es,Hidrato,0,1,hidratos,MX-2025008456-A
CHEBI:35505,hydrate,es,Hidrato,0,1,hidratos,MX-2025004197-A
CHEBI:35505,hydrate,es,Hidrato,0,1,hidratos,MX-2025009443-A
CHEBI:24632,hydrocarbon,es,Hidrocarburo,0,1,hidrocarburos,MX-2025010023-A
CHEBI:24632,hydrocarbon,es,Hidrocarburo,0,1,hidrocarburos,MX-2025010719-A
CHEBI:24632,hydrocarbon,es,Hidrocarburo,0,1,hidrocarburos,MX-2025008783-A
CHEBI:24632,hydrocarbon,es,Hidrocarburo,0,1,hidrocarburos,MX-2025004447-A
CHEBI:24632,hydrocarbon,es,Hidrocarburo,0,1,hidrocarburos,MX-2025009112-A
CHEBI:24632,hydrocarbon,es,Hidrocarburo,0,1,hidrocarburos,MX-2025010021-A
CHEBI:24632,hydrocarbon,es,Hidrocarburo,0,1,hidrocarburos,MX-2025005049-A
CHEBI:24632,hydrocarbon,es,Hidrocarburo,0,1,hidrocarburos,MX-2025008125-A
CHEBI:24632,hydrocarbon,es,Hidrocarburo,0,1,hidrocarburos,MX-2025006783-A
CHEBI:24632,hydrocarbon,es,Hidrocarburo,0,1,hidrocarburos,MX-2025000856-A
CHEBI:24632,hydrocarbon,es,Hidrocarburo,0,1,hidrocarburos,MX-2025009649-A
CHEBI:24632,hydrocarbon,es,Hidrocarburo,0,1,hidrocarburos,MX-2025004924-A
CHEBI:24632,hydrocarbon,es,Hidrocarburo,0,1,hidrocarburos,MX-2025011079-A
CHEBI:24632,hydrocarbon,es,Hidrocarburo,0,1,hidrocarburos,MX-2025010022-A
CHEBI:131371,iron(3+) phosphate,es,Fosfato de hierro (III),0,1,FePO4,MX-2025007844-A
CHEBI:53214,isophorone diisocyanate,es,Diisocianato de isoforona,0,1,IPDI,MX-2025010028-A
CHEBI:6121,ketamine,es,Ketamina,0,1,NMDA,MX-2025002186-A
CHEBI:25000,lactone,es,Lactona,0,1,lactonas,MX-2025010836-A
CHEBI:33979,lithium hydroxide,es,Hidróxido de litio,0,1,LiOH,MX-2025010968-A
CHEBI:28346,mescaline,es,Mescalina,0,1,mezcalina,MX-2025009685-A
CHEBI:50728,methylene group,es,Grupo metileno,0,1,metileno,WO-2025097268-A1
CHEBI:50728,methylene group,es,Grupo metileno,0,1,metileno,MX-2024015578-A
CHEBI:50728,methylene group,es,Grupo metileno,0,1,metileno,MX-2025010369-A
CHEBI:46662,mineral,es,Mineral,0,1,minerales,WO-2025183547-A1
CHEBI:46662,mineral,es,Mineral,0,1,minerales,MX-2024010715-A
CHEBI:46662,mineral,es,Mineral,0,1,minerales,MX-2025009685-A
CHEBI:46662,mineral,es,Mineral,0,1,minerales,MX-2025007626-A
CHEBI:46662,mineral,es,Mineral,0,1,minerales,MX-2025006760-A
CHEBI:46662,mineral,es,Mineral,0,1,minerales,MX-2025004849-A
CHEBI:46662,mineral,es,Mineral,0,1,minerales,WO-2025170458-A1
CHEBI:46662,mineral,es,Mineral,0,1,minerales,WO-2025015431-A3
CHEBI:46662,mineral,es,Mineral,0,1,minerales,WO-2025199660-A1
CHEBI:28112,nickel atom,es,Níquel,0,1,niquel,MX-2024011560-A
CHEBI:51081,nitrates,es,Nitrato,0,1,nitratos,ES-1318447-U
CHEBI:51081,nitrates,es,Nitrato,0,1,nitratos,ES-3030589-A1
CHEBI:16480,nitric oxide,es,Óxido de nitrógeno(II),0,1,oxido nitrico,MX-2025006329-A
CHEBI:33696,nucleic acid,es,Ácido nucleico,0,1,acidos nucleicos,MX-2025004540-A
CHEBI:33696,nucleic acid,es,Ácido nucleico,0,1,acidos nucleicos,MX-2025004542-A
CHEBI:33696,nucleic acid,es,Ácido nucleico,0,1,acidos nucleicos,MX-2025006436-A
CHEBI:18282,nucleobase,es,Nucleobase,0,1,nucleobases,WO-2025168864-A1
CHEBI:18282,nucleobase,es,Nucleobase,0,1,nucleobases,WO-2025172628-A9
CHEBI:18282,nucleobase,es,Nucleobase,0,1,nucleobases,ES-3033982-A1
CHEBI:18282,nucleobase,es,Nucleobase,0,1,nucleobases,WO-2025172628-A1
CHEBI:18282,nucleobase,es,Nucleobase,0,1,nucleobases,ES-3034858-A1
CHEBI:50699,oligosaccharide,es,Oligosacárido,0,1,oligosacaridos,MX-2025007349-A
CHEBI:50699,oligosaccharide,es,Oligosacárido,0,1,oligosacaridos,MX-2025010300-A
CHEBI:50699,oligosaccharide,es,Oligosacárido,0,1,oligosacaridos,MX-2025005529-A
CHEBI:50699,oligosaccharide,es,Oligosacárido,0,1,oligosacaridos,MX-2025009952-A
CHEBI:17309,pectin,es,Pectina,0,1,pectinas,ES-3023335-A1
CHEBI:16670,peptide,es,Péptido,0,1,peptidos,MX-2025011262-A
CHEBI:16670,peptide,es,Péptido,0,1,peptidos,MX-2025005526-A
CHEBI:16670,peptide,es,Péptido,0,1,peptidos,MX-2025006754-A
CHEBI:16670,peptide,es,Péptido,0,1,peptidos,MX-2025010003-A
CHEBI:16670,peptide,es,Péptido,0,1,peptidos,MX-2025011063-A
CHEBI:16670,peptide,es,Péptido,0,1,peptido,MX-2025008565-A
CHEBI:16670,peptide,es,Péptido,0,1,peptidos,MX-2025009035-A
CHEBI:16670,peptide,es,Péptido,0,1,peptidos,MX-2025010430-A
CHEBI:16670,peptide,es,Péptido,0,1,peptidos,MX-2025007109-A
CHEBI:30212,photon,es,Fotón,0,1,gamma,MX-2025004937-A
CHEBI:18049,piperidine,es,Piperidina,0,1,Piperidin,MX-2025009051-A
CHEBI:53251,poly(tetrafluoroethylene),es,Politetrafluoroetileno,0,1,PTFE,MX-2025004741-A
CHEBI:53370,poly[4-(4-benzoylphenoxy)phenol] macromolecule,es,Polieteretercetona,0,1,PEEK,MX-2025008747-A
CHEBI:15841,polypeptide,es,Polipéptido,0,1,polipeptido,MX-2025003052-A
CHEBI:26208,polyunsaturated fatty acid,es,Ácido graso poliinsaturado,0,1,PUFAs,MX-2025006056-A
CHEBI:28831,propan-1-ol,es,Propan-1-ol,0,1,N-PROPANOL,MX-2025010450-A
CHEBI:28831,propan-1-ol,es,Propan-1-ol,0,1,1-Propanol,ES-3027432-A1
CHEBI:17824,propan-2-ol,es,2-Propanol,0,1,Isopropanol,MX-2025006468-A
CHEBI:26519,radical,es,Radical (química),0,1,radicales libres,MX-2025005207-A
CHEBI:26519,radical,es,Radical (química),0,1,radical,MX-2025005132-A
CHEBI:26519,radical,es,Radical (química),0,1,radical,MX-2025005181-A
CHEBI:26519,radical,es,Radical (química),0,1,radicales libres,MX-2025005891-A
CHEBI:26519,radical,es,Radical (química),0,1,radical,MX-2025010275-A
CHEBI:26519,radical,es,Radical (química),0,1,radical,MX-2025005989-A
CHEBI:26519,radical,es,Radical (química),0,1,radical,MX-2025009746-A
CHEBI:26519,radical,es,Radical (química),0,1,radicales libres,WO-2025127906-A1
CHEBI:26519,radical,es,Radical (química),0,1,radicales libres,MX-2025005206-A
CHEBI:33325,radium atom,es,Radio (elemento),0,1,radio,MX-2025008266-A
CHEBI:33325,radium atom,es,Radio (elemento),0,1,radio,WO-2025171497-A1
CHEBI:145012,rebaudioside A,es,Rebaudiósido A,0,1,Stevia,MX-2025005115-A
CHEBI:30563,silicon dioxide,es,Cuarzo fundido,0,1,SiO2,MX-2025011040-A
CHEBI:30563,silicon dioxide,es,Cuarzo fundido,0,1,SiO2,MX-2025011014-A
CHEBI:30563,silicon dioxide,es,Cuarzo fundido,0,1,SiO2,MX-2025007370-A
CHEBI:26710,sodium chloride,es,Cloruro de sodio,0,1,NaCl,MX-2025006578-A
CHEBI:32145,sodium hydroxide,es,Hidróxido de sodio,0,1,NaOH,MX-2025001998-A
CHEBI:35186,terpene,es,Terpeno,0,1,terpenos,MX-2025009685-A
CHEBI:35186,terpene,es,Terpeno,0,1,terpenos,ES-3032895-A1
CHEBI:35186,terpene,es,Terpeno,0,1,terpenos,WO-2025105947-A1
CHEBI:27385,tetrachloromethane,es,Cloruro de carbono(IV),0,1,CCl4,MX-2025008840-A
CHEBI:27385,tetrachloromethane,es,Cloruro de carbono(IV),0,1,Tetra,WO-2025099344-A1
CHEBI:32234,titanium dioxide,es,Óxido de titanio(IV),0,1,titania,MX-2025008747-A
CHEBI:32234,titanium dioxide,es,Óxido de titanio(IV),0,1,TiO2,MX-2025009180-A
CHEBI:32234,titanium dioxide,es,Óxido de titanio(IV),0,1,TiO2,MX-2025007370-A
CHEBI:32234,titanium dioxide,es,Óxido de titanio(IV),0,1,TiO2,MX-2025011014-A
CHEBI:27081,transition element atom,es,Elementos del bloque d,0,1,metal de transicion,MX-2025005387-A
CHEBI:36615,triterpenoid,es,Triterpenoide,0,1,triterpenoides,MX-2025007184-A
CHEBI:36615,triterpenoid,es,Triterpenoide,0,1,triterpenoides,MX-2025004197-A
CHEBI:27998,tungsten,es,Wolframio,0,1,tungsteno,MX-2025008661-A
CHEBI:27998,tungsten,es,Wolframio,0,1,tungsteno,MX-2025005409-A
CHEBI:27214,uranium atom,es,Hidruro de uranio,0,1,uranio,MX-2025010154-A
CHEBI:33229,vitamin (role),es,Vitamina,0,1,vitaminas,MX-2025005115-A
CHEBI:33229,vitamin (role),es,Vitamina,0,1,vitaminas,MX-2025006760-A
CHEBI:33229,vitamin (role),es,Vitamina,0,1,vitaminas,MX-2025009685-A
CHEBI:33229,vitamin (role),es,Vitamina,0,1,vitaminas,MX-2025011247-A
CHEBI:27363,zinc atom,es,Zinc,0,1,cinc,MX-2025001091-A
CHEBI:33342,zirconium atom,es,Circonio,0,1,zirconio,MX-2025006871-A
CHEBI:33342,zirconium atom,es,Circonio,0,1,zirconio,MX-2025004925-A
CHEBI:33342,zirconium atom,es,Circonio,0,1,zirconio,MX-2025006825-A
CHEBI:4806,(-)-epigallocatechin 3-gallate,fr,Gallate d'épigallocatéchine,0,1,EGCG,WO-2025201310-A1
CHEBI:15409,(-)-menthol,fr,Menthol,0,1,L-Menthol,WO-2025206091-A1
CHEBI:15467,(3S)-3-hydroxy-3-methylglutaryl-CoA,fr,3-Hydroxy-3-méthylglutaryl-coenzyme A,0,1,HMG-CoA,WO-2025217176-A1
CHEBI:48605,(fluoren-9-ylmethoxy)carbonyl group,fr,Fluorénylméthoxycarbonyle,0,1,FMOC,WO-2025032139-A1
CHEBI:176793,1-hexyne,fr,Hex-1-yne,0,1,1-hexyne,WO-2025217091-A1
CHEBI:63921,2-butoxyethanol,fr,2-Butoxyéthanol,0,1,butyl glycol,WO-2025131407-A1
CHEBI:52153,2-diethylaminoethanol,fr,Diéthyléthanolamine,0,1,DEAE,WO-2023014247-A1
CHEBI:16587,20-hydroxyecdysone,fr,Ecdystérone,0,1,20-hydroxyecdysone,WO-2025215177-A1
CHEBI:46345,5-fluorouracil,fr,Fluorouracile,0,1,5-FU,EP-4629999-A1
CHEBI:46345,5-fluorouracil,fr,Fluorouracile,0,1,5-FU,EP-4626897-A1
CHEBI:412516,5-hydroxymethylfurfural,fr,Hydroxyméthylfurfural,0,1,5-HMF,EP-4634164-A1
CHEBI:16436,CDP-choline,fr,Cytidine-diphosphate-choline,0,1,Citicoline,WO-2022025785-A8
CHEBI:16436,CDP-choline,fr,Cytidine-diphosphate-choline,0,1,Citicoline,EP-4626452-A1
CHEBI:16436,CDP-choline,fr,Cytidine-diphosphate-choline,0,1,Citicoline,WO-2025040605-A1
CHEBI:16436,CDP-choline,fr,Cytidine-diphosphate-choline,0,1,Citicoline,WO-2022025785-A1
CHEBI:17924,D-glucitol,fr,Sorbitol,0,1,D-SORBITOL,WO-2025012225-A1
CHEBI:27605,D-psicose,fr,Psicose,0,1,D-psicose,WO-2024213621-A3
CHEBI:27605,D-psicose,fr,Psicose,0,1,D-Allulose,WO-2025184054-A3
CHEBI:27605,D-psicose,fr,Psicose,0,1,D-psicose,WO-2025012221-A2
CHEBI:27605,D-psicose,fr,Psicose,0,1,D-psicose,WO-2024189215-A3
CHEBI:62913,EC 2.4.2.30 (NAD(+) ADP-ribosyltransferase) inhibitor,fr,Inhibiteur de PARP,0,1,PARP,WO-2025217185-A1
CHEBI:80270,Glucagon-like peptide 1,fr,Glucagon-like peptide-1,0,1,GLP-1,WO-2025213190-A1
CHEBI:80270,Glucagon-like peptide 1,fr,Glucagon-like peptide-1,0,1,GLP-1,WO-2025209515-A1
CHEBI:80270,Glucagon-like peptide 1,fr,Glucagon-like peptide-1,0,1,GLP-1,WO-2024144431-A1
CHEBI:80270,Glucagon-like peptide 1,fr,Glucagon-like peptide-1,0,1,GLP-1,WO-2025202874-A1
CHEBI:80270,Glucagon-like peptide 1,fr,Glucagon-like peptide-1,0,1,GLP-1,EP-4633632-A1
CHEBI:80270,Glucagon-like peptide 1,fr,Glucagon-like peptide-1,0,1,GLP-1,WO-2025217521-A1
CHEBI:80270,Glucagon-like peptide 1,fr,Glucagon-like peptide-1,0,1,GLP-1,WO-2025191342-A2
CHEBI:80270,Glucagon-like peptide 1,fr,Glucagon-like peptide-1,0,1,GLP-1,EP-4626441-A1
CHEBI:80270,Glucagon-like peptide 1,fr,Glucagon-like peptide-1,0,1,GLP-1,WO-2025211748-A1
CHEBI:16467,L-arginine,fr,Arginine,0,1,L-arginine,EP-4525996-A1
CHEBI:16467,L-arginine,fr,Arginine,0,1,L-arginine,WO-2025146513-A1
CHEBI:16467,L-arginine,fr,Arginine,0,1,L-arginine,WO-2025177319-A3
CHEBI:16467,L-arginine,fr,Arginine,0,1,L-arginine,WO-2021225469-A1
CHEBI:16467,L-arginine,fr,Arginine,0,1,L-arginine,WO-2025120243-A1
CHEBI:15971,L-histidine,fr,Histidine,0,1,L-histidine,WO-2025195516-A1
CHEBI:17191,L-isoleucine,fr,Isoleucine,0,1,L-isoleucine,WO-2025195516-A1
CHEBI:15603,L-leucine,fr,Leucine,0,1,L-leucine,WO-2025195516-A1
CHEBI:15729,L-ornithine,fr,Ornithine,0,1,L-ornithine,WO-2025120243-A1
CHEBI:90184,LAC dye,fr,Acide laccaïque,0,1,Shellac,WO-2023204733-A1
CHEBI:32849,TEMPO,fr,"(2,2,6,6-Tétraméthylpipéridin-1-yl)oxy",0,1,TEMPO,WO-2025216699-A1
CHEBI:140422,VR nerve agent,fr,VR (agent innervant),0,1,R 33,WO-2025197656-A1
CHEBI:30395,acetylacetonate,fr,Acétylacétonate,0,1,ACAC,EP-4633593-A1
CHEBI:30395,acetylacetonate,fr,Acétylacétonate,0,1,ACAC,EP-4633587-A1
CHEBI:14750,acetylacetone,fr,Acétylacétone,0,1,ACAC,EP-4633593-A1
CHEBI:14750,acetylacetone,fr,Acétylacétone,0,1,ACAC,EP-4633587-A1
CHEBI:27518,acetylene,fr,Acétylène,0,1,[CH(CH)],EP-4634263-A1
CHEBI:27518,acetylene,fr,Acétylène,0,1,[CH(CH)],WO-2025215223-A1
CHEBI:28217,acrylonitrile,fr,Acrylonitrile,0,1,cyanure de vinyle,WO-2025187441-A8
CHEBI:28217,acrylonitrile,fr,Acrylonitrile,0,1,cyanure de vinyle,WO-2025216135-A1
CHEBI:28217,acrylonitrile,fr,Acrylonitrile,0,1,cyanure de vinyle,WO-2025187441-A1
CHEBI:2511,agarose,fr,Agarose,0,1,Sepharose,WO-2023014247-A1
CHEBI:48705,agonist,fr,Agoniste (biochimie),0,1,agoniste,WO-2025188807-A8
CHEBI:48705,agonist,fr,Agoniste (biochimie),0,1,agoniste,WO-2025211415-A1
CHEBI:48705,agonist,fr,Agoniste (biochimie),0,1,agoniste,EP-4626546-A1
CHEBI:48705,agonist,fr,Agoniste (biochimie),0,1,agoniste,EP-4626437-A1
CHEBI:48705,agonist,fr,Agoniste (biochimie),0,1,agoniste,WO-2025211975-A1
CHEBI:48705,agonist,fr,Agoniste (biochimie),0,1,agoniste,WO-2025213190-A1
CHEBI:48705,agonist,fr,Agoniste (biochimie),0,1,agoniste,WO-2025202287-A1
CHEBI:48705,agonist,fr,Agoniste (biochimie),0,1,agoniste,EP-4633632-A1
CHEBI:48705,agonist,fr,Agoniste (biochimie),0,1,agoniste,WO-2025217521-A1
CHEBI:48705,agonist,fr,Agoniste (biochimie),0,1,agoniste,WO-2025211748-A1
CHEBI:48705,agonist,fr,Agoniste (biochimie),0,1,agoniste,WO-2025191342-A2
CHEBI:48705,agonist,fr,Agoniste (biochimie),0,1,agoniste,WO-2022055399-A1
CHEBI:48705,agonist,fr,Agoniste (biochimie),0,1,agoniste,WO-2025183141-A1
CHEBI:48705,agonist,fr,Agoniste (biochimie),0,1,agoniste,WO-2025202874-A1
CHEBI:48705,agonist,fr,Agoniste (biochimie),0,1,agoniste,WO-2025217101-A2
CHEBI:48705,agonist,fr,Agoniste (biochimie),0,1,agoniste,WO-2025210089-A1
CHEBI:48705,agonist,fr,Agoniste (biochimie),0,1,agoniste,EP-4633602-A1
CHEBI:48705,agonist,fr,Agoniste (biochimie),0,1,agoniste,WO-2025217157-A1
CHEBI:48705,agonist,fr,Agoniste (biochimie),0,1,agoniste,WO-2025186434-A8
CHEBI:48705,agonist,fr,Agoniste (biochimie),0,1,agoniste,EP-4626548-A1
CHEBI:48705,agonist,fr,Agoniste (biochimie),0,1,agoniste,WO-2025206323-A1
CHEBI:48705,agonist,fr,Agoniste (biochimie),0,1,agoniste,WO-2025202222-A1
CHEBI:48705,agonist,fr,Agoniste (biochimie),0,1,agoniste,WO-2025217270-A1
CHEBI:48705,agonist,fr,Agoniste (biochimie),0,1,agoniste,WO-2025211416-A1
CHEBI:48705,agonist,fr,Agoniste (biochimie),0,1,agoniste,WO-2025209515-A1
CHEBI:48705,agonist,fr,Agoniste (biochimie),0,1,agoniste,WO-2025199578-A1
CHEBI:48705,agonist,fr,Agoniste (biochimie),0,1,agoniste,EP-4626547-A1
CHEBI:48705,agonist,fr,Agoniste (biochimie),0,1,agoniste,EP-4629977-A1
CHEBI:48705,agonist,fr,Agoniste (biochimie),0,1,agoniste,WO-2025212603-A1
CHEBI:48705,agonist,fr,Agoniste (biochimie),0,1,agoniste,WO-2025205612-A1
CHEBI:48705,agonist,fr,Agoniste (biochimie),0,1,agoniste,WO-2025206489-A1
CHEBI:48705,agonist,fr,Agoniste (biochimie),0,1,agoniste,WO-2025188909-A8
CHEBI:48705,agonist,fr,Agoniste (biochimie),0,1,agoniste,WO-2025215042-A1
CHEBI:48705,agonist,fr,Agoniste (biochimie),0,1,agoniste,WO-2025216797-A1
CHEBI:48705,agonist,fr,Agoniste (biochimie),0,1,agoniste,EP-4626454-A1
CHEBI:48705,agonist,fr,Agoniste (biochimie),0,1,agoniste,EP-4626441-A1
CHEBI:18310,alkane,fr,Alcane,0,1,alcanes,WO-2025190841-A1
CHEBI:18310,alkane,fr,Alcane,0,1,alcanes,WO-2025216295-A1
CHEBI:18310,alkane,fr,Alcane,0,1,alcanes,EP-4633578-A1
CHEBI:18310,alkane,fr,Alcane,0,1,alcanes,WO-2025217021-A1
CHEBI:18310,alkane,fr,Alcane,0,1,alcanes,EP-4634339-A1
CHEBI:18310,alkane,fr,Alcane,0,1,alcanes,WO-2025214021-A1
CHEBI:18310,alkane,fr,Alcane,0,1,alcanes,WO-2025205967-A1
CHEBI:18310,alkane,fr,Alcane,0,1,alcanes,EP-4526281-A1
CHEBI:18310,alkane,fr,Alcane,0,1,alcanes,WO-2025199627-A1
CHEBI:61793,alpha-Neu5Ac-(2->3)-beta-D-Gal-(1->3)-[alpha-L-Fuc-(1->4)]-D-GlcNAc,fr,CA 19.9,0,1,CA19-9,WO-2025178449-A1
CHEBI:30216,alpha-particle,fr,Particule α,0,1,alpha,WO-2025213105-A1
CHEBI:30216,alpha-particle,fr,Particule α,0,1,alpha,WO-2025217023-A1
CHEBI:30216,alpha-particle,fr,Particule α,0,1,alpha,WO-2025202223-A1
CHEBI:30216,alpha-particle,fr,Particule α,0,1,alpha,WO-2025212923-A1
CHEBI:30216,alpha-particle,fr,Particule α,0,1,alpha,EP-4630064-A1
CHEBI:30216,alpha-particle,fr,Particule α,0,1,alpha,EP-4630005-A1
CHEBI:30216,alpha-particle,fr,Particule α,0,1,alpha,EP-4499896-A1
CHEBI:30216,alpha-particle,fr,Particule α,0,1,alpha,WO-2025188847-A8
CHEBI:30216,alpha-particle,fr,Particule α,0,1,alpha,WO-2019143274-A2
CHEBI:30216,alpha-particle,fr,Particule α,0,1,alpha,WO-2025188730-A8
CHEBI:30216,alpha-particle,fr,Particule α,0,1,alpha,EP-4627054-A1
CHEBI:30216,alpha-particle,fr,Particule α,0,1,alpha,WO-2025215218-A1
CHEBI:30216,alpha-particle,fr,Particule α,0,1,alpha,EP-4634384-A1
CHEBI:30216,alpha-particle,fr,Particule α,0,1,alpha,WO-2025150555-A1
CHEBI:30216,alpha-particle,fr,Particule α,0,1,alpha,EP-4626605-A1
CHEBI:30216,alpha-particle,fr,Particule α,0,1,alpha,WO-2019143274-A3
CHEBI:30216,alpha-particle,fr,Particule α,0,1,alpha,WO-2025211823-A1
CHEBI:30216,alpha-particle,fr,Particule α,0,1,alpha,WO-2023121506-A1
CHEBI:30216,alpha-particle,fr,Particule α,0,1,alpha,WO-2025163990-A1
CHEBI:30216,alpha-particle,fr,Particule α,0,1,alpha,WO-2025208050-A2
CHEBI:30187,aluminium oxide,fr,Alumine,0,1,Al2O3,WO-2024014993-A1
CHEBI:32988,amide,fr,Amide,0,1,amides,EP-4623016-A1
CHEBI:32988,amide,fr,Amide,0,1,amides,WO-2025207426-A1
CHEBI:32988,amide,fr,Amide,0,1,amides,WO-2023200362-A1
CHEBI:32988,amide,fr,Amide,0,1,amides,EP-4630406-A1
CHEBI:32988,amide,fr,Amide,0,1,amides,EP-4629963-A1
CHEBI:32988,amide,fr,Amide,0,1,amides,WO-2024159288-A1
CHEBI:32988,amide,fr,Amide,0,1,amides,EP-4629964-A1
CHEBI:32952,amine,fr,Amine (chimie),0,1,Amin,WO-2025098885-A1
CHEBI:160246,aminophenazone,fr,4-Aminophénazone,0,1,Aminopyrine,EP-4630574-A1
CHEBI:18219,ammonium hydroxide,fr,Ammoniaque,0,1,hydroxyde d'ammonium,EP-4634964-A1
CHEBI:18219,ammonium hydroxide,fr,Ammoniaque,0,1,hydroxyde d'ammonium,EP-4634963-A1
CHEBI:18219,ammonium hydroxide,fr,Ammoniaque,0,1,NH4OH,WO-2025109154-A1
CHEBI:18219,ammonium hydroxide,fr,Ammoniaque,0,1,hydroxyde d'ammonium,EP-4634965-A1
CHEBI:2676,amoxicillin,fr,Amoxicilline,0,1,AMPC,WO-2025217506-A1
CHEBI:22563,anion,fr,Anion,0,1,anions,WO-2025213449-A1
CHEBI:22563,anion,fr,Anion,0,1,anions,WO-2025132391-A1
CHEBI:22563,anion,fr,Anion,0,1,anions,WO-2025217166-A1
CHEBI:22563,anion,fr,Anion,0,1,anions,WO-2025093514-A3
CHEBI:22563,anion,fr,Anion,0,1,anions,EP-4547640-A1
CHEBI:22563,anion,fr,Anion,0,1,anions,WO-2025132393-A1
CHEBI:22563,anion,fr,Anion,0,1,anions,EP-4554569-A1
CHEBI:22563,anion,fr,Anion,0,1,anions,WO-2025207492-A1
CHEBI:22563,anion,fr,Anion,0,1,anions,EP-4623129-A1
CHEBI:48706,antagonist,fr,Antagoniste (biochimie),0,1,antagoniste,WO-2025214437-A1
CHEBI:48706,antagonist,fr,Antagoniste (biochimie),0,1,antagoniste,WO-2022060251-A1
CHEBI:48706,antagonist,fr,Antagoniste (biochimie),0,1,antagoniste,WO-2025202368-A1
CHEBI:48706,antagonist,fr,Antagoniste (biochimie),0,1,antagoniste,WO-2025187844-A8
CHEBI:48706,antagonist,fr,Antagoniste (biochimie),0,1,antagoniste,WO-2025188807-A8
CHEBI:48706,antagonist,fr,Antagoniste (biochimie),0,1,antagoniste,WO-2025187871-A1
CHEBI:48706,antagonist,fr,Antagoniste (biochimie),0,1,antagoniste,WO-2025208260-A1
CHEBI:48706,antagonist,fr,Antagoniste (biochimie),0,1,antagoniste,WO-2025208172-A1
CHEBI:48706,antagonist,fr,Antagoniste (biochimie),0,1,antagoniste,EP-4630064-A1
CHEBI:48706,antagonist,fr,Antagoniste (biochimie),0,1,antagoniste,WO-2025187871-A8
CHEBI:48706,antagonist,fr,Antagoniste (biochimie),0,1,antagoniste,WO-2025209456-A1
CHEBI:48706,antagonist,fr,Antagoniste (biochimie),0,1,antagoniste,EP-4623092-A1
CHEBI:48706,antagonist,fr,Antagoniste (biochimie),0,1,antagoniste,WO-2025201290-A1
CHEBI:48706,antagonist,fr,Antagoniste (biochimie),0,1,antagoniste,WO-2025210641-A1
CHEBI:48706,antagonist,fr,Antagoniste (biochimie),0,1,antagoniste,WO-2025188619-A8
CHEBI:48706,antagonist,fr,Antagoniste (biochimie),0,1,antagoniste,WO-2025207961-A1
CHEBI:48706,antagonist,fr,Antagoniste (biochimie),0,1,antagoniste,WO-2025202938-A1
CHEBI:48706,antagonist,fr,Antagoniste (biochimie),0,1,antagoniste,WO-2025212690-A1
CHEBI:50249,anticoagulant,fr,Anticoagulant,0,1,anticoagulante,WO-2025215242-A1
CHEBI:33281,antimicrobial agent,fr,Antimicrobien,0,1,antibiotique,WO-2022154692-A1
CHEBI:33281,antimicrobial agent,fr,Antimicrobien,0,1,antibiotique,WO-2025050190-A1
CHEBI:33281,antimicrobial agent,fr,Antimicrobien,0,1,antibiotique,WO-2025201218-A1
CHEBI:33281,antimicrobial agent,fr,Antimicrobien,0,1,antibiotique,EP-4626455-A1
CHEBI:33281,antimicrobial agent,fr,Antimicrobien,0,1,microbicide,WO-2025206002-A1
CHEBI:33281,antimicrobial agent,fr,Antimicrobien,0,1,antibiotique,WO-2025202508-A1
CHEBI:33281,antimicrobial agent,fr,Antimicrobien,0,1,antibiotique,WO-2025170483-A1
CHEBI:33281,antimicrobial agent,fr,Antimicrobien,0,1,antibiotique,WO-2024098127-A1
CHEBI:33281,antimicrobial agent,fr,Antimicrobien,0,1,antibiotique,WO-2025215218-A1
CHEBI:52254,apatite,fr,Apatite,0,1,hydroxyapatite,WO-2024197364-A1
CHEBI:52254,apatite,fr,Apatite,0,1,hydroxyapatite,WO-2022139614-A1
CHEBI:33860,aromatic amine,fr,Amine aromatique,0,1,arylamine,WO-2025205820-A1
CHEBI:33860,aromatic amine,fr,Amine aromatique,0,1,arylamine,WO-2025214152-A1
CHEBI:33252,atomic nucleus,fr,Noyau (biologie),0,1,noyau,WO-2025200398-A1
CHEBI:33252,atomic nucleus,fr,Noyau (biologie),0,1,noyau,WO-2025206919-A1
CHEBI:22680,azide,fr,Azoture,0,1,azide,WO-2025205716-A1
CHEBI:22680,azide,fr,Azoture,0,1,azides,WO-2025217166-A1
CHEBI:145371,binimetinib,fr,Binimétinib,0,1,binimetinib,WO-2025186275-A8
CHEBI:26130,biological pigment,fr,Pigment,0,1,pigments,WO-2005010107-A1
CHEBI:26130,biological pigment,fr,Pigment,0,1,pigments,WO-2025188992-A8
CHEBI:26130,biological pigment,fr,Pigment,0,1,pigments,EP-4590518-A2
CHEBI:26130,biological pigment,fr,Pigment,0,1,pigments,WO-2025093725-A1
CHEBI:26130,biological pigment,fr,Pigment,0,1,pigments,EP-4573161-A1
CHEBI:26130,biological pigment,fr,Pigment,0,1,pigments,EP-4605189-A1
CHEBI:26130,biological pigment,fr,Pigment,0,1,pigments,EP-4562076-A1
CHEBI:26130,biological pigment,fr,Pigment,0,1,pigments,EP-4630491-A1
CHEBI:26130,biological pigment,fr,Pigment,0,1,pigments,WO-2024138249-A1
CHEBI:26130,biological pigment,fr,Pigment,0,1,pigments,EP-4626980-A1
CHEBI:26130,biological pigment,fr,Pigment,0,1,pigments,WO-2025039049-A1
CHEBI:26130,biological pigment,fr,Pigment,0,1,pigments,EP-4634307-A1
CHEBI:15956,biotin,fr,Vitamine B8,0,1,biotine,WO-2025207001-A1
CHEBI:15956,biotin,fr,Vitamine B8,0,1,biotine,WO-2025217636-A1
CHEBI:15956,biotin,fr,Vitamine B8,0,1,biotine,WO-2025087508-A1
CHEBI:33589,boranes,fr,Borane (groupe),0,1,boranes,EP-4634403-A1
CHEBI:28885,butan-1-ol,fr,Butan-1-ol,0,1,n-Butanol,EP-4568939-A1
CHEBI:28885,butan-1-ol,fr,Butan-1-ol,0,1,n-Butanol,WO-2024248653-A1
CHEBI:28885,butan-1-ol,fr,Butan-1-ol,0,1,n-Butanol,EP-4568938-A1
CHEBI:28398,butan-2-one,fr,Butanone,0,1,2-Butanone,WO-2025206248-A1
CHEBI:15743,butanal,fr,Butanal,0,1,Butyral,WO-2025192558-A1
CHEBI:52682,"butane-1,2-diol",fr,"Butane-1,2-diol",0,1,"1,2-Butanediol",WO-2025201987-A1
CHEBI:41189,"butane-1,4-diol",fr,"Butane-1,4-diol",0,1,"1,4-BUTANEDIOL",WO-2025202650-A1
CHEBI:41189,"butane-1,4-diol",fr,"Butane-1,4-diol",0,1,"1,4-BUTANEDIOL",WO-2025217011-A1
CHEBI:41189,"butane-1,4-diol",fr,"Butane-1,4-diol",0,1,"1,4-BUTANEDIOL",WO-2025197622-A1
CHEBI:41189,"butane-1,4-diol",fr,"Butane-1,4-diol",0,1,"1,4-BUTANEDIOL",WO-2025205463-A1
CHEBI:41189,"butane-1,4-diol",fr,"Butane-1,4-diol",0,1,"1,4-BUTANEDIOL",WO-2025206153-A1
CHEBI:18127,cadaverine,fr,Cadavérine,0,1,"1,5-Diaminopentane",EP-4622950-A1
CHEBI:31341,calcium dihydroxide,fr,Hydroxyde de calcium,0,1,Ca(OH)2,WO-2025215126-A1
CHEBI:16646,carbohydrate,fr,Glucide,0,1,saccharide,WO-2025215347-A1
CHEBI:16646,carbohydrate,fr,Glucide,0,1,saccharide,EP-4630007-A1
CHEBI:16646,carbohydrate,fr,Glucide,0,1,saccharides,EP-4630442-A1
CHEBI:16646,carbohydrate,fr,Glucide,0,1,glucides,EP-4629830-A1
CHEBI:16646,carbohydrate,fr,Glucide,0,1,glucides,WO-2025202860-A1
CHEBI:16646,carbohydrate,fr,Glucide,0,1,carbohydrates,WO-2025015394-A1
CHEBI:16646,carbohydrate,fr,Glucide,0,1,glucides,WO-2024152091-A1
CHEBI:16646,carbohydrate,fr,Glucide,0,1,saccharide,WO-2025215346-A1
CHEBI:16646,carbohydrate,fr,Glucide,0,1,saccharides,WO-2025186080-A8
CHEBI:16646,carbohydrate,fr,Glucide,0,1,saccharide,WO-2025187027-A1
CHEBI:16646,carbohydrate,fr,Glucide,0,1,glucides,WO-2025155182-A1
CHEBI:16646,carbohydrate,fr,Glucide,0,1,glucides,WO-2025183664-A3
CHEBI:16646,carbohydrate,fr,Glucide,0,1,glucides,EP-4627079-A2
CHEBI:16646,carbohydrate,fr,Glucide,0,1,glucides,WO-2025184736-A8
CHEBI:16646,carbohydrate,fr,Glucide,0,1,saccharide,EP-4623055-A1
CHEBI:16646,carbohydrate,fr,Glucide,0,1,saccharides,WO-2025215057-A1
CHEBI:16646,carbohydrate,fr,Glucide,0,1,saccharides,WO-2023048595-A1
CHEBI:16646,carbohydrate,fr,Glucide,0,1,saccharide,WO-2025187027-A8
CHEBI:16646,carbohydrate,fr,Glucide,0,1,saccharide,WO-2025132321-A1
CHEBI:16646,carbohydrate,fr,Glucide,0,1,saccharide,WO-2025204688-A1
CHEBI:16646,carbohydrate,fr,Glucide,0,1,saccharide,WO-2025215228-A1
CHEBI:16646,carbohydrate,fr,Glucide,0,1,saccharide,EP-4626972-A1
CHEBI:16646,carbohydrate,fr,Glucide,0,1,saccharides,WO-2025216310-A1
CHEBI:16646,carbohydrate,fr,Glucide,0,1,saccharide,WO-2025205906-A1
CHEBI:16646,carbohydrate,fr,Glucide,0,1,saccharide,WO-2025215348-A1
CHEBI:16646,carbohydrate,fr,Glucide,0,1,saccharides,WO-2025187167-A8
CHEBI:50594,carbon nanotube,fr,Nanotube de carbone,0,1,nanotubes de carbone,WO-2025204040-A1
CHEBI:50594,carbon nanotube,fr,Nanotube de carbone,0,1,nanotubes de carbone,WO-2025206313-A1
CHEBI:50594,carbon nanotube,fr,Nanotube de carbone,0,1,nanotubes de carbone,WO-2025217601-A1
CHEBI:50594,carbon nanotube,fr,Nanotube de carbone,0,1,nanotubes de carbone,WO-2025187641-A1
CHEBI:50594,carbon nanotube,fr,Nanotube de carbone,0,1,nanotubes de carbone,WO-2025204007-A1
CHEBI:50594,carbon nanotube,fr,Nanotube de carbone,0,1,nanotubes de carbone,WO-2025187641-A8
CHEBI:50594,carbon nanotube,fr,Nanotube de carbone,0,1,nanotubes de carbone,WO-2025205487-A1
CHEBI:50594,carbon nanotube,fr,Nanotube de carbone,0,1,nanotubes de carbone,WO-2025204006-A1
CHEBI:50594,carbon nanotube,fr,Nanotube de carbone,0,1,nanotubes de carbone,EP-4627640-A1
CHEBI:50594,carbon nanotube,fr,Nanotube de carbone,0,1,nanotubes de carbone,WO-2022119476-A1
CHEBI:50594,carbon nanotube,fr,Nanotube de carbone,0,1,nanotubes de carbone,WO-2025211160-A1
CHEBI:50594,carbon nanotube,fr,Nanotube de carbone,0,1,nanotubes de carbone,WO-2023128802-A1
CHEBI:50594,carbon nanotube,fr,Nanotube de carbone,0,1,nanotubes de carbone,WO-2022115004-A1
CHEBI:50594,carbon nanotube,fr,Nanotube de carbone,0,1,nanotubes de carbone,WO-2025104164-A1
CHEBI:50594,carbon nanotube,fr,Nanotube de carbone,0,1,nanotubes de carbone,WO-2025204039-A1
CHEBI:50594,carbon nanotube,fr,Nanotube de carbone,0,1,nanotubes de carbone,WO-2025205528-A1
CHEBI:50594,carbon nanotube,fr,Nanotube de carbone,0,1,nanotubes de carbone,WO-2025158976-A1
CHEBI:50594,carbon nanotube,fr,Nanotube de carbone,0,1,nanotubes de carbone,WO-2023128801-A1
CHEBI:50594,carbon nanotube,fr,Nanotube de carbone,0,1,nanotubes de carbone,WO-2025198396-A1
CHEBI:50594,carbon nanotube,fr,Nanotube de carbone,0,1,nanotubes de carbone,WO-2025173815-A1
CHEBI:50594,carbon nanotube,fr,Nanotube de carbone,0,1,nanotubes de carbone,WO-2025206316-A1
CHEBI:50594,carbon nanotube,fr,Nanotube de carbone,0,1,nanotubes de carbone,EP-4623027-A1
CHEBI:50594,carbon nanotube,fr,Nanotube de carbone,0,1,nanotubes de carbone,WO-2025061217-A1
CHEBI:50594,carbon nanotube,fr,Nanotube de carbone,0,1,nanotubes de carbone,WO-2025155365-A9
CHEBI:50594,carbon nanotube,fr,Nanotube de carbone,0,1,nanotubes de carbone,WO-2022211653-A1
CHEBI:50594,carbon nanotube,fr,Nanotube de carbone,0,1,nanotubes de carbone,WO-2022245254-A1
CHEBI:50594,carbon nanotube,fr,Nanotube de carbone,0,1,nanotubes de carbone,WO-2024005669-A1
CHEBI:23016,carbonates,fr,Carbonate,0,1,carbonates,WO-2025189212-A8
CHEBI:23016,carbonates,fr,Carbonate,0,1,carbonates,WO-2025207367-A1
CHEBI:23016,carbonates,fr,Carbonate,0,1,carbonates,WO-2025210642-A1
CHEBI:23016,carbonates,fr,Carbonate,0,1,carbonates,WO-2022158999-A1
CHEBI:23016,carbonates,fr,Carbonate,0,1,carbonates,EP-4504807-A1
CHEBI:23016,carbonates,fr,Carbonate,0,1,carbonates,EP-4504678-A1
CHEBI:23016,carbonates,fr,Carbonate,0,1,carbonates,WO-2025176592-A1
CHEBI:16573,carbonyl sulfide,fr,Oxysulfure de carbone,0,1,C(O)S,EP-4634246-A1
CHEBI:16573,carbonyl sulfide,fr,Oxysulfure de carbone,0,1,C(O)S,EP-4634245-A1
CHEBI:46883,carboxy group,fr,Carboxyle,0,1,carboxy,WO-2025177795-A1
CHEBI:46883,carboxy group,fr,Carboxyle,0,1,carboxy,WO-2025182650-A1
CHEBI:46883,carboxy group,fr,Carboxyle,0,1,carboxy,WO-2025205575-A1
CHEBI:46883,carboxy group,fr,Carboxyle,0,1,carboxy,WO-2025202112-A1
CHEBI:46883,carboxy group,fr,Carboxyle,0,1,carboxy,WO-2025205922-A1
CHEBI:46883,carboxy group,fr,Carboxyle,0,1,carboxy,WO-2025187661-A8
CHEBI:46883,carboxy group,fr,Carboxyle,0,1,carboxy,WO-2025187636-A8
CHEBI:46883,carboxy group,fr,Carboxyle,0,1,carboxy,EP-4543860-A1
CHEBI:46883,carboxy group,fr,Carboxyle,0,1,carboxy,WO-2025187441-A8
CHEBI:46883,carboxy group,fr,Carboxyle,0,1,-COOH,WO-2025216570-A1
CHEBI:46883,carboxy group,fr,Carboxyle,0,1,carboxy,WO-2025173494-A1
CHEBI:46883,carboxy group,fr,Carboxyle,0,1,carboxy,WO-2025205574-A1
CHEBI:46883,carboxy group,fr,Carboxyle,0,1,-COOH,EP-4532666-A1
CHEBI:46883,carboxy group,fr,Carboxyle,0,1,carboxy,WO-2025205372-A1
CHEBI:46883,carboxy group,fr,Carboxyle,0,1,-COOH,WO-2025205910-A1
CHEBI:46883,carboxy group,fr,Carboxyle,0,1,carboxy,WO-2025187626-A8
CHEBI:46883,carboxy group,fr,Carboxyle,0,1,-COOH,WO-2025205035-A1
CHEBI:46883,carboxy group,fr,Carboxyle,0,1,carboxy,WO-2025186904-A8
CHEBI:46883,carboxy group,fr,Carboxyle,0,1,-COOH,EP-4634252-A1
CHEBI:46883,carboxy group,fr,Carboxyle,0,1,carboxy,WO-2025205034-A1
CHEBI:46883,carboxy group,fr,Carboxyle,0,1,-COOH,EP-4532660-A1
CHEBI:46883,carboxy group,fr,Carboxyle,0,1,carboxy,WO-2025205948-A1
CHEBI:46883,carboxy group,fr,Carboxyle,0,1,carboxy,WO-2025211414-A1
CHEBI:46883,carboxy group,fr,Carboxyle,0,1,carboxy,WO-2025187441-A1
CHEBI:46883,carboxy group,fr,Carboxyle,0,1,carboxy,WO-2025205937-A1
CHEBI:46883,carboxy group,fr,Carboxyle,0,1,-COOH,WO-2025194870-A1
CHEBI:46883,carboxy group,fr,Carboxyle,0,1,carboxy,WO-2025206334-A1
CHEBI:46883,carboxy group,fr,Carboxyle,0,1,-COOH,EP-4562075-A1
CHEBI:46883,carboxy group,fr,Carboxyle,0,1,carboxy,WO-2025205216-A1
CHEBI:46883,carboxy group,fr,Carboxyle,0,1,carboxy,WO-2025164404-A1
CHEBI:46883,carboxy group,fr,Carboxyle,0,1,carboxy,WO-2025205939-A1
CHEBI:33575,carboxylic acid,fr,Acide carboxylique,0,1,acides carboxyliques,EP-4536840-A1
CHEBI:33575,carboxylic acid,fr,Acide carboxylique,0,1,acides carboxyliques,WO-2025119597-A1
CHEBI:33575,carboxylic acid,fr,Acide carboxylique,0,1,acides carboxyliques,WO-2025207879-A2
CHEBI:33575,carboxylic acid,fr,Acide carboxylique,0,1,acides carboxyliques,WO-2025206190-A1
CHEBI:33575,carboxylic acid,fr,Acide carboxylique,0,1,acides carboxyliques,EP-4590265-A1
CHEBI:36916,cation,fr,Cation,0,1,cations,WO-2025177962-A1
CHEBI:36916,cation,fr,Cation,0,1,cations,WO-2024192494-A1
CHEBI:36916,cation,fr,Cation,0,1,cations,WO-2025065201-A9
CHEBI:36916,cation,fr,Cation,0,1,cations,EP-4634122-A1
CHEBI:36916,cation,fr,Cation,0,1,cations,WO-2025213449-A1
CHEBI:36916,cation,fr,Cation,0,1,cations,WO-2025215958-A1
CHEBI:36916,cation,fr,Cation,0,1,cations,WO-2025184959-A8
CHEBI:36916,cation,fr,Cation,0,1,cations,WO-2025208074-A1
CHEBI:36916,cation,fr,Cation,0,1,cations,WO-2025202474-A1
CHEBI:36916,cation,fr,Cation,0,1,cations,WO-2025186444-A8
CHEBI:36916,cation,fr,Cation,0,1,cations,WO-2022055386-A1
CHEBI:36916,cation,fr,Cation,0,1,cations,WO-2025209138-A1
CHEBI:36916,cation,fr,Cation,0,1,cations,WO-2025207367-A1
CHEBI:36916,cation,fr,Cation,0,1,cations,WO-2025210917-A1
CHEBI:36916,cation,fr,Cation,0,1,cations,WO-2025202391-A1
CHEBI:36916,cation,fr,Cation,0,1,cations,WO-2025217590-A1
CHEBI:36916,cation,fr,Cation,0,1,cations,WO-2025182919-A1
CHEBI:36916,cation,fr,Cation,0,1,cations,WO-2025213268-A1
CHEBI:36916,cation,fr,Cation,0,1,cations,WO-2025185366-A8
CHEBI:36916,cation,fr,Cation,0,1,cations,WO-2025195866-A1
CHEBI:36916,cation,fr,Cation,0,1,cations,WO-2025154723-A1
CHEBI:36916,cation,fr,Cation,0,1,cations,WO-2025205317-A1
CHEBI:36916,cation,fr,Cation,0,1,cations,EP-4629833-A1
CHEBI:36916,cation,fr,Cation,0,1,cations,WO-2025187104-A8
CHEBI:36916,cation,fr,Cation,0,1,cations,WO-2025209082-A1
CHEBI:36916,cation,fr,Cation,0,1,cations,WO-2025211042-A1
CHEBI:36916,cation,fr,Cation,0,1,cations,WO-2025212855-A1
CHEBI:36916,cation,fr,Cation,0,1,cations,WO-2025182200-A1
CHEBI:36916,cation,fr,Cation,0,1,cations,WO-2025206958-A1
CHEBI:16755,chenodeoxycholic acid,fr,Acide chénodésoxycholique,0,1,CDCA,WO-2025211859-A1
CHEBI:34631,chlorpyrifos,fr,Chlorpyriphos-éthyl,0,1,Cobalt,EP-4554998-A1
CHEBI:34631,chlorpyrifos,fr,Chlorpyriphos-éthyl,0,1,Cobalt,WO-2025182442-A1
CHEBI:34631,chlorpyrifos,fr,Chlorpyriphos-éthyl,0,1,Cobalt,WO-2025202573-A1
CHEBI:34631,chlorpyrifos,fr,Chlorpyriphos-éthyl,0,1,Cobalt,WO-2025209079-A1
CHEBI:34631,chlorpyrifos,fr,Chlorpyriphos-éthyl,0,1,Cobalt,EP-4630595-A1
CHEBI:34631,chlorpyrifos,fr,Chlorpyriphos-éthyl,0,1,Cobalt,WO-2025197710-A1
CHEBI:34631,chlorpyrifos,fr,Chlorpyriphos-éthyl,0,1,Cobalt,EP-4626893-A1
CHEBI:34631,chlorpyrifos,fr,Chlorpyriphos-éthyl,0,1,Cobalt,WO-2025169953-A1
CHEBI:34631,chlorpyrifos,fr,Chlorpyriphos-éthyl,0,1,Cobalt,WO-2025214648-A1
CHEBI:34631,chlorpyrifos,fr,Chlorpyriphos-éthyl,0,1,Cobalt,WO-2025201140-A1
CHEBI:34631,chlorpyrifos,fr,Chlorpyriphos-éthyl,0,1,Cobalt,EP-4627129-A1
CHEBI:34631,chlorpyrifos,fr,Chlorpyriphos-éthyl,0,1,Cobalt,EP-4627009-A1
CHEBI:34631,chlorpyrifos,fr,Chlorpyriphos-éthyl,0,1,Cobalt,EP-4626602-A1
CHEBI:34631,chlorpyrifos,fr,Chlorpyriphos-éthyl,0,1,Cobalt,WO-2025163756-A1
CHEBI:34631,chlorpyrifos,fr,Chlorpyriphos-éthyl,0,1,Cobalt,EP-4627008-A1
CHEBI:34631,chlorpyrifos,fr,Chlorpyriphos-éthyl,0,1,Cobalt,EP-4626604-A1
CHEBI:34631,chlorpyrifos,fr,Chlorpyriphos-éthyl,0,1,Cobalt,WO-2025008452-A3
CHEBI:34631,chlorpyrifos,fr,Chlorpyriphos-éthyl,0,1,Cobalt,WO-2025198372-A1
CHEBI:34631,chlorpyrifos,fr,Chlorpyriphos-éthyl,0,1,Cobalt,WO-2025187459-A8
CHEBI:34631,chlorpyrifos,fr,Chlorpyriphos-éthyl,0,1,Cobalt,WO-2024178482-A1
CHEBI:34631,chlorpyrifos,fr,Chlorpyriphos-éthyl,0,1,Cobalt,WO-2025206032-A1
CHEBI:34631,chlorpyrifos,fr,Chlorpyriphos-éthyl,0,1,Cobalt,EP-4627011-A1
CHEBI:34631,chlorpyrifos,fr,Chlorpyriphos-éthyl,0,1,Cobalt,EP-4626601-A1
CHEBI:34631,chlorpyrifos,fr,Chlorpyriphos-éthyl,0,1,Cobalt,EP-4515011-A1
CHEBI:34631,chlorpyrifos,fr,Chlorpyriphos-éthyl,0,1,Cobalt,EP-4627012-A1
CHEBI:34631,chlorpyrifos,fr,Chlorpyriphos-éthyl,0,1,Cobalt,EP-4626603-A1
CHEBI:34631,chlorpyrifos,fr,Chlorpyriphos-éthyl,0,1,Cobalt,EP-4634120-A1
CHEBI:34631,chlorpyrifos,fr,Chlorpyriphos-éthyl,0,1,Cobalt,WO-2025211051-A1
CHEBI:34631,chlorpyrifos,fr,Chlorpyriphos-éthyl,0,1,Cobalt,WO-2025187791-A8
CHEBI:34631,chlorpyrifos,fr,Chlorpyriphos-éthyl,0,1,Cobalt,WO-2023038542-A1
CHEBI:34631,chlorpyrifos,fr,Chlorpyriphos-éthyl,0,1,Cobalt,WO-2025184959-A8
CHEBI:34631,chlorpyrifos,fr,Chlorpyriphos-éthyl,0,1,Cobalt,WO-2025163758-A1
CHEBI:34631,chlorpyrifos,fr,Chlorpyriphos-éthyl,0,1,Cobalt,WO-2022146200-A1
CHEBI:34631,chlorpyrifos,fr,Chlorpyriphos-éthyl,0,1,Cobalt,WO-2025182542-A1
CHEBI:34631,chlorpyrifos,fr,Chlorpyriphos-éthyl,0,1,Cobalt,WO-2025211120-A1
CHEBI:34631,chlorpyrifos,fr,Chlorpyriphos-éthyl,0,1,Cobalt,WO-2025187522-A8
CHEBI:34631,chlorpyrifos,fr,Chlorpyriphos-éthyl,0,1,Cobalt,WO-2025005825-A1
CHEBI:34631,chlorpyrifos,fr,Chlorpyriphos-éthyl,0,1,Cobalt,WO-2025182417-A1
CHEBI:34631,chlorpyrifos,fr,Chlorpyriphos-éthyl,0,1,Cobalt,WO-2025185994-A8
CHEBI:34631,chlorpyrifos,fr,Chlorpyriphos-éthyl,0,1,Cobalt,WO-2025211064-A1
CHEBI:34631,chlorpyrifos,fr,Chlorpyriphos-éthyl,0,1,Cobalt,EP-4626606-A1
CHEBI:34631,chlorpyrifos,fr,Chlorpyriphos-éthyl,0,1,Cobalt,WO-2022055386-A1
CHEBI:34631,chlorpyrifos,fr,Chlorpyriphos-éthyl,0,1,Cobalt,EP-4630594-A1
CHEBI:34631,chlorpyrifos,fr,Chlorpyriphos-éthyl,0,1,Cobalt,WO-2025207367-A1
CHEBI:34631,chlorpyrifos,fr,Chlorpyriphos-éthyl,0,1,Cobalt,EP-4568800-A1
CHEBI:34631,chlorpyrifos,fr,Chlorpyriphos-éthyl,0,1,Cobalt,WO-2021251847-A1
CHEBI:34631,chlorpyrifos,fr,Chlorpyriphos-éthyl,0,1,Cobalt,WO-2025210443-A1
CHEBI:34631,chlorpyrifos,fr,Chlorpyriphos-éthyl,0,1,Cobalt,WO-2025187522-A1
CHEBI:34631,chlorpyrifos,fr,Chlorpyriphos-éthyl,0,1,Cobalt,WO-2025163757-A1
CHEBI:34631,chlorpyrifos,fr,Chlorpyriphos-éthyl,0,1,Cobalt,WO-2025182192-A1
CHEBI:34631,chlorpyrifos,fr,Chlorpyriphos-éthyl,0,1,Cobalt,WO-2022203544-A2
CHEBI:34631,chlorpyrifos,fr,Chlorpyriphos-éthyl,0,1,Cobalt,WO-2022203544-A3
CHEBI:34631,chlorpyrifos,fr,Chlorpyriphos-éthyl,0,1,Cobalt,WO-2025202333-A1
CHEBI:34631,chlorpyrifos,fr,Chlorpyriphos-éthyl,0,1,Cobalt,EP-4623120-A1
CHEBI:34631,chlorpyrifos,fr,Chlorpyriphos-éthyl,0,1,Cobalt,WO-2025073358-A1
CHEBI:34631,chlorpyrifos,fr,Chlorpyriphos-éthyl,0,1,Cobalt,WO-2025144083-A1
CHEBI:34631,chlorpyrifos,fr,Chlorpyriphos-éthyl,0,1,Cobalt,WO-2025119881-A1
CHEBI:34631,chlorpyrifos,fr,Chlorpyriphos-éthyl,0,1,Cobalt,WO-2025170375-A1
CHEBI:34631,chlorpyrifos,fr,Chlorpyriphos-éthyl,0,1,Cobalt,WO-2025158745-A1
CHEBI:34631,chlorpyrifos,fr,Chlorpyriphos-éthyl,0,1,Cobalt,EP-4515010-A1
CHEBI:34631,chlorpyrifos,fr,Chlorpyriphos-éthyl,0,1,Cobalt,WO-2025078064-A1
CHEBI:34631,chlorpyrifos,fr,Chlorpyriphos-éthyl,0,1,Cobalt,WO-2025216989-A1
CHEBI:34631,chlorpyrifos,fr,Chlorpyriphos-éthyl,0,1,Cobalt,WO-2025187791-A1
CHEBI:34631,chlorpyrifos,fr,Chlorpyriphos-éthyl,0,1,Cobalt,WO-2025056199-A1
CHEBI:34631,chlorpyrifos,fr,Chlorpyriphos-éthyl,0,1,Cobalt,WO-2024178478-A1
CHEBI:34631,chlorpyrifos,fr,Chlorpyriphos-éthyl,0,1,Cobalt,WO-2025213259-A1
CHEBI:34631,chlorpyrifos,fr,Chlorpyriphos-éthyl,0,1,Cobalt,EP-4634425-A1
CHEBI:34631,chlorpyrifos,fr,Chlorpyriphos-éthyl,0,1,Cobalt,WO-2025217627-A1
CHEBI:34631,chlorpyrifos,fr,Chlorpyriphos-éthyl,0,1,Cobalt,WO-2025198012-A1
CHEBI:34631,chlorpyrifos,fr,Chlorpyriphos-éthyl,0,1,Cobalt,EP-4627010-A1
CHEBI:34631,chlorpyrifos,fr,Chlorpyriphos-éthyl,0,1,Cobalt,WO-2021246908-A1
CHEBI:34631,chlorpyrifos,fr,Chlorpyriphos-éthyl,0,1,Cobalt,WO-2025183409-A1
CHEBI:34631,chlorpyrifos,fr,Chlorpyriphos-éthyl,0,1,Cobalt,WO-2025172145-A1
CHEBI:34631,chlorpyrifos,fr,Chlorpyriphos-éthyl,0,1,Cobalt,EP-4630596-A1
CHEBI:3892,corticotropin,fr,Hormone corticotrope,0,1,ACTH,EP-4633640-A1
CHEBI:81908,cuprous oxide,fr,Oxyde de cuivre(I),0,1,Cu2O,WO-2025189014-A8
CHEBI:147423,cyanoguanidine,fr,Dicyandiamide,0,1,dicyanodiamide,EP-4626995-A1
CHEBI:38028,cyanuric acid,fr,Acide cyanurique,0,1,cyanurate,EP-4514887-A1
CHEBI:16284,dATP,fr,Désoxyadénosine triphosphate,0,1,dATP,EP-4630549-A1
CHEBI:16311,dCTP,fr,Désoxycytidine triphosphate,0,1,dCTP,EP-4630549-A1
CHEBI:16311,dCTP,fr,Désoxycytidine triphosphate,0,1,dCTP,EP-4627113-A1
CHEBI:16497,dGTP,fr,Désoxyguanosine triphosphate,0,1,dGTP,EP-4630549-A1
CHEBI:18077,dTTP,fr,Thymidine triphosphate,0,1,dTTP,EP-4630549-A1
CHEBI:23666,diamine,fr,Diamine,0,1,diamines,EP-4543850-A1
CHEBI:82661,diatomaceous earth,fr,Terre de diatomée,0,1,diatomite,WO-2025178599-A3
CHEBI:48341,dimethoxymethane,fr,Diméthoxyméthane,0,1,formal,WO-2025205779-A1
CHEBI:28262,dimethyl sulfoxide,fr,Diméthylsulfoxyde,0,1,DMSO,WO-2025186735-A8
CHEBI:28262,dimethyl sulfoxide,fr,Diméthylsulfoxyde,0,1,DMSO,WO-2025215652-A2
CHEBI:23824,diol,fr,Diol,0,1,diols,WO-2025197622-A1
CHEBI:23824,diol,fr,Diol,0,1,diols,WO-2023224593-A1
CHEBI:23824,diol,fr,Diol,0,1,diols,WO-2025207116-A1
CHEBI:23824,diol,fr,Diol,0,1,diols,WO-2025105947-A1
CHEBI:46926,dioxanes,fr,Dioxane,0,1,dioxanes,WO-2025056563-A1
CHEBI:46761,dipeptide,fr,Dipeptide,0,1,dipeptides,WO-2022146168-A1
CHEBI:29888,diphosphoric acid,fr,Acide pyrophosphorique,0,1,Pyrophosphate,WO-2023033636-A1
CHEBI:29888,diphosphoric acid,fr,Acide pyrophosphorique,0,1,H4P2O7,WO-2025202906-A1
CHEBI:36233,disaccharide,fr,Diholoside,0,1,disaccharide,WO-2025216310-A1
CHEBI:36233,disaccharide,fr,Diholoside,0,1,disaccharide,WO-2025063938-A1
CHEBI:36233,disaccharide,fr,Diholoside,0,1,disaccharide,WO-2025207635-A1
CHEBI:36233,disaccharide,fr,Diholoside,0,1,disaccharides,WO-2025215670-A1
CHEBI:10545,electron,fr,Électron,0,1,beta,EP-4623050-A1
CHEBI:10545,electron,fr,Électron,0,1,beta,WO-2023121506-A1
CHEBI:33403,elemental sulfur,fr,Soufre,0,1,Sulfur,WO-2023214899-A1
CHEBI:30721,epoxy group,fr,Polyépoxyde,0,1,epoxy,EP-4634298-A1
CHEBI:46880,"ethene-1,2-diyl group",fr,Vinylène,0,1,-CH=CH-,WO-2025182692-A1
CHEBI:46880,"ethene-1,2-diyl group",fr,Vinylène,0,1,-CH=CH-,WO-2025093481-A3
CHEBI:46880,"ethene-1,2-diyl group",fr,Vinylène,0,1,-CH=CH-,WO-2025093514-A3
CHEBI:46880,"ethene-1,2-diyl group",fr,Vinylène,0,1,-CH=CH-,WO-2025093481-A2
CHEBI:4907,etidronic acid,fr,Acide étidronique,0,1,HEDP,EP-4626620-A1
CHEBI:4907,etidronic acid,fr,Acide étidronique,0,1,HEDP,EP-4496557-A1
CHEBI:75324,excipient,fr,Excipient,0,1,fillers,WO-2025095807-A1
CHEBI:35366,fatty acid,fr,Acide gras,0,1,acides gras,WO-2025206232-A1
CHEBI:35366,fatty acid,fr,Acide gras,0,1,acides gras,EP-4634333-A1
CHEBI:35366,fatty acid,fr,Acide gras,0,1,acides gras,EP-4536840-A1
CHEBI:35366,fatty acid,fr,Acide gras,0,1,acides gras,WO-2023277733-A1
CHEBI:35366,fatty acid,fr,Acide gras,0,1,acides gras,WO-2025216692-A1
CHEBI:35366,fatty acid,fr,Acide gras,0,1,acides gras,WO-2025186215-A8
CHEBI:35366,fatty acid,fr,Acide gras,0,1,acides gras,WO-2025155182-A1
CHEBI:35366,fatty acid,fr,Acide gras,0,1,acides gras,EP-4626251-A1
CHEBI:35366,fatty acid,fr,Acide gras,0,1,acides gras,WO-2024123205-A1
CHEBI:35366,fatty acid,fr,Acide gras,0,1,acides gras,WO-2025105947-A1
CHEBI:35366,fatty acid,fr,Acide gras,0,1,acides gras,WO-2025211477-A1
CHEBI:35366,fatty acid,fr,Acide gras,0,1,acides gras,EP-4627090-A1
CHEBI:35366,fatty acid,fr,Acide gras,0,1,acides gras,WO-2025215038-A2
CHEBI:35366,fatty acid,fr,Acide gras,0,1,acides gras,EP-4604910-A1
CHEBI:35366,fatty acid,fr,Acide gras,0,1,acides gras,WO-2024248653-A1
CHEBI:35366,fatty acid,fr,Acide gras,0,1,acides gras,EP-4626398-A1
CHEBI:35366,fatty acid,fr,Acide gras,0,1,acides gras,WO-2025216295-A1
CHEBI:35366,fatty acid,fr,Acide gras,0,1,acides gras,EP-4633379-A1
CHEBI:35366,fatty acid,fr,Acide gras,0,1,acides gras,EP-4543440-A1
CHEBI:28863,flavanones,fr,Flavanone,0,1,flavanones,WO-2025174271-A1
CHEBI:24043,flavones,fr,Flavone (groupe),0,1,flavones,WO-2025131235-A1
CHEBI:24043,flavones,fr,Flavone (groupe),0,1,flavones,EP-4615397-A1
CHEBI:24043,flavones,fr,Flavone (groupe),0,1,flavones,EP-4626398-A1
CHEBI:28802,flavonols,fr,Flavonol,0,1,flavonols,EP-4626398-A1
CHEBI:5100,flucytosine,fr,Flucytosine,0,1,5-FC,EP-4634403-A1
CHEBI:46713,fluorite,fr,Fluorine,0,1,fluorite,WO-2025204716-A1
CHEBI:30751,formic acid,fr,Acide méthanoïque,0,1,Acide formique,WO-2023244141-A1
CHEBI:24151,galactooligosaccharide,fr,Galacto-oligosaccharide,0,1,galactooligosaccharide,WO-2025187666-A8
CHEBI:16865,gamma-aminobutyric acid,fr,Acide γ-aminobutyrique,0,1,GABA,WO-2023037160-A2
CHEBI:16865,gamma-aminobutyric acid,fr,Acide γ-aminobutyrique,0,1,GABA,WO-2025217596-A1
CHEBI:16865,gamma-aminobutyric acid,fr,Acide γ-aminobutyrique,0,1,GABA,WO-2023037160-A3
CHEBI:18237,glutamic acid,fr,Acide glutamique,0,1,glutamate,EP-4630419-A1
CHEBI:18237,glutamic acid,fr,Acide glutamique,0,1,glutamate,WO-2025189166-A8
CHEBI:15428,glycine,fr,Glycine (acide aminé),0,1,glycine,WO-2025215347-A1
CHEBI:15428,glycine,fr,Glycine (acide aminé),0,1,glycine,WO-2025208086-A1
CHEBI:15428,glycine,fr,Glycine (acide aminé),0,1,glycine,WO-2025210011-A1
CHEBI:15428,glycine,fr,Glycine (acide aminé),0,1,glycine,WO-2025215346-A1
CHEBI:15428,glycine,fr,Glycine (acide aminé),0,1,glycine,WO-2022203546-A1
CHEBI:15428,glycine,fr,Glycine (acide aminé),0,1,glycine,WO-2025192804-A1
CHEBI:15428,glycine,fr,Glycine (acide aminé),0,1,glycine,WO-2025206287-A1
CHEBI:15428,glycine,fr,Glycine (acide aminé),0,1,glycine,WO-2022203545-A1
CHEBI:15428,glycine,fr,Glycine (acide aminé),0,1,glycine,WO-2025168150-A3
CHEBI:15428,glycine,fr,Glycine (acide aminé),0,1,glycine,WO-2025207027-A1
CHEBI:15428,glycine,fr,Glycine (acide aminé),0,1,glycine,WO-2025206286-A1
CHEBI:15428,glycine,fr,Glycine (acide aminé),0,1,glycine,WO-2022203547-A1
CHEBI:15428,glycine,fr,Glycine (acide aminé),0,1,glycine,WO-2025215130-A1
CHEBI:24400,glycoside,fr,Hétéroside,0,1,glycosides,EP-4626398-A1
CHEBI:24400,glycoside,fr,Hétéroside,0,1,glycosides,WO-2025159542-A1
CHEBI:24400,glycoside,fr,Hétéroside,0,1,glycosides,WO-2025202860-A1
CHEBI:24400,glycoside,fr,Hétéroside,0,1,glycoside,WO-2025150972-A1
CHEBI:24400,glycoside,fr,Hétéroside,0,1,glycoside,WO-2021230766-A1
CHEBI:24400,glycoside,fr,Hétéroside,0,1,glycosides,WO-2024181893-A1
CHEBI:24400,glycoside,fr,Hétéroside,0,1,glycosides,EP-4615397-A1
CHEBI:24400,glycoside,fr,Hétéroside,0,1,glycosides,WO-2025192804-A1
CHEBI:24400,glycoside,fr,Hétéroside,0,1,glycosides,EP-4630570-A1
CHEBI:34779,glyoxal,fr,Éthanedial,0,1,glyoxal,EP-4623088-A1
CHEBI:24527,herbicide,fr,Herbicide,0,1,herbicides,EP-4499613-A1
CHEBI:24527,herbicide,fr,Herbicide,0,1,herbicides,WO-2025210445-A1
CHEBI:24527,herbicide,fr,Herbicide,0,1,herbicides,WO-2025217637-A1
CHEBI:24527,herbicide,fr,Herbicide,0,1,herbicides,EP-4602036-A1
CHEBI:24527,herbicide,fr,Herbicide,0,1,herbicides,WO-2025103931-A1
CHEBI:24527,herbicide,fr,Herbicide,0,1,herbicides,WO-2025103929-A1
CHEBI:24527,herbicide,fr,Herbicide,0,1,herbicides,WO-2025103927-A1
CHEBI:24527,herbicide,fr,Herbicide,0,1,herbicides,EP-4499614-A1
CHEBI:29021,hexane,fr,N-Hexane,0,1,hexane,WO-2024144426-A1
CHEBI:29021,hexane,fr,N-Hexane,0,1,hexane,WO-2025164300-A1
CHEBI:39618,"hexane-1,6-diamine",fr,Hexaméthylènediamine,0,1,"1,6-hexanediamine",EP-4626950-A1
CHEBI:39618,"hexane-1,6-diamine",fr,Hexaméthylènediamine,0,1,"1,6-diaminohexane",EP-4626951-A1
CHEBI:24621,hormone,fr,Hormone,0,1,hormones,WO-2022081040-A1
CHEBI:24621,hormone,fr,Hormone,0,1,hormones,WO-2025049953-A9
CHEBI:35505,hydrate,fr,Hydrate,0,1,hydrates,WO-2025205908-A1
CHEBI:35505,hydrate,fr,Hydrate,0,1,hydrates,WO-2025188579-A8
CHEBI:35505,hydrate,fr,Hydrate,0,1,hydrates,WO-2025207823-A1
CHEBI:35505,hydrate,fr,Hydrate,0,1,hydrates,WO-2025207821-A1
CHEBI:35505,hydrate,fr,Hydrate,0,1,hydrates,WO-2025207825-A1
CHEBI:35505,hydrate,fr,Hydrate,0,1,hydrates,WO-2025206091-A1
CHEBI:35505,hydrate,fr,Hydrate,0,1,hydrates,WO-2025201236-A1
CHEBI:35505,hydrate,fr,Hydrate,0,1,hydrates,WO-2025178933-A8
CHEBI:35505,hydrate,fr,Hydrate,0,1,hydrates,EP-4626977-A1
CHEBI:35505,hydrate,fr,Hydrate,0,1,hydrates,WO-2025207819-A1
CHEBI:35505,hydrate,fr,Hydrate,0,1,hydrates,WO-2025207822-A1
CHEBI:35505,hydrate,fr,Hydrate,0,1,hydrates,WO-2025188636-A8
CHEBI:43176,hydroxy group,fr,Hydroxyle,0,1,hydroxy,WO-2025205575-A1
CHEBI:43176,hydroxy group,fr,Hydroxyle,0,1,hydroxy,WO-2025187095-A8
CHEBI:43176,hydroxy group,fr,Hydroxyle,0,1,hydroxy,WO-2025169764-A1
CHEBI:43176,hydroxy group,fr,Hydroxyle,0,1,hydroxy,WO-2025211316-A1
CHEBI:43176,hydroxy group,fr,Hydroxyle,0,1,hydroxy,WO-2025203281-A1
CHEBI:43176,hydroxy group,fr,Hydroxyle,0,1,hydroxy,WO-2025205891-A1
CHEBI:43176,hydroxy group,fr,Hydroxyle,0,1,hydroxy,WO-2025216261-A1
CHEBI:43176,hydroxy group,fr,Hydroxyle,0,1,hydroxy,EP-4584335-A1
CHEBI:43176,hydroxy group,fr,Hydroxyle,0,1,hydroxy,WO-2025183082-A1
CHEBI:43176,hydroxy group,fr,Hydroxyle,0,1,hydroxy,WO-2025205091-A1
CHEBI:43176,hydroxy group,fr,Hydroxyle,0,1,hydroxy,WO-2025202112-A1
CHEBI:43176,hydroxy group,fr,Hydroxyle,0,1,hydroxy,WO-2025169659-A1
CHEBI:43176,hydroxy group,fr,Hydroxyle,0,1,hydroxy,EP-4634249-A1
CHEBI:43176,hydroxy group,fr,Hydroxyle,0,1,hydroxy,WO-2025031588-A1
CHEBI:43176,hydroxy group,fr,Hydroxyle,0,1,hydroxy,WO-2025197729-A1
CHEBI:43176,hydroxy group,fr,Hydroxyle,0,1,hydroxy,WO-2025187626-A8
CHEBI:43176,hydroxy group,fr,Hydroxyle,0,1,hydroxy,EP-4630571-A1
CHEBI:43176,hydroxy group,fr,Hydroxyle,0,1,hydroxy,WO-2025205410-A1
CHEBI:43176,hydroxy group,fr,Hydroxyle,0,1,hydroxy,WO-2025164404-A1
CHEBI:43176,hydroxy group,fr,Hydroxyle,0,1,hydroxy,WO-2025205811-A1
CHEBI:43176,hydroxy group,fr,Hydroxyle,0,1,hydroxy,WO-2025170007-A1
CHEBI:43176,hydroxy group,fr,Hydroxyle,0,1,hydroxy,WO-2025211407-A1
CHEBI:43176,hydroxy group,fr,Hydroxyle,0,1,hydroxy,EP-4634248-A1
CHEBI:43176,hydroxy group,fr,Hydroxyle,0,1,hydroxy,WO-2025207074-A2
CHEBI:43176,hydroxy group,fr,Hydroxyle,0,1,hydroxy,WO-2025204097-A1
CHEBI:43176,hydroxy group,fr,Hydroxyle,0,1,hydroxy,WO-2025205807-A1
CHEBI:43176,hydroxy group,fr,Hydroxyle,0,1,hydroxy,EP-4634147-A1
CHEBI:43176,hydroxy group,fr,Hydroxyle,0,1,hydroxy,WO-2025205599-A1
CHEBI:43176,hydroxy group,fr,Hydroxyle,0,1,hydroxy,WO-2025204251-A1
CHEBI:43176,hydroxy group,fr,Hydroxyle,0,1,hydroxy,WO-2025205574-A1
CHEBI:43176,hydroxy group,fr,Hydroxyle,0,1,hydroxy,WO-2022081041-A1
CHEBI:43176,hydroxy group,fr,Hydroxyle,0,1,hydroxy,WO-2025205572-A1
CHEBI:43176,hydroxy group,fr,Hydroxyle,0,1,hydroxy,WO-2025206334-A1
CHEBI:24782,imide,fr,Imide,0,1,imides,WO-2025177974-A1
CHEBI:24782,imide,fr,Imide,0,1,imides,EP-4634157-A1
CHEBI:24783,imine,fr,Imine,0,1,imines,EP-4584229-A1
CHEBI:50847,immunological adjuvant,fr,Adjuvant immunologique,0,1,Immunoadjuvant,WO-2025085909-A9
CHEBI:31697,indolin-2-one,fr,Oxindole,0,1,2-indolinone,WO-2025114629-A1
CHEBI:31697,indolin-2-one,fr,Oxindole,0,1,2-indolinone,WO-2025114629-A4
CHEBI:35222,inhibitor,fr,Inhibiteur (chimie),0,1,inhibiteur,WO-2025212155-A1
CHEBI:35222,inhibitor,fr,Inhibiteur (chimie),0,1,inhibiteur,WO-2025208143-A1
CHEBI:35222,inhibitor,fr,Inhibiteur (chimie),0,1,inhibiteur,EP-4630029-A1
CHEBI:35222,inhibitor,fr,Inhibiteur (chimie),0,1,inhibiteur,WO-2025026781-A1
CHEBI:35222,inhibitor,fr,Inhibiteur (chimie),0,1,inhibiteur,WO-2025216578-A1
CHEBI:35222,inhibitor,fr,Inhibiteur (chimie),0,1,inhibiteur,EP-4623090-A1
CHEBI:35222,inhibitor,fr,Inhibiteur (chimie),0,1,inhibiteur,EP-4630031-A2
CHEBI:35222,inhibitor,fr,Inhibiteur (chimie),0,1,inhibiteur,WO-2025187114-A8
CHEBI:35222,inhibitor,fr,Inhibiteur (chimie),0,1,inhibiteur,WO-2025202871-A1
CHEBI:35222,inhibitor,fr,Inhibiteur (chimie),0,1,inhibiteur,WO-2025217521-A1
CHEBI:35222,inhibitor,fr,Inhibiteur (chimie),0,1,inhibiteur,WO-2025217297-A1
CHEBI:35222,inhibitor,fr,Inhibiteur (chimie),0,1,inhibiteur,WO-2025202415-A1
CHEBI:35222,inhibitor,fr,Inhibiteur (chimie),0,1,inhibiteur,WO-2025187899-A1
CHEBI:35222,inhibitor,fr,Inhibiteur (chimie),0,1,inhibiteur,WO-2025147181-A1
CHEBI:35222,inhibitor,fr,Inhibiteur (chimie),0,1,inhibiteur,WO-2025216346-A1
CHEBI:35222,inhibitor,fr,Inhibiteur (chimie),0,1,inhibiteur,WO-2025212100-A1
CHEBI:35222,inhibitor,fr,Inhibiteur (chimie),0,1,inhibiteur,WO-2025217611-A1
CHEBI:35222,inhibitor,fr,Inhibiteur (chimie),0,1,inhibiteur,WO-2025185365-A8
CHEBI:35222,inhibitor,fr,Inhibiteur (chimie),0,1,inhibiteur,WO-2025127968-A2
CHEBI:35222,inhibitor,fr,Inhibiteur (chimie),0,1,inhibiteur,WO-2025147180-A1
CHEBI:35222,inhibitor,fr,Inhibiteur (chimie),0,1,inhibiteur,WO-2025185732-A8
CHEBI:35222,inhibitor,fr,Inhibiteur (chimie),0,1,inhibiteur,WO-2025214073-A1
CHEBI:35222,inhibitor,fr,Inhibiteur (chimie),0,1,inhibiteur,WO-2025217099-A1
CHEBI:35222,inhibitor,fr,Inhibiteur (chimie),0,1,inhibiteur,WO-2025206979-A1
CHEBI:35222,inhibitor,fr,Inhibiteur (chimie),0,1,inhibiteur,WO-2025186448-A8
CHEBI:35222,inhibitor,fr,Inhibiteur (chimie),0,1,inhibiteur,WO-2025216732-A1
CHEBI:35222,inhibitor,fr,Inhibiteur (chimie),0,1,inhibiteur,WO-2025188920-A8
CHEBI:35222,inhibitor,fr,Inhibiteur (chimie),0,1,inhibiteur,WO-2025217270-A1
CHEBI:35222,inhibitor,fr,Inhibiteur (chimie),0,1,inhibiteur,WO-2025217401-A1
CHEBI:35222,inhibitor,fr,Inhibiteur (chimie),0,1,inhibiteur,WO-2025201361-A1
CHEBI:35222,inhibitor,fr,Inhibiteur (chimie),0,1,inhibiteur,WO-2025183387-A1
CHEBI:35222,inhibitor,fr,Inhibiteur (chimie),0,1,inhibiteur,EP-4630601-A1
CHEBI:35222,inhibitor,fr,Inhibiteur (chimie),0,1,inhibiteur,WO-2025200088-A1
CHEBI:35222,inhibitor,fr,Inhibiteur (chimie),0,1,inhibiteur,WO-2025217256-A1
CHEBI:35222,inhibitor,fr,Inhibiteur (chimie),0,1,inhibiteur,EP-4532665-A1
CHEBI:35222,inhibitor,fr,Inhibiteur (chimie),0,1,inhibiteur,WO-2025212489-A1
CHEBI:35222,inhibitor,fr,Inhibiteur (chimie),0,1,inhibiteur,WO-2025188909-A8
CHEBI:35222,inhibitor,fr,Inhibiteur (chimie),0,1,inhibiteur,WO-2025188679-A8
CHEBI:35222,inhibitor,fr,Inhibiteur (chimie),0,1,inhibiteur,WO-2025203680-A1
CHEBI:35222,inhibitor,fr,Inhibiteur (chimie),0,1,inhibiteur,EP-4630500-A1
CHEBI:35222,inhibitor,fr,Inhibiteur (chimie),0,1,inhibiteur,WO-2025197850-A1
CHEBI:35222,inhibitor,fr,Inhibiteur (chimie),0,1,inhibiteur,EP-4634185-A1
CHEBI:35222,inhibitor,fr,Inhibiteur (chimie),0,1,inhibiteur,WO-2025206089-A1
CHEBI:35222,inhibitor,fr,Inhibiteur (chimie),0,1,inhibiteur,WO-2025187594-A8
CHEBI:35222,inhibitor,fr,Inhibiteur (chimie),0,1,inhibiteur,WO-2025213526-A1
CHEBI:35222,inhibitor,fr,Inhibiteur (chimie),0,1,inhibiteur,WO-2025214433-A1
CHEBI:35222,inhibitor,fr,Inhibiteur (chimie),0,1,inhibiteur,WO-2024155214-A1
CHEBI:35222,inhibitor,fr,Inhibiteur (chimie),0,1,inhibiteur,WO-2025183141-A1
CHEBI:35222,inhibitor,fr,Inhibiteur (chimie),0,1,inhibiteur,WO-2024178965-A9
CHEBI:35222,inhibitor,fr,Inhibiteur (chimie),0,1,inhibiteur,EP-4627135-A1
CHEBI:35222,inhibitor,fr,Inhibiteur (chimie),0,1,inhibiteur,WO-2025186229-A8
CHEBI:35222,inhibitor,fr,Inhibiteur (chimie),0,1,inhibiteur,EP-4504808-A1
CHEBI:35222,inhibitor,fr,Inhibiteur (chimie),0,1,inhibiteur,WO-2025207968-A1
CHEBI:35222,inhibitor,fr,Inhibiteur (chimie),0,1,inhibiteur,WO-2024125751-A1
CHEBI:35222,inhibitor,fr,Inhibiteur (chimie),0,1,inhibiteur,WO-2025217164-A1
CHEBI:35222,inhibitor,fr,Inhibiteur (chimie),0,1,inhibiteur,WO-2025206747-A1
CHEBI:35222,inhibitor,fr,Inhibiteur (chimie),0,1,inhibiteur,WO-2025213043-A1
CHEBI:35222,inhibitor,fr,Inhibiteur (chimie),0,1,inhibiteur,WO-2025210510-A1
CHEBI:35222,inhibitor,fr,Inhibiteur (chimie),0,1,inhibiteur,EP-4626961-A1
CHEBI:35222,inhibitor,fr,Inhibiteur (chimie),0,1,inhibiteur,WO-2025210536-A1
CHEBI:35222,inhibitor,fr,Inhibiteur (chimie),0,1,inhibiteur,WO-2025209512-A1
CHEBI:35222,inhibitor,fr,Inhibiteur (chimie),0,1,inhibiteur,WO-2025212740-A1
CHEBI:35222,inhibitor,fr,Inhibiteur (chimie),0,1,inhibiteur,WO-2025213286-A1
CHEBI:35222,inhibitor,fr,Inhibiteur (chimie),0,1,inhibiteur,WO-2025201418-A1
CHEBI:35222,inhibitor,fr,Inhibiteur (chimie),0,1,inhibiteur,WO-2025147178-A1
CHEBI:35222,inhibitor,fr,Inhibiteur (chimie),0,1,inhibiteur,WO-2025213077-A1
CHEBI:35222,inhibitor,fr,Inhibiteur (chimie),0,1,inhibiteur,WO-2025203012-A1
CHEBI:35222,inhibitor,fr,Inhibiteur (chimie),0,1,inhibiteur,EP-4626552-A1
CHEBI:35222,inhibitor,fr,Inhibiteur (chimie),0,1,inhibiteur,WO-2021225462-A1
CHEBI:35222,inhibitor,fr,Inhibiteur (chimie),0,1,inhibiteur,WO-2025201518-A1
CHEBI:35222,inhibitor,fr,Inhibiteur (chimie),0,1,inhibiteur,WO-2025201407-A1
CHEBI:35222,inhibitor,fr,Inhibiteur (chimie),0,1,inhibiteur,WO-2025184603-A3
CHEBI:35222,inhibitor,fr,Inhibiteur (chimie),0,1,inhibiteur,WO-2025188163-A8
CHEBI:35222,inhibitor,fr,Inhibiteur (chimie),0,1,inhibiteur,WO-2025210042-A1
CHEBI:35222,inhibitor,fr,Inhibiteur (chimie),0,1,inhibiteur,EP-4627101-A1
CHEBI:35222,inhibitor,fr,Inhibiteur (chimie),0,1,inhibiteur,EP-4633381-A1
CHEBI:35222,inhibitor,fr,Inhibiteur (chimie),0,1,inhibiteur,WO-2025206489-A1
CHEBI:35222,inhibitor,fr,Inhibiteur (chimie),0,1,inhibiteur,EP-4623451-A2
CHEBI:35222,inhibitor,fr,Inhibiteur (chimie),0,1,inhibiteur,EP-4525996-A1
CHEBI:35222,inhibitor,fr,Inhibiteur (chimie),0,1,inhibiteur,WO-2025217597-A1
CHEBI:35222,inhibitor,fr,Inhibiteur (chimie),0,1,inhibiteur,WO-2025206085-A1
CHEBI:35222,inhibitor,fr,Inhibiteur (chimie),0,1,inhibiteur,WO-2025214403-A1
CHEBI:35222,inhibitor,fr,Inhibiteur (chimie),0,1,inhibiteur,EP-4626441-A1
CHEBI:35222,inhibitor,fr,Inhibiteur (chimie),0,1,inhibiteur,WO-2025210123-A1
CHEBI:35222,inhibitor,fr,Inhibiteur (chimie),0,1,inhibiteur,WO-2025216244-A1
CHEBI:35222,inhibitor,fr,Inhibiteur (chimie),0,1,inhibiteur,WO-2025215629-A1
CHEBI:35222,inhibitor,fr,Inhibiteur (chimie),0,1,inhibiteur,WO-2025209278-A1
CHEBI:35222,inhibitor,fr,Inhibiteur (chimie),0,1,inhibiteur,EP-4626480-A1
CHEBI:35222,inhibitor,fr,Inhibiteur (chimie),0,1,inhibiteur,WO-2022039619-A1
CHEBI:35222,inhibitor,fr,Inhibiteur (chimie),0,1,inhibiteur,WO-2025184896-A8
CHEBI:35222,inhibitor,fr,Inhibiteur (chimie),0,1,inhibiteur,WO-2025207705-A1
CHEBI:35222,inhibitor,fr,Inhibiteur (chimie),0,1,inhibiteur,WO-2025203641-A1
CHEBI:35222,inhibitor,fr,Inhibiteur (chimie),0,1,inhibiteur,WO-2025201127-A1
CHEBI:35222,inhibitor,fr,Inhibiteur (chimie),0,1,inhibiteur,EP-4629979-A1
CHEBI:35222,inhibitor,fr,Inhibiteur (chimie),0,1,inhibiteur,WO-2025184690-A8
CHEBI:35222,inhibitor,fr,Inhibiteur (chimie),0,1,inhibiteur,WO-2025202647-A1
CHEBI:35222,inhibitor,fr,Inhibiteur (chimie),0,1,inhibiteur,WO-2025214344-A1
CHEBI:35222,inhibitor,fr,Inhibiteur (chimie),0,1,inhibiteur,EP-4626426-A1
CHEBI:35222,inhibitor,fr,Inhibiteur (chimie),0,1,inhibiteur,WO-2025211383-A1
CHEBI:35222,inhibitor,fr,Inhibiteur (chimie),0,1,inhibiteur,EP-4551540-A1
CHEBI:35222,inhibitor,fr,Inhibiteur (chimie),0,1,inhibiteur,WO-2025202864-A1
CHEBI:35222,inhibitor,fr,Inhibiteur (chimie),0,1,inhibiteur,WO-2025215141-A1
CHEBI:35222,inhibitor,fr,Inhibiteur (chimie),0,1,inhibiteur,WO-2025185242-A8
CHEBI:35222,inhibitor,fr,Inhibiteur (chimie),0,1,inhibiteur,WO-2025207432-A1
CHEBI:35222,inhibitor,fr,Inhibiteur (chimie),0,1,inhibiteur,EP-4568939-A1
CHEBI:35222,inhibitor,fr,Inhibiteur (chimie),0,1,inhibiteur,WO-2025217380-A1
CHEBI:35222,inhibitor,fr,Inhibiteur (chimie),0,1,inhibiteur,WO-2025185655-A8
CHEBI:35222,inhibitor,fr,Inhibiteur (chimie),0,1,inhibiteur,WO-2025174079-A1
CHEBI:35222,inhibitor,fr,Inhibiteur (chimie),0,1,inhibiteur,WO-2025213998-A1
CHEBI:35222,inhibitor,fr,Inhibiteur (chimie),0,1,inhibiteur,WO-2025211363-A1
CHEBI:35222,inhibitor,fr,Inhibiteur (chimie),0,1,inhibiteur,WO-2025203838-A1
CHEBI:35222,inhibitor,fr,Inhibiteur (chimie),0,1,inhibiteur,WO-2025178391-A1
CHEBI:35222,inhibitor,fr,Inhibiteur (chimie),0,1,inhibiteur,WO-2025217427-A1
CHEBI:35222,inhibitor,fr,Inhibiteur (chimie),0,1,inhibiteur,WO-2025207796-A1
CHEBI:35222,inhibitor,fr,Inhibiteur (chimie),0,1,inhibiteur,WO-2025217249-A1
CHEBI:35222,inhibitor,fr,Inhibiteur (chimie),0,1,inhibiteur,WO-2025187899-A8
CHEBI:35222,inhibitor,fr,Inhibiteur (chimie),0,1,inhibiteur,WO-2022231475-A1
CHEBI:35222,inhibitor,fr,Inhibiteur (chimie),0,1,inhibiteur,WO-2025212557-A1
CHEBI:35222,inhibitor,fr,Inhibiteur (chimie),0,1,inhibiteur,WO-2025209499-A1
CHEBI:35222,inhibitor,fr,Inhibiteur (chimie),0,1,inhibiteur,EP-4633678-A1
CHEBI:35222,inhibitor,fr,Inhibiteur (chimie),0,1,inhibiteur,WO-2025187455-A8
CHEBI:35222,inhibitor,fr,Inhibiteur (chimie),0,1,inhibiteur,EP-4626996-A1
CHEBI:35222,inhibitor,fr,Inhibiteur (chimie),0,1,inhibiteur,WO-2025209533-A1
CHEBI:35222,inhibitor,fr,Inhibiteur (chimie),0,1,inhibiteur,EP-4623299-A1
CHEBI:35222,inhibitor,fr,Inhibiteur (chimie),0,1,inhibiteur,EP-4532666-A1
CHEBI:35222,inhibitor,fr,Inhibiteur (chimie),0,1,inhibiteur,WO-2025120244-A1
CHEBI:35222,inhibitor,fr,Inhibiteur (chimie),0,1,inhibiteur,WO-2025202445-A2
CHEBI:35222,inhibitor,fr,Inhibiteur (chimie),0,1,inhibiteur,WO-2025183515-A1
CHEBI:35222,inhibitor,fr,Inhibiteur (chimie),0,1,inhibiteur,WO-2025147179-A1
CHEBI:35222,inhibitor,fr,Inhibiteur (chimie),0,1,inhibiteur,WO-2025207476-A1
CHEBI:35222,inhibitor,fr,Inhibiteur (chimie),0,1,inhibiteur,WO-2025213608-A1
CHEBI:35222,inhibitor,fr,Inhibiteur (chimie),0,1,inhibiteur,WO-2025188807-A8
CHEBI:35222,inhibitor,fr,Inhibiteur (chimie),0,1,inhibiteur,WO-2025202971-A1
CHEBI:35222,inhibitor,fr,Inhibiteur (chimie),0,1,inhibiteur,EP-4626446-A1
CHEBI:35222,inhibitor,fr,Inhibiteur (chimie),0,1,inhibiteur,WO-2025187813-A8
CHEBI:35222,inhibitor,fr,Inhibiteur (chimie),0,1,inhibiteur,WO-2025208212-A1
CHEBI:35222,inhibitor,fr,Inhibiteur (chimie),0,1,inhibiteur,WO-2025188669-A8
CHEBI:35222,inhibitor,fr,Inhibiteur (chimie),0,1,inhibiteur,WO-2025213154-A1
CHEBI:35222,inhibitor,fr,Inhibiteur (chimie),0,1,inhibiteur,WO-2025211230-A1
CHEBI:35222,inhibitor,fr,Inhibiteur (chimie),0,1,inhibiteur,WO-2025188077-A8
CHEBI:35222,inhibitor,fr,Inhibiteur (chimie),0,1,inhibiteur,WO-2025203630-A1
CHEBI:35222,inhibitor,fr,Inhibiteur (chimie),0,1,inhibiteur,WO-2025212156-A1
CHEBI:35222,inhibitor,fr,Inhibiteur (chimie),0,1,inhibiteur,WO-2025159411-A1
CHEBI:35222,inhibitor,fr,Inhibiteur (chimie),0,1,inhibiteur,WO-2025206749-A1
CHEBI:35222,inhibitor,fr,Inhibiteur (chimie),0,1,inhibiteur,EP-4623126-A1
CHEBI:35222,inhibitor,fr,Inhibiteur (chimie),0,1,inhibiteur,WO-2025178471-A1
CHEBI:35222,inhibitor,fr,Inhibiteur (chimie),0,1,inhibiteur,WO-2025213447-A1
CHEBI:35222,inhibitor,fr,Inhibiteur (chimie),0,1,inhibiteur,WO-2025189122-A8
CHEBI:35222,inhibitor,fr,Inhibiteur (chimie),0,1,inhibiteur,WO-2025206022-A1
CHEBI:35222,inhibitor,fr,Inhibiteur (chimie),0,1,inhibiteur,WO-2025217371-A2
CHEBI:35222,inhibitor,fr,Inhibiteur (chimie),0,1,inhibiteur,WO-2025185706-A8
CHEBI:35222,inhibitor,fr,Inhibiteur (chimie),0,1,inhibiteur,WO-2025173720-A1
CHEBI:35222,inhibitor,fr,Inhibiteur (chimie),0,1,inhibiteur,EP-4629995-A1
CHEBI:35222,inhibitor,fr,Inhibiteur (chimie),0,1,inhibiteur,WO-2025199993-A1
CHEBI:35222,inhibitor,fr,Inhibiteur (chimie),0,1,inhibiteur,WO-2025202715-A1
CHEBI:35222,inhibitor,fr,Inhibiteur (chimie),0,1,inhibiteur,WO-2025188921-A8
CHEBI:35222,inhibitor,fr,Inhibiteur (chimie),0,1,inhibiteur,WO-2025206174-A1
CHEBI:35222,inhibitor,fr,Inhibiteur (chimie),0,1,inhibiteur,WO-2025207274-A1
CHEBI:35222,inhibitor,fr,Inhibiteur (chimie),0,1,inhibiteur,WO-2025184877-A8
CHEBI:35222,inhibitor,fr,Inhibiteur (chimie),0,1,inhibiteur,WO-2025212189-A1
CHEBI:35222,inhibitor,fr,Inhibiteur (chimie),0,1,inhibiteur,EP-4623086-A1
CHEBI:35222,inhibitor,fr,Inhibiteur (chimie),0,1,inhibiteur,EP-4626427-A1
CHEBI:35222,inhibitor,fr,Inhibiteur (chimie),0,1,inhibiteur,WO-2025201324-A1
CHEBI:35222,inhibitor,fr,Inhibiteur (chimie),0,1,inhibiteur,WO-2025178449-A1
CHEBI:35222,inhibitor,fr,Inhibiteur (chimie),0,1,inhibiteur,EP-4630586-A1
CHEBI:35222,inhibitor,fr,Inhibiteur (chimie),0,1,inhibiteur,WO-2025214476-A1
CHEBI:35222,inhibitor,fr,Inhibiteur (chimie),0,1,inhibiteur,WO-2025207791-A1
CHEBI:35222,inhibitor,fr,Inhibiteur (chimie),0,1,inhibiteur,WO-2025217307-A1
CHEBI:35222,inhibitor,fr,Inhibiteur (chimie),0,1,inhibiteur,EP-4633638-A1
CHEBI:35222,inhibitor,fr,Inhibiteur (chimie),0,1,inhibiteur,WO-2025188680-A8
CHEBI:35222,inhibitor,fr,Inhibiteur (chimie),0,1,inhibiteur,WO-2025210252-A1
CHEBI:35222,inhibitor,fr,Inhibiteur (chimie),0,1,inhibiteur,WO-2025201616-A2
CHEBI:35222,inhibitor,fr,Inhibiteur (chimie),0,1,inhibiteur,WO-2025186291-A8
CHEBI:35222,inhibitor,fr,Inhibiteur (chimie),0,1,inhibiteur,EP-4568938-A1
CHEBI:35222,inhibitor,fr,Inhibiteur (chimie),0,1,inhibiteur,WO-2025208675-A1
CHEBI:35222,inhibitor,fr,Inhibiteur (chimie),0,1,inhibiteur,WO-2025127968-A3
CHEBI:35222,inhibitor,fr,Inhibiteur (chimie),0,1,inhibiteur,WO-2025105948-A1
CHEBI:35222,inhibitor,fr,Inhibiteur (chimie),0,1,inhibiteur,EP-4532660-A1
CHEBI:35222,inhibitor,fr,Inhibiteur (chimie),0,1,inhibiteur,EP-4626983-A1
CHEBI:35222,inhibitor,fr,Inhibiteur (chimie),0,1,inhibiteur,EP-4627134-A1
CHEBI:24852,insecticide,fr,Insecticide,0,1,insecticides,WO-2024014946-A1
CHEBI:29033,iron(2+),fr,Ion ferreux,0,1,Fe(II),WO-2025186541-A8
CHEBI:75832,iron(2+) sulfate (anhydrous),fr,Sulfate de fer(II),0,1,FeSO4,WO-2022225420-A1
CHEBI:29202,isocyanic acid,fr,Acide isocyanique,0,1,isocyanate,EP-4514884-A1
CHEBI:29202,isocyanic acid,fr,Acide isocyanique,0,1,isocyanate,WO-2025216887-A1
CHEBI:29202,isocyanic acid,fr,Acide isocyanique,0,1,isocyanate,WO-2025211176-A1
CHEBI:29202,isocyanic acid,fr,Acide isocyanique,0,1,isocyanate,WO-2025131826-A1
CHEBI:29202,isocyanic acid,fr,Acide isocyanique,0,1,isocyanate,EP-4543955-A1
CHEBI:29202,isocyanic acid,fr,Acide isocyanique,0,1,isocyanate,EP-4626946-A1
CHEBI:29202,isocyanic acid,fr,Acide isocyanique,0,1,isocyanate,EP-4634254-A1
CHEBI:29202,isocyanic acid,fr,Acide isocyanique,0,1,isocyanate,EP-4499721-A1
CHEBI:29202,isocyanic acid,fr,Acide isocyanique,0,1,isocyanate,EP-4619244-A1
CHEBI:29202,isocyanic acid,fr,Acide isocyanique,0,1,isocyanate,EP-4532581-A1
CHEBI:29202,isocyanic acid,fr,Acide isocyanique,0,1,isocyanate,EP-4634256-A1
CHEBI:29202,isocyanic acid,fr,Acide isocyanique,0,1,isocyanate,EP-4626947-A1
CHEBI:29202,isocyanic acid,fr,Acide isocyanique,0,1,isocyanate,WO-2025216809-A1
CHEBI:29202,isocyanic acid,fr,Acide isocyanique,0,1,isocyanate,WO-2025131844-A1
CHEBI:29202,isocyanic acid,fr,Acide isocyanique,0,1,isocyanate,EP-4598475-A1
CHEBI:29202,isocyanic acid,fr,Acide isocyanique,0,1,isocyanate,WO-2025211242-A1
CHEBI:29202,isocyanic acid,fr,Acide isocyanique,0,1,isocyanate,WO-2025093725-A1
CHEBI:29202,isocyanic acid,fr,Acide isocyanique,0,1,isocyanate,WO-2025197955-A1
CHEBI:29202,isocyanic acid,fr,Acide isocyanique,0,1,isocyanate,EP-4634259-A1
CHEBI:29202,isocyanic acid,fr,Acide isocyanique,0,1,isocyanate,WO-2025011923-A1
CHEBI:29202,isocyanic acid,fr,Acide isocyanique,0,1,isocyanate,WO-2025185526-A8
CHEBI:29202,isocyanic acid,fr,Acide isocyanique,0,1,isocyanate,EP-4623016-A1
CHEBI:29202,isocyanic acid,fr,Acide isocyanique,0,1,isocyanate,WO-2025169733-A1
CHEBI:29202,isocyanic acid,fr,Acide isocyanique,0,1,isocyanate,WO-2025197291-A1
CHEBI:29202,isocyanic acid,fr,Acide isocyanique,0,1,isocyanate,WO-2025125285-A1
CHEBI:29202,isocyanic acid,fr,Acide isocyanique,0,1,isocyanate,WO-2025164318-A1
CHEBI:29202,isocyanic acid,fr,Acide isocyanique,0,1,isocyanate,WO-2025197836-A1
CHEBI:29202,isocyanic acid,fr,Acide isocyanique,0,1,isocyanate,WO-2025201692-A1
CHEBI:29202,isocyanic acid,fr,Acide isocyanique,0,1,isocyanate,WO-2025204204-A1
CHEBI:29202,isocyanic acid,fr,Acide isocyanique,0,1,isocyanate,WO-2025212362-A1
CHEBI:29202,isocyanic acid,fr,Acide isocyanique,0,1,isocyanate,EP-4584246-A1
CHEBI:29202,isocyanic acid,fr,Acide isocyanique,0,1,isocyanate,WO-2025186000-A8
CHEBI:29202,isocyanic acid,fr,Acide isocyanique,0,1,isocyanate,WO-2025154682-A1
CHEBI:29202,isocyanic acid,fr,Acide isocyanique,0,1,isocyanate,EP-4594296-A1
CHEBI:29202,isocyanic acid,fr,Acide isocyanique,0,1,isocyanate,WO-2025087730-A1
CHEBI:29202,isocyanic acid,fr,Acide isocyanique,0,1,isocyanate,WO-2025211221-A1
CHEBI:29202,isocyanic acid,fr,Acide isocyanique,0,1,isocyanate,EP-4630506-A1
CHEBI:29202,isocyanic acid,fr,Acide isocyanique,0,1,isocyanate,WO-2025188737-A8
CHEBI:29202,isocyanic acid,fr,Acide isocyanique,0,1,isocyanate,WO-2025204073-A1
CHEBI:29202,isocyanic acid,fr,Acide isocyanique,0,1,isocyanate,EP-4526361-A1
CHEBI:29202,isocyanic acid,fr,Acide isocyanique,0,1,isocyanate,WO-2025032135-A1
CHEBI:29202,isocyanic acid,fr,Acide isocyanique,0,1,isocyanate,WO-2025202053-A1
CHEBI:29202,isocyanic acid,fr,Acide isocyanique,0,1,isocyanate,WO-2025202163-A1
CHEBI:29202,isocyanic acid,fr,Acide isocyanique,0,1,isocyanate,EP-4634258-A1
CHEBI:29202,isocyanic acid,fr,Acide isocyanique,0,1,isocyanate,EP-4605483-A1
CHEBI:29202,isocyanic acid,fr,Acide isocyanique,0,1,isocyanate,WO-2025045564-A1
CHEBI:29202,isocyanic acid,fr,Acide isocyanique,0,1,isocyanate,WO-2025168594-A1
CHEBI:29202,isocyanic acid,fr,Acide isocyanique,0,1,isocyanate,WO-2024164058-A1
CHEBI:29202,isocyanic acid,fr,Acide isocyanique,0,1,isocyanate,WO-2025184766-A8
CHEBI:29202,isocyanic acid,fr,Acide isocyanique,0,1,isocyanate,WO-2025036923-A1
CHEBI:29202,isocyanic acid,fr,Acide isocyanique,0,1,isocyanate,EP-4532582-A1
CHEBI:29202,isocyanic acid,fr,Acide isocyanique,0,1,isocyanate,EP-4622941-A1
CHEBI:29202,isocyanic acid,fr,Acide isocyanique,0,1,isocyanate,WO-2025169730-A1
CHEBI:29202,isocyanic acid,fr,Acide isocyanique,0,1,isocyanate,WO-2025182814-A1
CHEBI:29202,isocyanic acid,fr,Acide isocyanique,0,1,isocyanate,WO-2025172138-A1
CHEBI:29202,isocyanic acid,fr,Acide isocyanique,0,1,isocyanate,EP-4626944-A1
CHEBI:29202,isocyanic acid,fr,Acide isocyanique,0,1,isocyanate,WO-2025205162-A1
CHEBI:29202,isocyanic acid,fr,Acide isocyanique,0,1,isocyanate,WO-2025208572-A1
CHEBI:29202,isocyanic acid,fr,Acide isocyanique,0,1,isocyanate,WO-2025215912-A1
CHEBI:29202,isocyanic acid,fr,Acide isocyanique,0,1,isocyanate,WO-2025186000-A1
CHEBI:33319,lanthanoid atom,fr,Lanthanide,0,1,lanthanides,WO-2025169905-A1
CHEBI:33319,lanthanoid atom,fr,Lanthanide,0,1,lanthanides,EP-4630510-A1
CHEBI:52214,ligand,fr,Ligand (chimie),0,1,ligands,WO-2025210123-A1
CHEBI:52214,ligand,fr,Ligand (chimie),0,1,ligands,EP-4555567-A1
CHEBI:52214,ligand,fr,Ligand (chimie),0,1,ligand,WO-2025186493-A8
CHEBI:52214,ligand,fr,Ligand (chimie),0,1,ligand,WO-2025192984-A1
CHEBI:52214,ligand,fr,Ligand (chimie),0,1,ligands,WO-2025212619-A1
CHEBI:52214,ligand,fr,Ligand (chimie),0,1,ligand,WO-2025187680-A8
CHEBI:52214,ligand,fr,Ligand (chimie),0,1,ligands,EP-4630804-A1
CHEBI:52214,ligand,fr,Ligand (chimie),0,1,ligand,WO-2025214426-A1
CHEBI:52214,ligand,fr,Ligand (chimie),0,1,ligands,WO-2024210903-A9
CHEBI:52214,ligand,fr,Ligand (chimie),0,1,ligands,WO-2025206037-A1
CHEBI:52214,ligand,fr,Ligand (chimie),0,1,ligand,WO-2025165210-A1
CHEBI:52214,ligand,fr,Ligand (chimie),0,1,ligand,WO-2025206587-A1
CHEBI:52214,ligand,fr,Ligand (chimie),0,1,ligands,WO-2025154925-A1
CHEBI:52214,ligand,fr,Ligand (chimie),0,1,ligands,WO-2025178471-A1
CHEBI:52214,ligand,fr,Ligand (chimie),0,1,ligand,WO-2024155948-A8
CHEBI:52214,ligand,fr,Ligand (chimie),0,1,ligand,WO-2025212519-A1
CHEBI:52214,ligand,fr,Ligand (chimie),0,1,ligand,WO-2025216629-A1
CHEBI:52214,ligand,fr,Ligand (chimie),0,1,ligands,EP-4555566-A1
CHEBI:52214,ligand,fr,Ligand (chimie),0,1,ligand,WO-2025204116-A1
CHEBI:52214,ligand,fr,Ligand (chimie),0,1,ligand,WO-2025183164-A1
CHEBI:52214,ligand,fr,Ligand (chimie),0,1,ligand,EP-4630414-A1
CHEBI:52214,ligand,fr,Ligand (chimie),0,1,ligand,WO-2025207213-A1
CHEBI:52214,ligand,fr,Ligand (chimie),0,1,ligand,WO-2025188963-A8
CHEBI:52214,ligand,fr,Ligand (chimie),0,1,ligands,WO-2025154641-A1
CHEBI:52214,ligand,fr,Ligand (chimie),0,1,ligands,WO-2022255900-A1
CHEBI:52214,ligand,fr,Ligand (chimie),0,1,ligand,EP-4558475-A1
CHEBI:52214,ligand,fr,Ligand (chimie),0,1,ligands,WO-2025214474-A1
CHEBI:52214,ligand,fr,Ligand (chimie),0,1,ligands,WO-2025042307-A1
CHEBI:52214,ligand,fr,Ligand (chimie),0,1,ligand,WO-2025154926-A1
CHEBI:52214,ligand,fr,Ligand (chimie),0,1,ligand,WO-2025201290-A1
CHEBI:52214,ligand,fr,Ligand (chimie),0,1,ligand,WO-2025119420-A1
CHEBI:52214,ligand,fr,Ligand (chimie),0,1,ligand,WO-2025201517-A1
CHEBI:52214,ligand,fr,Ligand (chimie),0,1,ligand,WO-2025164404-A1
CHEBI:52214,ligand,fr,Ligand (chimie),0,1,ligand,EP-4634148-A1
CHEBI:52214,ligand,fr,Ligand (chimie),0,1,ligand,WO-2025205788-A1
CHEBI:52214,ligand,fr,Ligand (chimie),0,1,ligands,WO-2025189138-A8
CHEBI:52214,ligand,fr,Ligand (chimie),0,1,ligand,WO-2025203091-A2
CHEBI:52214,ligand,fr,Ligand (chimie),0,1,ligand,WO-2025202223-A1
CHEBI:52214,ligand,fr,Ligand (chimie),0,1,ligands,WO-2024117938-A1
CHEBI:52214,ligand,fr,Ligand (chimie),0,1,ligand,WO-2025186493-A1
CHEBI:52214,ligand,fr,Ligand (chimie),0,1,ligand,EP-4543860-A1
CHEBI:52214,ligand,fr,Ligand (chimie),0,1,ligand,WO-2023038547-A1
CHEBI:52214,ligand,fr,Ligand (chimie),0,1,ligands,EP-4630445-A2
CHEBI:52214,ligand,fr,Ligand (chimie),0,1,ligands,WO-2025207387-A1
CHEBI:52214,ligand,fr,Ligand (chimie),0,1,ligand,WO-2025207895-A1
CHEBI:52214,ligand,fr,Ligand (chimie),0,1,ligands,WO-2025213182-A1
CHEBI:52214,ligand,fr,Ligand (chimie),0,1,ligand,WO-2025188742-A8
CHEBI:52214,ligand,fr,Ligand (chimie),0,1,ligands,WO-2025026495-A1
CHEBI:52214,ligand,fr,Ligand (chimie),0,1,ligands,WO-2025192050-A1
CHEBI:52214,ligand,fr,Ligand (chimie),0,1,ligand,EP-4630458-A2
CHEBI:52214,ligand,fr,Ligand (chimie),0,1,ligand,WO-2025207934-A1
CHEBI:52214,ligand,fr,Ligand (chimie),0,1,ligand,WO-2025187455-A8
CHEBI:52214,ligand,fr,Ligand (chimie),0,1,ligand,WO-2023027609-A1
CHEBI:52214,ligand,fr,Ligand (chimie),0,1,ligand,WO-2025211210-A1
CHEBI:52214,ligand,fr,Ligand (chimie),0,1,ligand,WO-2025208000-A1
CHEBI:52214,ligand,fr,Ligand (chimie),0,1,ligand,WO-2025158745-A1
CHEBI:52214,ligand,fr,Ligand (chimie),0,1,ligand,WO-2025188097-A8
CHEBI:52214,ligand,fr,Ligand (chimie),0,1,ligand,EP-4633802-A1
CHEBI:52214,ligand,fr,Ligand (chimie),0,1,ligand,WO-2025187375-A1
CHEBI:52214,ligand,fr,Ligand (chimie),0,1,ligands,EP-4630513-A2
CHEBI:52214,ligand,fr,Ligand (chimie),0,1,ligand,WO-2025166856-A9
CHEBI:52214,ligand,fr,Ligand (chimie),0,1,ligand,WO-2025105948-A1
CHEBI:52214,ligand,fr,Ligand (chimie),0,1,ligands,EP-4634208-A1
CHEBI:52214,ligand,fr,Ligand (chimie),0,1,ligand,WO-2025215192-A1
CHEBI:52214,ligand,fr,Ligand (chimie),0,1,ligands,WO-2025197656-A1
CHEBI:52214,ligand,fr,Ligand (chimie),0,1,ligand,EP-4634168-A1
CHEBI:52214,ligand,fr,Ligand (chimie),0,1,ligand,WO-2025173342-A1
CHEBI:52214,ligand,fr,Ligand (chimie),0,1,ligand,WO-2025187375-A8
CHEBI:52214,ligand,fr,Ligand (chimie),0,1,ligand,WO-2025093733-A1
CHEBI:52214,ligand,fr,Ligand (chimie),0,1,ligand,EP-4626487-A2
CHEBI:52214,ligand,fr,Ligand (chimie),0,1,ligand,WO-2025192981-A1
CHEBI:52214,ligand,fr,Ligand (chimie),0,1,ligand,EP-4630012-A1
CHEBI:52214,ligand,fr,Ligand (chimie),0,1,ligands,EP-4626454-A1
CHEBI:52214,ligand,fr,Ligand (chimie),0,1,ligand,WO-2025207624-A1
CHEBI:52214,ligand,fr,Ligand (chimie),0,1,ligand,WO-2025210275-A1
CHEBI:52214,ligand,fr,Ligand (chimie),0,1,ligand,WO-2025206552-A1
CHEBI:6504,lithium carbonate,fr,Carbonate de lithium,0,1,Li2CO3,WO-2023038541-A1
CHEBI:172376,lithium hexafluorophosphate,fr,Hexafluorophosphate de lithium,0,1,LiPF6,WO-2025184787-A8
CHEBI:33979,lithium hydroxide,fr,Hydroxyde de lithium,0,1,LiOH,WO-2025196191-A1
CHEBI:33979,lithium hydroxide,fr,Hydroxyde de lithium,0,1,LiOH,EP-4587388-A1
CHEBI:33979,lithium hydroxide,fr,Hydroxyde de lithium,0,1,LiOH,WO-2025196199-A1
CHEBI:33979,lithium hydroxide,fr,Hydroxyde de lithium,0,1,LiOH,WO-2025186165-A8
CHEBI:63315,lithium nitrate,fr,Nitrate de lithium,0,1,LiNO3,WO-2025184787-A8
CHEBI:4819,lysergamide,fr,Ergine,0,1,lysergamide,WO-2025202481-A1
CHEBI:25106,macrolide,fr,Macrolide,0,1,macrolides,WO-2025209602-A1
CHEBI:6636,magnesium dichloride,fr,Chlorure de magnésium,0,1,MgCl2,WO-2023038541-A1
CHEBI:6637,magnesium dihydroxide,fr,Hydroxyde de magnésium,0,1,Mg(OH)2,WO-2023038541-A1
CHEBI:25195,mercury atom,fr,Mercure (chimie),0,1,mercure,WO-2025172145-A1
CHEBI:25195,mercury atom,fr,Mercure (chimie),0,1,mercure,EP-4630511-A1
CHEBI:25195,mercury atom,fr,Mercure (chimie),0,1,mercure,EP-4626958-A1
CHEBI:25195,mercury atom,fr,Mercure (chimie),0,1,mercure,WO-2025210473-A1
CHEBI:25195,mercury atom,fr,Mercure (chimie),0,1,mercure,WO-2025159134-A1
CHEBI:27642,methyl tert-butyl ether,fr,Méthyl tert-butyl éther,0,1,MTBE,WO-2024091145-A1
CHEBI:46662,mineral,fr,Minéral,0,1,minerales,WO-2025202373-A1
CHEBI:46662,mineral,fr,Minéral,0,1,Minerale,EP-4623050-A1
CHEBI:46662,mineral,fr,Minéral,0,1,minerales,WO-2025202377-A1
CHEBI:35381,monosaccharide,fr,Ose,0,1,monosaccharide,WO-2025216310-A1
CHEBI:35381,monosaccharide,fr,Ose,0,1,monosaccharide,WO-2025216570-A1
CHEBI:35381,monosaccharide,fr,Ose,0,1,monosaccharide,WO-2024050615-A1
CHEBI:35381,monosaccharide,fr,Ose,0,1,monosaccharides,WO-2025201393-A1
CHEBI:35381,monosaccharide,fr,Ose,0,1,monosaccharides,WO-2025203970-A1
CHEBI:35381,monosaccharide,fr,Ose,0,1,monosaccharides,WO-2025215670-A1
CHEBI:52518,nanofibre,fr,Nanofibres,0,1,nanofibre,WO-2025215980-A1
CHEBI:52518,nanofibre,fr,Nanofibres,0,1,nanofibre,WO-2025202273-A1
CHEBI:52518,nanofibre,fr,Nanofibres,0,1,nanofibre,WO-2025211050-A1
CHEBI:17154,nicotinamide,fr,Nicotinamide,0,1,Niacinamide,WO-2025202997-A1
CHEBI:17154,nicotinamide,fr,Nicotinamide,0,1,Niacinamide,EP-4633599-A1
CHEBI:17154,nicotinamide,fr,Nicotinamide,0,1,Niacinamide,EP-4633594-A1
CHEBI:17154,nicotinamide,fr,Nicotinamide,0,1,Niacinamide,WO-2025155031-A1
CHEBI:17154,nicotinamide,fr,Nicotinamide,0,1,Niacinamide,EP-4633595-A1
CHEBI:51081,nitrates,fr,Nitrate,0,1,nitrates,WO-2025186800-A8
CHEBI:51081,nitrates,fr,Nitrate,0,1,nitrates,EP-4508248-A1
CHEBI:51081,nitrates,fr,Nitrate,0,1,nitrates,WO-2025217343-A1
CHEBI:51081,nitrates,fr,Nitrate,0,1,nitrates,WO-2025217166-A1
CHEBI:48107,nitric acid,fr,Acide nitrique,0,1,HNO3,WO-2025203003-A1
CHEBI:16480,nitric oxide,fr,Monoxyde d'azote,0,1,oxyde nitrique,WO-2025211477-A1
CHEBI:18379,nitrile,fr,Nitrile,0,1,nitriles,EP-4554990-A1
CHEBI:18379,nitrile,fr,Nitrile,0,1,nitriles,EP-4584229-A1
CHEBI:18379,nitrile,fr,Nitrile,0,1,nitriles,WO-2025207879-A2
CHEBI:25549,nitrites,fr,Nitrite,0,1,nitrites,WO-2025217166-A1
CHEBI:25646,octanoate,fr,Octanoate,0,1,caprylate,WO-2025207049-A1
CHEBI:25646,octanoate,fr,Octanoate,0,1,caprylate,WO-2025154727-A1
CHEBI:25646,octanoate,fr,Octanoate,0,1,caprylate,WO-2025217236-A1
CHEBI:7754,oligonucleotide,fr,Oligonucléotide,0,1,oligonucleotides,EP-4615979-A1
CHEBI:50699,oligosaccharide,fr,Oligosaccharide,0,1,oligosaccharides,EP-4630569-A1
CHEBI:50699,oligosaccharide,fr,Oligosaccharide,0,1,oligosaccharides,WO-2024031162-A1
CHEBI:50699,oligosaccharide,fr,Oligosaccharide,0,1,oligosaccharides,EP-4629844-A1
CHEBI:50699,oligosaccharide,fr,Oligosaccharide,0,1,oligosaccharides,EP-4630541-A1
CHEBI:50699,oligosaccharide,fr,Oligosaccharide,0,1,oligosaccharides,WO-2025202994-A1
CHEBI:25750,oxime,fr,Oxime,0,1,oximes,EP-4551540-A1
CHEBI:27561,oxirane,fr,Oxyde d'éthylène,0,1,oxirane,EP-4630381-A1
CHEBI:27928,parathion,fr,Parathion éthyl,0,1,DNTP,EP-4630549-A1
CHEBI:27928,parathion,fr,Parathion éthyl,0,1,DNTP,WO-2025183217-A1
CHEBI:37830,pentane,fr,Pentane,0,1,n-pentane,WO-2025186842-A8
CHEBI:16670,peptide,fr,Peptide,0,1,peptides,WO-2025132327-A1
CHEBI:16670,peptide,fr,Peptide,0,1,peptides,EP-4626915-A2
CHEBI:16670,peptide,fr,Peptide,0,1,peptides,WO-2023215958-A1
CHEBI:16670,peptide,fr,Peptide,0,1,peptides,WO-2025015400-A1
CHEBI:16670,peptide,fr,Peptide,0,1,peptides,EP-4629972-A1
CHEBI:16670,peptide,fr,Peptide,0,1,peptides,WO-2025185625-A8
CHEBI:16670,peptide,fr,Peptide,0,1,peptides,WO-2025159411-A1
CHEBI:16670,peptide,fr,Peptide,0,1,peptides,WO-2025188188-A8
CHEBI:16670,peptide,fr,Peptide,0,1,peptides,WO-2025188843-A8
CHEBI:16670,peptide,fr,Peptide,0,1,peptides,EP-4630438-A1
CHEBI:16670,peptide,fr,Peptide,0,1,peptides,WO-2022173328-A1
CHEBI:16670,peptide,fr,Peptide,0,1,peptides,EP-4634215-A1
CHEBI:16670,peptide,fr,Peptide,0,1,peptides,WO-2025207760-A1
CHEBI:16670,peptide,fr,Peptide,0,1,peptides,WO-2025213157-A1
CHEBI:16670,peptide,fr,Peptide,0,1,peptides,WO-2025208177-A1
CHEBI:16670,peptide,fr,Peptide,0,1,peptides,WO-2025213135-A1
CHEBI:16670,peptide,fr,Peptide,0,1,peptides,WO-2025215072-A1
CHEBI:16670,peptide,fr,Peptide,0,1,peptides,WO-2025208042-A1
CHEBI:16670,peptide,fr,Peptide,0,1,peptides,WO-2025207879-A2
CHEBI:16670,peptide,fr,Peptide,0,1,peptides,WO-2024205444-A1
CHEBI:16670,peptide,fr,Peptide,0,1,peptides,WO-2025015401-A1
CHEBI:16670,peptide,fr,Peptide,0,1,peptides,WO-2024005668-A1
CHEBI:16670,peptide,fr,Peptide,0,1,peptides,WO-2025213178-A1
CHEBI:16670,peptide,fr,Peptide,0,1,peptides,EP-4626458-A1
CHEBI:16670,peptide,fr,Peptide,0,1,peptides,WO-2024036387-A1
CHEBI:16670,peptide,fr,Peptide,0,1,peptides,WO-2025208037-A1
CHEBI:16670,peptide,fr,Peptide,0,1,peptides,EP-4634214-A1
CHEBI:16670,peptide,fr,Peptide,0,1,peptides,WO-2025207387-A1
CHEBI:16670,peptide,fr,Peptide,0,1,peptides,WO-2025212961-A1
CHEBI:16670,peptide,fr,Peptide,0,1,peptides,WO-2025075975-A9
CHEBI:16670,peptide,fr,Peptide,0,1,peptides,EP-4604910-A1
CHEBI:16670,peptide,fr,Peptide,0,1,peptides,WO-2025217309-A1
CHEBI:16670,peptide,fr,Peptide,0,1,peptides,EP-4633656-A1
CHEBI:16670,peptide,fr,Peptide,0,1,peptides,WO-2025174827-A3
CHEBI:16670,peptide,fr,Peptide,0,1,peptides,WO-2025145262-A1
CHEBI:16670,peptide,fr,Peptide,0,1,peptides,WO-2021251850-A1
CHEBI:16670,peptide,fr,Peptide,0,1,peptides,WO-2025215516-A1
CHEBI:16670,peptide,fr,Peptide,0,1,peptides,WO-2025207775-A1
CHEBI:16670,peptide,fr,Peptide,0,1,peptides,WO-2025176999-A3
CHEBI:16670,peptide,fr,Peptide,0,1,peptides,WO-2025211983-A1
CHEBI:16670,peptide,fr,Peptide,0,1,peptides,EP-4630059-A1
CHEBI:16670,peptide,fr,Peptide,0,1,peptides,WO-2025119538-A1
CHEBI:16670,peptide,fr,Peptide,0,1,peptides,WO-2025207988-A1
CHEBI:16670,peptide,fr,Peptide,0,1,peptides,EP-4634205-A2
CHEBI:16670,peptide,fr,Peptide,0,1,peptides,EP-4633657-A1
CHEBI:16670,peptide,fr,Peptide,0,1,peptides,WO-2025213903-A1
CHEBI:16670,peptide,fr,Peptide,0,1,peptides,WO-2025217214-A2
CHEBI:16670,peptide,fr,Peptide,0,1,peptides,WO-2025201499-A1
CHEBI:39421,perfluorooctane-1-sulfonic acid,fr,Acide perfluorooctanesulfonique,0,1,PFOS,WO-2025212369-A1
CHEBI:35549,perfluorooctanoic acid,fr,Acide perfluorooctanoïque,0,1,PFOA,WO-2025215603-A1
CHEBI:35549,perfluorooctanoic acid,fr,Acide perfluorooctanoïque,0,1,PFOA,WO-2025212369-A1
CHEBI:25944,pesticide,fr,Pesticide,0,1,pesticides,WO-2025214096-A1
CHEBI:25944,pesticide,fr,Pesticide,0,1,pesticides,WO-2025217637-A1
CHEBI:25944,pesticide,fr,Pesticide,0,1,pesticides,EP-4634250-A1
CHEBI:25944,pesticide,fr,Pesticide,0,1,pesticides,WO-2024014946-A1
CHEBI:25944,pesticide,fr,Pesticide,0,1,pesticides,WO-2025186065-A8
CHEBI:25944,pesticide,fr,Pesticide,0,1,pesticides,WO-2025214022-A1
CHEBI:25944,pesticide,fr,Pesticide,0,1,pesticides,WO-2025217020-A1
CHEBI:25944,pesticide,fr,Pesticide,0,1,pesticides,WO-2025210445-A1
CHEBI:25944,pesticide,fr,Pesticide,0,1,pesticides,WO-2025209544-A1
CHEBI:25944,pesticide,fr,Pesticide,0,1,pesticides,WO-2025214274-A1
CHEBI:25944,pesticide,fr,Pesticide,0,1,pesticides,WO-2025209405-A1
CHEBI:25944,pesticide,fr,Pesticide,0,1,pesticides,WO-2025209404-A1
CHEBI:26020,phosphate,fr,Phosphate,0,1,phosphates,WO-2024159282-A1
CHEBI:26020,phosphate,fr,Phosphate,0,1,phosphates,WO-2025067598-A1
CHEBI:26020,phosphate,fr,Phosphate,0,1,phosphates,WO-2025149409-A1
CHEBI:26020,phosphate,fr,Phosphate,0,1,phosphates,WO-2022203544-A2
CHEBI:26020,phosphate,fr,Phosphate,0,1,phosphates,WO-2025208197-A1
CHEBI:26020,phosphate,fr,Phosphate,0,1,phosphates,WO-2022203544-A3
CHEBI:26020,phosphate,fr,Phosphate,0,1,phosphates,WO-2022255910-A1
CHEBI:26020,phosphate,fr,Phosphate,0,1,phosphates,WO-2024221065-A1
CHEBI:29031,phosphinic acid,fr,Acide hypophosphoreux,0,1,H3PO2,WO-2025202906-A1
CHEBI:18132,phosphocholine,fr,Phosphocholine,0,1,Phosphorylcholine,WO-2025206088-A1
CHEBI:18132,phosphocholine,fr,Phosphocholine,0,1,ChoP,WO-2024189592-A9
CHEBI:26066,phosphonate,fr,Acide phosphonique,0,1,phosphonates,EP-4536723-A1
CHEBI:26066,phosphonate,fr,Acide phosphonique,0,1,phosphonate,WO-2025125022-A1
CHEBI:26066,phosphonate,fr,Acide phosphonique,0,1,phosphonate,WO-2025195866-A1
CHEBI:26066,phosphonate,fr,Acide phosphonique,0,1,phosphonate,WO-2025131379-A1
CHEBI:26066,phosphonate,fr,Acide phosphonique,0,1,phosphonate,WO-2025210055-A1
CHEBI:44976,phosphonic acid,fr,Acide phosphoreux,0,1,phosphite,EP-4626845-A1
CHEBI:44976,phosphonic acid,fr,Acide phosphoreux,0,1,phosphite,WO-2025098868-A1
CHEBI:44976,phosphonic acid,fr,Acide phosphoreux,0,1,phosphite,WO-2025205713-A1
CHEBI:44976,phosphonic acid,fr,Acide phosphoreux,0,1,phosphite,WO-2025185000-A8
CHEBI:44976,phosphonic acid,fr,Acide phosphoreux,0,1,phosphite,WO-2025200196-A1
CHEBI:26078,phosphoric acid,fr,Acide phosphorique,0,1,H3PO4,WO-2025202906-A1
CHEBI:28659,phosphorus atom,fr,Phosphore rouge,0,1,phosphore,EP-4630584-A1
CHEBI:28659,phosphorus atom,fr,Phosphore rouge,0,1,phosphore,WO-2025173720-A1
CHEBI:28659,phosphorus atom,fr,Phosphore rouge,0,1,phosphore,WO-2025182740-A1
CHEBI:28659,phosphorus atom,fr,Phosphore rouge,0,1,phosphore,WO-2025154641-A1
CHEBI:28659,phosphorus atom,fr,Phosphore rouge,0,1,phosphore,WO-2025187740-A8
CHEBI:28659,phosphorus atom,fr,Phosphore rouge,0,1,phosphore,WO-2025204509-A1
CHEBI:30207,phosphorus(.),fr,Phosphore rouge,0,1,phosphorus(.),WO-2025076602-A1
CHEBI:30212,photon,fr,Photon,0,1,gamma,WO-2025207804-A1
CHEBI:30212,photon,fr,Photon,0,1,gamma,EP-4630515-A1
CHEBI:30212,photon,fr,Photon,0,1,gamma,WO-2025213105-A1
CHEBI:30212,photon,fr,Photon,0,1,gamma,WO-2022245248-A1
CHEBI:30212,photon,fr,Photon,0,1,gamma,EP-4634367-A1
CHEBI:30212,photon,fr,Photon,0,1,gamma,WO-2025214648-A1
CHEBI:30212,photon,fr,Photon,0,1,gamma,WO-2025150555-A1
CHEBI:30212,photon,fr,Photon,0,1,gamma,EP-4623022-A1
CHEBI:30212,photon,fr,Photon,0,1,gamma,WO-2025203856-A1
CHEBI:30212,photon,fr,Photon,0,1,gamma,WO-2025185683-A8
CHEBI:30212,photon,fr,Photon,0,1,gamma,WO-2023121506-A1
CHEBI:30212,photon,fr,Photon,0,1,gamma,WO-2025163990-A1
CHEBI:30212,photon,fr,Photon,0,1,gamma,EP-4623083-A1
CHEBI:30212,photon,fr,Photon,0,1,gamma,WO-2025189046-A8
CHEBI:30212,photon,fr,Photon,0,1,gamma,WO-2025199592-A1
CHEBI:30212,photon,fr,Photon,0,1,gamma,WO-2025207274-A1
CHEBI:61445,poly(amide) polymer,fr,Polyamide,0,1,polyamides,EP-4569033-A1
CHEBI:61445,poly(amide) polymer,fr,Polyamide,0,1,polyamides,WO-2025181032-A1
CHEBI:61445,poly(amide) polymer,fr,Polyamide,0,1,polyamides,EP-4504807-A1
CHEBI:61445,poly(amide) polymer,fr,Polyamide,0,1,polyamides,WO-2025183253-A1
CHEBI:53388,poly(hydroxybutyrate),fr,Poly-β-hydroxybutyrate,0,1,polyhydroxybutyrate,WO-2025056563-A1
CHEBI:53407,poly(lactic acid) macromolecule,fr,Acide polylactique,0,1,polylactides,WO-2025131625-A1
CHEBI:53205,poly(methyl methacrylate) macromolecule,fr,Poly(méthacrylate de méthyle),0,1,PMMA,WO-2022255907-A1
CHEBI:53251,poly(tetrafluoroethylene),fr,Polytétrafluoroéthylène,0,1,PTFE,WO-2025211783-A1
CHEBI:53251,poly(tetrafluoroethylene),fr,Polytétrafluoroéthylène,0,1,PTFE,WO-2025196968-A1
CHEBI:53251,poly(tetrafluoroethylene),fr,Polytétrafluoroéthylène,0,1,Teflon,WO-2024248651-A1
CHEBI:88061,polyamine,fr,Polyamine,0,1,polyamines,EP-4511411-A1
CHEBI:88061,polyamine,fr,Polyamine,0,1,polyamines,WO-2025188737-A8
CHEBI:88061,polyamine,fr,Polyamine,0,1,polyamines,WO-2025021660-A1
CHEBI:88061,polyamine,fr,Polyamine,0,1,polyamines,EP-4584229-A1
CHEBI:60160,polyester polymer,fr,Polyester,0,1,polyesters,WO-2025105947-A1
CHEBI:60160,polyester polymer,fr,Polyester,0,1,polyesters,EP-4543975-A1
CHEBI:60160,polyester polymer,fr,Polyester,0,1,polyesters,WO-2025131358-A1
CHEBI:60160,polyester polymer,fr,Polyester,0,1,polyesters,EP-4634265-A1
CHEBI:26191,polyol,fr,Polyol,0,1,polyols,EP-4551328-A2
CHEBI:26191,polyol,fr,Polyol,0,1,polyols,WO-2025206053-A1
CHEBI:26191,polyol,fr,Polyol,0,1,polyols,WO-2025169733-A1
CHEBI:26191,polyol,fr,Polyol,0,1,polyols,WO-2025212362-A1
CHEBI:26191,polyol,fr,Polyol,0,1,polyols,WO-2025093534-A1
CHEBI:26191,polyol,fr,Polyol,0,1,polyols,WO-2025105947-A1
CHEBI:26191,polyol,fr,Polyol,0,1,polyols,WO-2025202160-A1
CHEBI:26191,polyol,fr,Polyol,0,1,polyols,WO-2025102130-A1
CHEBI:26191,polyol,fr,Polyol,0,1,polyols,WO-2025051643-A1
CHEBI:26191,polyol,fr,Polyol,0,1,polyols,WO-2023224593-A1
CHEBI:15841,polypeptide,fr,Polypeptide,0,1,polypeptides,WO-2025199604-A1
CHEBI:15841,polypeptide,fr,Polypeptide,0,1,polypeptides,WO-2025186188-A8
CHEBI:15841,polypeptide,fr,Polypeptide,0,1,polypeptides,WO-2025201218-A1
CHEBI:15841,polypeptide,fr,Polypeptide,0,1,polypeptides,EP-4630804-A1
CHEBI:15841,polypeptide,fr,Polypeptide,0,1,polypeptides,EP-4634395-A1
CHEBI:15841,polypeptide,fr,Polypeptide,0,1,polypeptides,WO-2025202834-A1
CHEBI:15841,polypeptide,fr,Polypeptide,0,1,polypeptides,WO-2025186316-A8
CHEBI:15841,polypeptide,fr,Polypeptide,0,1,polypeptides,WO-2025186318-A8
CHEBI:15841,polypeptide,fr,Polypeptide,0,1,polypeptides,WO-2025185625-A8
CHEBI:15841,polypeptide,fr,Polypeptide,0,1,polypeptides,WO-2025212973-A1
CHEBI:15841,polypeptide,fr,Polypeptide,0,1,polypeptides,EP-4630440-A1
CHEBI:15841,polypeptide,fr,Polypeptide,0,1,polypeptides,WO-2025201243-A1
CHEBI:15841,polypeptide,fr,Polypeptide,0,1,polypeptides,WO-2025217185-A1
CHEBI:15841,polypeptide,fr,Polypeptide,0,1,polypeptides,WO-2025202630-A1
CHEBI:15841,polypeptide,fr,Polypeptide,0,1,polypeptides,EP-4623074-A1
CHEBI:15841,polypeptide,fr,Polypeptide,0,1,polypeptides,WO-2025212606-A1
CHEBI:15841,polypeptide,fr,Polypeptide,0,1,polypeptides,WO-2023063842-A1
CHEBI:15841,polypeptide,fr,Polypeptide,0,1,polypeptides,WO-2025208050-A2
CHEBI:15841,polypeptide,fr,Polypeptide,0,1,polypeptides,WO-2025136138-A1
CHEBI:15841,polypeptide,fr,Polypeptide,0,1,polypeptides,EP-4634218-A2
CHEBI:15841,polypeptide,fr,Polypeptide,0,1,polypeptides,EP-4627071-A1
CHEBI:15841,polypeptide,fr,Polypeptide,0,1,polypeptides,WO-2025207946-A1
CHEBI:15841,polypeptide,fr,Polypeptide,0,1,polypeptides,EP-4626913-A2
CHEBI:15841,polypeptide,fr,Polypeptide,0,1,polypeptides,EP-4627090-A1
CHEBI:15841,polypeptide,fr,Polypeptide,0,1,polypeptides,WO-2025116768-A1
CHEBI:15841,polypeptide,fr,Polypeptide,0,1,polypeptides,WO-2023068958-A1
CHEBI:15841,polypeptide,fr,Polypeptide,0,1,polypeptides,EP-4626912-A2
CHEBI:15841,polypeptide,fr,Polypeptide,0,1,polypeptides,WO-2025179050-A3
CHEBI:15841,polypeptide,fr,Polypeptide,0,1,polypeptides,WO-2025216635-A1
CHEBI:15841,polypeptide,fr,Polypeptide,0,1,polypeptides,WO-2021256954-A1
CHEBI:15841,polypeptide,fr,Polypeptide,0,1,polypeptides,WO-2025042305-A1
CHEBI:15841,polypeptide,fr,Polypeptide,0,1,polypeptides,WO-2025212757-A2
CHEBI:15841,polypeptide,fr,Polypeptide,0,1,polypeptides,WO-2025215516-A1
CHEBI:15841,polypeptide,fr,Polypeptide,0,1,polypeptides,WO-2025210003-A1
CHEBI:15841,polypeptide,fr,Polypeptide,0,1,polypeptides,WO-2025217058-A1
CHEBI:15841,polypeptide,fr,Polypeptide,0,1,polypeptides,WO-2025185523-A8
CHEBI:15841,polypeptide,fr,Polypeptide,0,1,polypeptides,WO-2025186317-A8
CHEBI:15841,polypeptide,fr,Polypeptide,0,1,polypeptides,WO-2023191651-A1
CHEBI:15841,polypeptide,fr,Polypeptide,0,1,polypeptides,EP-4633660-A1
CHEBI:15841,polypeptide,fr,Polypeptide,0,1,polypeptides,EP-4630459-A1
CHEBI:15841,polypeptide,fr,Polypeptide,0,1,polypeptides,WO-2025217063-A1
CHEBI:18154,polysaccharide,fr,Polysaccharide,0,1,polysaccharides,WO-2025202860-A1
CHEBI:18154,polysaccharide,fr,Polysaccharide,0,1,polysaccharides,WO-2025147223-A3
CHEBI:18154,polysaccharide,fr,Polysaccharide,0,1,polysaccharides,EP-4630053-A1
CHEBI:18154,polysaccharide,fr,Polysaccharide,0,1,polysaccharides,WO-2025187027-A1
CHEBI:18154,polysaccharide,fr,Polysaccharide,0,1,polysaccharides,EP-4590265-A1
CHEBI:18154,polysaccharide,fr,Polysaccharide,0,1,polysaccharides,EP-4522696-A1
CHEBI:18154,polysaccharide,fr,Polysaccharide,0,1,polysaccharides,WO-2025187027-A8
CHEBI:18154,polysaccharide,fr,Polysaccharide,0,1,polysaccharides,EP-4626972-A1
CHEBI:18154,polysaccharide,fr,Polysaccharide,0,1,polysaccharides,WO-2025200075-A1
CHEBI:18154,polysaccharide,fr,Polysaccharide,0,1,polysaccharides,WO-2025207116-A1
CHEBI:18154,polysaccharide,fr,Polysaccharide,0,1,polysaccharides,WO-2023018345-A1
CHEBI:53424,polysorbate 20,fr,Monolaurate de polyoxyéthylène sorbitane,0,1,Tween 20,WO-2025216712-A1
CHEBI:53424,polysorbate 20,fr,Monolaurate de polyoxyéthylène sorbitane,0,1,polysorbate 20,WO-2024123214-A1
CHEBI:28831,propan-1-ol,fr,Propan-1-ol,0,1,N-PROPANOL,WO-2025216765-A1
CHEBI:28831,propan-1-ol,fr,Propan-1-ol,0,1,Propanol,EP-4626851-A1
CHEBI:28831,propan-1-ol,fr,Propan-1-ol,0,1,N-PROPANOL,WO-2025005825-A1
CHEBI:28831,propan-1-ol,fr,Propan-1-ol,0,1,Propanol,WO-2025131407-A1
CHEBI:28831,propan-1-ol,fr,Propan-1-ol,0,1,Propanol,WO-2024155213-A1
CHEBI:28831,propan-1-ol,fr,Propan-1-ol,0,1,Propanol,EP-4626850-A1
CHEBI:17824,propan-2-ol,fr,Alcool isopropylique,0,1,Isopropanol,WO-2024091145-A1
CHEBI:16109,"propane-1,3-diol",fr,"Propane-1,3-diol",0,1,"1,3-Propanediol",WO-2025217011-A1
CHEBI:45422,propionamide,fr,Propanamide,0,1,propionamide,WO-2025208260-A1
CHEBI:35584,purine,fr,Purine,0,1,Purin,WO-2025146512-A1
CHEBI:36592,pyrrolidin-2-one,fr,2-Pyrrolidone,0,1,Pyrrolidone,WO-2025206106-A1
CHEBI:46727,quartz,fr,Quartz (minéral),0,1,quartz,WO-2025214373-A1
CHEBI:46727,quartz,fr,Quartz (minéral),0,1,quartz,WO-2025215729-A1
CHEBI:46727,quartz,fr,Quartz (minéral),0,1,quartz,WO-2025056114-A4
CHEBI:46727,quartz,fr,Quartz (minéral),0,1,quartz,EP-4587624-A1
CHEBI:46727,quartz,fr,Quartz (minéral),0,1,quartz,WO-2025082559-A1
CHEBI:46727,quartz,fr,Quartz (minéral),0,1,quartz,WO-2025054691-A1
CHEBI:46727,quartz,fr,Quartz (minéral),0,1,quartz,WO-2022035357-A1
CHEBI:46727,quartz,fr,Quartz (minéral),0,1,quartz,WO-2025202529-A1
CHEBI:46727,quartz,fr,Quartz (minéral),0,1,quartz,WO-2025056114-A1
CHEBI:46727,quartz,fr,Quartz (minéral),0,1,quartz,WO-2025169736-A1
CHEBI:46727,quartz,fr,Quartz (minéral),0,1,quartz,WO-2025201936-A1
CHEBI:46727,quartz,fr,Quartz (minéral),0,1,quartz,WO-2022098221-A1
CHEBI:46727,quartz,fr,Quartz (minéral),0,1,quartz,EP-4587623-A1
CHEBI:46727,quartz,fr,Quartz (minéral),0,1,quartz,WO-2025154884-A1
CHEBI:46727,quartz,fr,Quartz (minéral),0,1,quartz,WO-2025087487-A1
CHEBI:46727,quartz,fr,Quartz (minéral),0,1,quartz,WO-2025155015-A1
CHEBI:46727,quartz,fr,Quartz (minéral),0,1,quartz,EP-4562076-A1
CHEBI:46727,quartz,fr,Quartz (minéral),0,1,quartz,WO-2024248651-A1
CHEBI:46727,quartz,fr,Quartz (minéral),0,1,quartz,WO-2024108284-A1
CHEBI:46727,quartz,fr,Quartz (minéral),0,1,quartz,WO-2025061248-A1
CHEBI:46727,quartz,fr,Quartz (minéral),0,1,quartz,WO-2025203099-A1
CHEBI:46727,quartz,fr,Quartz (minéral),0,1,quartz,WO-2024158271-A1
CHEBI:26519,radical,fr,Radical (chimie),0,1,radical,WO-2025131826-A1
CHEBI:26519,radical,fr,Radical (chimie),0,1,radical,WO-2025124794-A1
CHEBI:26519,radical,fr,Radical (chimie),0,1,radical,WO-2025124777-A1
CHEBI:26519,radical,fr,Radical (chimie),0,1,radical,EP-4526383-A1
CHEBI:26519,radical,fr,Radical (chimie),0,1,radical,EP-4626972-A1
CHEBI:26519,radical,fr,Radical (chimie),0,1,radical,WO-2025176739-A1
CHEBI:26519,radical,fr,Radical (chimie),0,1,radical,WO-2025190932-A1
CHEBI:26519,radical,fr,Radical (chimie),0,1,radical,WO-2025207879-A2
CHEBI:26519,radical,fr,Radical (chimie),0,1,radical,EP-4581089-A2
CHEBI:26519,radical,fr,Radical (chimie),0,1,radical,WO-2025114214-A1
CHEBI:26519,radical,fr,Radical (chimie),0,1,radical,WO-2025205559-A1
CHEBI:26519,radical,fr,Radical (chimie),0,1,radical,WO-2021225462-A1
CHEBI:26519,radical,fr,Radical (chimie),0,1,radical,WO-2025205553-A1
CHEBI:26519,radical,fr,Radical (chimie),0,1,radical,EP-4627345-A1
CHEBI:26519,radical,fr,Radical (chimie),0,1,radical,WO-2025202500-A1
CHEBI:26519,radical,fr,Radical (chimie),0,1,radical,WO-2025166856-A9
CHEBI:26519,radical,fr,Radical (chimie),0,1,radical,EP-4623052-A1
CHEBI:26519,radical,fr,Radical (chimie),0,1,radical,WO-2025182127-A1
CHEBI:33325,radium atom,fr,Radium,0,1,radio,WO-2025204788-A1
CHEBI:33325,radium atom,fr,Radium,0,1,radio,WO-2025187293-A8
CHEBI:33325,radium atom,fr,Radium,0,1,radio,WO-2025206355-A1
CHEBI:33325,radium atom,fr,Radium,0,1,radio,WO-2025177750-A1
CHEBI:33325,radium atom,fr,Radium,0,1,radio,WO-2025171497-A1
CHEBI:33325,radium atom,fr,Radium,0,1,radio,WO-2025204829-A1
CHEBI:145994,remdesivir,fr,Remdésivir,0,1,remdesivir,WO-2022039619-A1
CHEBI:87665,rosanilin,fr,Fuchsine,0,1,magenta,EP-4630493-A1
CHEBI:28790,serotonin,fr,Sérotonine,0,1,5-Hydroxytryptamine,EP-4626437-A1
CHEBI:29389,silane,fr,Silane (composé),0,1,silane,WO-2025207144-A1
CHEBI:29389,silane,fr,Silane (composé),0,1,silane,WO-2025170061-A1
CHEBI:29389,silane,fr,Silane (composé),0,1,silane,WO-2025083292-A1
CHEBI:29389,silane,fr,Silane (composé),0,1,silane,WO-2025187386-A8
CHEBI:29389,silane,fr,Silane (composé),0,1,silane,EP-4623453-A1
CHEBI:29389,silane,fr,Silane (composé),0,1,silane,WO-2025170042-A1
CHEBI:29389,silane,fr,Silane (composé),0,1,silane,EP-4629958-A1
CHEBI:29389,silane,fr,Silane (composé),0,1,silane,WO-2025217238-A1
CHEBI:29389,silane,fr,Silane (composé),0,1,silane,WO-2025187628-A1
CHEBI:29389,silane,fr,Silane (composé),0,1,silane,WO-2025182551-A1
CHEBI:29389,silane,fr,Silane (composé),0,1,silane,WO-2025206114-A1
CHEBI:29389,silane,fr,Silane (composé),0,1,silane,WO-2025187578-A1
CHEBI:29389,silane,fr,Silane (composé),0,1,silane,WO-2025031580-A1
CHEBI:29389,silane,fr,Silane (composé),0,1,silane,WO-2025186467-A8
CHEBI:29389,silane,fr,Silane (composé),0,1,silane,WO-2025158996-A1
CHEBI:29389,silane,fr,Silane (composé),0,1,silane,WO-2025176474-A1
CHEBI:29389,silane,fr,Silane (composé),0,1,silane,WO-2025201827-A1
CHEBI:29389,silane,fr,Silane (composé),0,1,silane,WO-2025215889-A1
CHEBI:29389,silane,fr,Silane (composé),0,1,silane,WO-2025182552-A1
CHEBI:29389,silane,fr,Silane (composé),0,1,silane,WO-2025205587-A1
CHEBI:29389,silane,fr,Silane (composé),0,1,silane,WO-2025213540-A1
CHEBI:29389,silane,fr,Silane (composé),0,1,silane,WO-2025188728-A8
CHEBI:29389,silane,fr,Silane (composé),0,1,silane,WO-2025206116-A1
CHEBI:29389,silane,fr,Silane (composé),0,1,silane,WO-2025188160-A8
CHEBI:29389,silane,fr,Silane (composé),0,1,silane,WO-2025206115-A1
CHEBI:29389,silane,fr,Silane (composé),0,1,silane,WO-2025040679-A1
CHEBI:29389,silane,fr,Silane (composé),0,1,silane,WO-2025186216-A8
CHEBI:29389,silane,fr,Silane (composé),0,1,silane,WO-2025177595-A1
CHEBI:29389,silane,fr,Silane (composé),0,1,silane,WO-2025205588-A1
CHEBI:29389,silane,fr,Silane (composé),0,1,silane,WO-2025206113-A1
CHEBI:29389,silane,fr,Silane (composé),0,1,silane,WO-2025173458-A1
CHEBI:29389,silane,fr,Silane (composé),0,1,silane,WO-2025170062-A1
CHEBI:29389,silane,fr,Silane (composé),0,1,silane,EP-4558538-A1
CHEBI:29389,silane,fr,Silane (composé),0,1,silane,WO-2025187628-A8
CHEBI:29389,silane,fr,Silane (composé),0,1,silane,WO-2025204658-A1
CHEBI:29389,silane,fr,Silane (composé),0,1,silane,WO-2025205181-A1
CHEBI:29389,silane,fr,Silane (composé),0,1,silane,WO-2025184767-A8
CHEBI:29389,silane,fr,Silane (composé),0,1,silane,WO-2025209187-A1
CHEBI:29389,silane,fr,Silane (composé),0,1,silane,EP-4630381-A1
CHEBI:29389,silane,fr,Silane (composé),0,1,silane,WO-2025187578-A8
CHEBI:29389,silane,fr,Silane (composé),0,1,silane,EP-4558537-A1
CHEBI:29389,silane,fr,Silane (composé),0,1,silane,WO-2025202053-A1
CHEBI:29389,silane,fr,Silane (composé),0,1,silane,WO-2025164483-A1
CHEBI:29389,silane,fr,Silane (composé),0,1,silane,WO-2025203629-A1
CHEBI:29389,silane,fr,Silane (composé),0,1,silane,EP-4605483-A1
CHEBI:29389,silane,fr,Silane (composé),0,1,silane,WO-2025186840-A8
CHEBI:29389,silane,fr,Silane (composé),0,1,silane,WO-2025206117-A1
CHEBI:29389,silane,fr,Silane (composé),0,1,silane,WO-2025206178-A1
CHEBI:29389,silane,fr,Silane (composé),0,1,silane,EP-4634320-A1
CHEBI:29389,silane,fr,Silane (composé),0,1,silane,WO-2025206237-A1
CHEBI:29389,silane,fr,Silane (composé),0,1,silane,WO-2025045754-A1
CHEBI:29389,silane,fr,Silane (composé),0,1,silane,WO-2025159159-A1
CHEBI:29389,silane,fr,Silane (composé),0,1,silane,WO-2025197740-A1
CHEBI:29389,silane,fr,Silane (composé),0,1,silane,WO-2025186296-A8
CHEBI:29389,silane,fr,Silane (composé),0,1,silane,WO-2025188720-A8
CHEBI:29389,silane,fr,Silane (composé),0,1,silane,WO-2025204657-A1
CHEBI:29389,silane,fr,Silane (composé),0,1,silane,WO-2025205589-A1
CHEBI:29389,silane,fr,Silane (composé),0,1,silane,WO-2025188160-A1
CHEBI:29389,silane,fr,Silane (composé),0,1,silane,WO-2025170045-A1
CHEBI:29389,silane,fr,Silane (composé),0,1,silane,WO-2025170050-A1
CHEBI:29389,silane,fr,Silane (composé),0,1,silane,WO-2025206179-A1
CHEBI:30563,silicon dioxide,fr,Verre de quartz,0,1,SiO2,WO-2025199599-A1
CHEBI:30563,silicon dioxide,fr,Verre de quartz,0,1,SiO2,WO-2025212070-A1
CHEBI:30563,silicon dioxide,fr,Verre de quartz,0,1,SiO2,WO-2025213092-A1
CHEBI:30563,silicon dioxide,fr,Verre de quartz,0,1,SiO2,EP-4493528-A1
CHEBI:30563,silicon dioxide,fr,Verre de quartz,0,1,SiO2,EP-4587402-A1
CHEBI:30563,silicon dioxide,fr,Verre de quartz,0,1,SiO2,WO-2025073418-A1
CHEBI:30563,silicon dioxide,fr,Verre de quartz,0,1,SiO2,WO-2025073557-A1
CHEBI:30563,silicon dioxide,fr,Verre de quartz,0,1,SiO2,WO-2025206152-A1
CHEBI:30563,silicon dioxide,fr,Verre de quartz,0,1,SiO2,WO-2022098221-A1
CHEBI:30563,silicon dioxide,fr,Verre de quartz,0,1,SiO2,WO-2025116770-A1
CHEBI:30563,silicon dioxide,fr,Verre de quartz,0,1,SiO2,WO-2024014993-A1
CHEBI:30563,silicon dioxide,fr,Verre de quartz,0,1,SiO2,WO-2025133002-A1
CHEBI:48138,siloxane,fr,Siloxane,0,1,siloxanes,WO-2025077974-A3
CHEBI:48138,siloxane,fr,Siloxane,0,1,siloxanes,WO-2025077974-A2
CHEBI:50985,sodium borohydride,fr,Boranate de sodium,0,1,borohydrure de sodium,WO-2025103552-A1
CHEBI:50985,sodium borohydride,fr,Boranate de sodium,0,1,borohydrure de sodium,WO-2019057262-A1
CHEBI:29377,sodium carbonate,fr,Carbonate de sodium,0,1,Na2CO3,WO-2023038541-A1
CHEBI:26710,sodium chloride,fr,Chlorure de sodium,0,1,NaCl,EP-4518686-A1
CHEBI:26710,sodium chloride,fr,Chlorure de sodium,0,1,NaCl,EP-4630398-A1
CHEBI:26710,sodium chloride,fr,Chlorure de sodium,0,1,NaCl,WO-2024210763-A1
CHEBI:4674,sodium docusate,fr,Docusate de sodium,0,1,docusate,WO-2025202837-A1
CHEBI:32145,sodium hydroxide,fr,Hydroxyde de sodium,0,1,soude caustique,WO-2025089983-A1
CHEBI:32145,sodium hydroxide,fr,Hydroxyde de sodium,0,1,soude caustique,WO-2025189053-A8
CHEBI:32145,sodium hydroxide,fr,Hydroxyde de sodium,0,1,NaOH,WO-2023038541-A1
CHEBI:32145,sodium hydroxide,fr,Hydroxyde de sodium,0,1,NaOH,WO-2022173335-A1
CHEBI:32145,sodium hydroxide,fr,Hydroxyde de sodium,0,1,NaOH,WO-2025190720-A1
CHEBI:32145,sodium hydroxide,fr,Hydroxyde de sodium,0,1,NaOH,WO-2023222175-A1
CHEBI:32145,sodium hydroxide,fr,Hydroxyde de sodium,0,1,NaOH,WO-2025208031-A1
CHEBI:32145,sodium hydroxide,fr,Hydroxyde de sodium,0,1,NaOH,WO-2025109154-A1
CHEBI:27452,styrene,fr,Styrène,0,1,Styrol,WO-2022255905-A1
CHEBI:17992,sucrose,fr,Saccharose,0,1,sucrose,EP-4630570-A1
CHEBI:29312,sulfanyl,fr,Sulfanyle,0,1,mercapto,WO-2025182955-A1
CHEBI:29312,sulfanyl,fr,Sulfanyle,0,1,mercapto,EP-4630513-A2
CHEBI:29312,sulfanyl,fr,Sulfanyle,0,1,mercapto,WO-2025211336-A1
CHEBI:29312,sulfanyl,fr,Sulfanyle,0,1,mercapto,EP-4634314-A1
CHEBI:26820,sulfates,fr,Sulfate,0,1,sulfates,EP-4630443-A1
CHEBI:26820,sulfates,fr,Sulfate,0,1,sulfates,WO-2023018358-A1
CHEBI:26820,sulfates,fr,Sulfate,0,1,sulfates,EP-4584303-A1
CHEBI:26820,sulfates,fr,Sulfate,0,1,sulfates,WO-2025191750-A1
CHEBI:26820,sulfates,fr,Sulfate,0,1,sulfates,WO-2025217343-A1
CHEBI:26820,sulfates,fr,Sulfate,0,1,sulfates,WO-2025186706-A8
CHEBI:26820,sulfates,fr,Sulfate,0,1,sulfates,EP-4623113-A1
CHEBI:26820,sulfates,fr,Sulfate,0,1,sulfates,WO-2025217166-A1
CHEBI:26823,sulfites,fr,Sulfite,0,1,sulfites,EP-4584303-A1
CHEBI:35358,sulfonamide,fr,Sulfamidé,0,1,sulfonamide,WO-2025211415-A1
CHEBI:35358,sulfonamide,fr,Sulfamidé,0,1,sulfonamide,WO-2025217506-A1
CHEBI:35358,sulfonamide,fr,Sulfamidé,0,1,sulfonamide,WO-2025213449-A1
CHEBI:35358,sulfonamide,fr,Sulfamidé,0,1,sulfonamide,WO-2025211416-A1
CHEBI:35358,sulfonamide,fr,Sulfamidé,0,1,sulfonamide,WO-2025209602-A1
CHEBI:29825,sulfonyl group,fr,Sulfuryle,0,1,sulfonyl,WO-2025212979-A1
CHEBI:26833,sulfur atom,fr,Soufre,0,1,Sulfur,WO-2023214899-A1
CHEBI:33348,tantalum atom,fr,Tantale (chimie),0,1,tantale,WO-2025215481-A1
CHEBI:33348,tantalum atom,fr,Tantale (chimie),0,1,tantale,WO-2021251847-A1
CHEBI:33348,tantalum atom,fr,Tantale (chimie),0,1,tantale,WO-2025078064-A1
CHEBI:33348,tantalum atom,fr,Tantale (chimie),0,1,tantale,WO-2022103295-A1
CHEBI:33348,tantalum atom,fr,Tantale (chimie),0,1,tantale,WO-2025180751-A1
CHEBI:33348,tantalum atom,fr,Tantale (chimie),0,1,tantale,WO-2021246908-A1
CHEBI:33348,tantalum atom,fr,Tantale (chimie),0,1,tantale,WO-2025026495-A1
CHEBI:33348,tantalum atom,fr,Tantale (chimie),0,1,tantale,WO-2025184977-A8
CHEBI:33348,tantalum atom,fr,Tantale (chimie),0,1,tantale,WO-2025214852-A1
CHEBI:33348,tantalum atom,fr,Tantale (chimie),0,1,tantale,WO-2025170375-A1
CHEBI:33348,tantalum atom,fr,Tantale (chimie),0,1,tantale,EP-4627128-A1
CHEBI:33348,tantalum atom,fr,Tantale (chimie),0,1,tantale,EP-4568800-A1
CHEBI:27385,tetrachloromethane,fr,Tétrachlorométhane,0,1,Tetra,WO-2024237773-A1
CHEBI:43732,thiazole,fr,Thiazole (molécule),0,1,thiazole,WO-2025215450-A1
CHEBI:43732,thiazole,fr,Thiazole (molécule),0,1,thiazole,WO-2025164346-A1
CHEBI:29256,thiol,fr,Thiol,0,1,Mercaptan,WO-2025216963-A1
CHEBI:29256,thiol,fr,Thiol,0,1,thiols,WO-2025206352-A1
CHEBI:29256,thiol,fr,Thiol,0,1,Mercaptan,WO-2025207914-A1
CHEBI:32234,titanium dioxide,fr,Dioxyde de titane,0,1,TiO2,WO-2024014993-A1
CHEBI:15724,trimethylamine N-oxide,fr,Oxyde de triméthylamine,0,1,TMAO,WO-2024196339-A1
CHEBI:27136,triol,fr,Triol,0,1,triols,WO-2023224593-A1
CHEBI:39949,triphosphoric acid,fr,Acide triphosphorique,0,1,Triphosphate,WO-2025211755-A1
CHEBI:39949,triphosphoric acid,fr,Acide triphosphorique,0,1,Triphosphate,WO-2025183217-A1
CHEBI:39949,triphosphoric acid,fr,Acide triphosphorique,0,1,Triphosphate,WO-2025217271-A1
CHEBI:39949,triphosphoric acid,fr,Acide triphosphorique,0,1,Triphosphate,WO-2025206261-A1
CHEBI:27150,trisaccharide,fr,Triholoside,0,1,trisaccharide,WO-2025215936-A1
CHEBI:27214,uranium atom,fr,Hydrure d'uranium(III),0,1,uranium,WO-2022240311-A1
CHEBI:27214,uranium atom,fr,Hydrure d'uranium(III),0,1,uranium,WO-2025202333-A1
CHEBI:49936,uranium(0),fr,Hydrure d'uranium(III),0,1,uranium,WO-2022240311-A1
CHEBI:49936,uranium(0),fr,Hydrure d'uranium(III),0,1,uranium,WO-2025202333-A1
CHEBI:16199,urea,fr,Urée,0,1,Carbamide,WO-2024172703-A1
CHEBI:16199,urea,fr,Urée,0,1,Carbamide,EP-4630123-A1
CHEBI:16199,urea,fr,Urée,0,1,Carbamide,WO-2025193130-A1
CHEBI:16199,urea,fr,Urée,0,1,Carbamide,WO-2025007163-A1
CHEBI:16199,urea,fr,Urée,0,1,Carbamide,WO-2023214897-A1
CHEBI:16199,urea,fr,Urée,0,1,Carbamide,WO-2023068964-A1
CHEBI:16199,urea,fr,Urée,0,1,Carbamide,WO-2025155218-A1
CHEBI:16199,urea,fr,Urée,0,1,Carbamide,WO-2025144083-A1
CHEBI:16199,urea,fr,Urée,0,1,Carbamide,EP-4629959-A1
CHEBI:37603,vinyl group,fr,Vinyle,0,1,vinyl,EP-4634247-A1
CHEBI:37603,vinyl group,fr,Vinyle,0,1,vinyl,WO-2025204580-A1
CHEBI:33229,vitamin (role),fr,Vitamine,0,1,vitamines,WO-2025151941-A1
CHEBI:33229,vitamin (role),fr,Vitamine,0,1,vitamines,WO-2025151942-A1
CHEBI:33229,vitamin (role),fr,Vitamine,0,1,vitamines,EP-4633381-A1
CHEBI:33229,vitamin (role),fr,Vitamine,0,1,vitamines,WO-2023234809-A1
CHEBI:33229,vitamin (role),fr,Vitamine,0,1,vitamines,WO-2023215958-A1
CHEBI:33229,vitamin (role),fr,Vitamine,0,1,vitamines,WO-2022216176-A1
CHEBI:33229,vitamin (role),fr,Vitamine,0,1,vitamines,WO-2025151943-A1
CHEBI:33229,vitamin (role),fr,Vitamine,0,1,vitamines,WO-2025213012-A1
CHEBI:33229,vitamin (role),fr,Vitamine,0,1,vitamines,WO-2025107048-A1
