model,query_id,query_language,mode,strategy,is_synthetic_translation,recall_at_10,rr_at_10,hit_at_10,n_relevant
BAAI/bge-m3,4253488_en_q_en,en,technical,random,False,0.66667,0.125,1,3
BAAI/bge-m3,4240657_en_q_en,en,technical,random,False,1.0,1.0,1,3
BAAI/bge-m3,4392158_fr_q_fr,fr,technical,random,False,0.66667,1.0,1,3
BAAI/bge-m3,4042883_en_q_en,en,technical,random,False,0.0,0.0,0,3
BAAI/bge-m3,3938339_en_q_en,en,technical,random,False,0.33333,0.125,1,3
BAAI/bge-m3,4142732_en_q_en,en,technical,random,False,0.66667,0.5,1,3
BAAI/bge-m3,3741850_de_q_de,de,technical,random,False,0.0,0.0,0,3
BAAI/bge-m3,4499761_fr_q_fr,fr,technical,random,False,1.0,1.0,1,3
BAAI/bge-m3,4447705_en_q_en,en,technical,random,False,0.66667,0.5,1,3
BAAI/bge-m3,4063613_fr_q_fr,fr,technical,random,False,0.0,0.0,0,3
BAAI/bge-m3,3923379_fr_q_fr,fr,technical,random,False,0.0,0.0,0,3
BAAI/bge-m3,4061310_fr_q_fr,fr,technical,random,False,1.0,1.0,1,3
BAAI/bge-m3,4464499_fr_q_fr,fr,technical,random,False,0.0,0.0,0,3
BAAI/bge-m3,4293769_en_q_en,en,technical,random,False,0.33333,0.2,1,3
BAAI/bge-m3,3528870_fr_q_fr,fr,technical,random,False,1.0,1.0,1,3
BAAI/bge-m3,3493685_en_q_en,en,technical,random,False,1.0,1.0,1,3
BAAI/bge-m3,4240898_de_q_de,de,technical,random,False,0.0,0.0,0,3
BAAI/bge-m3,4194223_en_q_en,en,technical,random,False,0.0,0.0,0,3
BAAI/bge-m3,3883940_en_q_en,en,technical,random,False,1.0,1.0,1,3
BAAI/bge-m3,3254789_en_q_en,en,technical,random,False,0.0,0.0,0,3
BAAI/bge-m3,3861209_en_q_en,en,technical,random,False,0.33333,0.2,1,3
BAAI/bge-m3,3936133_fr_q_fr,fr,technical,random,False,1.0,0.5,1,3
BAAI/bge-m3,3807352_en_q_en,en,technical,random,False,0.66667,1.0,1,3
BAAI/bge-m3,3666912_fr_q_fr,fr,technical,random,False,1.0,1.0,1,3
BAAI/bge-m3,3283173_fr_q_fr,fr,technical,random,False,0.66667,1.0,1,3
BAAI/bge-m3,4384816_en_q_en,en,technical,random,False,1.0,1.0,1,3
BAAI/bge-m3,4402440_fr_q_fr,fr,technical,random_missing,False,1.0,1.0,1,3
BAAI/bge-m3,3271065_fr_q_fr,fr,technical,random_missing,False,0.0,0.0,0,3
BAAI/bge-m3,3240523_fr_q_fr,fr,technical,random_missing,False,0.0,0.0,0,3
BAAI/bge-m3,4338825_fr_q_fr,fr,technical,random_missing,False,0.33333,0.125,1,3
BAAI/bge-m3,4282901_de_q_de,de,technical,random_missing,False,0.66667,1.0,1,3
BAAI/bge-m3,3938345_de_q_de,de,technical,random_missing,False,0.66667,1.0,1,3
BAAI/bge-m3,4017634_de_q_de,de,technical,random_missing,False,0.33333,1.0,1,3
BAAI/bge-m3,4427808_en_q_en,en,technical,random_missing,False,1.0,1.0,1,3
BAAI/bge-m3,3602003_fr_q_fr,fr,technical,random_missing,False,0.0,0.0,0,3
BAAI/bge-m3,4307416_en_q_en,en,technical,random_missing,False,0.33333,0.2,1,3
BAAI/bge-m3,3704101_en_q_en,en,technical,random_missing,False,1.0,1.0,1,3
BAAI/bge-m3,4106028_fr_q_fr,fr,technical,random_missing,False,0.0,0.0,0,3
BAAI/bge-m3,4229345_de_q_de,de,technical,random_missing,False,0.0,0.0,0,3
BAAI/bge-m3,4525816_en_q_en,en,technical,random_missing,False,0.66667,1.0,1,3
BAAI/bge-m3,4131475_en_q_en,en,technical,random_missing,False,0.33333,0.14286,1,3
BAAI/bge-m3,4292702_en_q_en,en,technical,random_missing,False,0.33333,1.0,1,3
BAAI/bge-m3,3835063_de_q_de,de,technical,random_missing,False,0.66667,1.0,1,3
BAAI/bge-m3,4363430_de_q_de,de,technical,random_missing,False,0.33333,1.0,1,3
BAAI/bge-m3,3602031_en_q_en,en,technical,random_missing,False,0.0,0.0,0,3
BAAI/bge-m3,3950654_fr_q_fr,fr,technical,random_missing,False,0.33333,0.33333,1,3
BAAI/bge-m3,4586953_de_q_de,de,technical,random_missing,False,0.66667,1.0,1,3
BAAI/bge-m3,3590547_de_q_de,de,technical,random_missing,False,0.33333,0.5,1,3
BAAI/bge-m3,3580358_de_q_de,de,technical,random_missing,False,1.0,1.0,1,3
BAAI/bge-m3,2828317_en_q_en,en,technical,random_missing,False,0.0,0.0,0,3
BAAI/bge-m3,3847566_en_q_en,en,technical,random_existing,False,1.0,1.0,1,3
BAAI/bge-m3,4496051_de_q_de,de,technical,random_existing,False,0.0,0.0,0,3
BAAI/bge-m3,4108708_de_q_de,de,technical,random_existing,False,1.0,1.0,1,3
BAAI/bge-m3,4417557_de_q_de,de,technical,random_missing,False,1.0,1.0,1,3
BAAI/bge-m3,4426701_de_q_de,de,technical,random_existing,False,0.0,0.0,0,3
BAAI/bge-m3,3381434_fr_q_fr,fr,technical,random_existing,False,0.0,0.0,0,3
BAAI/bge-m3,4271978_fr_q_fr,fr,technical,random_existing,False,0.0,0.0,0,3
BAAI/bge-m3,4556422_en_q_en,en,technical,random_existing,False,0.0,0.0,0,3
BAAI/bge-m3,3365356_en_q_en,en,technical,random_existing,False,1.0,1.0,1,3
BAAI/bge-m3,4322294_fr_q_fr,fr,technical,random_existing,False,0.33333,0.125,1,3
BAAI/bge-m3,4543666_fr_q_fr,fr,technical,random_existing,False,1.0,0.5,1,3
BAAI/bge-m3,4388059_fr_q_fr,fr,technical,random_existing,False,1.0,1.0,1,3
BAAI/bge-m3,3854885_de_q_de,de,technical,random_existing,False,1.0,1.0,1,3
BAAI/bge-m3,4022033_fr_q_fr,fr,technical,random_existing,False,0.0,0.0,0,3
BAAI/bge-m3,4565069_en_q_en,en,technical,random_existing,False,0.0,0.0,0,3
BAAI/bge-m3,3732246_de_q_de,de,technical,random_existing,False,0.0,0.0,0,3
BAAI/bge-m3,4578891_fr_q_fr,fr,technical,random_existing,False,0.0,0.0,0,3
BAAI/bge-m3,4109587_en_q_en,en,technical,random_existing,False,0.0,0.0,0,3
BAAI/bge-m3,4281583_en_q_en,en,technical,random_existing,False,0.0,0.0,0,3
BAAI/bge-m3,4312783_en_q_en,en,technical,random_existing,False,0.0,0.0,0,3
BAAI/bge-m3,3955901_fr_q_fr,fr,technical,random_existing,False,0.0,0.0,0,3
BAAI/bge-m3,4246147_en_q_en,en,technical,random_existing,False,1.0,1.0,1,3
BAAI/bge-m3,3560355_en_q_en,en,technical,random_existing,False,0.33333,1.0,1,3
BAAI/bge-m3,3845687_en_q_en,en,technical,random_existing,False,1.0,1.0,1,3
BAAI/bge-m3,3634441_de_q_de,de,technical,random_existing,False,1.0,1.0,1,3
BAAI/bge-m3,4497505_de_q_de,de,technical,random_existing,False,0.0,0.0,0,3
BAAI/bge-m3,3794949_en_q_en,en,technical,all,False,0.0,0.0,0,3
BAAI/bge-m3,3794949_de_q_de,de,technical,all,False,0.0,0.0,0,3
BAAI/bge-m3,3794949_fr_q_fr,fr,technical,all,False,0.66667,0.16667,1,3
BAAI/bge-m3,4455101_en_q_en,en,technical,all,False,0.66667,1.0,1,3
BAAI/bge-m3,4455101_de_q_de,de,technical,all,False,0.66667,0.5,1,3
BAAI/bge-m3,4455101_fr_q_fr,fr,technical,all,False,0.66667,1.0,1,3
BAAI/bge-m3,4013392_en_q_en,en,technical,all,False,0.0,0.0,0,3
BAAI/bge-m3,4013392_de_q_de,de,technical,all,False,1.0,1.0,1,3
BAAI/bge-m3,4013392_fr_q_fr,fr,technical,all,False,0.0,0.0,0,3
BAAI/bge-m3,3841130_en_q_en,en,technical,all,False,1.0,1.0,1,3
BAAI/bge-m3,3841130_de_q_de,de,technical,all,False,1.0,1.0,1,3
BAAI/bge-m3,3841130_fr_q_fr,fr,technical,all,False,1.0,1.0,1,3
BAAI/bge-m3,4351302_en_q_en,en,technical,all,False,0.0,0.0,0,3
BAAI/bge-m3,4351302_de_q_de,de,technical,all,False,0.0,0.0,0,3
BAAI/bge-m3,4351302_fr_q_fr,fr,technical,all,False,0.0,0.0,0,3
BAAI/bge-m3,3582794_en_q_en,en,technical,all,False,1.0,1.0,1,3
BAAI/bge-m3,3582794_de_q_de,de,technical,all,False,0.66667,1.0,1,3
BAAI/bge-m3,3582794_fr_q_fr,fr,technical,all,False,1.0,1.0,1,3
BAAI/bge-m3,3988670_de_q_de,de,semantic,random,False,0.66667,1.0,1,3
BAAI/bge-m3,3842409_de_q_de,de,semantic,random,False,0.66667,1.0,1,3
BAAI/bge-m3,4424422_en_q_en,en,technical,all,False,0.33333,1.0,1,3
BAAI/bge-m3,4424422_de_q_de,de,technical,all,False,0.33333,1.0,1,3
BAAI/bge-m3,4424422_fr_q_fr,fr,technical,all,False,0.0,0.0,0,3
BAAI/bge-m3,4040152_en_q_en,en,technical,all,False,0.33333,0.33333,1,3
BAAI/bge-m3,4040152_de_q_de,de,technical,all,False,0.66667,0.125,1,3
BAAI/bge-m3,4040152_fr_q_fr,fr,technical,all,False,0.33333,0.33333,1,3
BAAI/bge-m3,4431202_de_q_de,de,semantic,random,False,1.0,1.0,1,3
BAAI/bge-m3,4317376_fr_q_fr,fr,semantic,random,False,0.0,0.0,0,3
BAAI/bge-m3,4556196_en_q_en,en,semantic,random,False,0.66667,1.0,1,3
BAAI/bge-m3,4037081_de_q_de,de,semantic,random,False,0.66667,1.0,1,3
BAAI/bge-m3,4435064_de_q_de,de,semantic,random,False,0.33333,1.0,1,3
BAAI/bge-m3,4054003_en_q_en,en,semantic,random,False,1.0,1.0,1,3
BAAI/bge-m3,4298280_fr_q_fr,fr,semantic,random,False,1.0,1.0,1,3
BAAI/bge-m3,3503879_de_q_de,de,semantic,random,False,1.0,1.0,1,3
BAAI/bge-m3,4415919_fr_q_fr,fr,semantic,random,False,1.0,1.0,1,3
BAAI/bge-m3,3283174_fr_q_fr,fr,semantic,random,False,0.66667,0.2,1,3
BAAI/bge-m3,4370235_en_q_en,en,semantic,random,False,0.0,0.0,0,3
BAAI/bge-m3,4658693_fr_q_fr,fr,semantic,random,False,0.66667,0.2,1,3
BAAI/bge-m3,3916900_fr_q_fr,fr,semantic,random,False,0.0,0.0,0,3
BAAI/bge-m3,4250413_fr_q_fr,fr,semantic,random,False,0.66667,1.0,1,3
BAAI/bge-m3,3883534_fr_q_fr,fr,semantic,random,False,1.0,1.0,1,3
BAAI/bge-m3,4086994_en_q_en,en,semantic,random,False,0.33333,1.0,1,3
BAAI/bge-m3,4468440_en_q_en,en,semantic,random,False,1.0,1.0,1,3
BAAI/bge-m3,4200057_fr_q_fr,fr,semantic,random,False,0.33333,1.0,1,3
BAAI/bge-m3,4551428_en_q_en,en,semantic,random,False,1.0,1.0,1,3
BAAI/bge-m3,3389403_fr_q_fr,fr,semantic,random,False,0.33333,1.0,1,3
BAAI/bge-m3,4334021_de_q_de,de,semantic,random,False,1.0,1.0,1,3
BAAI/bge-m3,3926328_fr_q_fr,fr,semantic,random_missing,False,0.33333,0.33333,1,3
BAAI/bge-m3,3713925_en_q_en,en,semantic,random_missing,False,1.0,1.0,1,3
BAAI/bge-m3,4083560_fr_q_fr,fr,semantic,random,False,1.0,1.0,1,3
BAAI/bge-m3,4142000_de_q_de,de,semantic,random,False,1.0,1.0,1,3
BAAI/bge-m3,4134085_fr_q_fr,fr,semantic,random_missing,False,0.33333,0.125,1,3
BAAI/bge-m3,4370897_en_q_en,en,semantic,random_missing,False,1.0,1.0,1,3
BAAI/bge-m3,3577132_en_q_en,en,semantic,random_missing,False,0.0,0.0,0,3
BAAI/bge-m3,3702482_en_q_en,en,semantic,random_missing,False,1.0,1.0,1,3
BAAI/bge-m3,4358246_de_q_de,de,semantic,random_missing,False,1.0,0.5,1,3
BAAI/bge-m3,3759170_en_q_en,en,semantic,random_missing,False,0.33333,0.2,1,3
BAAI/bge-m3,3856696_de_q_de,de,semantic,random_missing,False,0.66667,0.2,1,3
BAAI/bge-m3,4345306_de_q_de,de,semantic,random_missing,False,1.0,1.0,1,3
BAAI/bge-m3,4259472_de_q_de,de,semantic,random_missing,False,0.66667,0.5,1,3
BAAI/bge-m3,3747538_en_q_en,en,semantic,random_missing,False,1.0,1.0,1,3
BAAI/bge-m3,4514593_fr_q_fr,fr,semantic,random_missing,False,1.0,1.0,1,3
BAAI/bge-m3,4561927_de_q_de,de,semantic,random_missing,False,0.33333,1.0,1,3
BAAI/bge-m3,3827810_fr_q_fr,fr,semantic,random_missing,False,0.66667,1.0,1,3
BAAI/bge-m3,4228070_de_q_de,de,semantic,random_missing,False,1.0,0.25,1,3
BAAI/bge-m3,4276075_en_q_en,en,semantic,random_missing,False,1.0,1.0,1,3
BAAI/bge-m3,3828985_fr_q_fr,fr,semantic,random_missing,False,0.0,0.0,0,3
BAAI/bge-m3,3887359_fr_q_fr,fr,semantic,random_missing,False,0.0,0.0,0,3
BAAI/bge-m3,3927453_de_q_de,de,semantic,random_missing,False,0.33333,1.0,1,3
BAAI/bge-m3,4654331_en_q_en,en,semantic,random_missing,False,0.33333,1.0,1,3
BAAI/bge-m3,4145604_en_q_en,en,semantic,random_missing,False,0.0,0.0,0,3
BAAI/bge-m3,3825337_en_q_en,en,semantic,random_missing,False,1.0,1.0,1,3
BAAI/bge-m3,4317423_de_q_de,de,semantic,random_missing,False,0.66667,0.5,1,3
BAAI/bge-m3,4187683_fr_q_fr,fr,semantic,random_existing,False,0.33333,0.125,1,3
BAAI/bge-m3,4389713_de_q_de,de,semantic,random_existing,False,0.0,0.0,0,3
BAAI/bge-m3,4571323_fr_q_fr,fr,semantic,random_existing,False,1.0,1.0,1,3
BAAI/bge-m3,4232181_fr_q_fr,fr,semantic,random_existing,False,0.33333,0.125,1,3
BAAI/bge-m3,4403926_fr_q_fr,fr,semantic,random_existing,False,0.33333,0.2,1,3
BAAI/bge-m3,4596653_en_q_en,en,semantic,random_existing,False,0.66667,1.0,1,3
BAAI/bge-m3,4081117_fr_q_fr,fr,semantic,random_existing,False,0.0,0.0,0,3
BAAI/bge-m3,4578526_fr_q_fr,fr,semantic,random_existing,False,0.0,0.0,0,3
BAAI/bge-m3,4327072_de_q_de,de,semantic,random_existing,False,0.33333,0.5,1,3
BAAI/bge-m3,3479171_de_q_de,de,semantic,random_existing,False,0.66667,0.2,1,3
BAAI/bge-m3,4459271_de_q_de,de,semantic,random_existing,False,0.66667,0.16667,1,3
BAAI/bge-m3,3999056_en_q_en,en,semantic,random_existing,False,0.0,0.0,0,3
BAAI/bge-m3,4537120_en_q_en,en,semantic,random_existing,False,0.66667,1.0,1,3
BAAI/bge-m3,4375353_en_q_en,en,semantic,random_existing,False,1.0,1.0,1,3
BAAI/bge-m3,4254549_en_q_en,en,semantic,random_existing,False,0.66667,1.0,1,3
BAAI/bge-m3,3923380_de_q_de,de,semantic,random_existing,False,0.66667,0.5,1,3
BAAI/bge-m3,4043106_en_q_en,en,semantic,random_existing,False,1.0,1.0,1,3
BAAI/bge-m3,4495614_fr_q_fr,fr,semantic,random_existing,False,0.33333,0.33333,1,3
BAAI/bge-m3,4062896_fr_q_fr,fr,semantic,random_existing,False,1.0,1.0,1,3
BAAI/bge-m3,3600369_en_q_en,en,semantic,random_existing,False,1.0,1.0,1,3
BAAI/bge-m3,3630154_fr_q_fr,fr,semantic,random_existing,False,0.0,0.0,0,3
BAAI/bge-m3,3746074_en_q_en,en,semantic,random_existing,False,0.66667,1.0,1,3
BAAI/bge-m3,4530591_fr_q_fr,fr,semantic,random_existing,False,0.66667,0.33333,1,3
BAAI/bge-m3,3530728_de_q_de,de,semantic,random_existing,False,1.0,1.0,1,3
BAAI/bge-m3,4182375_de_q_de,de,semantic,random_existing,False,0.66667,1.0,1,3
BAAI/bge-m3,3930873_en_q_en,en,semantic,all,False,1.0,1.0,1,3
BAAI/bge-m3,3930873_de_q_de,de,semantic,all,False,1.0,1.0,1,3
BAAI/bge-m3,3930873_fr_q_fr,fr,semantic,all,False,0.66667,1.0,1,3
BAAI/bge-m3,4443170_en_q_en,en,semantic,all,False,0.66667,1.0,1,3
BAAI/bge-m3,4443170_de_q_de,de,semantic,all,False,1.0,1.0,1,3
BAAI/bge-m3,4443170_fr_q_fr,fr,semantic,all,False,1.0,1.0,1,3
BAAI/bge-m3,3842401_en_q_en,en,semantic,all,False,1.0,1.0,1,3
BAAI/bge-m3,3842401_de_q_de,de,semantic,all,False,0.66667,1.0,1,3
BAAI/bge-m3,3842401_fr_q_fr,fr,semantic,all,False,0.33333,1.0,1,3
BAAI/bge-m3,3861585_en_q_en,en,semantic,all,False,0.0,0.0,0,3
BAAI/bge-m3,3861585_de_q_de,de,semantic,all,False,0.33333,0.33333,1,3
BAAI/bge-m3,3861585_fr_q_fr,fr,semantic,all,False,0.66667,0.5,1,3
BAAI/bge-m3,3989943_en_q_en,en,semantic,all,False,1.0,1.0,1,3
BAAI/bge-m3,3989943_de_q_de,de,semantic,all,False,1.0,1.0,1,3
BAAI/bge-m3,3989943_fr_q_fr,fr,semantic,all,False,1.0,1.0,1,3
BAAI/bge-m3,4322318_en_q_en,en,semantic,all,False,0.66667,1.0,1,3
BAAI/bge-m3,4322318_de_q_de,de,semantic,all,False,0.33333,0.125,1,3
BAAI/bge-m3,4322318_fr_q_fr,fr,semantic,all,False,0.0,0.0,0,3
BAAI/bge-m3,4046659_en_q_en,en,semantic,all,False,0.66667,1.0,1,3
BAAI/bge-m3,4046659_de_q_de,de,semantic,all,False,0.0,0.0,0,3
BAAI/bge-m3,4046659_fr_q_fr,fr,semantic,all,False,0.66667,1.0,1,3
BAAI/bge-m3,4114919_en_q_en,en,semantic,all,False,1.0,1.0,1,3
BAAI/bge-m3,4114919_de_q_de,de,semantic,all,False,1.0,0.5,1,3
BAAI/bge-m3,4114919_fr_q_fr,fr,semantic,all,False,1.0,0.33333,1,3
cambridgeltl/SapBERT-UMLS-2020AB-all-lang-from-XLMR,4253488_en_q_en,en,technical,random,False,0.0,0.0,0,3
cambridgeltl/SapBERT-UMLS-2020AB-all-lang-from-XLMR,4240657_en_q_en,en,technical,random,False,1.0,1.0,1,3
cambridgeltl/SapBERT-UMLS-2020AB-all-lang-from-XLMR,4392158_fr_q_fr,fr,technical,random,False,1.0,0.33333,1,3
cambridgeltl/SapBERT-UMLS-2020AB-all-lang-from-XLMR,4042883_en_q_en,en,technical,random,False,0.33333,0.25,1,3
cambridgeltl/SapBERT-UMLS-2020AB-all-lang-from-XLMR,3938339_en_q_en,en,technical,random,False,0.0,0.0,0,3
cambridgeltl/SapBERT-UMLS-2020AB-all-lang-from-XLMR,4142732_en_q_en,en,technical,random,False,0.66667,0.33333,1,3
cambridgeltl/SapBERT-UMLS-2020AB-all-lang-from-XLMR,3741850_de_q_de,de,technical,random,False,0.33333,1.0,1,3
cambridgeltl/SapBERT-UMLS-2020AB-all-lang-from-XLMR,4499761_fr_q_fr,fr,technical,random,False,0.0,0.0,0,3
cambridgeltl/SapBERT-UMLS-2020AB-all-lang-from-XLMR,4447705_en_q_en,en,technical,random,False,0.33333,0.125,1,3
cambridgeltl/SapBERT-UMLS-2020AB-all-lang-from-XLMR,4063613_fr_q_fr,fr,technical,random,False,1.0,1.0,1,3
cambridgeltl/SapBERT-UMLS-2020AB-all-lang-from-XLMR,3923379_fr_q_fr,fr,technical,random,False,0.0,0.0,0,3
cambridgeltl/SapBERT-UMLS-2020AB-all-lang-from-XLMR,4061310_fr_q_fr,fr,technical,random,False,1.0,1.0,1,3
cambridgeltl/SapBERT-UMLS-2020AB-all-lang-from-XLMR,4464499_fr_q_fr,fr,technical,random,False,0.0,0.0,0,3
cambridgeltl/SapBERT-UMLS-2020AB-all-lang-from-XLMR,4293769_en_q_en,en,technical,random,False,0.33333,1.0,1,3
cambridgeltl/SapBERT-UMLS-2020AB-all-lang-from-XLMR,3528870_fr_q_fr,fr,technical,random,False,0.66667,1.0,1,3
cambridgeltl/SapBERT-UMLS-2020AB-all-lang-from-XLMR,3493685_en_q_en,en,technical,random,False,0.66667,1.0,1,3
cambridgeltl/SapBERT-UMLS-2020AB-all-lang-from-XLMR,4240898_de_q_de,de,technical,random,False,0.0,0.0,0,3
cambridgeltl/SapBERT-UMLS-2020AB-all-lang-from-XLMR,4194223_en_q_en,en,technical,random,False,0.33333,0.16667,1,3
cambridgeltl/SapBERT-UMLS-2020AB-all-lang-from-XLMR,3883940_en_q_en,en,technical,random,False,0.33333,0.33333,1,3
cambridgeltl/SapBERT-UMLS-2020AB-all-lang-from-XLMR,3254789_en_q_en,en,technical,random,False,0.0,0.0,0,3
cambridgeltl/SapBERT-UMLS-2020AB-all-lang-from-XLMR,3861209_en_q_en,en,technical,random,False,0.66667,0.33333,1,3
cambridgeltl/SapBERT-UMLS-2020AB-all-lang-from-XLMR,3936133_fr_q_fr,fr,technical,random,False,0.0,0.0,0,3
cambridgeltl/SapBERT-UMLS-2020AB-all-lang-from-XLMR,3807352_en_q_en,en,technical,random,False,0.0,0.0,0,3
cambridgeltl/SapBERT-UMLS-2020AB-all-lang-from-XLMR,3666912_fr_q_fr,fr,technical,random,False,0.66667,1.0,1,3
cambridgeltl/SapBERT-UMLS-2020AB-all-lang-from-XLMR,3283173_fr_q_fr,fr,technical,random,False,0.0,0.0,0,3
cambridgeltl/SapBERT-UMLS-2020AB-all-lang-from-XLMR,4384816_en_q_en,en,technical,random,False,0.33333,1.0,1,3
cambridgeltl/SapBERT-UMLS-2020AB-all-lang-from-XLMR,4402440_fr_q_fr,fr,technical,random_missing,False,0.66667,0.5,1,3
cambridgeltl/SapBERT-UMLS-2020AB-all-lang-from-XLMR,3271065_fr_q_fr,fr,technical,random_missing,False,0.0,0.0,0,3
cambridgeltl/SapBERT-UMLS-2020AB-all-lang-from-XLMR,3240523_fr_q_fr,fr,technical,random_missing,False,0.0,0.0,0,3
cambridgeltl/SapBERT-UMLS-2020AB-all-lang-from-XLMR,4338825_fr_q_fr,fr,technical,random_missing,False,1.0,1.0,1,3
cambridgeltl/SapBERT-UMLS-2020AB-all-lang-from-XLMR,4282901_de_q_de,de,technical,random_missing,False,0.66667,1.0,1,3
cambridgeltl/SapBERT-UMLS-2020AB-all-lang-from-XLMR,3938345_de_q_de,de,technical,random_missing,False,0.0,0.0,0,3
cambridgeltl/SapBERT-UMLS-2020AB-all-lang-from-XLMR,4017634_de_q_de,de,technical,random_missing,False,0.33333,0.1,1,3
cambridgeltl/SapBERT-UMLS-2020AB-all-lang-from-XLMR,4427808_en_q_en,en,technical,random_missing,False,0.0,0.0,0,3
cambridgeltl/SapBERT-UMLS-2020AB-all-lang-from-XLMR,3602003_fr_q_fr,fr,technical,random_missing,False,0.0,0.0,0,3
cambridgeltl/SapBERT-UMLS-2020AB-all-lang-from-XLMR,4307416_en_q_en,en,technical,random_missing,False,0.33333,0.125,1,3
cambridgeltl/SapBERT-UMLS-2020AB-all-lang-from-XLMR,3704101_en_q_en,en,technical,random_missing,False,0.0,0.0,0,3
cambridgeltl/SapBERT-UMLS-2020AB-all-lang-from-XLMR,4106028_fr_q_fr,fr,technical,random_missing,False,0.0,0.0,0,3
cambridgeltl/SapBERT-UMLS-2020AB-all-lang-from-XLMR,4229345_de_q_de,de,technical,random_missing,False,0.0,0.0,0,3
cambridgeltl/SapBERT-UMLS-2020AB-all-lang-from-XLMR,4525816_en_q_en,en,technical,random_missing,False,1.0,0.25,1,3
cambridgeltl/SapBERT-UMLS-2020AB-all-lang-from-XLMR,4131475_en_q_en,en,technical,random_missing,False,0.0,0.0,0,3
cambridgeltl/SapBERT-UMLS-2020AB-all-lang-from-XLMR,4292702_en_q_en,en,technical,random_missing,False,0.33333,1.0,1,3
cambridgeltl/SapBERT-UMLS-2020AB-all-lang-from-XLMR,3835063_de_q_de,de,technical,random_missing,False,0.0,0.0,0,3
cambridgeltl/SapBERT-UMLS-2020AB-all-lang-from-XLMR,4363430_de_q_de,de,technical,random_missing,False,0.0,0.0,0,3
cambridgeltl/SapBERT-UMLS-2020AB-all-lang-from-XLMR,3602031_en_q_en,en,technical,random_missing,False,0.0,0.0,0,3
cambridgeltl/SapBERT-UMLS-2020AB-all-lang-from-XLMR,3950654_fr_q_fr,fr,technical,random_missing,False,0.33333,0.33333,1,3
cambridgeltl/SapBERT-UMLS-2020AB-all-lang-from-XLMR,4586953_de_q_de,de,technical,random_missing,False,0.0,0.0,0,3
cambridgeltl/SapBERT-UMLS-2020AB-all-lang-from-XLMR,3590547_de_q_de,de,technical,random_missing,False,0.0,0.0,0,3
cambridgeltl/SapBERT-UMLS-2020AB-all-lang-from-XLMR,3580358_de_q_de,de,technical,random_missing,False,0.0,0.0,0,3
cambridgeltl/SapBERT-UMLS-2020AB-all-lang-from-XLMR,2828317_en_q_en,en,technical,random_missing,False,0.0,0.0,0,3
cambridgeltl/SapBERT-UMLS-2020AB-all-lang-from-XLMR,3847566_en_q_en,en,technical,random_existing,False,0.33333,1.0,1,3
cambridgeltl/SapBERT-UMLS-2020AB-all-lang-from-XLMR,4496051_de_q_de,de,technical,random_existing,False,0.0,0.0,0,3
cambridgeltl/SapBERT-UMLS-2020AB-all-lang-from-XLMR,4108708_de_q_de,de,technical,random_existing,False,1.0,1.0,1,3
cambridgeltl/SapBERT-UMLS-2020AB-all-lang-from-XLMR,4417557_de_q_de,de,technical,random_missing,False,0.33333,0.5,1,3
cambridgeltl/SapBERT-UMLS-2020AB-all-lang-from-XLMR,4426701_de_q_de,de,technical,random_existing,False,0.0,0.0,0,3
cambridgeltl/SapBERT-UMLS-2020AB-all-lang-from-XLMR,3381434_fr_q_fr,fr,technical,random_existing,False,0.0,0.0,0,3
cambridgeltl/SapBERT-UMLS-2020AB-all-lang-from-XLMR,4271978_fr_q_fr,fr,technical,random_existing,False,0.0,0.0,0,3
cambridgeltl/SapBERT-UMLS-2020AB-all-lang-from-XLMR,4556422_en_q_en,en,technical,random_existing,False,0.0,0.0,0,3
cambridgeltl/SapBERT-UMLS-2020AB-all-lang-from-XLMR,3365356_en_q_en,en,technical,random_existing,False,1.0,1.0,1,3
cambridgeltl/SapBERT-UMLS-2020AB-all-lang-from-XLMR,4322294_fr_q_fr,fr,technical,random_existing,False,0.66667,1.0,1,3
cambridgeltl/SapBERT-UMLS-2020AB-all-lang-from-XLMR,4543666_fr_q_fr,fr,technical,random_existing,False,0.0,0.0,0,3
cambridgeltl/SapBERT-UMLS-2020AB-all-lang-from-XLMR,4388059_fr_q_fr,fr,technical,random_existing,False,0.0,0.0,0,3
cambridgeltl/SapBERT-UMLS-2020AB-all-lang-from-XLMR,3854885_de_q_de,de,technical,random_existing,False,0.66667,0.5,1,3
cambridgeltl/SapBERT-UMLS-2020AB-all-lang-from-XLMR,4022033_fr_q_fr,fr,technical,random_existing,False,0.0,0.0,0,3
cambridgeltl/SapBERT-UMLS-2020AB-all-lang-from-XLMR,4565069_en_q_en,en,technical,random_existing,False,0.0,0.0,0,3
cambridgeltl/SapBERT-UMLS-2020AB-all-lang-from-XLMR,3732246_de_q_de,de,technical,random_existing,False,0.0,0.0,0,3
cambridgeltl/SapBERT-UMLS-2020AB-all-lang-from-XLMR,4578891_fr_q_fr,fr,technical,random_existing,False,0.0,0.0,0,3
cambridgeltl/SapBERT-UMLS-2020AB-all-lang-from-XLMR,4109587_en_q_en,en,technical,random_existing,False,0.0,0.0,0,3
cambridgeltl/SapBERT-UMLS-2020AB-all-lang-from-XLMR,4281583_en_q_en,en,technical,random_existing,False,0.0,0.0,0,3
cambridgeltl/SapBERT-UMLS-2020AB-all-lang-from-XLMR,4312783_en_q_en,en,technical,random_existing,False,0.0,0.0,0,3
cambridgeltl/SapBERT-UMLS-2020AB-all-lang-from-XLMR,3955901_fr_q_fr,fr,technical,random_existing,False,0.33333,0.33333,1,3
cambridgeltl/SapBERT-UMLS-2020AB-all-lang-from-XLMR,4246147_en_q_en,en,technical,random_existing,False,0.0,0.0,0,3
cambridgeltl/SapBERT-UMLS-2020AB-all-lang-from-XLMR,3560355_en_q_en,en,technical,random_existing,False,0.0,0.0,0,3
cambridgeltl/SapBERT-UMLS-2020AB-all-lang-from-XLMR,3845687_en_q_en,en,technical,random_existing,False,0.66667,1.0,1,3
cambridgeltl/SapBERT-UMLS-2020AB-all-lang-from-XLMR,3634441_de_q_de,de,technical,random_existing,False,0.0,0.0,0,3
cambridgeltl/SapBERT-UMLS-2020AB-all-lang-from-XLMR,4497505_de_q_de,de,technical,random_existing,False,0.0,0.0,0,3
cambridgeltl/SapBERT-UMLS-2020AB-all-lang-from-XLMR,3794949_en_q_en,en,technical,all,False,0.0,0.0,0,3
cambridgeltl/SapBERT-UMLS-2020AB-all-lang-from-XLMR,3794949_de_q_de,de,technical,all,False,0.0,0.0,0,3
cambridgeltl/SapBERT-UMLS-2020AB-all-lang-from-XLMR,3794949_fr_q_fr,fr,technical,all,False,1.0,1.0,1,3
cambridgeltl/SapBERT-UMLS-2020AB-all-lang-from-XLMR,4455101_en_q_en,en,technical,all,False,1.0,1.0,1,3
cambridgeltl/SapBERT-UMLS-2020AB-all-lang-from-XLMR,4455101_de_q_de,de,technical,all,False,0.0,0.0,0,3
cambridgeltl/SapBERT-UMLS-2020AB-all-lang-from-XLMR,4455101_fr_q_fr,fr,technical,all,False,0.0,0.0,0,3
cambridgeltl/SapBERT-UMLS-2020AB-all-lang-from-XLMR,4013392_en_q_en,en,technical,all,False,0.66667,1.0,1,3
cambridgeltl/SapBERT-UMLS-2020AB-all-lang-from-XLMR,4013392_de_q_de,de,technical,all,False,0.66667,1.0,1,3
cambridgeltl/SapBERT-UMLS-2020AB-all-lang-from-XLMR,4013392_fr_q_fr,fr,technical,all,False,1.0,1.0,1,3
cambridgeltl/SapBERT-UMLS-2020AB-all-lang-from-XLMR,3841130_en_q_en,en,technical,all,False,0.0,0.0,0,3
cambridgeltl/SapBERT-UMLS-2020AB-all-lang-from-XLMR,3841130_de_q_de,de,technical,all,False,0.33333,1.0,1,3
cambridgeltl/SapBERT-UMLS-2020AB-all-lang-from-XLMR,3841130_fr_q_fr,fr,technical,all,False,0.33333,0.25,1,3
cambridgeltl/SapBERT-UMLS-2020AB-all-lang-from-XLMR,4351302_en_q_en,en,technical,all,False,0.0,0.0,0,3
cambridgeltl/SapBERT-UMLS-2020AB-all-lang-from-XLMR,4351302_de_q_de,de,technical,all,False,0.0,0.0,0,3
cambridgeltl/SapBERT-UMLS-2020AB-all-lang-from-XLMR,4351302_fr_q_fr,fr,technical,all,False,0.0,0.0,0,3
cambridgeltl/SapBERT-UMLS-2020AB-all-lang-from-XLMR,3582794_en_q_en,en,technical,all,False,1.0,1.0,1,3
cambridgeltl/SapBERT-UMLS-2020AB-all-lang-from-XLMR,3582794_de_q_de,de,technical,all,False,1.0,1.0,1,3
cambridgeltl/SapBERT-UMLS-2020AB-all-lang-from-XLMR,3582794_fr_q_fr,fr,technical,all,False,1.0,1.0,1,3
cambridgeltl/SapBERT-UMLS-2020AB-all-lang-from-XLMR,3988670_de_q_de,de,semantic,random,False,0.0,0.0,0,3
cambridgeltl/SapBERT-UMLS-2020AB-all-lang-from-XLMR,3842409_de_q_de,de,semantic,random,False,0.66667,1.0,1,3
cambridgeltl/SapBERT-UMLS-2020AB-all-lang-from-XLMR,4424422_en_q_en,en,technical,all,False,0.33333,1.0,1,3
cambridgeltl/SapBERT-UMLS-2020AB-all-lang-from-XLMR,4424422_de_q_de,de,technical,all,False,0.0,0.0,0,3
cambridgeltl/SapBERT-UMLS-2020AB-all-lang-from-XLMR,4424422_fr_q_fr,fr,technical,all,False,0.0,0.0,0,3
cambridgeltl/SapBERT-UMLS-2020AB-all-lang-from-XLMR,4040152_en_q_en,en,technical,all,False,0.0,0.0,0,3
cambridgeltl/SapBERT-UMLS-2020AB-all-lang-from-XLMR,4040152_de_q_de,de,technical,all,False,0.0,0.0,0,3
cambridgeltl/SapBERT-UMLS-2020AB-all-lang-from-XLMR,4040152_fr_q_fr,fr,technical,all,False,0.0,0.0,0,3
cambridgeltl/SapBERT-UMLS-2020AB-all-lang-from-XLMR,4431202_de_q_de,de,semantic,random,False,0.33333,0.16667,1,3
cambridgeltl/SapBERT-UMLS-2020AB-all-lang-from-XLMR,4317376_fr_q_fr,fr,semantic,random,False,0.0,0.0,0,3
cambridgeltl/SapBERT-UMLS-2020AB-all-lang-from-XLMR,4556196_en_q_en,en,semantic,random,False,0.66667,1.0,1,3
cambridgeltl/SapBERT-UMLS-2020AB-all-lang-from-XLMR,4037081_de_q_de,de,semantic,random,False,0.0,0.0,0,3
cambridgeltl/SapBERT-UMLS-2020AB-all-lang-from-XLMR,4435064_de_q_de,de,semantic,random,False,0.33333,1.0,1,3
cambridgeltl/SapBERT-UMLS-2020AB-all-lang-from-XLMR,4054003_en_q_en,en,semantic,random,False,0.0,0.0,0,3
cambridgeltl/SapBERT-UMLS-2020AB-all-lang-from-XLMR,4298280_fr_q_fr,fr,semantic,random,False,0.0,0.0,0,3
cambridgeltl/SapBERT-UMLS-2020AB-all-lang-from-XLMR,3503879_de_q_de,de,semantic,random,False,0.0,0.0,0,3
cambridgeltl/SapBERT-UMLS-2020AB-all-lang-from-XLMR,4415919_fr_q_fr,fr,semantic,random,False,0.0,0.0,0,3
cambridgeltl/SapBERT-UMLS-2020AB-all-lang-from-XLMR,3283174_fr_q_fr,fr,semantic,random,False,1.0,0.5,1,3
cambridgeltl/SapBERT-UMLS-2020AB-all-lang-from-XLMR,4370235_en_q_en,en,semantic,random,False,0.33333,1.0,1,3
cambridgeltl/SapBERT-UMLS-2020AB-all-lang-from-XLMR,4658693_fr_q_fr,fr,semantic,random,False,0.0,0.0,0,3
cambridgeltl/SapBERT-UMLS-2020AB-all-lang-from-XLMR,3916900_fr_q_fr,fr,semantic,random,False,0.0,0.0,0,3
cambridgeltl/SapBERT-UMLS-2020AB-all-lang-from-XLMR,4250413_fr_q_fr,fr,semantic,random,False,0.0,0.0,0,3
cambridgeltl/SapBERT-UMLS-2020AB-all-lang-from-XLMR,3883534_fr_q_fr,fr,semantic,random,False,0.33333,0.16667,1,3
cambridgeltl/SapBERT-UMLS-2020AB-all-lang-from-XLMR,4086994_en_q_en,en,semantic,random,False,0.0,0.0,0,3
cambridgeltl/SapBERT-UMLS-2020AB-all-lang-from-XLMR,4468440_en_q_en,en,semantic,random,False,0.0,0.0,0,3
cambridgeltl/SapBERT-UMLS-2020AB-all-lang-from-XLMR,4200057_fr_q_fr,fr,semantic,random,False,0.0,0.0,0,3
cambridgeltl/SapBERT-UMLS-2020AB-all-lang-from-XLMR,4551428_en_q_en,en,semantic,random,False,0.0,0.0,0,3
cambridgeltl/SapBERT-UMLS-2020AB-all-lang-from-XLMR,3389403_fr_q_fr,fr,semantic,random,False,0.0,0.0,0,3
cambridgeltl/SapBERT-UMLS-2020AB-all-lang-from-XLMR,4334021_de_q_de,de,semantic,random,False,0.0,0.0,0,3
cambridgeltl/SapBERT-UMLS-2020AB-all-lang-from-XLMR,3926328_fr_q_fr,fr,semantic,random_missing,False,0.0,0.0,0,3
cambridgeltl/SapBERT-UMLS-2020AB-all-lang-from-XLMR,3713925_en_q_en,en,semantic,random_missing,False,0.0,0.0,0,3
cambridgeltl/SapBERT-UMLS-2020AB-all-lang-from-XLMR,4083560_fr_q_fr,fr,semantic,random,False,0.0,0.0,0,3
cambridgeltl/SapBERT-UMLS-2020AB-all-lang-from-XLMR,4142000_de_q_de,de,semantic,random,False,0.0,0.0,0,3
cambridgeltl/SapBERT-UMLS-2020AB-all-lang-from-XLMR,4134085_fr_q_fr,fr,semantic,random_missing,False,0.0,0.0,0,3
cambridgeltl/SapBERT-UMLS-2020AB-all-lang-from-XLMR,4370897_en_q_en,en,semantic,random_missing,False,1.0,1.0,1,3
cambridgeltl/SapBERT-UMLS-2020AB-all-lang-from-XLMR,3577132_en_q_en,en,semantic,random_missing,False,0.0,0.0,0,3
cambridgeltl/SapBERT-UMLS-2020AB-all-lang-from-XLMR,3702482_en_q_en,en,semantic,random_missing,False,0.66667,0.5,1,3
cambridgeltl/SapBERT-UMLS-2020AB-all-lang-from-XLMR,4358246_de_q_de,de,semantic,random_missing,False,0.0,0.0,0,3
cambridgeltl/SapBERT-UMLS-2020AB-all-lang-from-XLMR,3759170_en_q_en,en,semantic,random_missing,False,0.0,0.0,0,3
cambridgeltl/SapBERT-UMLS-2020AB-all-lang-from-XLMR,3856696_de_q_de,de,semantic,random_missing,False,0.0,0.0,0,3
cambridgeltl/SapBERT-UMLS-2020AB-all-lang-from-XLMR,4345306_de_q_de,de,semantic,random_missing,False,0.0,0.0,0,3
cambridgeltl/SapBERT-UMLS-2020AB-all-lang-from-XLMR,4259472_de_q_de,de,semantic,random_missing,False,0.0,0.0,0,3
cambridgeltl/SapBERT-UMLS-2020AB-all-lang-from-XLMR,3747538_en_q_en,en,semantic,random_missing,False,0.0,0.0,0,3
cambridgeltl/SapBERT-UMLS-2020AB-all-lang-from-XLMR,4514593_fr_q_fr,fr,semantic,random_missing,False,1.0,1.0,1,3
cambridgeltl/SapBERT-UMLS-2020AB-all-lang-from-XLMR,4561927_de_q_de,de,semantic,random_missing,False,0.0,0.0,0,3
cambridgeltl/SapBERT-UMLS-2020AB-all-lang-from-XLMR,3827810_fr_q_fr,fr,semantic,random_missing,False,0.0,0.0,0,3
cambridgeltl/SapBERT-UMLS-2020AB-all-lang-from-XLMR,4228070_de_q_de,de,semantic,random_missing,False,0.0,0.0,0,3
cambridgeltl/SapBERT-UMLS-2020AB-all-lang-from-XLMR,4276075_en_q_en,en,semantic,random_missing,False,0.0,0.0,0,3
cambridgeltl/SapBERT-UMLS-2020AB-all-lang-from-XLMR,3828985_fr_q_fr,fr,semantic,random_missing,False,0.0,0.0,0,3
cambridgeltl/SapBERT-UMLS-2020AB-all-lang-from-XLMR,3887359_fr_q_fr,fr,semantic,random_missing,False,0.0,0.0,0,3
cambridgeltl/SapBERT-UMLS-2020AB-all-lang-from-XLMR,3927453_de_q_de,de,semantic,random_missing,False,0.0,0.0,0,3
cambridgeltl/SapBERT-UMLS-2020AB-all-lang-from-XLMR,4654331_en_q_en,en,semantic,random_missing,False,0.0,0.0,0,3
cambridgeltl/SapBERT-UMLS-2020AB-all-lang-from-XLMR,4145604_en_q_en,en,semantic,random_missing,False,0.0,0.0,0,3
cambridgeltl/SapBERT-UMLS-2020AB-all-lang-from-XLMR,3825337_en_q_en,en,semantic,random_missing,False,0.0,0.0,0,3
cambridgeltl/SapBERT-UMLS-2020AB-all-lang-from-XLMR,4317423_de_q_de,de,semantic,random_missing,False,0.0,0.0,0,3
cambridgeltl/SapBERT-UMLS-2020AB-all-lang-from-XLMR,4187683_fr_q_fr,fr,semantic,random_existing,False,0.0,0.0,0,3
cambridgeltl/SapBERT-UMLS-2020AB-all-lang-from-XLMR,4389713_de_q_de,de,semantic,random_existing,False,0.0,0.0,0,3
cambridgeltl/SapBERT-UMLS-2020AB-all-lang-from-XLMR,4571323_fr_q_fr,fr,semantic,random_existing,False,0.0,0.0,0,3
cambridgeltl/SapBERT-UMLS-2020AB-all-lang-from-XLMR,4232181_fr_q_fr,fr,semantic,random_existing,False,0.33333,0.1,1,3
cambridgeltl/SapBERT-UMLS-2020AB-all-lang-from-XLMR,4403926_fr_q_fr,fr,semantic,random_existing,False,0.0,0.0,0,3
cambridgeltl/SapBERT-UMLS-2020AB-all-lang-from-XLMR,4596653_en_q_en,en,semantic,random_existing,False,0.0,0.0,0,3
cambridgeltl/SapBERT-UMLS-2020AB-all-lang-from-XLMR,4081117_fr_q_fr,fr,semantic,random_existing,False,0.0,0.0,0,3
cambridgeltl/SapBERT-UMLS-2020AB-all-lang-from-XLMR,4578526_fr_q_fr,fr,semantic,random_existing,False,0.0,0.0,0,3
cambridgeltl/SapBERT-UMLS-2020AB-all-lang-from-XLMR,4327072_de_q_de,de,semantic,random_existing,False,0.0,0.0,0,3
cambridgeltl/SapBERT-UMLS-2020AB-all-lang-from-XLMR,3479171_de_q_de,de,semantic,random_existing,False,0.0,0.0,0,3
cambridgeltl/SapBERT-UMLS-2020AB-all-lang-from-XLMR,4459271_de_q_de,de,semantic,random_existing,False,0.33333,1.0,1,3
cambridgeltl/SapBERT-UMLS-2020AB-all-lang-from-XLMR,3999056_en_q_en,en,semantic,random_existing,False,0.0,0.0,0,3
cambridgeltl/SapBERT-UMLS-2020AB-all-lang-from-XLMR,4537120_en_q_en,en,semantic,random_existing,False,0.33333,0.33333,1,3
cambridgeltl/SapBERT-UMLS-2020AB-all-lang-from-XLMR,4375353_en_q_en,en,semantic,random_existing,False,0.0,0.0,0,3
cambridgeltl/SapBERT-UMLS-2020AB-all-lang-from-XLMR,4254549_en_q_en,en,semantic,random_existing,False,0.66667,1.0,1,3
cambridgeltl/SapBERT-UMLS-2020AB-all-lang-from-XLMR,3923380_de_q_de,de,semantic,random_existing,False,0.0,0.0,0,3
cambridgeltl/SapBERT-UMLS-2020AB-all-lang-from-XLMR,4043106_en_q_en,en,semantic,random_existing,False,0.33333,0.5,1,3
cambridgeltl/SapBERT-UMLS-2020AB-all-lang-from-XLMR,4495614_fr_q_fr,fr,semantic,random_existing,False,0.0,0.0,0,3
cambridgeltl/SapBERT-UMLS-2020AB-all-lang-from-XLMR,4062896_fr_q_fr,fr,semantic,random_existing,False,0.33333,1.0,1,3
cambridgeltl/SapBERT-UMLS-2020AB-all-lang-from-XLMR,3600369_en_q_en,en,semantic,random_existing,False,0.66667,0.16667,1,3
cambridgeltl/SapBERT-UMLS-2020AB-all-lang-from-XLMR,3630154_fr_q_fr,fr,semantic,random_existing,False,0.0,0.0,0,3
cambridgeltl/SapBERT-UMLS-2020AB-all-lang-from-XLMR,3746074_en_q_en,en,semantic,random_existing,False,0.33333,0.16667,1,3
cambridgeltl/SapBERT-UMLS-2020AB-all-lang-from-XLMR,4530591_fr_q_fr,fr,semantic,random_existing,False,0.0,0.0,0,3
cambridgeltl/SapBERT-UMLS-2020AB-all-lang-from-XLMR,3530728_de_q_de,de,semantic,random_existing,False,1.0,1.0,1,3
cambridgeltl/SapBERT-UMLS-2020AB-all-lang-from-XLMR,4182375_de_q_de,de,semantic,random_existing,False,0.0,0.0,0,3
cambridgeltl/SapBERT-UMLS-2020AB-all-lang-from-XLMR,3930873_en_q_en,en,semantic,all,False,0.33333,1.0,1,3
cambridgeltl/SapBERT-UMLS-2020AB-all-lang-from-XLMR,3930873_de_q_de,de,semantic,all,False,0.0,0.0,0,3
cambridgeltl/SapBERT-UMLS-2020AB-all-lang-from-XLMR,3930873_fr_q_fr,fr,semantic,all,False,0.0,0.0,0,3
cambridgeltl/SapBERT-UMLS-2020AB-all-lang-from-XLMR,4443170_en_q_en,en,semantic,all,False,0.0,0.0,0,3
cambridgeltl/SapBERT-UMLS-2020AB-all-lang-from-XLMR,4443170_de_q_de,de,semantic,all,False,0.0,0.0,0,3
cambridgeltl/SapBERT-UMLS-2020AB-all-lang-from-XLMR,4443170_fr_q_fr,fr,semantic,all,False,0.0,0.0,0,3
cambridgeltl/SapBERT-UMLS-2020AB-all-lang-from-XLMR,3842401_en_q_en,en,semantic,all,False,0.33333,0.5,1,3
cambridgeltl/SapBERT-UMLS-2020AB-all-lang-from-XLMR,3842401_de_q_de,de,semantic,all,False,0.33333,1.0,1,3
cambridgeltl/SapBERT-UMLS-2020AB-all-lang-from-XLMR,3842401_fr_q_fr,fr,semantic,all,False,0.0,0.0,0,3
cambridgeltl/SapBERT-UMLS-2020AB-all-lang-from-XLMR,3861585_en_q_en,en,semantic,all,False,0.0,0.0,0,3
cambridgeltl/SapBERT-UMLS-2020AB-all-lang-from-XLMR,3861585_de_q_de,de,semantic,all,False,0.0,0.0,0,3
cambridgeltl/SapBERT-UMLS-2020AB-all-lang-from-XLMR,3861585_fr_q_fr,fr,semantic,all,False,0.0,0.0,0,3
cambridgeltl/SapBERT-UMLS-2020AB-all-lang-from-XLMR,3989943_en_q_en,en,semantic,all,False,0.66667,1.0,1,3
cambridgeltl/SapBERT-UMLS-2020AB-all-lang-from-XLMR,3989943_de_q_de,de,semantic,all,False,0.33333,1.0,1,3
cambridgeltl/SapBERT-UMLS-2020AB-all-lang-from-XLMR,3989943_fr_q_fr,fr,semantic,all,False,0.66667,1.0,1,3
cambridgeltl/SapBERT-UMLS-2020AB-all-lang-from-XLMR,4322318_en_q_en,en,semantic,all,False,0.0,0.0,0,3
cambridgeltl/SapBERT-UMLS-2020AB-all-lang-from-XLMR,4322318_de_q_de,de,semantic,all,False,0.33333,0.16667,1,3
cambridgeltl/SapBERT-UMLS-2020AB-all-lang-from-XLMR,4322318_fr_q_fr,fr,semantic,all,False,0.0,0.0,0,3
cambridgeltl/SapBERT-UMLS-2020AB-all-lang-from-XLMR,4046659_en_q_en,en,semantic,all,False,0.0,0.0,0,3
cambridgeltl/SapBERT-UMLS-2020AB-all-lang-from-XLMR,4046659_de_q_de,de,semantic,all,False,0.0,0.0,0,3
cambridgeltl/SapBERT-UMLS-2020AB-all-lang-from-XLMR,4046659_fr_q_fr,fr,semantic,all,False,0.33333,0.2,1,3
cambridgeltl/SapBERT-UMLS-2020AB-all-lang-from-XLMR,4114919_en_q_en,en,semantic,all,False,1.0,0.5,1,3
cambridgeltl/SapBERT-UMLS-2020AB-all-lang-from-XLMR,4114919_de_q_de,de,semantic,all,False,0.33333,0.11111,1,3
cambridgeltl/SapBERT-UMLS-2020AB-all-lang-from-XLMR,4114919_fr_q_fr,fr,semantic,all,False,0.66667,0.33333,1,3
google/embeddinggemma-300m,4253488_en_q_en,en,technical,random,False,1.0,0.5,1,3
google/embeddinggemma-300m,4240657_en_q_en,en,technical,random,False,1.0,1.0,1,3
google/embeddinggemma-300m,4392158_fr_q_fr,fr,technical,random,False,0.66667,1.0,1,3
google/embeddinggemma-300m,4042883_en_q_en,en,technical,random,False,0.33333,0.2,1,3
google/embeddinggemma-300m,3938339_en_q_en,en,technical,random,False,0.0,0.0,0,3
google/embeddinggemma-300m,4142732_en_q_en,en,technical,random,False,0.0,0.0,0,3
google/embeddinggemma-300m,3741850_de_q_de,de,technical,random,False,0.33333,0.5,1,3
google/embeddinggemma-300m,4499761_fr_q_fr,fr,technical,random,False,1.0,1.0,1,3
google/embeddinggemma-300m,4447705_en_q_en,en,technical,random,False,1.0,0.5,1,3
google/embeddinggemma-300m,4063613_fr_q_fr,fr,technical,random,False,0.33333,0.125,1,3
google/embeddinggemma-300m,3923379_fr_q_fr,fr,technical,random,False,0.33333,0.2,1,3
google/embeddinggemma-300m,4061310_fr_q_fr,fr,technical,random,False,1.0,1.0,1,3
google/embeddinggemma-300m,4464499_fr_q_fr,fr,technical,random,False,0.0,0.0,0,3
google/embeddinggemma-300m,4293769_en_q_en,en,technical,random,False,0.0,0.0,0,3
google/embeddinggemma-300m,3528870_fr_q_fr,fr,technical,random,False,1.0,1.0,1,3
google/embeddinggemma-300m,3493685_en_q_en,en,technical,random,False,1.0,1.0,1,3
google/embeddinggemma-300m,4240898_de_q_de,de,technical,random,False,0.0,0.0,0,3
google/embeddinggemma-300m,4194223_en_q_en,en,technical,random,False,0.0,0.0,0,3
google/embeddinggemma-300m,3883940_en_q_en,en,technical,random,False,1.0,1.0,1,3
google/embeddinggemma-300m,3254789_en_q_en,en,technical,random,False,0.0,0.0,0,3
google/embeddinggemma-300m,3861209_en_q_en,en,technical,random,False,0.33333,0.125,1,3
google/embeddinggemma-300m,3936133_fr_q_fr,fr,technical,random,False,0.66667,0.25,1,3
google/embeddinggemma-300m,3807352_en_q_en,en,technical,random,False,1.0,1.0,1,3
google/embeddinggemma-300m,3666912_fr_q_fr,fr,technical,random,False,1.0,1.0,1,3
google/embeddinggemma-300m,3283173_fr_q_fr,fr,technical,random,False,0.33333,1.0,1,3
google/embeddinggemma-300m,4384816_en_q_en,en,technical,random,False,1.0,1.0,1,3
google/embeddinggemma-300m,4402440_fr_q_fr,fr,technical,random_missing,False,1.0,1.0,1,3
google/embeddinggemma-300m,3271065_fr_q_fr,fr,technical,random_missing,False,0.0,0.0,0,3
google/embeddinggemma-300m,3240523_fr_q_fr,fr,technical,random_missing,False,0.0,0.0,0,3
google/embeddinggemma-300m,4338825_fr_q_fr,fr,technical,random_missing,False,0.66667,1.0,1,3
google/embeddinggemma-300m,4282901_de_q_de,de,technical,random_missing,False,1.0,1.0,1,3
google/embeddinggemma-300m,3938345_de_q_de,de,technical,random_missing,False,0.66667,0.16667,1,3
google/embeddinggemma-300m,4017634_de_q_de,de,technical,random_missing,False,0.66667,1.0,1,3
google/embeddinggemma-300m,4427808_en_q_en,en,technical,random_missing,False,0.66667,0.16667,1,3
google/embeddinggemma-300m,3602003_fr_q_fr,fr,technical,random_missing,False,0.0,0.0,0,3
google/embeddinggemma-300m,4307416_en_q_en,en,technical,random_missing,False,0.0,0.0,0,3
google/embeddinggemma-300m,3704101_en_q_en,en,technical,random_missing,False,1.0,1.0,1,3
google/embeddinggemma-300m,4106028_fr_q_fr,fr,technical,random_missing,False,0.0,0.0,0,3
google/embeddinggemma-300m,4229345_de_q_de,de,technical,random_missing,False,0.0,0.0,0,3
google/embeddinggemma-300m,4525816_en_q_en,en,technical,random_missing,False,1.0,1.0,1,3
google/embeddinggemma-300m,4131475_en_q_en,en,technical,random_missing,False,0.0,0.0,0,3
google/embeddinggemma-300m,4292702_en_q_en,en,technical,random_missing,False,0.0,0.0,0,3
google/embeddinggemma-300m,3835063_de_q_de,de,technical,random_missing,False,0.66667,1.0,1,3
google/embeddinggemma-300m,4363430_de_q_de,de,technical,random_missing,False,0.33333,0.16667,1,3
google/embeddinggemma-300m,3602031_en_q_en,en,technical,random_missing,False,0.0,0.0,0,3
google/embeddinggemma-300m,3950654_fr_q_fr,fr,technical,random_missing,False,0.33333,0.33333,1,3
google/embeddinggemma-300m,4586953_de_q_de,de,technical,random_missing,False,1.0,1.0,1,3
google/embeddinggemma-300m,3590547_de_q_de,de,technical,random_missing,False,0.66667,0.16667,1,3
google/embeddinggemma-300m,3580358_de_q_de,de,technical,random_missing,False,0.0,0.0,0,3
google/embeddinggemma-300m,2828317_en_q_en,en,technical,random_missing,False,0.0,0.0,0,3
google/embeddinggemma-300m,3847566_en_q_en,en,technical,random_existing,False,1.0,1.0,1,3
google/embeddinggemma-300m,4496051_de_q_de,de,technical,random_existing,False,0.0,0.0,0,3
google/embeddinggemma-300m,4108708_de_q_de,de,technical,random_existing,False,1.0,1.0,1,3
google/embeddinggemma-300m,4417557_de_q_de,de,technical,random_missing,False,1.0,1.0,1,3
google/embeddinggemma-300m,4426701_de_q_de,de,technical,random_existing,False,0.0,0.0,0,3
google/embeddinggemma-300m,3381434_fr_q_fr,fr,technical,random_existing,False,0.0,0.0,0,3
google/embeddinggemma-300m,4271978_fr_q_fr,fr,technical,random_existing,False,0.0,0.0,0,3
google/embeddinggemma-300m,4556422_en_q_en,en,technical,random_existing,False,0.0,0.0,0,3
google/embeddinggemma-300m,3365356_en_q_en,en,technical,random_existing,False,1.0,1.0,1,3
google/embeddinggemma-300m,4322294_fr_q_fr,fr,technical,random_existing,False,0.33333,0.25,1,3
google/embeddinggemma-300m,4543666_fr_q_fr,fr,technical,random_existing,False,0.66667,1.0,1,3
google/embeddinggemma-300m,4388059_fr_q_fr,fr,technical,random_existing,False,1.0,1.0,1,3
google/embeddinggemma-300m,3854885_de_q_de,de,technical,random_existing,False,1.0,1.0,1,3
google/embeddinggemma-300m,4022033_fr_q_fr,fr,technical,random_existing,False,0.0,0.0,0,3
google/embeddinggemma-300m,4565069_en_q_en,en,technical,random_existing,False,0.33333,0.11111,1,3
google/embeddinggemma-300m,3732246_de_q_de,de,technical,random_existing,False,0.0,0.0,0,3
google/embeddinggemma-300m,4578891_fr_q_fr,fr,technical,random_existing,False,0.0,0.0,0,3
google/embeddinggemma-300m,4109587_en_q_en,en,technical,random_existing,False,0.0,0.0,0,3
google/embeddinggemma-300m,4281583_en_q_en,en,technical,random_existing,False,0.0,0.0,0,3
google/embeddinggemma-300m,4312783_en_q_en,en,technical,random_existing,False,0.0,0.0,0,3
google/embeddinggemma-300m,3955901_fr_q_fr,fr,technical,random_existing,False,0.0,0.0,0,3
google/embeddinggemma-300m,4246147_en_q_en,en,technical,random_existing,False,1.0,1.0,1,3
google/embeddinggemma-300m,3560355_en_q_en,en,technical,random_existing,False,0.66667,1.0,1,3
google/embeddinggemma-300m,3845687_en_q_en,en,technical,random_existing,False,1.0,1.0,1,3
google/embeddinggemma-300m,3634441_de_q_de,de,technical,random_existing,False,1.0,1.0,1,3
google/embeddinggemma-300m,4497505_de_q_de,de,technical,random_existing,False,0.0,0.0,0,3
google/embeddinggemma-300m,3794949_en_q_en,en,technical,all,False,0.0,0.0,0,3
google/embeddinggemma-300m,3794949_de_q_de,de,technical,all,False,0.0,0.0,0,3
google/embeddinggemma-300m,3794949_fr_q_fr,fr,technical,all,False,0.33333,0.5,1,3
google/embeddinggemma-300m,4455101_en_q_en,en,technical,all,False,1.0,1.0,1,3
google/embeddinggemma-300m,4455101_de_q_de,de,technical,all,False,0.0,0.0,0,3
google/embeddinggemma-300m,4455101_fr_q_fr,fr,technical,all,False,0.0,0.0,0,3
google/embeddinggemma-300m,4013392_en_q_en,en,technical,all,False,1.0,1.0,1,3
google/embeddinggemma-300m,4013392_de_q_de,de,technical,all,False,1.0,1.0,1,3
google/embeddinggemma-300m,4013392_fr_q_fr,fr,technical,all,False,0.33333,0.5,1,3
google/embeddinggemma-300m,3841130_en_q_en,en,technical,all,False,1.0,1.0,1,3
google/embeddinggemma-300m,3841130_de_q_de,de,technical,all,False,1.0,1.0,1,3
google/embeddinggemma-300m,3841130_fr_q_fr,fr,technical,all,False,1.0,1.0,1,3
google/embeddinggemma-300m,4351302_en_q_en,en,technical,all,False,0.0,0.0,0,3
google/embeddinggemma-300m,4351302_de_q_de,de,technical,all,False,0.0,0.0,0,3
google/embeddinggemma-300m,4351302_fr_q_fr,fr,technical,all,False,0.0,0.0,0,3
google/embeddinggemma-300m,3582794_en_q_en,en,technical,all,False,1.0,1.0,1,3
google/embeddinggemma-300m,3582794_de_q_de,de,technical,all,False,0.66667,0.5,1,3
google/embeddinggemma-300m,3582794_fr_q_fr,fr,technical,all,False,1.0,1.0,1,3
google/embeddinggemma-300m,3988670_de_q_de,de,semantic,random,False,0.66667,0.2,1,3
google/embeddinggemma-300m,3842409_de_q_de,de,semantic,random,False,1.0,1.0,1,3
google/embeddinggemma-300m,4424422_en_q_en,en,technical,all,False,0.66667,1.0,1,3
google/embeddinggemma-300m,4424422_de_q_de,de,technical,all,False,0.66667,1.0,1,3
google/embeddinggemma-300m,4424422_fr_q_fr,fr,technical,all,False,0.33333,1.0,1,3
google/embeddinggemma-300m,4040152_en_q_en,en,technical,all,False,0.0,0.0,0,3
google/embeddinggemma-300m,4040152_de_q_de,de,technical,all,False,0.0,0.0,0,3
google/embeddinggemma-300m,4040152_fr_q_fr,fr,technical,all,False,0.0,0.0,0,3
google/embeddinggemma-300m,4431202_de_q_de,de,semantic,random,False,1.0,1.0,1,3
google/embeddinggemma-300m,4317376_fr_q_fr,fr,semantic,random,False,0.66667,0.25,1,3
google/embeddinggemma-300m,4556196_en_q_en,en,semantic,random,False,1.0,1.0,1,3
google/embeddinggemma-300m,4037081_de_q_de,de,semantic,random,False,0.33333,0.33333,1,3
google/embeddinggemma-300m,4435064_de_q_de,de,semantic,random,False,0.33333,1.0,1,3
google/embeddinggemma-300m,4054003_en_q_en,en,semantic,random,False,1.0,1.0,1,3
google/embeddinggemma-300m,4298280_fr_q_fr,fr,semantic,random,False,1.0,1.0,1,3
google/embeddinggemma-300m,3503879_de_q_de,de,semantic,random,False,1.0,1.0,1,3
google/embeddinggemma-300m,4415919_fr_q_fr,fr,semantic,random,False,1.0,1.0,1,3
google/embeddinggemma-300m,3283174_fr_q_fr,fr,semantic,random,False,1.0,1.0,1,3
google/embeddinggemma-300m,4370235_en_q_en,en,semantic,random,False,0.33333,0.125,1,3
google/embeddinggemma-300m,4658693_fr_q_fr,fr,semantic,random,False,0.33333,0.2,1,3
google/embeddinggemma-300m,3916900_fr_q_fr,fr,semantic,random,False,0.0,0.0,0,3
google/embeddinggemma-300m,4250413_fr_q_fr,fr,semantic,random,False,0.33333,0.16667,1,3
google/embeddinggemma-300m,3883534_fr_q_fr,fr,semantic,random,False,1.0,1.0,1,3
google/embeddinggemma-300m,4086994_en_q_en,en,semantic,random,False,0.66667,0.5,1,3
google/embeddinggemma-300m,4468440_en_q_en,en,semantic,random,False,1.0,1.0,1,3
google/embeddinggemma-300m,4200057_fr_q_fr,fr,semantic,random,False,1.0,1.0,1,3
google/embeddinggemma-300m,4551428_en_q_en,en,semantic,random,False,1.0,1.0,1,3
google/embeddinggemma-300m,3389403_fr_q_fr,fr,semantic,random,False,0.66667,1.0,1,3
google/embeddinggemma-300m,4334021_de_q_de,de,semantic,random,False,0.66667,1.0,1,3
google/embeddinggemma-300m,3926328_fr_q_fr,fr,semantic,random_missing,False,0.0,0.0,0,3
google/embeddinggemma-300m,3713925_en_q_en,en,semantic,random_missing,False,1.0,1.0,1,3
google/embeddinggemma-300m,4083560_fr_q_fr,fr,semantic,random,False,1.0,0.5,1,3
google/embeddinggemma-300m,4142000_de_q_de,de,semantic,random,False,1.0,1.0,1,3
google/embeddinggemma-300m,4134085_fr_q_fr,fr,semantic,random_missing,False,0.66667,1.0,1,3
google/embeddinggemma-300m,4370897_en_q_en,en,semantic,random_missing,False,1.0,1.0,1,3
google/embeddinggemma-300m,3577132_en_q_en,en,semantic,random_missing,False,0.0,0.0,0,3
google/embeddinggemma-300m,3702482_en_q_en,en,semantic,random_missing,False,1.0,1.0,1,3
google/embeddinggemma-300m,4358246_de_q_de,de,semantic,random_missing,False,1.0,1.0,1,3
google/embeddinggemma-300m,3759170_en_q_en,en,semantic,random_missing,False,0.0,0.0,0,3
google/embeddinggemma-300m,3856696_de_q_de,de,semantic,random_missing,False,1.0,1.0,1,3
google/embeddinggemma-300m,4345306_de_q_de,de,semantic,random_missing,False,1.0,1.0,1,3
google/embeddinggemma-300m,4259472_de_q_de,de,semantic,random_missing,False,1.0,1.0,1,3
google/embeddinggemma-300m,3747538_en_q_en,en,semantic,random_missing,False,1.0,1.0,1,3
google/embeddinggemma-300m,4514593_fr_q_fr,fr,semantic,random_missing,False,1.0,1.0,1,3
google/embeddinggemma-300m,4561927_de_q_de,de,semantic,random_missing,False,0.66667,1.0,1,3
google/embeddinggemma-300m,3827810_fr_q_fr,fr,semantic,random_missing,False,1.0,1.0,1,3
google/embeddinggemma-300m,4228070_de_q_de,de,semantic,random_missing,False,1.0,1.0,1,3
google/embeddinggemma-300m,4276075_en_q_en,en,semantic,random_missing,False,1.0,1.0,1,3
google/embeddinggemma-300m,3828985_fr_q_fr,fr,semantic,random_missing,False,0.0,0.0,0,3
google/embeddinggemma-300m,3887359_fr_q_fr,fr,semantic,random_missing,False,0.33333,0.25,1,3
google/embeddinggemma-300m,3927453_de_q_de,de,semantic,random_missing,False,0.33333,1.0,1,3
google/embeddinggemma-300m,4654331_en_q_en,en,semantic,random_missing,False,0.66667,0.33333,1,3
google/embeddinggemma-300m,4145604_en_q_en,en,semantic,random_missing,False,0.0,0.0,0,3
google/embeddinggemma-300m,3825337_en_q_en,en,semantic,random_missing,False,1.0,1.0,1,3
google/embeddinggemma-300m,4317423_de_q_de,de,semantic,random_missing,False,0.66667,0.25,1,3
google/embeddinggemma-300m,4187683_fr_q_fr,fr,semantic,random_existing,False,0.0,0.0,0,3
google/embeddinggemma-300m,4389713_de_q_de,de,semantic,random_existing,False,0.0,0.0,0,3
google/embeddinggemma-300m,4571323_fr_q_fr,fr,semantic,random_existing,False,1.0,1.0,1,3
google/embeddinggemma-300m,4232181_fr_q_fr,fr,semantic,random_existing,False,1.0,1.0,1,3
google/embeddinggemma-300m,4403926_fr_q_fr,fr,semantic,random_existing,False,0.33333,0.14286,1,3
google/embeddinggemma-300m,4596653_en_q_en,en,semantic,random_existing,False,1.0,1.0,1,3
google/embeddinggemma-300m,4081117_fr_q_fr,fr,semantic,random_existing,False,0.0,0.0,0,3
google/embeddinggemma-300m,4578526_fr_q_fr,fr,semantic,random_existing,False,0.0,0.0,0,3
google/embeddinggemma-300m,4327072_de_q_de,de,semantic,random_existing,False,0.33333,0.25,1,3
google/embeddinggemma-300m,3479171_de_q_de,de,semantic,random_existing,False,0.33333,0.14286,1,3
google/embeddinggemma-300m,4459271_de_q_de,de,semantic,random_existing,False,0.0,0.0,0,3
google/embeddinggemma-300m,3999056_en_q_en,en,semantic,random_existing,False,0.66667,0.5,1,3
google/embeddinggemma-300m,4537120_en_q_en,en,semantic,random_existing,False,0.66667,1.0,1,3
google/embeddinggemma-300m,4375353_en_q_en,en,semantic,random_existing,False,1.0,1.0,1,3
google/embeddinggemma-300m,4254549_en_q_en,en,semantic,random_existing,False,0.66667,1.0,1,3
google/embeddinggemma-300m,3923380_de_q_de,de,semantic,random_existing,False,0.33333,0.33333,1,3
google/embeddinggemma-300m,4043106_en_q_en,en,semantic,random_existing,False,1.0,1.0,1,3
google/embeddinggemma-300m,4495614_fr_q_fr,fr,semantic,random_existing,False,0.33333,0.33333,1,3
google/embeddinggemma-300m,4062896_fr_q_fr,fr,semantic,random_existing,False,1.0,1.0,1,3
google/embeddinggemma-300m,3600369_en_q_en,en,semantic,random_existing,False,1.0,1.0,1,3
google/embeddinggemma-300m,3630154_fr_q_fr,fr,semantic,random_existing,False,0.0,0.0,0,3
google/embeddinggemma-300m,3746074_en_q_en,en,semantic,random_existing,False,1.0,1.0,1,3
google/embeddinggemma-300m,4530591_fr_q_fr,fr,semantic,random_existing,False,0.33333,1.0,1,3
google/embeddinggemma-300m,3530728_de_q_de,de,semantic,random_existing,False,1.0,1.0,1,3
google/embeddinggemma-300m,4182375_de_q_de,de,semantic,random_existing,False,0.66667,1.0,1,3
google/embeddinggemma-300m,3930873_en_q_en,en,semantic,all,False,1.0,1.0,1,3
google/embeddinggemma-300m,3930873_de_q_de,de,semantic,all,False,1.0,1.0,1,3
google/embeddinggemma-300m,3930873_fr_q_fr,fr,semantic,all,False,1.0,1.0,1,3
google/embeddinggemma-300m,4443170_en_q_en,en,semantic,all,False,1.0,1.0,1,3
google/embeddinggemma-300m,4443170_de_q_de,de,semantic,all,False,1.0,1.0,1,3
google/embeddinggemma-300m,4443170_fr_q_fr,fr,semantic,all,False,1.0,1.0,1,3
google/embeddinggemma-300m,3842401_en_q_en,en,semantic,all,False,1.0,0.5,1,3
google/embeddinggemma-300m,3842401_de_q_de,de,semantic,all,False,1.0,1.0,1,3
google/embeddinggemma-300m,3842401_fr_q_fr,fr,semantic,all,False,1.0,1.0,1,3
google/embeddinggemma-300m,3861585_en_q_en,en,semantic,all,False,1.0,1.0,1,3
google/embeddinggemma-300m,3861585_de_q_de,de,semantic,all,False,1.0,1.0,1,3
google/embeddinggemma-300m,3861585_fr_q_fr,fr,semantic,all,False,1.0,1.0,1,3
google/embeddinggemma-300m,3989943_en_q_en,en,semantic,all,False,0.66667,1.0,1,3
google/embeddinggemma-300m,3989943_de_q_de,de,semantic,all,False,0.33333,0.14286,1,3
google/embeddinggemma-300m,3989943_fr_q_fr,fr,semantic,all,False,0.66667,1.0,1,3
google/embeddinggemma-300m,4322318_en_q_en,en,semantic,all,False,0.33333,0.2,1,3
google/embeddinggemma-300m,4322318_de_q_de,de,semantic,all,False,0.66667,0.33333,1,3
google/embeddinggemma-300m,4322318_fr_q_fr,fr,semantic,all,False,0.0,0.0,0,3
google/embeddinggemma-300m,4046659_en_q_en,en,semantic,all,False,1.0,1.0,1,3
google/embeddinggemma-300m,4046659_de_q_de,de,semantic,all,False,0.0,0.0,0,3
google/embeddinggemma-300m,4046659_fr_q_fr,fr,semantic,all,False,1.0,1.0,1,3
google/embeddinggemma-300m,4114919_en_q_en,en,semantic,all,False,1.0,1.0,1,3
google/embeddinggemma-300m,4114919_de_q_de,de,semantic,all,False,1.0,0.5,1,3
google/embeddinggemma-300m,4114919_fr_q_fr,fr,semantic,all,False,1.0,0.5,1,3
ibm-granite/granite-embedding-278m-multilingual,4253488_en_q_en,en,technical,random,False,0.0,0.0,0,3
ibm-granite/granite-embedding-278m-multilingual,4240657_en_q_en,en,technical,random,False,1.0,1.0,1,3
ibm-granite/granite-embedding-278m-multilingual,4392158_fr_q_fr,fr,technical,random,False,0.0,0.0,0,3
ibm-granite/granite-embedding-278m-multilingual,4042883_en_q_en,en,technical,random,False,0.0,0.0,0,3
ibm-granite/granite-embedding-278m-multilingual,3938339_en_q_en,en,technical,random,False,0.0,0.0,0,3
ibm-granite/granite-embedding-278m-multilingual,4142732_en_q_en,en,technical,random,False,0.0,0.0,0,3
ibm-granite/granite-embedding-278m-multilingual,3741850_de_q_de,de,technical,random,False,0.0,0.0,0,3
ibm-granite/granite-embedding-278m-multilingual,4499761_fr_q_fr,fr,technical,random,False,1.0,1.0,1,3
ibm-granite/granite-embedding-278m-multilingual,4447705_en_q_en,en,technical,random,False,0.0,0.0,0,3
ibm-granite/granite-embedding-278m-multilingual,4063613_fr_q_fr,fr,technical,random,False,0.0,0.0,0,3
ibm-granite/granite-embedding-278m-multilingual,3923379_fr_q_fr,fr,technical,random,False,0.0,0.0,0,3
ibm-granite/granite-embedding-278m-multilingual,4061310_fr_q_fr,fr,technical,random,False,1.0,1.0,1,3
ibm-granite/granite-embedding-278m-multilingual,4464499_fr_q_fr,fr,technical,random,False,0.0,0.0,0,3
ibm-granite/granite-embedding-278m-multilingual,4293769_en_q_en,en,technical,random,False,0.0,0.0,0,3
ibm-granite/granite-embedding-278m-multilingual,3528870_fr_q_fr,fr,technical,random,False,1.0,1.0,1,3
ibm-granite/granite-embedding-278m-multilingual,3493685_en_q_en,en,technical,random,False,0.66667,1.0,1,3
ibm-granite/granite-embedding-278m-multilingual,4240898_de_q_de,de,technical,random,False,0.0,0.0,0,3
ibm-granite/granite-embedding-278m-multilingual,4194223_en_q_en,en,technical,random,False,0.0,0.0,0,3
ibm-granite/granite-embedding-278m-multilingual,3883940_en_q_en,en,technical,random,False,1.0,0.5,1,3
ibm-granite/granite-embedding-278m-multilingual,3254789_en_q_en,en,technical,random,False,0.0,0.0,0,3
ibm-granite/granite-embedding-278m-multilingual,3861209_en_q_en,en,technical,random,False,0.0,0.0,0,3
ibm-granite/granite-embedding-278m-multilingual,3936133_fr_q_fr,fr,technical,random,False,0.0,0.0,0,3
ibm-granite/granite-embedding-278m-multilingual,3807352_en_q_en,en,technical,random,False,0.0,0.0,0,3
ibm-granite/granite-embedding-278m-multilingual,3666912_fr_q_fr,fr,technical,random,False,1.0,1.0,1,3
ibm-granite/granite-embedding-278m-multilingual,3283173_fr_q_fr,fr,technical,random,False,0.66667,1.0,1,3
ibm-granite/granite-embedding-278m-multilingual,4384816_en_q_en,en,technical,random,False,1.0,1.0,1,3
ibm-granite/granite-embedding-278m-multilingual,4402440_fr_q_fr,fr,technical,random_missing,False,0.66667,1.0,1,3
ibm-granite/granite-embedding-278m-multilingual,3271065_fr_q_fr,fr,technical,random_missing,False,0.0,0.0,0,3
ibm-granite/granite-embedding-278m-multilingual,3240523_fr_q_fr,fr,technical,random_missing,False,0.0,0.0,0,3
ibm-granite/granite-embedding-278m-multilingual,4338825_fr_q_fr,fr,technical,random_missing,False,0.0,0.0,0,3
ibm-granite/granite-embedding-278m-multilingual,4282901_de_q_de,de,technical,random_missing,False,1.0,1.0,1,3
ibm-granite/granite-embedding-278m-multilingual,3938345_de_q_de,de,technical,random_missing,False,0.0,0.0,0,3
ibm-granite/granite-embedding-278m-multilingual,4017634_de_q_de,de,technical,random_missing,False,0.0,0.0,0,3
ibm-granite/granite-embedding-278m-multilingual,4427808_en_q_en,en,technical,random_missing,False,0.0,0.0,0,3
ibm-granite/granite-embedding-278m-multilingual,3602003_fr_q_fr,fr,technical,random_missing,False,0.0,0.0,0,3
ibm-granite/granite-embedding-278m-multilingual,4307416_en_q_en,en,technical,random_missing,False,0.0,0.0,0,3
ibm-granite/granite-embedding-278m-multilingual,3704101_en_q_en,en,technical,random_missing,False,1.0,1.0,1,3
ibm-granite/granite-embedding-278m-multilingual,4106028_fr_q_fr,fr,technical,random_missing,False,0.0,0.0,0,3
ibm-granite/granite-embedding-278m-multilingual,4229345_de_q_de,de,technical,random_missing,False,0.0,0.0,0,3
ibm-granite/granite-embedding-278m-multilingual,4525816_en_q_en,en,technical,random_missing,False,1.0,1.0,1,3
ibm-granite/granite-embedding-278m-multilingual,4131475_en_q_en,en,technical,random_missing,False,0.0,0.0,0,3
ibm-granite/granite-embedding-278m-multilingual,4292702_en_q_en,en,technical,random_missing,False,0.0,0.0,0,3
ibm-granite/granite-embedding-278m-multilingual,3835063_de_q_de,de,technical,random_missing,False,0.0,0.0,0,3
ibm-granite/granite-embedding-278m-multilingual,4363430_de_q_de,de,technical,random_missing,False,0.0,0.0,0,3
ibm-granite/granite-embedding-278m-multilingual,3602031_en_q_en,en,technical,random_missing,False,0.0,0.0,0,3
ibm-granite/granite-embedding-278m-multilingual,3950654_fr_q_fr,fr,technical,random_missing,False,0.0,0.0,0,3
ibm-granite/granite-embedding-278m-multilingual,4586953_de_q_de,de,technical,random_missing,False,0.0,0.0,0,3
ibm-granite/granite-embedding-278m-multilingual,3590547_de_q_de,de,technical,random_missing,False,0.0,0.0,0,3
ibm-granite/granite-embedding-278m-multilingual,3580358_de_q_de,de,technical,random_missing,False,0.0,0.0,0,3
ibm-granite/granite-embedding-278m-multilingual,2828317_en_q_en,en,technical,random_missing,False,0.0,0.0,0,3
ibm-granite/granite-embedding-278m-multilingual,3847566_en_q_en,en,technical,random_existing,False,0.0,0.0,0,3
ibm-granite/granite-embedding-278m-multilingual,4496051_de_q_de,de,technical,random_existing,False,0.0,0.0,0,3
ibm-granite/granite-embedding-278m-multilingual,4108708_de_q_de,de,technical,random_existing,False,1.0,1.0,1,3
ibm-granite/granite-embedding-278m-multilingual,4417557_de_q_de,de,technical,random_missing,False,1.0,1.0,1,3
ibm-granite/granite-embedding-278m-multilingual,4426701_de_q_de,de,technical,random_existing,False,0.0,0.0,0,3
ibm-granite/granite-embedding-278m-multilingual,3381434_fr_q_fr,fr,technical,random_existing,False,0.0,0.0,0,3
ibm-granite/granite-embedding-278m-multilingual,4271978_fr_q_fr,fr,technical,random_existing,False,0.0,0.0,0,3
ibm-granite/granite-embedding-278m-multilingual,4556422_en_q_en,en,technical,random_existing,False,0.0,0.0,0,3
ibm-granite/granite-embedding-278m-multilingual,3365356_en_q_en,en,technical,random_existing,False,1.0,1.0,1,3
ibm-granite/granite-embedding-278m-multilingual,4322294_fr_q_fr,fr,technical,random_existing,False,0.0,0.0,0,3
ibm-granite/granite-embedding-278m-multilingual,4543666_fr_q_fr,fr,technical,random_existing,False,0.0,0.0,0,3
ibm-granite/granite-embedding-278m-multilingual,4388059_fr_q_fr,fr,technical,random_existing,False,0.66667,0.25,1,3
ibm-granite/granite-embedding-278m-multilingual,3854885_de_q_de,de,technical,random_existing,False,0.33333,0.33333,1,3
ibm-granite/granite-embedding-278m-multilingual,4022033_fr_q_fr,fr,technical,random_existing,False,0.0,0.0,0,3
ibm-granite/granite-embedding-278m-multilingual,4565069_en_q_en,en,technical,random_existing,False,0.0,0.0,0,3
ibm-granite/granite-embedding-278m-multilingual,3732246_de_q_de,de,technical,random_existing,False,0.0,0.0,0,3
ibm-granite/granite-embedding-278m-multilingual,4578891_fr_q_fr,fr,technical,random_existing,False,0.0,0.0,0,3
ibm-granite/granite-embedding-278m-multilingual,4109587_en_q_en,en,technical,random_existing,False,0.0,0.0,0,3
ibm-granite/granite-embedding-278m-multilingual,4281583_en_q_en,en,technical,random_existing,False,0.0,0.0,0,3
ibm-granite/granite-embedding-278m-multilingual,4312783_en_q_en,en,technical,random_existing,False,0.0,0.0,0,3
ibm-granite/granite-embedding-278m-multilingual,3955901_fr_q_fr,fr,technical,random_existing,False,0.0,0.0,0,3
ibm-granite/granite-embedding-278m-multilingual,4246147_en_q_en,en,technical,random_existing,False,0.66667,1.0,1,3
ibm-granite/granite-embedding-278m-multilingual,3560355_en_q_en,en,technical,random_existing,False,0.0,0.0,0,3
ibm-granite/granite-embedding-278m-multilingual,3845687_en_q_en,en,technical,random_existing,False,1.0,1.0,1,3
ibm-granite/granite-embedding-278m-multilingual,3634441_de_q_de,de,technical,random_existing,False,1.0,1.0,1,3
ibm-granite/granite-embedding-278m-multilingual,4497505_de_q_de,de,technical,random_existing,False,0.0,0.0,0,3
ibm-granite/granite-embedding-278m-multilingual,3794949_en_q_en,en,technical,all,False,0.0,0.0,0,3
ibm-granite/granite-embedding-278m-multilingual,3794949_de_q_de,de,technical,all,False,0.0,0.0,0,3
ibm-granite/granite-embedding-278m-multilingual,3794949_fr_q_fr,fr,technical,all,False,0.0,0.0,0,3
ibm-granite/granite-embedding-278m-multilingual,4455101_en_q_en,en,technical,all,False,0.66667,0.25,1,3
ibm-granite/granite-embedding-278m-multilingual,4455101_de_q_de,de,technical,all,False,0.33333,0.5,1,3
ibm-granite/granite-embedding-278m-multilingual,4455101_fr_q_fr,fr,technical,all,False,0.66667,0.5,1,3
ibm-granite/granite-embedding-278m-multilingual,4013392_en_q_en,en,technical,all,False,0.66667,1.0,1,3
ibm-granite/granite-embedding-278m-multilingual,4013392_de_q_de,de,technical,all,False,0.0,0.0,0,3
ibm-granite/granite-embedding-278m-multilingual,4013392_fr_q_fr,fr,technical,all,False,0.0,0.0,0,3
ibm-granite/granite-embedding-278m-multilingual,3841130_en_q_en,en,technical,all,False,0.0,0.0,0,3
ibm-granite/granite-embedding-278m-multilingual,3841130_de_q_de,de,technical,all,False,1.0,1.0,1,3
ibm-granite/granite-embedding-278m-multilingual,3841130_fr_q_fr,fr,technical,all,False,1.0,1.0,1,3
ibm-granite/granite-embedding-278m-multilingual,4351302_en_q_en,en,technical,all,False,0.0,0.0,0,3
ibm-granite/granite-embedding-278m-multilingual,4351302_de_q_de,de,technical,all,False,0.0,0.0,0,3
ibm-granite/granite-embedding-278m-multilingual,4351302_fr_q_fr,fr,technical,all,False,0.0,0.0,0,3
ibm-granite/granite-embedding-278m-multilingual,3582794_en_q_en,en,technical,all,False,0.66667,0.5,1,3
ibm-granite/granite-embedding-278m-multilingual,3582794_de_q_de,de,technical,all,False,0.33333,1.0,1,3
ibm-granite/granite-embedding-278m-multilingual,3582794_fr_q_fr,fr,technical,all,False,0.66667,0.33333,1,3
ibm-granite/granite-embedding-278m-multilingual,3988670_de_q_de,de,semantic,random,False,0.0,0.0,0,3
ibm-granite/granite-embedding-278m-multilingual,3842409_de_q_de,de,semantic,random,False,1.0,1.0,1,3
ibm-granite/granite-embedding-278m-multilingual,4424422_en_q_en,en,technical,all,False,1.0,1.0,1,3
ibm-granite/granite-embedding-278m-multilingual,4424422_de_q_de,de,technical,all,False,0.33333,0.2,1,3
ibm-granite/granite-embedding-278m-multilingual,4424422_fr_q_fr,fr,technical,all,False,0.0,0.0,0,3
ibm-granite/granite-embedding-278m-multilingual,4040152_en_q_en,en,technical,all,False,0.33333,0.11111,1,3
ibm-granite/granite-embedding-278m-multilingual,4040152_de_q_de,de,technical,all,False,0.33333,0.125,1,3
ibm-granite/granite-embedding-278m-multilingual,4040152_fr_q_fr,fr,technical,all,False,0.0,0.0,0,3
ibm-granite/granite-embedding-278m-multilingual,4431202_de_q_de,de,semantic,random,False,0.66667,1.0,1,3
ibm-granite/granite-embedding-278m-multilingual,4317376_fr_q_fr,fr,semantic,random,False,0.0,0.0,0,3
ibm-granite/granite-embedding-278m-multilingual,4556196_en_q_en,en,semantic,random,False,1.0,1.0,1,3
ibm-granite/granite-embedding-278m-multilingual,4037081_de_q_de,de,semantic,random,False,0.0,0.0,0,3
ibm-granite/granite-embedding-278m-multilingual,4435064_de_q_de,de,semantic,random,False,0.0,0.0,0,3
ibm-granite/granite-embedding-278m-multilingual,4054003_en_q_en,en,semantic,random,False,1.0,1.0,1,3
ibm-granite/granite-embedding-278m-multilingual,4298280_fr_q_fr,fr,semantic,random,False,0.66667,1.0,1,3
ibm-granite/granite-embedding-278m-multilingual,3503879_de_q_de,de,semantic,random,False,1.0,0.5,1,3
ibm-granite/granite-embedding-278m-multilingual,4415919_fr_q_fr,fr,semantic,random,False,1.0,1.0,1,3
ibm-granite/granite-embedding-278m-multilingual,3283174_fr_q_fr,fr,semantic,random,False,0.0,0.0,0,3
ibm-granite/granite-embedding-278m-multilingual,4370235_en_q_en,en,semantic,random,False,0.66667,0.16667,1,3
ibm-granite/granite-embedding-278m-multilingual,4658693_fr_q_fr,fr,semantic,random,False,0.0,0.0,0,3
ibm-granite/granite-embedding-278m-multilingual,3916900_fr_q_fr,fr,semantic,random,False,0.0,0.0,0,3
ibm-granite/granite-embedding-278m-multilingual,4250413_fr_q_fr,fr,semantic,random,False,0.0,0.0,0,3
ibm-granite/granite-embedding-278m-multilingual,3883534_fr_q_fr,fr,semantic,random,False,1.0,1.0,1,3
ibm-granite/granite-embedding-278m-multilingual,4086994_en_q_en,en,semantic,random,False,0.0,0.0,0,3
ibm-granite/granite-embedding-278m-multilingual,4468440_en_q_en,en,semantic,random,False,0.66667,1.0,1,3
ibm-granite/granite-embedding-278m-multilingual,4200057_fr_q_fr,fr,semantic,random,False,0.0,0.0,0,3
ibm-granite/granite-embedding-278m-multilingual,4551428_en_q_en,en,semantic,random,False,1.0,1.0,1,3
ibm-granite/granite-embedding-278m-multilingual,3389403_fr_q_fr,fr,semantic,random,False,1.0,1.0,1,3
ibm-granite/granite-embedding-278m-multilingual,4334021_de_q_de,de,semantic,random,False,0.0,0.0,0,3
ibm-granite/granite-embedding-278m-multilingual,3926328_fr_q_fr,fr,semantic,random_missing,False,0.0,0.0,0,3
ibm-granite/granite-embedding-278m-multilingual,3713925_en_q_en,en,semantic,random_missing,False,1.0,1.0,1,3
ibm-granite/granite-embedding-278m-multilingual,4083560_fr_q_fr,fr,semantic,random,False,1.0,1.0,1,3
ibm-granite/granite-embedding-278m-multilingual,4142000_de_q_de,de,semantic,random,False,0.33333,0.2,1,3
ibm-granite/granite-embedding-278m-multilingual,4134085_fr_q_fr,fr,semantic,random_missing,False,0.0,0.0,0,3
ibm-granite/granite-embedding-278m-multilingual,4370897_en_q_en,en,semantic,random_missing,False,1.0,1.0,1,3
ibm-granite/granite-embedding-278m-multilingual,3577132_en_q_en,en,semantic,random_missing,False,0.0,0.0,0,3
ibm-granite/granite-embedding-278m-multilingual,3702482_en_q_en,en,semantic,random_missing,False,1.0,1.0,1,3
ibm-granite/granite-embedding-278m-multilingual,4358246_de_q_de,de,semantic,random_missing,False,0.0,0.0,0,3
ibm-granite/granite-embedding-278m-multilingual,3759170_en_q_en,en,semantic,random_missing,False,0.0,0.0,0,3
ibm-granite/granite-embedding-278m-multilingual,3856696_de_q_de,de,semantic,random_missing,False,1.0,1.0,1,3
ibm-granite/granite-embedding-278m-multilingual,4345306_de_q_de,de,semantic,random_missing,False,0.66667,1.0,1,3
ibm-granite/granite-embedding-278m-multilingual,4259472_de_q_de,de,semantic,random_missing,False,0.0,0.0,0,3
ibm-granite/granite-embedding-278m-multilingual,3747538_en_q_en,en,semantic,random_missing,False,1.0,1.0,1,3
ibm-granite/granite-embedding-278m-multilingual,4514593_fr_q_fr,fr,semantic,random_missing,False,1.0,1.0,1,3
ibm-granite/granite-embedding-278m-multilingual,4561927_de_q_de,de,semantic,random_missing,False,0.0,0.0,0,3
ibm-granite/granite-embedding-278m-multilingual,3827810_fr_q_fr,fr,semantic,random_missing,False,0.66667,0.5,1,3
ibm-granite/granite-embedding-278m-multilingual,4228070_de_q_de,de,semantic,random_missing,False,0.66667,1.0,1,3
ibm-granite/granite-embedding-278m-multilingual,4276075_en_q_en,en,semantic,random_missing,False,0.66667,0.5,1,3
ibm-granite/granite-embedding-278m-multilingual,3828985_fr_q_fr,fr,semantic,random_missing,False,0.0,0.0,0,3
ibm-granite/granite-embedding-278m-multilingual,3887359_fr_q_fr,fr,semantic,random_missing,False,0.0,0.0,0,3
ibm-granite/granite-embedding-278m-multilingual,3927453_de_q_de,de,semantic,random_missing,False,0.0,0.0,0,3
ibm-granite/granite-embedding-278m-multilingual,4654331_en_q_en,en,semantic,random_missing,False,0.0,0.0,0,3
ibm-granite/granite-embedding-278m-multilingual,4145604_en_q_en,en,semantic,random_missing,False,0.0,0.0,0,3
ibm-granite/granite-embedding-278m-multilingual,3825337_en_q_en,en,semantic,random_missing,False,1.0,1.0,1,3
ibm-granite/granite-embedding-278m-multilingual,4317423_de_q_de,de,semantic,random_missing,False,0.33333,0.14286,1,3
ibm-granite/granite-embedding-278m-multilingual,4187683_fr_q_fr,fr,semantic,random_existing,False,0.0,0.0,0,3
ibm-granite/granite-embedding-278m-multilingual,4389713_de_q_de,de,semantic,random_existing,False,0.0,0.0,0,3
ibm-granite/granite-embedding-278m-multilingual,4571323_fr_q_fr,fr,semantic,random_existing,False,0.66667,1.0,1,3
ibm-granite/granite-embedding-278m-multilingual,4232181_fr_q_fr,fr,semantic,random_existing,False,0.66667,1.0,1,3
ibm-granite/granite-embedding-278m-multilingual,4403926_fr_q_fr,fr,semantic,random_existing,False,0.0,0.0,0,3
ibm-granite/granite-embedding-278m-multilingual,4596653_en_q_en,en,semantic,random_existing,False,1.0,1.0,1,3
ibm-granite/granite-embedding-278m-multilingual,4081117_fr_q_fr,fr,semantic,random_existing,False,0.33333,0.125,1,3
ibm-granite/granite-embedding-278m-multilingual,4578526_fr_q_fr,fr,semantic,random_existing,False,0.0,0.0,0,3
ibm-granite/granite-embedding-278m-multilingual,4327072_de_q_de,de,semantic,random_existing,False,0.0,0.0,0,3
ibm-granite/granite-embedding-278m-multilingual,3479171_de_q_de,de,semantic,random_existing,False,0.33333,0.14286,1,3
ibm-granite/granite-embedding-278m-multilingual,4459271_de_q_de,de,semantic,random_existing,False,1.0,0.2,1,3
ibm-granite/granite-embedding-278m-multilingual,3999056_en_q_en,en,semantic,random_existing,False,0.66667,0.2,1,3
ibm-granite/granite-embedding-278m-multilingual,4537120_en_q_en,en,semantic,random_existing,False,0.33333,0.25,1,3
ibm-granite/granite-embedding-278m-multilingual,4375353_en_q_en,en,semantic,random_existing,False,0.33333,1.0,1,3
ibm-granite/granite-embedding-278m-multilingual,4254549_en_q_en,en,semantic,random_existing,False,0.66667,1.0,1,3
ibm-granite/granite-embedding-278m-multilingual,3923380_de_q_de,de,semantic,random_existing,False,0.33333,0.16667,1,3
ibm-granite/granite-embedding-278m-multilingual,4043106_en_q_en,en,semantic,random_existing,False,1.0,1.0,1,3
ibm-granite/granite-embedding-278m-multilingual,4495614_fr_q_fr,fr,semantic,random_existing,False,0.33333,0.25,1,3
ibm-granite/granite-embedding-278m-multilingual,4062896_fr_q_fr,fr,semantic,random_existing,False,1.0,1.0,1,3
ibm-granite/granite-embedding-278m-multilingual,3600369_en_q_en,en,semantic,random_existing,False,1.0,1.0,1,3
ibm-granite/granite-embedding-278m-multilingual,3630154_fr_q_fr,fr,semantic,random_existing,False,0.0,0.0,0,3
ibm-granite/granite-embedding-278m-multilingual,3746074_en_q_en,en,semantic,random_existing,False,1.0,1.0,1,3
ibm-granite/granite-embedding-278m-multilingual,4530591_fr_q_fr,fr,semantic,random_existing,False,0.0,0.0,0,3
ibm-granite/granite-embedding-278m-multilingual,3530728_de_q_de,de,semantic,random_existing,False,1.0,1.0,1,3
ibm-granite/granite-embedding-278m-multilingual,4182375_de_q_de,de,semantic,random_existing,False,0.33333,0.5,1,3
ibm-granite/granite-embedding-278m-multilingual,3930873_en_q_en,en,semantic,all,False,1.0,0.5,1,3
ibm-granite/granite-embedding-278m-multilingual,3930873_de_q_de,de,semantic,all,False,1.0,1.0,1,3
ibm-granite/granite-embedding-278m-multilingual,3930873_fr_q_fr,fr,semantic,all,False,1.0,1.0,1,3
ibm-granite/granite-embedding-278m-multilingual,4443170_en_q_en,en,semantic,all,False,1.0,1.0,1,3
ibm-granite/granite-embedding-278m-multilingual,4443170_de_q_de,de,semantic,all,False,1.0,1.0,1,3
ibm-granite/granite-embedding-278m-multilingual,4443170_fr_q_fr,fr,semantic,all,False,1.0,1.0,1,3
ibm-granite/granite-embedding-278m-multilingual,3842401_en_q_en,en,semantic,all,False,1.0,0.5,1,3
ibm-granite/granite-embedding-278m-multilingual,3842401_de_q_de,de,semantic,all,False,1.0,1.0,1,3
ibm-granite/granite-embedding-278m-multilingual,3842401_fr_q_fr,fr,semantic,all,False,0.66667,1.0,1,3
ibm-granite/granite-embedding-278m-multilingual,3861585_en_q_en,en,semantic,all,False,0.0,0.0,0,3
ibm-granite/granite-embedding-278m-multilingual,3861585_de_q_de,de,semantic,all,False,0.0,0.0,0,3
ibm-granite/granite-embedding-278m-multilingual,3861585_fr_q_fr,fr,semantic,all,False,0.0,0.0,0,3
ibm-granite/granite-embedding-278m-multilingual,3989943_en_q_en,en,semantic,all,False,1.0,1.0,1,3
ibm-granite/granite-embedding-278m-multilingual,3989943_de_q_de,de,semantic,all,False,1.0,1.0,1,3
ibm-granite/granite-embedding-278m-multilingual,3989943_fr_q_fr,fr,semantic,all,False,1.0,1.0,1,3
ibm-granite/granite-embedding-278m-multilingual,4322318_en_q_en,en,semantic,all,False,0.66667,1.0,1,3
ibm-granite/granite-embedding-278m-multilingual,4322318_de_q_de,de,semantic,all,False,0.0,0.0,0,3
ibm-granite/granite-embedding-278m-multilingual,4322318_fr_q_fr,fr,semantic,all,False,0.0,0.0,0,3
ibm-granite/granite-embedding-278m-multilingual,4046659_en_q_en,en,semantic,all,False,0.66667,0.25,1,3
ibm-granite/granite-embedding-278m-multilingual,4046659_de_q_de,de,semantic,all,False,0.0,0.0,0,3
ibm-granite/granite-embedding-278m-multilingual,4046659_fr_q_fr,fr,semantic,all,False,1.0,1.0,1,3
ibm-granite/granite-embedding-278m-multilingual,4114919_en_q_en,en,semantic,all,False,1.0,1.0,1,3
ibm-granite/granite-embedding-278m-multilingual,4114919_de_q_de,de,semantic,all,False,0.66667,0.5,1,3
ibm-granite/granite-embedding-278m-multilingual,4114919_fr_q_fr,fr,semantic,all,False,0.66667,0.25,1,3
intfloat/multilingual-e5-large-instruct,4253488_en_q_en,en,technical,random,False,0.0,0.0,0,3
intfloat/multilingual-e5-large-instruct,4240657_en_q_en,en,technical,random,False,0.33333,1.0,1,3
intfloat/multilingual-e5-large-instruct,4392158_fr_q_fr,fr,technical,random,False,0.33333,1.0,1,3
intfloat/multilingual-e5-large-instruct,4042883_en_q_en,en,technical,random,False,0.0,0.0,0,3
intfloat/multilingual-e5-large-instruct,3938339_en_q_en,en,technical,random,False,0.0,0.0,0,3
intfloat/multilingual-e5-large-instruct,4142732_en_q_en,en,technical,random,False,0.0,0.0,0,3
intfloat/multilingual-e5-large-instruct,3741850_de_q_de,de,technical,random,False,0.0,0.0,0,3
intfloat/multilingual-e5-large-instruct,4499761_fr_q_fr,fr,technical,random,False,0.33333,1.0,1,3
intfloat/multilingual-e5-large-instruct,4447705_en_q_en,en,technical,random,False,0.33333,0.5,1,3
intfloat/multilingual-e5-large-instruct,4063613_fr_q_fr,fr,technical,random,False,0.0,0.0,0,3
intfloat/multilingual-e5-large-instruct,3923379_fr_q_fr,fr,technical,random,False,0.0,0.0,0,3
intfloat/multilingual-e5-large-instruct,4061310_fr_q_fr,fr,technical,random,False,0.33333,0.5,1,3
intfloat/multilingual-e5-large-instruct,4464499_fr_q_fr,fr,technical,random,False,0.0,0.0,0,3
intfloat/multilingual-e5-large-instruct,4293769_en_q_en,en,technical,random,False,0.0,0.0,0,3
intfloat/multilingual-e5-large-instruct,3528870_fr_q_fr,fr,technical,random,False,1.0,1.0,1,3
intfloat/multilingual-e5-large-instruct,3493685_en_q_en,en,technical,random,False,1.0,1.0,1,3
intfloat/multilingual-e5-large-instruct,4240898_de_q_de,de,technical,random,False,0.0,0.0,0,3
intfloat/multilingual-e5-large-instruct,4194223_en_q_en,en,technical,random,False,0.0,0.0,0,3
intfloat/multilingual-e5-large-instruct,3883940_en_q_en,en,technical,random,False,0.66667,1.0,1,3
intfloat/multilingual-e5-large-instruct,3254789_en_q_en,en,technical,random,False,0.33333,0.1,1,3
intfloat/multilingual-e5-large-instruct,3861209_en_q_en,en,technical,random,False,0.33333,0.33333,1,3
intfloat/multilingual-e5-large-instruct,3936133_fr_q_fr,fr,technical,random,False,0.0,0.0,0,3
intfloat/multilingual-e5-large-instruct,3807352_en_q_en,en,technical,random,False,0.33333,1.0,1,3
intfloat/multilingual-e5-large-instruct,3666912_fr_q_fr,fr,technical,random,False,0.33333,1.0,1,3
intfloat/multilingual-e5-large-instruct,3283173_fr_q_fr,fr,technical,random,False,0.33333,1.0,1,3
intfloat/multilingual-e5-large-instruct,4384816_en_q_en,en,technical,random,False,0.33333,0.33333,1,3
intfloat/multilingual-e5-large-instruct,4402440_fr_q_fr,fr,technical,random_missing,False,0.33333,0.5,1,3
intfloat/multilingual-e5-large-instruct,3271065_fr_q_fr,fr,technical,random_missing,False,0.0,0.0,0,3
intfloat/multilingual-e5-large-instruct,3240523_fr_q_fr,fr,technical,random_missing,False,0.0,0.0,0,3
intfloat/multilingual-e5-large-instruct,4338825_fr_q_fr,fr,technical,random_missing,False,0.33333,0.16667,1,3
intfloat/multilingual-e5-large-instruct,4282901_de_q_de,de,technical,random_missing,False,0.33333,1.0,1,3
intfloat/multilingual-e5-large-instruct,3938345_de_q_de,de,technical,random_missing,False,0.0,0.0,0,3
intfloat/multilingual-e5-large-instruct,4017634_de_q_de,de,technical,random_missing,False,0.33333,1.0,1,3
intfloat/multilingual-e5-large-instruct,4427808_en_q_en,en,technical,random_missing,False,0.0,0.0,0,3
intfloat/multilingual-e5-large-instruct,3602003_fr_q_fr,fr,technical,random_missing,False,0.0,0.0,0,3
intfloat/multilingual-e5-large-instruct,4307416_en_q_en,en,technical,random_missing,False,0.0,0.0,0,3
intfloat/multilingual-e5-large-instruct,3704101_en_q_en,en,technical,random_missing,False,1.0,1.0,1,3
intfloat/multilingual-e5-large-instruct,4106028_fr_q_fr,fr,technical,random_missing,False,0.0,0.0,0,3
intfloat/multilingual-e5-large-instruct,4229345_de_q_de,de,technical,random_missing,False,0.0,0.0,0,3
intfloat/multilingual-e5-large-instruct,4525816_en_q_en,en,technical,random_missing,False,0.33333,1.0,1,3
intfloat/multilingual-e5-large-instruct,4131475_en_q_en,en,technical,random_missing,False,0.0,0.0,0,3
intfloat/multilingual-e5-large-instruct,4292702_en_q_en,en,technical,random_missing,False,0.0,0.0,0,3
intfloat/multilingual-e5-large-instruct,3835063_de_q_de,de,technical,random_missing,False,0.33333,0.5,1,3
intfloat/multilingual-e5-large-instruct,4363430_de_q_de,de,technical,random_missing,False,0.0,0.0,0,3
intfloat/multilingual-e5-large-instruct,3602031_en_q_en,en,technical,random_missing,False,0.0,0.0,0,3
intfloat/multilingual-e5-large-instruct,3950654_fr_q_fr,fr,technical,random_missing,False,0.33333,0.14286,1,3
intfloat/multilingual-e5-large-instruct,4586953_de_q_de,de,technical,random_missing,False,0.0,0.0,0,3
intfloat/multilingual-e5-large-instruct,3590547_de_q_de,de,technical,random_missing,False,0.33333,0.2,1,3
intfloat/multilingual-e5-large-instruct,3580358_de_q_de,de,technical,random_missing,False,0.33333,0.5,1,3
intfloat/multilingual-e5-large-instruct,2828317_en_q_en,en,technical,random_missing,False,0.0,0.0,0,3
intfloat/multilingual-e5-large-instruct,3847566_en_q_en,en,technical,random_existing,False,1.0,1.0,1,3
intfloat/multilingual-e5-large-instruct,4496051_de_q_de,de,technical,random_existing,False,0.0,0.0,0,3
intfloat/multilingual-e5-large-instruct,4108708_de_q_de,de,technical,random_existing,False,0.33333,1.0,1,3
intfloat/multilingual-e5-large-instruct,4417557_de_q_de,de,technical,random_missing,False,0.33333,1.0,1,3
intfloat/multilingual-e5-large-instruct,4426701_de_q_de,de,technical,random_existing,False,0.0,0.0,0,3
intfloat/multilingual-e5-large-instruct,3381434_fr_q_fr,fr,technical,random_existing,False,0.0,0.0,0,3
intfloat/multilingual-e5-large-instruct,4271978_fr_q_fr,fr,technical,random_existing,False,0.0,0.0,0,3
intfloat/multilingual-e5-large-instruct,4556422_en_q_en,en,technical,random_existing,False,0.0,0.0,0,3
intfloat/multilingual-e5-large-instruct,3365356_en_q_en,en,technical,random_existing,False,1.0,1.0,1,3
intfloat/multilingual-e5-large-instruct,4322294_fr_q_fr,fr,technical,random_existing,False,0.0,0.0,0,3
intfloat/multilingual-e5-large-instruct,4543666_fr_q_fr,fr,technical,random_existing,False,0.33333,0.33333,1,3
intfloat/multilingual-e5-large-instruct,4388059_fr_q_fr,fr,technical,random_existing,False,0.33333,1.0,1,3
intfloat/multilingual-e5-large-instruct,3854885_de_q_de,de,technical,random_existing,False,0.33333,1.0,1,3
intfloat/multilingual-e5-large-instruct,4022033_fr_q_fr,fr,technical,random_existing,False,0.0,0.0,0,3
intfloat/multilingual-e5-large-instruct,4565069_en_q_en,en,technical,random_existing,False,0.33333,0.2,1,3
intfloat/multilingual-e5-large-instruct,3732246_de_q_de,de,technical,random_existing,False,0.0,0.0,0,3
intfloat/multilingual-e5-large-instruct,4578891_fr_q_fr,fr,technical,random_existing,False,0.0,0.0,0,3
intfloat/multilingual-e5-large-instruct,4109587_en_q_en,en,technical,random_existing,False,0.33333,0.16667,1,3
intfloat/multilingual-e5-large-instruct,4281583_en_q_en,en,technical,random_existing,False,0.33333,0.16667,1,3
intfloat/multilingual-e5-large-instruct,4312783_en_q_en,en,technical,random_existing,False,0.0,0.0,0,3
intfloat/multilingual-e5-large-instruct,3955901_fr_q_fr,fr,technical,random_existing,False,0.0,0.0,0,3
intfloat/multilingual-e5-large-instruct,4246147_en_q_en,en,technical,random_existing,False,0.66667,1.0,1,3
intfloat/multilingual-e5-large-instruct,3560355_en_q_en,en,technical,random_existing,False,0.0,0.0,0,3
intfloat/multilingual-e5-large-instruct,3845687_en_q_en,en,technical,random_existing,False,1.0,1.0,1,3
intfloat/multilingual-e5-large-instruct,3634441_de_q_de,de,technical,random_existing,False,0.33333,1.0,1,3
intfloat/multilingual-e5-large-instruct,4497505_de_q_de,de,technical,random_existing,False,0.0,0.0,0,3
intfloat/multilingual-e5-large-instruct,3794949_en_q_en,en,technical,all,False,0.0,0.0,0,3
intfloat/multilingual-e5-large-instruct,3794949_de_q_de,de,technical,all,False,0.33333,0.11111,1,3
intfloat/multilingual-e5-large-instruct,3794949_fr_q_fr,fr,technical,all,False,0.33333,0.1,1,3
intfloat/multilingual-e5-large-instruct,4455101_en_q_en,en,technical,all,False,0.0,0.0,0,3
intfloat/multilingual-e5-large-instruct,4455101_de_q_de,de,technical,all,False,0.33333,0.33333,1,3
intfloat/multilingual-e5-large-instruct,4455101_fr_q_fr,fr,technical,all,False,0.33333,1.0,1,3
intfloat/multilingual-e5-large-instruct,4013392_en_q_en,en,technical,all,False,0.66667,1.0,1,3
intfloat/multilingual-e5-large-instruct,4013392_de_q_de,de,technical,all,False,0.0,0.0,0,3
intfloat/multilingual-e5-large-instruct,4013392_fr_q_fr,fr,technical,all,False,0.33333,0.33333,1,3
intfloat/multilingual-e5-large-instruct,3841130_en_q_en,en,technical,all,False,0.33333,1.0,1,3
intfloat/multilingual-e5-large-instruct,3841130_de_q_de,de,technical,all,False,0.33333,1.0,1,3
intfloat/multilingual-e5-large-instruct,3841130_fr_q_fr,fr,technical,all,False,1.0,1.0,1,3
intfloat/multilingual-e5-large-instruct,4351302_en_q_en,en,technical,all,False,0.0,0.0,0,3
intfloat/multilingual-e5-large-instruct,4351302_de_q_de,de,technical,all,False,0.0,0.0,0,3
intfloat/multilingual-e5-large-instruct,4351302_fr_q_fr,fr,technical,all,False,0.0,0.0,0,3
intfloat/multilingual-e5-large-instruct,3582794_en_q_en,en,technical,all,False,1.0,1.0,1,3
intfloat/multilingual-e5-large-instruct,3582794_de_q_de,de,technical,all,False,0.33333,1.0,1,3
intfloat/multilingual-e5-large-instruct,3582794_fr_q_fr,fr,technical,all,False,0.33333,1.0,1,3
intfloat/multilingual-e5-large-instruct,3988670_de_q_de,de,semantic,random,False,0.33333,0.33333,1,3
intfloat/multilingual-e5-large-instruct,3842409_de_q_de,de,semantic,random,False,0.33333,1.0,1,3
intfloat/multilingual-e5-large-instruct,4424422_en_q_en,en,technical,all,False,0.33333,1.0,1,3
intfloat/multilingual-e5-large-instruct,4424422_de_q_de,de,technical,all,False,0.0,0.0,0,3
intfloat/multilingual-e5-large-instruct,4424422_fr_q_fr,fr,technical,all,False,0.33333,0.11111,1,3
intfloat/multilingual-e5-large-instruct,4040152_en_q_en,en,technical,all,False,0.0,0.0,0,3
intfloat/multilingual-e5-large-instruct,4040152_de_q_de,de,technical,all,False,0.0,0.0,0,3
intfloat/multilingual-e5-large-instruct,4040152_fr_q_fr,fr,technical,all,False,0.0,0.0,0,3
intfloat/multilingual-e5-large-instruct,4431202_de_q_de,de,semantic,random,False,0.33333,1.0,1,3
intfloat/multilingual-e5-large-instruct,4317376_fr_q_fr,fr,semantic,random,False,0.0,0.0,0,3
intfloat/multilingual-e5-large-instruct,4556196_en_q_en,en,semantic,random,False,1.0,1.0,1,3
intfloat/multilingual-e5-large-instruct,4037081_de_q_de,de,semantic,random,False,0.0,0.0,0,3
intfloat/multilingual-e5-large-instruct,4435064_de_q_de,de,semantic,random,False,0.33333,0.33333,1,3
intfloat/multilingual-e5-large-instruct,4054003_en_q_en,en,semantic,random,False,1.0,1.0,1,3
intfloat/multilingual-e5-large-instruct,4298280_fr_q_fr,fr,semantic,random,False,0.33333,1.0,1,3
intfloat/multilingual-e5-large-instruct,3503879_de_q_de,de,semantic,random,False,0.33333,1.0,1,3
intfloat/multilingual-e5-large-instruct,4415919_fr_q_fr,fr,semantic,random,False,0.33333,1.0,1,3
intfloat/multilingual-e5-large-instruct,3283174_fr_q_fr,fr,semantic,random,False,0.33333,0.5,1,3
intfloat/multilingual-e5-large-instruct,4370235_en_q_en,en,semantic,random,False,0.0,0.0,0,3
intfloat/multilingual-e5-large-instruct,4658693_fr_q_fr,fr,semantic,random,False,0.33333,0.14286,1,3
intfloat/multilingual-e5-large-instruct,3916900_fr_q_fr,fr,semantic,random,False,0.33333,0.2,1,3
intfloat/multilingual-e5-large-instruct,4250413_fr_q_fr,fr,semantic,random,False,0.0,0.0,0,3
intfloat/multilingual-e5-large-instruct,3883534_fr_q_fr,fr,semantic,random,False,0.33333,1.0,1,3
intfloat/multilingual-e5-large-instruct,4086994_en_q_en,en,semantic,random,False,0.33333,1.0,1,3
intfloat/multilingual-e5-large-instruct,4468440_en_q_en,en,semantic,random,False,0.66667,1.0,1,3
intfloat/multilingual-e5-large-instruct,4200057_fr_q_fr,fr,semantic,random,False,0.33333,1.0,1,3
intfloat/multilingual-e5-large-instruct,4551428_en_q_en,en,semantic,random,False,1.0,1.0,1,3
intfloat/multilingual-e5-large-instruct,3389403_fr_q_fr,fr,semantic,random,False,0.33333,0.33333,1,3
intfloat/multilingual-e5-large-instruct,4334021_de_q_de,de,semantic,random,False,0.0,0.0,0,3
intfloat/multilingual-e5-large-instruct,3926328_fr_q_fr,fr,semantic,random_missing,False,0.0,0.0,0,3
intfloat/multilingual-e5-large-instruct,3713925_en_q_en,en,semantic,random_missing,False,1.0,1.0,1,3
intfloat/multilingual-e5-large-instruct,4083560_fr_q_fr,fr,semantic,random,False,0.33333,1.0,1,3
intfloat/multilingual-e5-large-instruct,4142000_de_q_de,de,semantic,random,False,0.33333,1.0,1,3
intfloat/multilingual-e5-large-instruct,4134085_fr_q_fr,fr,semantic,random_missing,False,0.33333,1.0,1,3
intfloat/multilingual-e5-large-instruct,4370897_en_q_en,en,semantic,random_missing,False,1.0,1.0,1,3
intfloat/multilingual-e5-large-instruct,3577132_en_q_en,en,semantic,random_missing,False,0.0,0.0,0,3
intfloat/multilingual-e5-large-instruct,3702482_en_q_en,en,semantic,random_missing,False,1.0,1.0,1,3
intfloat/multilingual-e5-large-instruct,4358246_de_q_de,de,semantic,random_missing,False,0.0,0.0,0,3
intfloat/multilingual-e5-large-instruct,3759170_en_q_en,en,semantic,random_missing,False,0.0,0.0,0,3
intfloat/multilingual-e5-large-instruct,3856696_de_q_de,de,semantic,random_missing,False,0.33333,1.0,1,3
intfloat/multilingual-e5-large-instruct,4345306_de_q_de,de,semantic,random_missing,False,0.33333,1.0,1,3
intfloat/multilingual-e5-large-instruct,4259472_de_q_de,de,semantic,random_missing,False,0.33333,1.0,1,3
intfloat/multilingual-e5-large-instruct,3747538_en_q_en,en,semantic,random_missing,False,0.66667,1.0,1,3
intfloat/multilingual-e5-large-instruct,4514593_fr_q_fr,fr,semantic,random_missing,False,0.33333,1.0,1,3
intfloat/multilingual-e5-large-instruct,4561927_de_q_de,de,semantic,random_missing,False,0.33333,0.33333,1,3
intfloat/multilingual-e5-large-instruct,3827810_fr_q_fr,fr,semantic,random_missing,False,0.33333,1.0,1,3
intfloat/multilingual-e5-large-instruct,4228070_de_q_de,de,semantic,random_missing,False,0.33333,1.0,1,3
intfloat/multilingual-e5-large-instruct,4276075_en_q_en,en,semantic,random_missing,False,0.66667,1.0,1,3
intfloat/multilingual-e5-large-instruct,3828985_fr_q_fr,fr,semantic,random_missing,False,0.0,0.0,0,3
intfloat/multilingual-e5-large-instruct,3887359_fr_q_fr,fr,semantic,random_missing,False,0.0,0.0,0,3
intfloat/multilingual-e5-large-instruct,3927453_de_q_de,de,semantic,random_missing,False,0.33333,0.5,1,3
intfloat/multilingual-e5-large-instruct,4654331_en_q_en,en,semantic,random_missing,False,0.33333,0.5,1,3
intfloat/multilingual-e5-large-instruct,4145604_en_q_en,en,semantic,random_missing,False,0.0,0.0,0,3
intfloat/multilingual-e5-large-instruct,3825337_en_q_en,en,semantic,random_missing,False,1.0,1.0,1,3
intfloat/multilingual-e5-large-instruct,4317423_de_q_de,de,semantic,random_missing,False,0.33333,0.5,1,3
intfloat/multilingual-e5-large-instruct,4187683_fr_q_fr,fr,semantic,random_existing,False,0.0,0.0,0,3
intfloat/multilingual-e5-large-instruct,4389713_de_q_de,de,semantic,random_existing,False,0.0,0.0,0,3
intfloat/multilingual-e5-large-instruct,4571323_fr_q_fr,fr,semantic,random_existing,False,0.33333,1.0,1,3
intfloat/multilingual-e5-large-instruct,4232181_fr_q_fr,fr,semantic,random_existing,False,0.0,0.0,0,3
intfloat/multilingual-e5-large-instruct,4403926_fr_q_fr,fr,semantic,random_existing,False,0.0,0.0,0,3
intfloat/multilingual-e5-large-instruct,4596653_en_q_en,en,semantic,random_existing,False,1.0,1.0,1,3
intfloat/multilingual-e5-large-instruct,4081117_fr_q_fr,fr,semantic,random_existing,False,0.0,0.0,0,3
intfloat/multilingual-e5-large-instruct,4578526_fr_q_fr,fr,semantic,random_existing,False,0.0,0.0,0,3
intfloat/multilingual-e5-large-instruct,4327072_de_q_de,de,semantic,random_existing,False,0.33333,0.33333,1,3
intfloat/multilingual-e5-large-instruct,3479171_de_q_de,de,semantic,random_existing,False,0.0,0.0,0,3
intfloat/multilingual-e5-large-instruct,4459271_de_q_de,de,semantic,random_existing,False,0.0,0.0,0,3
intfloat/multilingual-e5-large-instruct,3999056_en_q_en,en,semantic,random_existing,False,0.33333,0.2,1,3
intfloat/multilingual-e5-large-instruct,4537120_en_q_en,en,semantic,random_existing,False,0.33333,1.0,1,3
intfloat/multilingual-e5-large-instruct,4375353_en_q_en,en,semantic,random_existing,False,0.66667,1.0,1,3
intfloat/multilingual-e5-large-instruct,4254549_en_q_en,en,semantic,random_existing,False,0.33333,0.16667,1,3
intfloat/multilingual-e5-large-instruct,3923380_de_q_de,de,semantic,random_existing,False,0.33333,0.5,1,3
intfloat/multilingual-e5-large-instruct,4043106_en_q_en,en,semantic,random_existing,False,0.33333,1.0,1,3
intfloat/multilingual-e5-large-instruct,4495614_fr_q_fr,fr,semantic,random_existing,False,0.33333,0.5,1,3
intfloat/multilingual-e5-large-instruct,4062896_fr_q_fr,fr,semantic,random_existing,False,0.33333,1.0,1,3
intfloat/multilingual-e5-large-instruct,3600369_en_q_en,en,semantic,random_existing,False,1.0,1.0,1,3
intfloat/multilingual-e5-large-instruct,3630154_fr_q_fr,fr,semantic,random_existing,False,0.0,0.0,0,3
intfloat/multilingual-e5-large-instruct,3746074_en_q_en,en,semantic,random_existing,False,1.0,1.0,1,3
intfloat/multilingual-e5-large-instruct,4530591_fr_q_fr,fr,semantic,random_existing,False,0.0,0.0,0,3
intfloat/multilingual-e5-large-instruct,3530728_de_q_de,de,semantic,random_existing,False,0.33333,1.0,1,3
intfloat/multilingual-e5-large-instruct,4182375_de_q_de,de,semantic,random_existing,False,0.33333,1.0,1,3
intfloat/multilingual-e5-large-instruct,3930873_en_q_en,en,semantic,all,False,1.0,1.0,1,3
intfloat/multilingual-e5-large-instruct,3930873_de_q_de,de,semantic,all,False,0.33333,1.0,1,3
intfloat/multilingual-e5-large-instruct,3930873_fr_q_fr,fr,semantic,all,False,0.33333,1.0,1,3
intfloat/multilingual-e5-large-instruct,4443170_en_q_en,en,semantic,all,False,1.0,1.0,1,3
intfloat/multilingual-e5-large-instruct,4443170_de_q_de,de,semantic,all,False,0.33333,1.0,1,3
intfloat/multilingual-e5-large-instruct,4443170_fr_q_fr,fr,semantic,all,False,0.33333,1.0,1,3
intfloat/multilingual-e5-large-instruct,3842401_en_q_en,en,semantic,all,False,0.66667,1.0,1,3
intfloat/multilingual-e5-large-instruct,3842401_de_q_de,de,semantic,all,False,0.33333,1.0,1,3
intfloat/multilingual-e5-large-instruct,3842401_fr_q_fr,fr,semantic,all,False,0.33333,1.0,1,3
intfloat/multilingual-e5-large-instruct,3861585_en_q_en,en,semantic,all,False,0.33333,0.5,1,3
intfloat/multilingual-e5-large-instruct,3861585_de_q_de,de,semantic,all,False,0.33333,1.0,1,3
intfloat/multilingual-e5-large-instruct,3861585_fr_q_fr,fr,semantic,all,False,0.33333,1.0,1,3
intfloat/multilingual-e5-large-instruct,3989943_en_q_en,en,semantic,all,False,1.0,1.0,1,3
intfloat/multilingual-e5-large-instruct,3989943_de_q_de,de,semantic,all,False,0.33333,1.0,1,3
intfloat/multilingual-e5-large-instruct,3989943_fr_q_fr,fr,semantic,all,False,0.33333,1.0,1,3
intfloat/multilingual-e5-large-instruct,4322318_en_q_en,en,semantic,all,False,0.0,0.0,0,3
intfloat/multilingual-e5-large-instruct,4322318_de_q_de,de,semantic,all,False,0.33333,1.0,1,3
intfloat/multilingual-e5-large-instruct,4322318_fr_q_fr,fr,semantic,all,False,0.0,0.0,0,3
intfloat/multilingual-e5-large-instruct,4046659_en_q_en,en,semantic,all,False,0.33333,1.0,1,3
intfloat/multilingual-e5-large-instruct,4046659_de_q_de,de,semantic,all,False,0.0,0.0,0,3
intfloat/multilingual-e5-large-instruct,4046659_fr_q_fr,fr,semantic,all,False,0.33333,1.0,1,3
intfloat/multilingual-e5-large-instruct,4114919_en_q_en,en,semantic,all,False,1.0,1.0,1,3
intfloat/multilingual-e5-large-instruct,4114919_de_q_de,de,semantic,all,False,0.33333,0.5,1,3
intfloat/multilingual-e5-large-instruct,4114919_fr_q_fr,fr,semantic,all,False,0.33333,1.0,1,3
nomic-ai/nomic-embed-text-v2-moe,4253488_en_q_en,en,technical,random,False,0.0,0.0,0,3
nomic-ai/nomic-embed-text-v2-moe,4240657_en_q_en,en,technical,random,False,0.33333,1.0,1,3
nomic-ai/nomic-embed-text-v2-moe,4392158_fr_q_fr,fr,technical,random,False,0.66667,1.0,1,3
nomic-ai/nomic-embed-text-v2-moe,4042883_en_q_en,en,technical,random,False,0.33333,0.14286,1,3
nomic-ai/nomic-embed-text-v2-moe,3938339_en_q_en,en,technical,random,False,0.0,0.0,0,3
nomic-ai/nomic-embed-text-v2-moe,4142732_en_q_en,en,technical,random,False,0.33333,0.125,1,3
nomic-ai/nomic-embed-text-v2-moe,3741850_de_q_de,de,technical,random,False,0.0,0.0,0,3
nomic-ai/nomic-embed-text-v2-moe,4499761_fr_q_fr,fr,technical,random,False,1.0,1.0,1,3
nomic-ai/nomic-embed-text-v2-moe,4447705_en_q_en,en,technical,random,False,1.0,1.0,1,3
nomic-ai/nomic-embed-text-v2-moe,4063613_fr_q_fr,fr,technical,random,False,0.0,0.0,0,3
nomic-ai/nomic-embed-text-v2-moe,3923379_fr_q_fr,fr,technical,random,False,0.0,0.0,0,3
nomic-ai/nomic-embed-text-v2-moe,4061310_fr_q_fr,fr,technical,random,False,1.0,1.0,1,3
nomic-ai/nomic-embed-text-v2-moe,4464499_fr_q_fr,fr,technical,random,False,0.0,0.0,0,3
nomic-ai/nomic-embed-text-v2-moe,4293769_en_q_en,en,technical,random,False,0.0,0.0,0,3
nomic-ai/nomic-embed-text-v2-moe,3528870_fr_q_fr,fr,technical,random,False,1.0,1.0,1,3
nomic-ai/nomic-embed-text-v2-moe,3493685_en_q_en,en,technical,random,False,1.0,1.0,1,3
nomic-ai/nomic-embed-text-v2-moe,4240898_de_q_de,de,technical,random,False,0.0,0.0,0,3
nomic-ai/nomic-embed-text-v2-moe,4194223_en_q_en,en,technical,random,False,0.0,0.0,0,3
nomic-ai/nomic-embed-text-v2-moe,3883940_en_q_en,en,technical,random,False,1.0,1.0,1,3
nomic-ai/nomic-embed-text-v2-moe,3254789_en_q_en,en,technical,random,False,0.0,0.0,0,3
nomic-ai/nomic-embed-text-v2-moe,3861209_en_q_en,en,technical,random,False,0.33333,0.25,1,3
nomic-ai/nomic-embed-text-v2-moe,3936133_fr_q_fr,fr,technical,random,False,0.33333,0.33333,1,3
nomic-ai/nomic-embed-text-v2-moe,3807352_en_q_en,en,technical,random,False,1.0,1.0,1,3
nomic-ai/nomic-embed-text-v2-moe,3666912_fr_q_fr,fr,technical,random,False,1.0,1.0,1,3
nomic-ai/nomic-embed-text-v2-moe,3283173_fr_q_fr,fr,technical,random,False,0.66667,1.0,1,3
nomic-ai/nomic-embed-text-v2-moe,4384816_en_q_en,en,technical,random,False,1.0,1.0,1,3
nomic-ai/nomic-embed-text-v2-moe,4402440_fr_q_fr,fr,technical,random_missing,False,1.0,1.0,1,3
nomic-ai/nomic-embed-text-v2-moe,3271065_fr_q_fr,fr,technical,random_missing,False,0.0,0.0,0,3
nomic-ai/nomic-embed-text-v2-moe,3240523_fr_q_fr,fr,technical,random_missing,False,0.33333,0.11111,1,3
nomic-ai/nomic-embed-text-v2-moe,4338825_fr_q_fr,fr,technical,random_missing,False,0.66667,1.0,1,3
nomic-ai/nomic-embed-text-v2-moe,4282901_de_q_de,de,technical,random_missing,False,0.33333,1.0,1,3
nomic-ai/nomic-embed-text-v2-moe,3938345_de_q_de,de,technical,random_missing,False,0.0,0.0,0,3
nomic-ai/nomic-embed-text-v2-moe,4017634_de_q_de,de,technical,random_missing,False,0.33333,1.0,1,3
nomic-ai/nomic-embed-text-v2-moe,4427808_en_q_en,en,technical,random_missing,False,1.0,0.25,1,3
nomic-ai/nomic-embed-text-v2-moe,3602003_fr_q_fr,fr,technical,random_missing,False,0.0,0.0,0,3
nomic-ai/nomic-embed-text-v2-moe,4307416_en_q_en,en,technical,random_missing,False,0.0,0.0,0,3
nomic-ai/nomic-embed-text-v2-moe,3704101_en_q_en,en,technical,random_missing,False,1.0,1.0,1,3
nomic-ai/nomic-embed-text-v2-moe,4106028_fr_q_fr,fr,technical,random_missing,False,0.0,0.0,0,3
nomic-ai/nomic-embed-text-v2-moe,4229345_de_q_de,de,technical,random_missing,False,0.0,0.0,0,3
nomic-ai/nomic-embed-text-v2-moe,4525816_en_q_en,en,technical,random_missing,False,0.66667,1.0,1,3
nomic-ai/nomic-embed-text-v2-moe,4131475_en_q_en,en,technical,random_missing,False,0.0,0.0,0,3
nomic-ai/nomic-embed-text-v2-moe,4292702_en_q_en,en,technical,random_missing,False,0.33333,0.16667,1,3
nomic-ai/nomic-embed-text-v2-moe,3835063_de_q_de,de,technical,random_missing,False,0.33333,1.0,1,3
nomic-ai/nomic-embed-text-v2-moe,4363430_de_q_de,de,technical,random_missing,False,0.33333,0.33333,1,3
nomic-ai/nomic-embed-text-v2-moe,3602031_en_q_en,en,technical,random_missing,False,0.0,0.0,0,3
nomic-ai/nomic-embed-text-v2-moe,3950654_fr_q_fr,fr,technical,random_missing,False,0.0,0.0,0,3
nomic-ai/nomic-embed-text-v2-moe,4586953_de_q_de,de,technical,random_missing,False,0.33333,0.5,1,3
nomic-ai/nomic-embed-text-v2-moe,3590547_de_q_de,de,technical,random_missing,False,0.0,0.0,0,3
nomic-ai/nomic-embed-text-v2-moe,3580358_de_q_de,de,technical,random_missing,False,1.0,1.0,1,3
nomic-ai/nomic-embed-text-v2-moe,2828317_en_q_en,en,technical,random_missing,False,0.0,0.0,0,3
nomic-ai/nomic-embed-text-v2-moe,3847566_en_q_en,en,technical,random_existing,False,1.0,1.0,1,3
nomic-ai/nomic-embed-text-v2-moe,4496051_de_q_de,de,technical,random_existing,False,0.0,0.0,0,3
nomic-ai/nomic-embed-text-v2-moe,4108708_de_q_de,de,technical,random_existing,False,1.0,1.0,1,3
nomic-ai/nomic-embed-text-v2-moe,4417557_de_q_de,de,technical,random_missing,False,1.0,1.0,1,3
nomic-ai/nomic-embed-text-v2-moe,4426701_de_q_de,de,technical,random_existing,False,0.0,0.0,0,3
nomic-ai/nomic-embed-text-v2-moe,3381434_fr_q_fr,fr,technical,random_existing,False,0.0,0.0,0,3
nomic-ai/nomic-embed-text-v2-moe,4271978_fr_q_fr,fr,technical,random_existing,False,0.0,0.0,0,3
nomic-ai/nomic-embed-text-v2-moe,4556422_en_q_en,en,technical,random_existing,False,0.0,0.0,0,3
nomic-ai/nomic-embed-text-v2-moe,3365356_en_q_en,en,technical,random_existing,False,1.0,1.0,1,3
nomic-ai/nomic-embed-text-v2-moe,4322294_fr_q_fr,fr,technical,random_existing,False,0.0,0.0,0,3
nomic-ai/nomic-embed-text-v2-moe,4543666_fr_q_fr,fr,technical,random_existing,False,0.66667,0.5,1,3
nomic-ai/nomic-embed-text-v2-moe,4388059_fr_q_fr,fr,technical,random_existing,False,1.0,0.25,1,3
nomic-ai/nomic-embed-text-v2-moe,3854885_de_q_de,de,technical,random_existing,False,1.0,1.0,1,3
nomic-ai/nomic-embed-text-v2-moe,4022033_fr_q_fr,fr,technical,random_existing,False,0.0,0.0,0,3
nomic-ai/nomic-embed-text-v2-moe,4565069_en_q_en,en,technical,random_existing,False,0.0,0.0,0,3
nomic-ai/nomic-embed-text-v2-moe,3732246_de_q_de,de,technical,random_existing,False,0.0,0.0,0,3
nomic-ai/nomic-embed-text-v2-moe,4578891_fr_q_fr,fr,technical,random_existing,False,0.0,0.0,0,3
nomic-ai/nomic-embed-text-v2-moe,4109587_en_q_en,en,technical,random_existing,False,1.0,0.25,1,3
nomic-ai/nomic-embed-text-v2-moe,4281583_en_q_en,en,technical,random_existing,False,0.0,0.0,0,3
nomic-ai/nomic-embed-text-v2-moe,4312783_en_q_en,en,technical,random_existing,False,0.0,0.0,0,3
nomic-ai/nomic-embed-text-v2-moe,3955901_fr_q_fr,fr,technical,random_existing,False,0.0,0.0,0,3
nomic-ai/nomic-embed-text-v2-moe,4246147_en_q_en,en,technical,random_existing,False,1.0,1.0,1,3
nomic-ai/nomic-embed-text-v2-moe,3560355_en_q_en,en,technical,random_existing,False,0.33333,1.0,1,3
nomic-ai/nomic-embed-text-v2-moe,3845687_en_q_en,en,technical,random_existing,False,1.0,1.0,1,3
nomic-ai/nomic-embed-text-v2-moe,3634441_de_q_de,de,technical,random_existing,False,1.0,1.0,1,3
nomic-ai/nomic-embed-text-v2-moe,4497505_de_q_de,de,technical,random_existing,False,0.0,0.0,0,3
nomic-ai/nomic-embed-text-v2-moe,3794949_en_q_en,en,technical,all,False,0.0,0.0,0,3
nomic-ai/nomic-embed-text-v2-moe,3794949_de_q_de,de,technical,all,False,0.0,0.0,0,3
nomic-ai/nomic-embed-text-v2-moe,3794949_fr_q_fr,fr,technical,all,False,0.33333,0.25,1,3
nomic-ai/nomic-embed-text-v2-moe,4455101_en_q_en,en,technical,all,False,1.0,1.0,1,3
nomic-ai/nomic-embed-text-v2-moe,4455101_de_q_de,de,technical,all,False,0.66667,1.0,1,3
nomic-ai/nomic-embed-text-v2-moe,4455101_fr_q_fr,fr,technical,all,False,1.0,1.0,1,3
nomic-ai/nomic-embed-text-v2-moe,4013392_en_q_en,en,technical,all,False,1.0,1.0,1,3
nomic-ai/nomic-embed-text-v2-moe,4013392_de_q_de,de,technical,all,False,1.0,1.0,1,3
nomic-ai/nomic-embed-text-v2-moe,4013392_fr_q_fr,fr,technical,all,False,1.0,1.0,1,3
nomic-ai/nomic-embed-text-v2-moe,3841130_en_q_en,en,technical,all,False,1.0,1.0,1,3
nomic-ai/nomic-embed-text-v2-moe,3841130_de_q_de,de,technical,all,False,1.0,1.0,1,3
nomic-ai/nomic-embed-text-v2-moe,3841130_fr_q_fr,fr,technical,all,False,1.0,1.0,1,3
nomic-ai/nomic-embed-text-v2-moe,4351302_en_q_en,en,technical,all,False,0.0,0.0,0,3
nomic-ai/nomic-embed-text-v2-moe,4351302_de_q_de,de,technical,all,False,0.0,0.0,0,3
nomic-ai/nomic-embed-text-v2-moe,4351302_fr_q_fr,fr,technical,all,False,0.0,0.0,0,3
nomic-ai/nomic-embed-text-v2-moe,3582794_en_q_en,en,technical,all,False,1.0,1.0,1,3
nomic-ai/nomic-embed-text-v2-moe,3582794_de_q_de,de,technical,all,False,0.33333,0.5,1,3
nomic-ai/nomic-embed-text-v2-moe,3582794_fr_q_fr,fr,technical,all,False,1.0,1.0,1,3
nomic-ai/nomic-embed-text-v2-moe,3988670_de_q_de,de,semantic,random,False,0.0,0.0,0,3
nomic-ai/nomic-embed-text-v2-moe,3842409_de_q_de,de,semantic,random,False,1.0,1.0,1,3
nomic-ai/nomic-embed-text-v2-moe,4424422_en_q_en,en,technical,all,False,0.33333,1.0,1,3
nomic-ai/nomic-embed-text-v2-moe,4424422_de_q_de,de,technical,all,False,0.33333,1.0,1,3
nomic-ai/nomic-embed-text-v2-moe,4424422_fr_q_fr,fr,technical,all,False,0.0,0.0,0,3
nomic-ai/nomic-embed-text-v2-moe,4040152_en_q_en,en,technical,all,False,0.33333,0.16667,1,3
nomic-ai/nomic-embed-text-v2-moe,4040152_de_q_de,de,technical,all,False,0.33333,0.33333,1,3
nomic-ai/nomic-embed-text-v2-moe,4040152_fr_q_fr,fr,technical,all,False,0.33333,0.1,1,3
nomic-ai/nomic-embed-text-v2-moe,4431202_de_q_de,de,semantic,random,False,0.66667,1.0,1,3
nomic-ai/nomic-embed-text-v2-moe,4317376_fr_q_fr,fr,semantic,random,False,0.0,0.0,0,3
nomic-ai/nomic-embed-text-v2-moe,4556196_en_q_en,en,semantic,random,False,0.66667,1.0,1,3
nomic-ai/nomic-embed-text-v2-moe,4037081_de_q_de,de,semantic,random,False,0.33333,0.11111,1,3
nomic-ai/nomic-embed-text-v2-moe,4435064_de_q_de,de,semantic,random,False,0.66667,1.0,1,3
nomic-ai/nomic-embed-text-v2-moe,4054003_en_q_en,en,semantic,random,False,1.0,1.0,1,3
nomic-ai/nomic-embed-text-v2-moe,4298280_fr_q_fr,fr,semantic,random,False,0.66667,1.0,1,3
nomic-ai/nomic-embed-text-v2-moe,3503879_de_q_de,de,semantic,random,False,0.66667,1.0,1,3
nomic-ai/nomic-embed-text-v2-moe,4415919_fr_q_fr,fr,semantic,random,False,0.33333,1.0,1,3
nomic-ai/nomic-embed-text-v2-moe,3283174_fr_q_fr,fr,semantic,random,False,0.33333,0.2,1,3
nomic-ai/nomic-embed-text-v2-moe,4370235_en_q_en,en,semantic,random,False,0.33333,1.0,1,3
nomic-ai/nomic-embed-text-v2-moe,4658693_fr_q_fr,fr,semantic,random,False,0.0,0.0,0,3
nomic-ai/nomic-embed-text-v2-moe,3916900_fr_q_fr,fr,semantic,random,False,0.0,0.0,0,3
nomic-ai/nomic-embed-text-v2-moe,4250413_fr_q_fr,fr,semantic,random,False,0.33333,0.25,1,3
nomic-ai/nomic-embed-text-v2-moe,3883534_fr_q_fr,fr,semantic,random,False,1.0,1.0,1,3
nomic-ai/nomic-embed-text-v2-moe,4086994_en_q_en,en,semantic,random,False,0.33333,1.0,1,3
nomic-ai/nomic-embed-text-v2-moe,4468440_en_q_en,en,semantic,random,False,1.0,1.0,1,3
nomic-ai/nomic-embed-text-v2-moe,4200057_fr_q_fr,fr,semantic,random,False,0.33333,0.5,1,3
nomic-ai/nomic-embed-text-v2-moe,4551428_en_q_en,en,semantic,random,False,1.0,1.0,1,3
nomic-ai/nomic-embed-text-v2-moe,3389403_fr_q_fr,fr,semantic,random,False,1.0,1.0,1,3
nomic-ai/nomic-embed-text-v2-moe,4334021_de_q_de,de,semantic,random,False,0.0,0.0,0,3
nomic-ai/nomic-embed-text-v2-moe,3926328_fr_q_fr,fr,semantic,random_missing,False,0.0,0.0,0,3
nomic-ai/nomic-embed-text-v2-moe,3713925_en_q_en,en,semantic,random_missing,False,1.0,1.0,1,3
nomic-ai/nomic-embed-text-v2-moe,4083560_fr_q_fr,fr,semantic,random,False,0.66667,0.25,1,3
nomic-ai/nomic-embed-text-v2-moe,4142000_de_q_de,de,semantic,random,False,0.66667,1.0,1,3
nomic-ai/nomic-embed-text-v2-moe,4134085_fr_q_fr,fr,semantic,random_missing,False,0.66667,1.0,1,3
nomic-ai/nomic-embed-text-v2-moe,4370897_en_q_en,en,semantic,random_missing,False,1.0,1.0,1,3
nomic-ai/nomic-embed-text-v2-moe,3577132_en_q_en,en,semantic,random_missing,False,1.0,0.5,1,3
nomic-ai/nomic-embed-text-v2-moe,3702482_en_q_en,en,semantic,random_missing,False,1.0,1.0,1,3
nomic-ai/nomic-embed-text-v2-moe,4358246_de_q_de,de,semantic,random_missing,False,0.0,0.0,0,3
nomic-ai/nomic-embed-text-v2-moe,3759170_en_q_en,en,semantic,random_missing,False,0.33333,0.11111,1,3
nomic-ai/nomic-embed-text-v2-moe,3856696_de_q_de,de,semantic,random_missing,False,0.66667,1.0,1,3
nomic-ai/nomic-embed-text-v2-moe,4345306_de_q_de,de,semantic,random_missing,False,0.66667,1.0,1,3
nomic-ai/nomic-embed-text-v2-moe,4259472_de_q_de,de,semantic,random_missing,False,0.33333,1.0,1,3
nomic-ai/nomic-embed-text-v2-moe,3747538_en_q_en,en,semantic,random_missing,False,1.0,1.0,1,3
nomic-ai/nomic-embed-text-v2-moe,4514593_fr_q_fr,fr,semantic,random_missing,False,1.0,1.0,1,3
nomic-ai/nomic-embed-text-v2-moe,4561927_de_q_de,de,semantic,random_missing,False,0.33333,1.0,1,3
nomic-ai/nomic-embed-text-v2-moe,3827810_fr_q_fr,fr,semantic,random_missing,False,1.0,1.0,1,3
nomic-ai/nomic-embed-text-v2-moe,4228070_de_q_de,de,semantic,random_missing,False,1.0,1.0,1,3
nomic-ai/nomic-embed-text-v2-moe,4276075_en_q_en,en,semantic,random_missing,False,0.33333,1.0,1,3
nomic-ai/nomic-embed-text-v2-moe,3828985_fr_q_fr,fr,semantic,random_missing,False,0.0,0.0,0,3
nomic-ai/nomic-embed-text-v2-moe,3887359_fr_q_fr,fr,semantic,random_missing,False,0.0,0.0,0,3
nomic-ai/nomic-embed-text-v2-moe,3927453_de_q_de,de,semantic,random_missing,False,0.33333,1.0,1,3
nomic-ai/nomic-embed-text-v2-moe,4654331_en_q_en,en,semantic,random_missing,False,0.33333,0.33333,1,3
nomic-ai/nomic-embed-text-v2-moe,4145604_en_q_en,en,semantic,random_missing,False,0.0,0.0,0,3
nomic-ai/nomic-embed-text-v2-moe,3825337_en_q_en,en,semantic,random_missing,False,1.0,1.0,1,3
nomic-ai/nomic-embed-text-v2-moe,4317423_de_q_de,de,semantic,random_missing,False,1.0,1.0,1,3
nomic-ai/nomic-embed-text-v2-moe,4187683_fr_q_fr,fr,semantic,random_existing,False,0.0,0.0,0,3
nomic-ai/nomic-embed-text-v2-moe,4389713_de_q_de,de,semantic,random_existing,False,0.0,0.0,0,3
nomic-ai/nomic-embed-text-v2-moe,4571323_fr_q_fr,fr,semantic,random_existing,False,1.0,1.0,1,3
nomic-ai/nomic-embed-text-v2-moe,4232181_fr_q_fr,fr,semantic,random_existing,False,0.0,0.0,0,3
nomic-ai/nomic-embed-text-v2-moe,4403926_fr_q_fr,fr,semantic,random_existing,False,0.0,0.0,0,3
nomic-ai/nomic-embed-text-v2-moe,4596653_en_q_en,en,semantic,random_existing,False,1.0,1.0,1,3
nomic-ai/nomic-embed-text-v2-moe,4081117_fr_q_fr,fr,semantic,random_existing,False,0.33333,0.2,1,3
nomic-ai/nomic-embed-text-v2-moe,4578526_fr_q_fr,fr,semantic,random_existing,False,0.0,0.0,0,3
nomic-ai/nomic-embed-text-v2-moe,4327072_de_q_de,de,semantic,random_existing,False,0.33333,1.0,1,3
nomic-ai/nomic-embed-text-v2-moe,3479171_de_q_de,de,semantic,random_existing,False,1.0,0.33333,1,3
nomic-ai/nomic-embed-text-v2-moe,4459271_de_q_de,de,semantic,random_existing,False,0.0,0.0,0,3
nomic-ai/nomic-embed-text-v2-moe,3999056_en_q_en,en,semantic,random_existing,False,0.0,0.0,0,3
nomic-ai/nomic-embed-text-v2-moe,4537120_en_q_en,en,semantic,random_existing,False,0.66667,1.0,1,3
nomic-ai/nomic-embed-text-v2-moe,4375353_en_q_en,en,semantic,random_existing,False,1.0,1.0,1,3
nomic-ai/nomic-embed-text-v2-moe,4254549_en_q_en,en,semantic,random_existing,False,0.66667,1.0,1,3
nomic-ai/nomic-embed-text-v2-moe,3923380_de_q_de,de,semantic,random_existing,False,1.0,0.5,1,3
nomic-ai/nomic-embed-text-v2-moe,4043106_en_q_en,en,semantic,random_existing,False,0.66667,1.0,1,3
nomic-ai/nomic-embed-text-v2-moe,4495614_fr_q_fr,fr,semantic,random_existing,False,0.33333,0.25,1,3
nomic-ai/nomic-embed-text-v2-moe,4062896_fr_q_fr,fr,semantic,random_existing,False,1.0,1.0,1,3
nomic-ai/nomic-embed-text-v2-moe,3600369_en_q_en,en,semantic,random_existing,False,1.0,1.0,1,3
nomic-ai/nomic-embed-text-v2-moe,3630154_fr_q_fr,fr,semantic,random_existing,False,0.0,0.0,0,3
nomic-ai/nomic-embed-text-v2-moe,3746074_en_q_en,en,semantic,random_existing,False,1.0,1.0,1,3
nomic-ai/nomic-embed-text-v2-moe,4530591_fr_q_fr,fr,semantic,random_existing,False,0.0,0.0,0,3
nomic-ai/nomic-embed-text-v2-moe,3530728_de_q_de,de,semantic,random_existing,False,1.0,1.0,1,3
nomic-ai/nomic-embed-text-v2-moe,4182375_de_q_de,de,semantic,random_existing,False,0.66667,1.0,1,3
nomic-ai/nomic-embed-text-v2-moe,3930873_en_q_en,en,semantic,all,False,1.0,1.0,1,3
nomic-ai/nomic-embed-text-v2-moe,3930873_de_q_de,de,semantic,all,False,0.33333,1.0,1,3
nomic-ai/nomic-embed-text-v2-moe,3930873_fr_q_fr,fr,semantic,all,False,1.0,1.0,1,3
nomic-ai/nomic-embed-text-v2-moe,4443170_en_q_en,en,semantic,all,False,0.66667,1.0,1,3
nomic-ai/nomic-embed-text-v2-moe,4443170_de_q_de,de,semantic,all,False,1.0,1.0,1,3
nomic-ai/nomic-embed-text-v2-moe,4443170_fr_q_fr,fr,semantic,all,False,1.0,1.0,1,3
nomic-ai/nomic-embed-text-v2-moe,3842401_en_q_en,en,semantic,all,False,1.0,1.0,1,3
nomic-ai/nomic-embed-text-v2-moe,3842401_de_q_de,de,semantic,all,False,1.0,1.0,1,3
nomic-ai/nomic-embed-text-v2-moe,3842401_fr_q_fr,fr,semantic,all,False,0.66667,1.0,1,3
nomic-ai/nomic-embed-text-v2-moe,3861585_en_q_en,en,semantic,all,False,0.33333,0.1,1,3
nomic-ai/nomic-embed-text-v2-moe,3861585_de_q_de,de,semantic,all,False,0.33333,0.25,1,3
nomic-ai/nomic-embed-text-v2-moe,3861585_fr_q_fr,fr,semantic,all,False,0.33333,1.0,1,3
nomic-ai/nomic-embed-text-v2-moe,3989943_en_q_en,en,semantic,all,False,1.0,1.0,1,3
nomic-ai/nomic-embed-text-v2-moe,3989943_de_q_de,de,semantic,all,False,1.0,1.0,1,3
nomic-ai/nomic-embed-text-v2-moe,3989943_fr_q_fr,fr,semantic,all,False,1.0,1.0,1,3
nomic-ai/nomic-embed-text-v2-moe,4322318_en_q_en,en,semantic,all,False,0.66667,1.0,1,3
nomic-ai/nomic-embed-text-v2-moe,4322318_de_q_de,de,semantic,all,False,0.66667,0.5,1,3
nomic-ai/nomic-embed-text-v2-moe,4322318_fr_q_fr,fr,semantic,all,False,0.0,0.0,0,3
nomic-ai/nomic-embed-text-v2-moe,4046659_en_q_en,en,semantic,all,False,1.0,1.0,1,3
nomic-ai/nomic-embed-text-v2-moe,4046659_de_q_de,de,semantic,all,False,0.0,0.0,0,3
nomic-ai/nomic-embed-text-v2-moe,4046659_fr_q_fr,fr,semantic,all,False,0.66667,1.0,1,3
nomic-ai/nomic-embed-text-v2-moe,4114919_en_q_en,en,semantic,all,False,1.0,1.0,1,3
nomic-ai/nomic-embed-text-v2-moe,4114919_de_q_de,de,semantic,all,False,1.0,1.0,1,3
nomic-ai/nomic-embed-text-v2-moe,4114919_fr_q_fr,fr,semantic,all,False,1.0,0.5,1,3
Qwen/Qwen3-Embedding-0.6B,4253488_en_q_en,en,technical,random,False,1.0,1.0,1,3
Qwen/Qwen3-Embedding-0.6B,4240657_en_q_en,en,technical,random,False,1.0,1.0,1,3
Qwen/Qwen3-Embedding-0.6B,4392158_fr_q_fr,fr,technical,random,False,0.33333,0.25,1,3
Qwen/Qwen3-Embedding-0.6B,4042883_en_q_en,en,technical,random,False,0.66667,1.0,1,3
Qwen/Qwen3-Embedding-0.6B,3938339_en_q_en,en,technical,random,False,0.0,0.0,0,3
Qwen/Qwen3-Embedding-0.6B,4142732_en_q_en,en,technical,random,False,0.0,0.0,0,3
Qwen/Qwen3-Embedding-0.6B,3741850_de_q_de,de,technical,random,False,0.0,0.0,0,3
Qwen/Qwen3-Embedding-0.6B,4499761_fr_q_fr,fr,technical,random,False,0.33333,0.125,1,3
Qwen/Qwen3-Embedding-0.6B,4447705_en_q_en,en,technical,random,False,0.0,0.0,0,3
Qwen/Qwen3-Embedding-0.6B,4063613_fr_q_fr,fr,technical,random,False,0.0,0.0,0,3
Qwen/Qwen3-Embedding-0.6B,3923379_fr_q_fr,fr,technical,random,False,0.0,0.0,0,3
Qwen/Qwen3-Embedding-0.6B,4061310_fr_q_fr,fr,technical,random,False,1.0,1.0,1,3
Qwen/Qwen3-Embedding-0.6B,4464499_fr_q_fr,fr,technical,random,False,0.0,0.0,0,3
Qwen/Qwen3-Embedding-0.6B,4293769_en_q_en,en,technical,random,False,0.0,0.0,0,3
Qwen/Qwen3-Embedding-0.6B,3528870_fr_q_fr,fr,technical,random,False,1.0,1.0,1,3
Qwen/Qwen3-Embedding-0.6B,3493685_en_q_en,en,technical,random,False,1.0,1.0,1,3
Qwen/Qwen3-Embedding-0.6B,4240898_de_q_de,de,technical,random,False,0.0,0.0,0,3
Qwen/Qwen3-Embedding-0.6B,4194223_en_q_en,en,technical,random,False,0.0,0.0,0,3
Qwen/Qwen3-Embedding-0.6B,3883940_en_q_en,en,technical,random,False,1.0,1.0,1,3
Qwen/Qwen3-Embedding-0.6B,3254789_en_q_en,en,technical,random,False,0.0,0.0,0,3
Qwen/Qwen3-Embedding-0.6B,3861209_en_q_en,en,technical,random,False,0.33333,0.2,1,3
Qwen/Qwen3-Embedding-0.6B,3936133_fr_q_fr,fr,technical,random,False,0.33333,0.2,1,3
Qwen/Qwen3-Embedding-0.6B,3807352_en_q_en,en,technical,random,False,0.66667,1.0,1,3
Qwen/Qwen3-Embedding-0.6B,3666912_fr_q_fr,fr,technical,random,False,1.0,1.0,1,3
Qwen/Qwen3-Embedding-0.6B,3283173_fr_q_fr,fr,technical,random,False,0.33333,0.5,1,3
Qwen/Qwen3-Embedding-0.6B,4384816_en_q_en,en,technical,random,False,0.66667,0.2,1,3
Qwen/Qwen3-Embedding-0.6B,4402440_fr_q_fr,fr,technical,random_missing,False,0.0,0.0,0,3
Qwen/Qwen3-Embedding-0.6B,3271065_fr_q_fr,fr,technical,random_missing,False,0.0,0.0,0,3
Qwen/Qwen3-Embedding-0.6B,3240523_fr_q_fr,fr,technical,random_missing,False,0.33333,0.25,1,3
Qwen/Qwen3-Embedding-0.6B,4338825_fr_q_fr,fr,technical,random_missing,False,0.33333,1.0,1,3
Qwen/Qwen3-Embedding-0.6B,4282901_de_q_de,de,technical,random_missing,False,1.0,1.0,1,3
Qwen/Qwen3-Embedding-0.6B,3938345_de_q_de,de,technical,random_missing,False,0.0,0.0,0,3
Qwen/Qwen3-Embedding-0.6B,4017634_de_q_de,de,technical,random_missing,False,0.66667,1.0,1,3
Qwen/Qwen3-Embedding-0.6B,4427808_en_q_en,en,technical,random_missing,False,0.33333,0.11111,1,3
Qwen/Qwen3-Embedding-0.6B,3602003_fr_q_fr,fr,technical,random_missing,False,0.0,0.0,0,3
Qwen/Qwen3-Embedding-0.6B,4307416_en_q_en,en,technical,random_missing,False,0.0,0.0,0,3
Qwen/Qwen3-Embedding-0.6B,3704101_en_q_en,en,technical,random_missing,False,1.0,1.0,1,3
Qwen/Qwen3-Embedding-0.6B,4106028_fr_q_fr,fr,technical,random_missing,False,0.0,0.0,0,3
Qwen/Qwen3-Embedding-0.6B,4229345_de_q_de,de,technical,random_missing,False,0.0,0.0,0,3
Qwen/Qwen3-Embedding-0.6B,4525816_en_q_en,en,technical,random_missing,False,0.66667,1.0,1,3
Qwen/Qwen3-Embedding-0.6B,4131475_en_q_en,en,technical,random_missing,False,0.0,0.0,0,3
Qwen/Qwen3-Embedding-0.6B,4292702_en_q_en,en,technical,random_missing,False,0.0,0.0,0,3
Qwen/Qwen3-Embedding-0.6B,3835063_de_q_de,de,technical,random_missing,False,0.33333,1.0,1,3
Qwen/Qwen3-Embedding-0.6B,4363430_de_q_de,de,technical,random_missing,False,0.0,0.0,0,3
Qwen/Qwen3-Embedding-0.6B,3602031_en_q_en,en,technical,random_missing,False,0.0,0.0,0,3
Qwen/Qwen3-Embedding-0.6B,3950654_fr_q_fr,fr,technical,random_missing,False,0.0,0.0,0,3
Qwen/Qwen3-Embedding-0.6B,4586953_de_q_de,de,technical,random_missing,False,1.0,1.0,1,3
Qwen/Qwen3-Embedding-0.6B,3590547_de_q_de,de,technical,random_missing,False,0.0,0.0,0,3
Qwen/Qwen3-Embedding-0.6B,3580358_de_q_de,de,technical,random_missing,False,0.66667,1.0,1,3
Qwen/Qwen3-Embedding-0.6B,2828317_en_q_en,en,technical,random_missing,False,0.0,0.0,0,3
Qwen/Qwen3-Embedding-0.6B,3847566_en_q_en,en,technical,random_existing,False,1.0,1.0,1,3
Qwen/Qwen3-Embedding-0.6B,4496051_de_q_de,de,technical,random_existing,False,0.0,0.0,0,3
Qwen/Qwen3-Embedding-0.6B,4108708_de_q_de,de,technical,random_existing,False,1.0,1.0,1,3
Qwen/Qwen3-Embedding-0.6B,4417557_de_q_de,de,technical,random_missing,False,1.0,1.0,1,3
Qwen/Qwen3-Embedding-0.6B,4426701_de_q_de,de,technical,random_existing,False,0.0,0.0,0,3
Qwen/Qwen3-Embedding-0.6B,3381434_fr_q_fr,fr,technical,random_existing,False,0.0,0.0,0,3
Qwen/Qwen3-Embedding-0.6B,4271978_fr_q_fr,fr,technical,random_existing,False,0.0,0.0,0,3
Qwen/Qwen3-Embedding-0.6B,4556422_en_q_en,en,technical,random_existing,False,0.0,0.0,0,3
Qwen/Qwen3-Embedding-0.6B,3365356_en_q_en,en,technical,random_existing,False,1.0,1.0,1,3
Qwen/Qwen3-Embedding-0.6B,4322294_fr_q_fr,fr,technical,random_existing,False,0.0,0.0,0,3
Qwen/Qwen3-Embedding-0.6B,4543666_fr_q_fr,fr,technical,random_existing,False,0.33333,0.5,1,3
Qwen/Qwen3-Embedding-0.6B,4388059_fr_q_fr,fr,technical,random_existing,False,1.0,0.5,1,3
Qwen/Qwen3-Embedding-0.6B,3854885_de_q_de,de,technical,random_existing,False,1.0,1.0,1,3
Qwen/Qwen3-Embedding-0.6B,4022033_fr_q_fr,fr,technical,random_existing,False,0.0,0.0,0,3
Qwen/Qwen3-Embedding-0.6B,4565069_en_q_en,en,technical,random_existing,False,0.33333,0.2,1,3
Qwen/Qwen3-Embedding-0.6B,3732246_de_q_de,de,technical,random_existing,False,0.0,0.0,0,3
Qwen/Qwen3-Embedding-0.6B,4578891_fr_q_fr,fr,technical,random_existing,False,0.0,0.0,0,3
Qwen/Qwen3-Embedding-0.6B,4109587_en_q_en,en,technical,random_existing,False,0.0,0.0,0,3
Qwen/Qwen3-Embedding-0.6B,4281583_en_q_en,en,technical,random_existing,False,0.0,0.0,0,3
Qwen/Qwen3-Embedding-0.6B,4312783_en_q_en,en,technical,random_existing,False,0.0,0.0,0,3
Qwen/Qwen3-Embedding-0.6B,3955901_fr_q_fr,fr,technical,random_existing,False,0.0,0.0,0,3
Qwen/Qwen3-Embedding-0.6B,4246147_en_q_en,en,technical,random_existing,False,1.0,1.0,1,3
Qwen/Qwen3-Embedding-0.6B,3560355_en_q_en,en,technical,random_existing,False,0.33333,0.2,1,3
Qwen/Qwen3-Embedding-0.6B,3845687_en_q_en,en,technical,random_existing,False,1.0,1.0,1,3
Qwen/Qwen3-Embedding-0.6B,3634441_de_q_de,de,technical,random_existing,False,1.0,1.0,1,3
Qwen/Qwen3-Embedding-0.6B,4497505_de_q_de,de,technical,random_existing,False,0.0,0.0,0,3
Qwen/Qwen3-Embedding-0.6B,3794949_en_q_en,en,technical,all,False,0.0,0.0,0,3
Qwen/Qwen3-Embedding-0.6B,3794949_de_q_de,de,technical,all,False,0.33333,0.2,1,3
Qwen/Qwen3-Embedding-0.6B,3794949_fr_q_fr,fr,technical,all,False,0.0,0.0,0,3
Qwen/Qwen3-Embedding-0.6B,4455101_en_q_en,en,technical,all,False,1.0,1.0,1,3
Qwen/Qwen3-Embedding-0.6B,4455101_de_q_de,de,technical,all,False,0.66667,1.0,1,3
Qwen/Qwen3-Embedding-0.6B,4455101_fr_q_fr,fr,technical,all,False,0.66667,1.0,1,3
Qwen/Qwen3-Embedding-0.6B,4013392_en_q_en,en,technical,all,False,1.0,1.0,1,3
Qwen/Qwen3-Embedding-0.6B,4013392_de_q_de,de,technical,all,False,1.0,1.0,1,3
Qwen/Qwen3-Embedding-0.6B,4013392_fr_q_fr,fr,technical,all,False,0.66667,1.0,1,3
Qwen/Qwen3-Embedding-0.6B,3841130_en_q_en,en,technical,all,False,0.66667,0.33333,1,3
Qwen/Qwen3-Embedding-0.6B,3841130_de_q_de,de,technical,all,False,1.0,1.0,1,3
Qwen/Qwen3-Embedding-0.6B,3841130_fr_q_fr,fr,technical,all,False,1.0,1.0,1,3
Qwen/Qwen3-Embedding-0.6B,4351302_en_q_en,en,technical,all,False,0.0,0.0,0,3
Qwen/Qwen3-Embedding-0.6B,4351302_de_q_de,de,technical,all,False,0.0,0.0,0,3
Qwen/Qwen3-Embedding-0.6B,4351302_fr_q_fr,fr,technical,all,False,0.0,0.0,0,3
Qwen/Qwen3-Embedding-0.6B,3582794_en_q_en,en,technical,all,False,1.0,1.0,1,3
Qwen/Qwen3-Embedding-0.6B,3582794_de_q_de,de,technical,all,False,1.0,1.0,1,3
Qwen/Qwen3-Embedding-0.6B,3582794_fr_q_fr,fr,technical,all,False,1.0,1.0,1,3
Qwen/Qwen3-Embedding-0.6B,3988670_de_q_de,de,semantic,random,False,0.0,0.0,0,3
Qwen/Qwen3-Embedding-0.6B,3842409_de_q_de,de,semantic,random,False,1.0,1.0,1,3
Qwen/Qwen3-Embedding-0.6B,4424422_en_q_en,en,technical,all,False,0.33333,1.0,1,3
Qwen/Qwen3-Embedding-0.6B,4424422_de_q_de,de,technical,all,False,0.0,0.0,0,3
Qwen/Qwen3-Embedding-0.6B,4424422_fr_q_fr,fr,technical,all,False,0.33333,0.14286,1,3
Qwen/Qwen3-Embedding-0.6B,4040152_en_q_en,en,technical,all,False,0.0,0.0,0,3
Qwen/Qwen3-Embedding-0.6B,4040152_de_q_de,de,technical,all,False,0.0,0.0,0,3
Qwen/Qwen3-Embedding-0.6B,4040152_fr_q_fr,fr,technical,all,False,0.0,0.0,0,3
Qwen/Qwen3-Embedding-0.6B,4431202_de_q_de,de,semantic,random,False,1.0,1.0,1,3
Qwen/Qwen3-Embedding-0.6B,4317376_fr_q_fr,fr,semantic,random,False,0.0,0.0,0,3
Qwen/Qwen3-Embedding-0.6B,4556196_en_q_en,en,semantic,random,False,1.0,1.0,1,3
Qwen/Qwen3-Embedding-0.6B,4037081_de_q_de,de,semantic,random,False,0.33333,0.2,1,3
Qwen/Qwen3-Embedding-0.6B,4435064_de_q_de,de,semantic,random,False,0.33333,0.5,1,3
Qwen/Qwen3-Embedding-0.6B,4054003_en_q_en,en,semantic,random,False,1.0,1.0,1,3
Qwen/Qwen3-Embedding-0.6B,4298280_fr_q_fr,fr,semantic,random,False,0.33333,1.0,1,3
Qwen/Qwen3-Embedding-0.6B,3503879_de_q_de,de,semantic,random,False,1.0,1.0,1,3
Qwen/Qwen3-Embedding-0.6B,4415919_fr_q_fr,fr,semantic,random,False,1.0,1.0,1,3
Qwen/Qwen3-Embedding-0.6B,3283174_fr_q_fr,fr,semantic,random,False,0.33333,1.0,1,3
Qwen/Qwen3-Embedding-0.6B,4370235_en_q_en,en,semantic,random,False,0.33333,0.2,1,3
Qwen/Qwen3-Embedding-0.6B,4658693_fr_q_fr,fr,semantic,random,False,0.0,0.0,0,3
Qwen/Qwen3-Embedding-0.6B,3916900_fr_q_fr,fr,semantic,random,False,0.33333,0.33333,1,3
Qwen/Qwen3-Embedding-0.6B,4250413_fr_q_fr,fr,semantic,random,False,0.0,0.0,0,3
Qwen/Qwen3-Embedding-0.6B,3883534_fr_q_fr,fr,semantic,random,False,0.66667,1.0,1,3
Qwen/Qwen3-Embedding-0.6B,4086994_en_q_en,en,semantic,random,False,0.33333,1.0,1,3
Qwen/Qwen3-Embedding-0.6B,4468440_en_q_en,en,semantic,random,False,1.0,0.5,1,3
Qwen/Qwen3-Embedding-0.6B,4200057_fr_q_fr,fr,semantic,random,False,0.33333,1.0,1,3
Qwen/Qwen3-Embedding-0.6B,4551428_en_q_en,en,semantic,random,False,1.0,1.0,1,3
Qwen/Qwen3-Embedding-0.6B,3389403_fr_q_fr,fr,semantic,random,False,0.33333,1.0,1,3
Qwen/Qwen3-Embedding-0.6B,4334021_de_q_de,de,semantic,random,False,0.33333,0.16667,1,3
Qwen/Qwen3-Embedding-0.6B,3926328_fr_q_fr,fr,semantic,random_missing,False,0.33333,0.16667,1,3
Qwen/Qwen3-Embedding-0.6B,3713925_en_q_en,en,semantic,random_missing,False,1.0,1.0,1,3
Qwen/Qwen3-Embedding-0.6B,4083560_fr_q_fr,fr,semantic,random,False,0.33333,0.33333,1,3
Qwen/Qwen3-Embedding-0.6B,4142000_de_q_de,de,semantic,random,False,1.0,1.0,1,3
Qwen/Qwen3-Embedding-0.6B,4134085_fr_q_fr,fr,semantic,random_missing,False,0.33333,1.0,1,3
Qwen/Qwen3-Embedding-0.6B,4370897_en_q_en,en,semantic,random_missing,False,1.0,1.0,1,3
Qwen/Qwen3-Embedding-0.6B,3577132_en_q_en,en,semantic,random_missing,False,0.0,0.0,0,3
Qwen/Qwen3-Embedding-0.6B,3702482_en_q_en,en,semantic,random_missing,False,1.0,1.0,1,3
Qwen/Qwen3-Embedding-0.6B,4358246_de_q_de,de,semantic,random_missing,False,0.33333,0.25,1,3
Qwen/Qwen3-Embedding-0.6B,3759170_en_q_en,en,semantic,random_missing,False,0.0,0.0,0,3
Qwen/Qwen3-Embedding-0.6B,3856696_de_q_de,de,semantic,random_missing,False,0.66667,1.0,1,3
Qwen/Qwen3-Embedding-0.6B,4345306_de_q_de,de,semantic,random_missing,False,1.0,1.0,1,3
Qwen/Qwen3-Embedding-0.6B,4259472_de_q_de,de,semantic,random_missing,False,1.0,1.0,1,3
Qwen/Qwen3-Embedding-0.6B,3747538_en_q_en,en,semantic,random_missing,False,1.0,1.0,1,3
Qwen/Qwen3-Embedding-0.6B,4514593_fr_q_fr,fr,semantic,random_missing,False,1.0,1.0,1,3
Qwen/Qwen3-Embedding-0.6B,4561927_de_q_de,de,semantic,random_missing,False,0.0,0.0,0,3
Qwen/Qwen3-Embedding-0.6B,3827810_fr_q_fr,fr,semantic,random_missing,False,0.66667,1.0,1,3
Qwen/Qwen3-Embedding-0.6B,4228070_de_q_de,de,semantic,random_missing,False,1.0,1.0,1,3
Qwen/Qwen3-Embedding-0.6B,4276075_en_q_en,en,semantic,random_missing,False,1.0,1.0,1,3
Qwen/Qwen3-Embedding-0.6B,3828985_fr_q_fr,fr,semantic,random_missing,False,0.0,0.0,0,3
Qwen/Qwen3-Embedding-0.6B,3887359_fr_q_fr,fr,semantic,random_missing,False,0.0,0.0,0,3
Qwen/Qwen3-Embedding-0.6B,3927453_de_q_de,de,semantic,random_missing,False,0.33333,0.11111,1,3
Qwen/Qwen3-Embedding-0.6B,4654331_en_q_en,en,semantic,random_missing,False,0.33333,0.25,1,3
Qwen/Qwen3-Embedding-0.6B,4145604_en_q_en,en,semantic,random_missing,False,0.0,0.0,0,3
Qwen/Qwen3-Embedding-0.6B,3825337_en_q_en,en,semantic,random_missing,False,1.0,1.0,1,3
Qwen/Qwen3-Embedding-0.6B,4317423_de_q_de,de,semantic,random_missing,False,0.66667,1.0,1,3
Qwen/Qwen3-Embedding-0.6B,4187683_fr_q_fr,fr,semantic,random_existing,False,0.0,0.0,0,3
Qwen/Qwen3-Embedding-0.6B,4389713_de_q_de,de,semantic,random_existing,False,0.0,0.0,0,3
Qwen/Qwen3-Embedding-0.6B,4571323_fr_q_fr,fr,semantic,random_existing,False,0.66667,1.0,1,3
Qwen/Qwen3-Embedding-0.6B,4232181_fr_q_fr,fr,semantic,random_existing,False,0.0,0.0,0,3
Qwen/Qwen3-Embedding-0.6B,4403926_fr_q_fr,fr,semantic,random_existing,False,0.0,0.0,0,3
Qwen/Qwen3-Embedding-0.6B,4596653_en_q_en,en,semantic,random_existing,False,0.66667,1.0,1,3
Qwen/Qwen3-Embedding-0.6B,4081117_fr_q_fr,fr,semantic,random_existing,False,0.33333,1.0,1,3
Qwen/Qwen3-Embedding-0.6B,4578526_fr_q_fr,fr,semantic,random_existing,False,0.0,0.0,0,3
Qwen/Qwen3-Embedding-0.6B,4327072_de_q_de,de,semantic,random_existing,False,0.33333,1.0,1,3
Qwen/Qwen3-Embedding-0.6B,3479171_de_q_de,de,semantic,random_existing,False,0.33333,0.5,1,3
Qwen/Qwen3-Embedding-0.6B,4459271_de_q_de,de,semantic,random_existing,False,0.0,0.0,0,3
Qwen/Qwen3-Embedding-0.6B,3999056_en_q_en,en,semantic,random_existing,False,0.33333,0.33333,1,3
Qwen/Qwen3-Embedding-0.6B,4537120_en_q_en,en,semantic,random_existing,False,1.0,1.0,1,3
Qwen/Qwen3-Embedding-0.6B,4375353_en_q_en,en,semantic,random_existing,False,0.66667,0.16667,1,3
Qwen/Qwen3-Embedding-0.6B,4254549_en_q_en,en,semantic,random_existing,False,0.66667,1.0,1,3
Qwen/Qwen3-Embedding-0.6B,3923380_de_q_de,de,semantic,random_existing,False,0.33333,0.5,1,3
Qwen/Qwen3-Embedding-0.6B,4043106_en_q_en,en,semantic,random_existing,False,1.0,1.0,1,3
Qwen/Qwen3-Embedding-0.6B,4495614_fr_q_fr,fr,semantic,random_existing,False,1.0,0.25,1,3
Qwen/Qwen3-Embedding-0.6B,4062896_fr_q_fr,fr,semantic,random_existing,False,1.0,1.0,1,3
Qwen/Qwen3-Embedding-0.6B,3600369_en_q_en,en,semantic,random_existing,False,1.0,1.0,1,3
Qwen/Qwen3-Embedding-0.6B,3630154_fr_q_fr,fr,semantic,random_existing,False,0.0,0.0,0,3
Qwen/Qwen3-Embedding-0.6B,3746074_en_q_en,en,semantic,random_existing,False,1.0,1.0,1,3
Qwen/Qwen3-Embedding-0.6B,4530591_fr_q_fr,fr,semantic,random_existing,False,0.0,0.0,0,3
Qwen/Qwen3-Embedding-0.6B,3530728_de_q_de,de,semantic,random_existing,False,1.0,1.0,1,3
Qwen/Qwen3-Embedding-0.6B,4182375_de_q_de,de,semantic,random_existing,False,1.0,1.0,1,3
Qwen/Qwen3-Embedding-0.6B,3930873_en_q_en,en,semantic,all,False,0.66667,1.0,1,3
Qwen/Qwen3-Embedding-0.6B,3930873_de_q_de,de,semantic,all,False,0.66667,1.0,1,3
Qwen/Qwen3-Embedding-0.6B,3930873_fr_q_fr,fr,semantic,all,False,0.33333,1.0,1,3
Qwen/Qwen3-Embedding-0.6B,4443170_en_q_en,en,semantic,all,False,1.0,1.0,1,3
Qwen/Qwen3-Embedding-0.6B,4443170_de_q_de,de,semantic,all,False,1.0,1.0,1,3
Qwen/Qwen3-Embedding-0.6B,4443170_fr_q_fr,fr,semantic,all,False,1.0,1.0,1,3
Qwen/Qwen3-Embedding-0.6B,3842401_en_q_en,en,semantic,all,False,0.0,0.0,0,3
Qwen/Qwen3-Embedding-0.6B,3842401_de_q_de,de,semantic,all,False,1.0,1.0,1,3
Qwen/Qwen3-Embedding-0.6B,3842401_fr_q_fr,fr,semantic,all,False,0.0,0.0,0,3
Qwen/Qwen3-Embedding-0.6B,3861585_en_q_en,en,semantic,all,False,0.0,0.0,0,3
Qwen/Qwen3-Embedding-0.6B,3861585_de_q_de,de,semantic,all,False,0.33333,0.5,1,3
Qwen/Qwen3-Embedding-0.6B,3861585_fr_q_fr,fr,semantic,all,False,0.33333,1.0,1,3
Qwen/Qwen3-Embedding-0.6B,3989943_en_q_en,en,semantic,all,False,1.0,1.0,1,3
Qwen/Qwen3-Embedding-0.6B,3989943_de_q_de,de,semantic,all,False,1.0,1.0,1,3
Qwen/Qwen3-Embedding-0.6B,3989943_fr_q_fr,fr,semantic,all,False,1.0,1.0,1,3
Qwen/Qwen3-Embedding-0.6B,4322318_en_q_en,en,semantic,all,False,0.33333,0.2,1,3
Qwen/Qwen3-Embedding-0.6B,4322318_de_q_de,de,semantic,all,False,0.33333,0.25,1,3
Qwen/Qwen3-Embedding-0.6B,4322318_fr_q_fr,fr,semantic,all,False,0.0,0.0,0,3
Qwen/Qwen3-Embedding-0.6B,4046659_en_q_en,en,semantic,all,False,1.0,1.0,1,3
Qwen/Qwen3-Embedding-0.6B,4046659_de_q_de,de,semantic,all,False,0.0,0.0,0,3
Qwen/Qwen3-Embedding-0.6B,4046659_fr_q_fr,fr,semantic,all,False,0.66667,1.0,1,3
Qwen/Qwen3-Embedding-0.6B,4114919_en_q_en,en,semantic,all,False,1.0,1.0,1,3
Qwen/Qwen3-Embedding-0.6B,4114919_de_q_de,de,semantic,all,False,1.0,0.5,1,3
Qwen/Qwen3-Embedding-0.6B,4114919_fr_q_fr,fr,semantic,all,False,1.0,0.5,1,3
sentence-transformers/LaBSE,4253488_en_q_en,en,technical,random,False,0.33333,1.0,1,3
sentence-transformers/LaBSE,4240657_en_q_en,en,technical,random,False,1.0,0.5,1,3
sentence-transformers/LaBSE,4392158_fr_q_fr,fr,technical,random,False,0.0,0.0,0,3
sentence-transformers/LaBSE,4042883_en_q_en,en,technical,random,False,0.0,0.0,0,3
sentence-transformers/LaBSE,3938339_en_q_en,en,technical,random,False,0.0,0.0,0,3
sentence-transformers/LaBSE,4142732_en_q_en,en,technical,random,False,0.0,0.0,0,3
sentence-transformers/LaBSE,3741850_de_q_de,de,technical,random,False,0.0,0.0,0,3
sentence-transformers/LaBSE,4499761_fr_q_fr,fr,technical,random,False,0.33333,0.5,1,3
sentence-transformers/LaBSE,4447705_en_q_en,en,technical,random,False,0.0,0.0,0,3
sentence-transformers/LaBSE,4063613_fr_q_fr,fr,technical,random,False,0.0,0.0,0,3
sentence-transformers/LaBSE,3923379_fr_q_fr,fr,technical,random,False,0.0,0.0,0,3
sentence-transformers/LaBSE,4061310_fr_q_fr,fr,technical,random,False,0.66667,1.0,1,3
sentence-transformers/LaBSE,4464499_fr_q_fr,fr,technical,random,False,0.0,0.0,0,3
sentence-transformers/LaBSE,4293769_en_q_en,en,technical,random,False,0.0,0.0,0,3
sentence-transformers/LaBSE,3528870_fr_q_fr,fr,technical,random,False,0.33333,0.14286,1,3
sentence-transformers/LaBSE,3493685_en_q_en,en,technical,random,False,1.0,1.0,1,3
sentence-transformers/LaBSE,4240898_de_q_de,de,technical,random,False,0.0,0.0,0,3
sentence-transformers/LaBSE,4194223_en_q_en,en,technical,random,False,0.0,0.0,0,3
sentence-transformers/LaBSE,3883940_en_q_en,en,technical,random,False,0.66667,1.0,1,3
sentence-transformers/LaBSE,3254789_en_q_en,en,technical,random,False,0.0,0.0,0,3
sentence-transformers/LaBSE,3861209_en_q_en,en,technical,random,False,0.33333,0.16667,1,3
sentence-transformers/LaBSE,3936133_fr_q_fr,fr,technical,random,False,0.33333,0.1,1,3
sentence-transformers/LaBSE,3807352_en_q_en,en,technical,random,False,0.66667,0.5,1,3
sentence-transformers/LaBSE,3666912_fr_q_fr,fr,technical,random,False,0.66667,1.0,1,3
sentence-transformers/LaBSE,3283173_fr_q_fr,fr,technical,random,False,0.33333,1.0,1,3
sentence-transformers/LaBSE,4384816_en_q_en,en,technical,random,False,0.66667,0.25,1,3
sentence-transformers/LaBSE,4402440_fr_q_fr,fr,technical,random_missing,False,0.0,0.0,0,3
sentence-transformers/LaBSE,3271065_fr_q_fr,fr,technical,random_missing,False,0.0,0.0,0,3
sentence-transformers/LaBSE,3240523_fr_q_fr,fr,technical,random_missing,False,0.0,0.0,0,3
sentence-transformers/LaBSE,4338825_fr_q_fr,fr,technical,random_missing,False,0.66667,1.0,1,3
sentence-transformers/LaBSE,4282901_de_q_de,de,technical,random_missing,False,1.0,1.0,1,3
sentence-transformers/LaBSE,3938345_de_q_de,de,technical,random_missing,False,0.0,0.0,0,3
sentence-transformers/LaBSE,4017634_de_q_de,de,technical,random_missing,False,0.33333,1.0,1,3
sentence-transformers/LaBSE,4427808_en_q_en,en,technical,random_missing,False,1.0,1.0,1,3
sentence-transformers/LaBSE,3602003_fr_q_fr,fr,technical,random_missing,False,0.0,0.0,0,3
sentence-transformers/LaBSE,4307416_en_q_en,en,technical,random_missing,False,1.0,0.33333,1,3
sentence-transformers/LaBSE,3704101_en_q_en,en,technical,random_missing,False,1.0,1.0,1,3
sentence-transformers/LaBSE,4106028_fr_q_fr,fr,technical,random_missing,False,0.0,0.0,0,3
sentence-transformers/LaBSE,4229345_de_q_de,de,technical,random_missing,False,0.0,0.0,0,3
sentence-transformers/LaBSE,4525816_en_q_en,en,technical,random_missing,False,1.0,1.0,1,3
sentence-transformers/LaBSE,4131475_en_q_en,en,technical,random_missing,False,0.33333,0.5,1,3
sentence-transformers/LaBSE,4292702_en_q_en,en,technical,random_missing,False,1.0,1.0,1,3
sentence-transformers/LaBSE,3835063_de_q_de,de,technical,random_missing,False,0.0,0.0,0,3
sentence-transformers/LaBSE,4363430_de_q_de,de,technical,random_missing,False,0.0,0.0,0,3
sentence-transformers/LaBSE,3602031_en_q_en,en,technical,random_missing,False,0.0,0.0,0,3
sentence-transformers/LaBSE,3950654_fr_q_fr,fr,technical,random_missing,False,0.0,0.0,0,3
sentence-transformers/LaBSE,4586953_de_q_de,de,technical,random_missing,False,0.0,0.0,0,3
sentence-transformers/LaBSE,3590547_de_q_de,de,technical,random_missing,False,0.0,0.0,0,3
sentence-transformers/LaBSE,3580358_de_q_de,de,technical,random_missing,False,0.66667,1.0,1,3
sentence-transformers/LaBSE,2828317_en_q_en,en,technical,random_missing,False,0.0,0.0,0,3
sentence-transformers/LaBSE,3847566_en_q_en,en,technical,random_existing,False,0.66667,1.0,1,3
sentence-transformers/LaBSE,4496051_de_q_de,de,technical,random_existing,False,0.0,0.0,0,3
sentence-transformers/LaBSE,4108708_de_q_de,de,technical,random_existing,False,0.66667,1.0,1,3
sentence-transformers/LaBSE,4417557_de_q_de,de,technical,random_missing,False,0.66667,1.0,1,3
sentence-transformers/LaBSE,4426701_de_q_de,de,technical,random_existing,False,0.0,0.0,0,3
sentence-transformers/LaBSE,3381434_fr_q_fr,fr,technical,random_existing,False,0.0,0.0,0,3
sentence-transformers/LaBSE,4271978_fr_q_fr,fr,technical,random_existing,False,0.0,0.0,0,3
sentence-transformers/LaBSE,4556422_en_q_en,en,technical,random_existing,False,0.0,0.0,0,3
sentence-transformers/LaBSE,3365356_en_q_en,en,technical,random_existing,False,1.0,1.0,1,3
sentence-transformers/LaBSE,4322294_fr_q_fr,fr,technical,random_existing,False,0.33333,1.0,1,3
sentence-transformers/LaBSE,4543666_fr_q_fr,fr,technical,random_existing,False,0.0,0.0,0,3
sentence-transformers/LaBSE,4388059_fr_q_fr,fr,technical,random_existing,False,0.0,0.0,0,3
sentence-transformers/LaBSE,3854885_de_q_de,de,technical,random_existing,False,1.0,1.0,1,3
sentence-transformers/LaBSE,4022033_fr_q_fr,fr,technical,random_existing,False,0.0,0.0,0,3
sentence-transformers/LaBSE,4565069_en_q_en,en,technical,random_existing,False,0.33333,0.11111,1,3
sentence-transformers/LaBSE,3732246_de_q_de,de,technical,random_existing,False,0.33333,0.1,1,3
sentence-transformers/LaBSE,4578891_fr_q_fr,fr,technical,random_existing,False,0.0,0.0,0,3
sentence-transformers/LaBSE,4109587_en_q_en,en,technical,random_existing,False,0.0,0.0,0,3
sentence-transformers/LaBSE,4281583_en_q_en,en,technical,random_existing,False,0.0,0.0,0,3
sentence-transformers/LaBSE,4312783_en_q_en,en,technical,random_existing,False,0.0,0.0,0,3
sentence-transformers/LaBSE,3955901_fr_q_fr,fr,technical,random_existing,False,0.0,0.0,0,3
sentence-transformers/LaBSE,4246147_en_q_en,en,technical,random_existing,False,0.66667,0.5,1,3
sentence-transformers/LaBSE,3560355_en_q_en,en,technical,random_existing,False,0.0,0.0,0,3
sentence-transformers/LaBSE,3845687_en_q_en,en,technical,random_existing,False,1.0,1.0,1,3
sentence-transformers/LaBSE,3634441_de_q_de,de,technical,random_existing,False,0.33333,0.2,1,3
sentence-transformers/LaBSE,4497505_de_q_de,de,technical,random_existing,False,0.0,0.0,0,3
sentence-transformers/LaBSE,3794949_en_q_en,en,technical,all,False,0.0,0.0,0,3
sentence-transformers/LaBSE,3794949_de_q_de,de,technical,all,False,0.0,0.0,0,3
sentence-transformers/LaBSE,3794949_fr_q_fr,fr,technical,all,False,0.0,0.0,0,3
sentence-transformers/LaBSE,4455101_en_q_en,en,technical,all,False,0.66667,0.14286,1,3
sentence-transformers/LaBSE,4455101_de_q_de,de,technical,all,False,0.0,0.0,0,3
sentence-transformers/LaBSE,4455101_fr_q_fr,fr,technical,all,False,0.0,0.0,0,3
sentence-transformers/LaBSE,4013392_en_q_en,en,technical,all,False,0.66667,1.0,1,3
sentence-transformers/LaBSE,4013392_de_q_de,de,technical,all,False,0.0,0.0,0,3
sentence-transformers/LaBSE,4013392_fr_q_fr,fr,technical,all,False,0.33333,0.125,1,3
sentence-transformers/LaBSE,3841130_en_q_en,en,technical,all,False,0.66667,0.5,1,3
sentence-transformers/LaBSE,3841130_de_q_de,de,technical,all,False,0.66667,0.5,1,3
sentence-transformers/LaBSE,3841130_fr_q_fr,fr,technical,all,False,0.66667,0.33333,1,3
sentence-transformers/LaBSE,4351302_en_q_en,en,technical,all,False,0.0,0.0,0,3
sentence-transformers/LaBSE,4351302_de_q_de,de,technical,all,False,0.0,0.0,0,3
sentence-transformers/LaBSE,4351302_fr_q_fr,fr,technical,all,False,0.0,0.0,0,3
sentence-transformers/LaBSE,3582794_en_q_en,en,technical,all,False,0.66667,0.25,1,3
sentence-transformers/LaBSE,3582794_de_q_de,de,technical,all,False,0.33333,1.0,1,3
sentence-transformers/LaBSE,3582794_fr_q_fr,fr,technical,all,False,0.33333,1.0,1,3
sentence-transformers/LaBSE,3988670_de_q_de,de,semantic,random,False,0.0,0.0,0,3
sentence-transformers/LaBSE,3842409_de_q_de,de,semantic,random,False,0.66667,1.0,1,3
sentence-transformers/LaBSE,4424422_en_q_en,en,technical,all,False,0.0,0.0,0,3
sentence-transformers/LaBSE,4424422_de_q_de,de,technical,all,False,0.0,0.0,0,3
sentence-transformers/LaBSE,4424422_fr_q_fr,fr,technical,all,False,0.0,0.0,0,3
sentence-transformers/LaBSE,4040152_en_q_en,en,technical,all,False,0.0,0.0,0,3
sentence-transformers/LaBSE,4040152_de_q_de,de,technical,all,False,0.0,0.0,0,3
sentence-transformers/LaBSE,4040152_fr_q_fr,fr,technical,all,False,0.0,0.0,0,3
sentence-transformers/LaBSE,4431202_de_q_de,de,semantic,random,False,0.66667,1.0,1,3
sentence-transformers/LaBSE,4317376_fr_q_fr,fr,semantic,random,False,0.0,0.0,0,3
sentence-transformers/LaBSE,4556196_en_q_en,en,semantic,random,False,0.0,0.0,0,3
sentence-transformers/LaBSE,4037081_de_q_de,de,semantic,random,False,0.0,0.0,0,3
sentence-transformers/LaBSE,4435064_de_q_de,de,semantic,random,False,0.66667,1.0,1,3
sentence-transformers/LaBSE,4054003_en_q_en,en,semantic,random,False,1.0,1.0,1,3
sentence-transformers/LaBSE,4298280_fr_q_fr,fr,semantic,random,False,0.33333,0.16667,1,3
sentence-transformers/LaBSE,3503879_de_q_de,de,semantic,random,False,0.33333,0.11111,1,3
sentence-transformers/LaBSE,4415919_fr_q_fr,fr,semantic,random,False,0.0,0.0,0,3
sentence-transformers/LaBSE,3283174_fr_q_fr,fr,semantic,random,False,0.0,0.0,0,3
sentence-transformers/LaBSE,4370235_en_q_en,en,semantic,random,False,0.0,0.0,0,3
sentence-transformers/LaBSE,4658693_fr_q_fr,fr,semantic,random,False,0.0,0.0,0,3
sentence-transformers/LaBSE,3916900_fr_q_fr,fr,semantic,random,False,0.0,0.0,0,3
sentence-transformers/LaBSE,4250413_fr_q_fr,fr,semantic,random,False,0.0,0.0,0,3
sentence-transformers/LaBSE,3883534_fr_q_fr,fr,semantic,random,False,0.66667,0.5,1,3
sentence-transformers/LaBSE,4086994_en_q_en,en,semantic,random,False,0.0,0.0,0,3
sentence-transformers/LaBSE,4468440_en_q_en,en,semantic,random,False,0.33333,0.16667,1,3
sentence-transformers/LaBSE,4200057_fr_q_fr,fr,semantic,random,False,0.33333,0.5,1,3
sentence-transformers/LaBSE,4551428_en_q_en,en,semantic,random,False,0.66667,0.33333,1,3
sentence-transformers/LaBSE,3389403_fr_q_fr,fr,semantic,random,False,0.0,0.0,0,3
sentence-transformers/LaBSE,4334021_de_q_de,de,semantic,random,False,0.0,0.0,0,3
sentence-transformers/LaBSE,3926328_fr_q_fr,fr,semantic,random_missing,False,0.66667,0.25,1,3
sentence-transformers/LaBSE,3713925_en_q_en,en,semantic,random_missing,False,0.0,0.0,0,3
sentence-transformers/LaBSE,4083560_fr_q_fr,fr,semantic,random,False,0.33333,0.2,1,3
sentence-transformers/LaBSE,4142000_de_q_de,de,semantic,random,False,0.0,0.0,0,3
sentence-transformers/LaBSE,4134085_fr_q_fr,fr,semantic,random_missing,False,0.0,0.0,0,3
sentence-transformers/LaBSE,4370897_en_q_en,en,semantic,random_missing,False,1.0,1.0,1,3
sentence-transformers/LaBSE,3577132_en_q_en,en,semantic,random_missing,False,0.0,0.0,0,3
sentence-transformers/LaBSE,3702482_en_q_en,en,semantic,random_missing,False,1.0,1.0,1,3
sentence-transformers/LaBSE,4358246_de_q_de,de,semantic,random_missing,False,0.0,0.0,0,3
sentence-transformers/LaBSE,3759170_en_q_en,en,semantic,random_missing,False,0.0,0.0,0,3
sentence-transformers/LaBSE,3856696_de_q_de,de,semantic,random_missing,False,0.33333,0.25,1,3
sentence-transformers/LaBSE,4345306_de_q_de,de,semantic,random_missing,False,0.66667,1.0,1,3
sentence-transformers/LaBSE,4259472_de_q_de,de,semantic,random_missing,False,0.0,0.0,0,3
sentence-transformers/LaBSE,3747538_en_q_en,en,semantic,random_missing,False,0.66667,0.33333,1,3
sentence-transformers/LaBSE,4514593_fr_q_fr,fr,semantic,random_missing,False,1.0,0.5,1,3
sentence-transformers/LaBSE,4561927_de_q_de,de,semantic,random_missing,False,0.0,0.0,0,3
sentence-transformers/LaBSE,3827810_fr_q_fr,fr,semantic,random_missing,False,0.0,0.0,0,3
sentence-transformers/LaBSE,4228070_de_q_de,de,semantic,random_missing,False,0.66667,0.33333,1,3
sentence-transformers/LaBSE,4276075_en_q_en,en,semantic,random_missing,False,0.0,0.0,0,3
sentence-transformers/LaBSE,3828985_fr_q_fr,fr,semantic,random_missing,False,0.0,0.0,0,3
sentence-transformers/LaBSE,3887359_fr_q_fr,fr,semantic,random_missing,False,0.0,0.0,0,3
sentence-transformers/LaBSE,3927453_de_q_de,de,semantic,random_missing,False,0.0,0.0,0,3
sentence-transformers/LaBSE,4654331_en_q_en,en,semantic,random_missing,False,0.0,0.0,0,3
sentence-transformers/LaBSE,4145604_en_q_en,en,semantic,random_missing,False,0.0,0.0,0,3
sentence-transformers/LaBSE,3825337_en_q_en,en,semantic,random_missing,False,1.0,1.0,1,3
sentence-transformers/LaBSE,4317423_de_q_de,de,semantic,random_missing,False,0.0,0.0,0,3
sentence-transformers/LaBSE,4187683_fr_q_fr,fr,semantic,random_existing,False,0.0,0.0,0,3
sentence-transformers/LaBSE,4389713_de_q_de,de,semantic,random_existing,False,0.33333,0.16667,1,3
sentence-transformers/LaBSE,4571323_fr_q_fr,fr,semantic,random_existing,False,0.0,0.0,0,3
sentence-transformers/LaBSE,4232181_fr_q_fr,fr,semantic,random_existing,False,0.0,0.0,0,3
sentence-transformers/LaBSE,4403926_fr_q_fr,fr,semantic,random_existing,False,0.0,0.0,0,3
sentence-transformers/LaBSE,4596653_en_q_en,en,semantic,random_existing,False,0.0,0.0,0,3
sentence-transformers/LaBSE,4081117_fr_q_fr,fr,semantic,random_existing,False,0.0,0.0,0,3
sentence-transformers/LaBSE,4578526_fr_q_fr,fr,semantic,random_existing,False,0.0,0.0,0,3
sentence-transformers/LaBSE,4327072_de_q_de,de,semantic,random_existing,False,0.0,0.0,0,3
sentence-transformers/LaBSE,3479171_de_q_de,de,semantic,random_existing,False,0.0,0.0,0,3
sentence-transformers/LaBSE,4459271_de_q_de,de,semantic,random_existing,False,0.33333,0.14286,1,3
sentence-transformers/LaBSE,3999056_en_q_en,en,semantic,random_existing,False,0.33333,0.11111,1,3
sentence-transformers/LaBSE,4537120_en_q_en,en,semantic,random_existing,False,0.0,0.0,0,3
sentence-transformers/LaBSE,4375353_en_q_en,en,semantic,random_existing,False,0.0,0.0,0,3
sentence-transformers/LaBSE,4254549_en_q_en,en,semantic,random_existing,False,0.0,0.0,0,3
sentence-transformers/LaBSE,3923380_de_q_de,de,semantic,random_existing,False,0.0,0.0,0,3
sentence-transformers/LaBSE,4043106_en_q_en,en,semantic,random_existing,False,0.33333,0.11111,1,3
sentence-transformers/LaBSE,4495614_fr_q_fr,fr,semantic,random_existing,False,0.33333,0.125,1,3
sentence-transformers/LaBSE,4062896_fr_q_fr,fr,semantic,random_existing,False,0.0,0.0,0,3
sentence-transformers/LaBSE,3600369_en_q_en,en,semantic,random_existing,False,0.66667,1.0,1,3
sentence-transformers/LaBSE,3630154_fr_q_fr,fr,semantic,random_existing,False,0.0,0.0,0,3
sentence-transformers/LaBSE,3746074_en_q_en,en,semantic,random_existing,False,0.66667,0.25,1,3
sentence-transformers/LaBSE,4530591_fr_q_fr,fr,semantic,random_existing,False,0.0,0.0,0,3
sentence-transformers/LaBSE,3530728_de_q_de,de,semantic,random_existing,False,1.0,1.0,1,3
sentence-transformers/LaBSE,4182375_de_q_de,de,semantic,random_existing,False,0.0,0.0,0,3
sentence-transformers/LaBSE,3930873_en_q_en,en,semantic,all,False,0.66667,1.0,1,3
sentence-transformers/LaBSE,3930873_de_q_de,de,semantic,all,False,0.66667,1.0,1,3
sentence-transformers/LaBSE,3930873_fr_q_fr,fr,semantic,all,False,0.66667,1.0,1,3
sentence-transformers/LaBSE,4443170_en_q_en,en,semantic,all,False,1.0,1.0,1,3
sentence-transformers/LaBSE,4443170_de_q_de,de,semantic,all,False,0.66667,0.5,1,3
sentence-transformers/LaBSE,4443170_fr_q_fr,fr,semantic,all,False,1.0,1.0,1,3
sentence-transformers/LaBSE,3842401_en_q_en,en,semantic,all,False,0.0,0.0,0,3
sentence-transformers/LaBSE,3842401_de_q_de,de,semantic,all,False,0.0,0.0,0,3
sentence-transformers/LaBSE,3842401_fr_q_fr,fr,semantic,all,False,0.0,0.0,0,3
sentence-transformers/LaBSE,3861585_en_q_en,en,semantic,all,False,0.0,0.0,0,3
sentence-transformers/LaBSE,3861585_de_q_de,de,semantic,all,False,0.0,0.0,0,3
sentence-transformers/LaBSE,3861585_fr_q_fr,fr,semantic,all,False,0.0,0.0,0,3
sentence-transformers/LaBSE,3989943_en_q_en,en,semantic,all,False,0.66667,1.0,1,3
sentence-transformers/LaBSE,3989943_de_q_de,de,semantic,all,False,0.66667,1.0,1,3
sentence-transformers/LaBSE,3989943_fr_q_fr,fr,semantic,all,False,0.66667,1.0,1,3
sentence-transformers/LaBSE,4322318_en_q_en,en,semantic,all,False,0.66667,1.0,1,3
sentence-transformers/LaBSE,4322318_de_q_de,de,semantic,all,False,0.0,0.0,0,3
sentence-transformers/LaBSE,4322318_fr_q_fr,fr,semantic,all,False,0.0,0.0,0,3
sentence-transformers/LaBSE,4046659_en_q_en,en,semantic,all,False,0.0,0.0,0,3
sentence-transformers/LaBSE,4046659_de_q_de,de,semantic,all,False,0.0,0.0,0,3
sentence-transformers/LaBSE,4046659_fr_q_fr,fr,semantic,all,False,0.66667,1.0,1,3
sentence-transformers/LaBSE,4114919_en_q_en,en,semantic,all,False,1.0,1.0,1,3
sentence-transformers/LaBSE,4114919_de_q_de,de,semantic,all,False,0.33333,0.33333,1,3
sentence-transformers/LaBSE,4114919_fr_q_fr,fr,semantic,all,False,0.33333,0.14286,1,3
