model,short,query_id,query_language,src_language,origin,patent,n_gold,n_gold_same,n_gold_cross,mrr_at_10,ndcg_at_10,first_gold_rank,first_cross_rank,mate_mrr,foreign_share_at_10,lang_entropy_at_10,recall_at_1,clir_at_1,molir_at_1,recall_at_5,clir_at_5,molir_at_5,recall_at_10,clir_at_10,molir_at_10,recall_at_20,clir_at_20,molir_at_20,recall_at_50,clir_at_50,molir_at_50,recall_at_100,clir_at_100,molir_at_100,mate_hit_1,mate_hit_5,mate_hit_10,mate_hit_20,mate_hit_50,mate_hit_100
google/embeddinggemma-300m,embeddinggemma,EP-4633662-A1_en_q_en,en,en,original,EP-4633662-A1,3,1,2,0.0,0.0,241.0,678.0,0.0014749262536873156,0.5,1.0,0.0,0.0,0.0,0.0,0.0,0.0,0.0,0.0,0.0,0.0,0.0,0.0,0.0,0.0,0.0,0.0,0.0,0.0,0.0,0.0,0.0,0.0,0.0,0.0
google/embeddinggemma-300m,embeddinggemma,EP-4630509-A1_fr_q_fr,fr,fr,original,EP-4630509-A1,3,1,2,1.0,0.46927872602275644,1.0,49.0,0.02040816326530612,0.1,0.4689955935892812,0.3333333333333333,0.0,1.0,0.3333333333333333,0.0,1.0,0.3333333333333333,0.0,1.0,0.3333333333333333,0.0,1.0,0.6666666666666666,0.5,1.0,0.6666666666666666,0.5,1.0,0.0,0.0,0.0,0.0,1.0,1.0
google/embeddinggemma-300m,embeddinggemma,EP-4634248-A1_en_q_es,es,en,synthetic,EP-4634248-A1,3,0,3,0.0,0.0,123.0,123.0,0.008130081300813009,0.6,1.8464393446710154,0.0,0.0,,0.0,0.0,,0.0,0.0,,0.0,0.0,,0.0,0.0,,0.0,0.0,,0.0,0.0,0.0,0.0,0.0,0.0
google/embeddinggemma-300m,embeddinggemma,EP-4634187-A1_en_q_es,es,en,synthetic,EP-4634187-A1,3,0,3,0.0,0.0,25.0,25.0,0.04,0.2,0.9219280948873623,0.0,0.0,,0.0,0.0,,0.0,0.0,,0.0,0.0,,0.3333333333333333,0.3333333333333333,,0.6666666666666666,0.6666666666666666,,0.0,0.0,0.0,0.0,1.0,1.0
google/embeddinggemma-300m,embeddinggemma,EP-4634142-A1_fr_q_fr,fr,fr,original,EP-4634142-A1,3,1,2,0.0,0.0,303.0,341.0,0.002932551319648094,0.2,0.7219280948873623,0.0,0.0,0.0,0.0,0.0,0.0,0.0,0.0,0.0,0.0,0.0,0.0,0.0,0.0,0.0,0.0,0.0,0.0,0.0,0.0,0.0,0.0,0.0,0.0
google/embeddinggemma-300m,embeddinggemma,EP-4633768-A2_en_q_es,es,en,synthetic,EP-4633768-A2,3,0,3,0.0,0.0,inf,inf,0.0,0.6,1.9219280948873623,0.0,0.0,,0.0,0.0,,0.0,0.0,,0.0,0.0,,0.0,0.0,,0.0,0.0,,0.0,0.0,0.0,0.0,0.0,0.0
google/embeddinggemma-300m,embeddinggemma,EP-4633645-A1_fr_q_fr,fr,fr,original,EP-4633645-A1,3,1,2,0.0,0.0,25.0,36.0,0.027777777777777776,0.5,1.360964047443681,0.0,0.0,0.0,0.0,0.0,0.0,0.0,0.0,0.0,0.0,0.0,0.0,1.0,1.0,1.0,1.0,1.0,1.0,0.0,0.0,0.0,0.0,1.0,1.0
google/embeddinggemma-300m,embeddinggemma,EP-4633622-A2_en_q_de,de,en,synthetic,EP-4633622-A2,3,0,3,1.0,1.0,1.0,1.0,1.0,1.0,1.6854752972273344,0.3333333333333333,0.3333333333333333,,1.0,1.0,,1.0,1.0,,1.0,1.0,,1.0,1.0,,1.0,1.0,,1.0,1.0,1.0,1.0,1.0,1.0
google/embeddinggemma-300m,embeddinggemma,EP-4634601-A1_en_q_en,en,en,original,EP-4634601-A1,3,1,2,0.25,0.35853358850813305,4.0,7.0,0.14285714285714285,0.4,1.295461844238322,0.0,0.0,0.0,0.3333333333333333,0.0,1.0,0.6666666666666666,0.5,1.0,0.6666666666666666,0.5,1.0,1.0,1.0,1.0,1.0,1.0,1.0,0.0,0.0,1.0,1.0,1.0,1.0
google/embeddinggemma-300m,embeddinggemma,EP-4630626-A1_de_q_de,de,de,original,EP-4630626-A1,3,1,2,1.0,0.9134015924715543,1.0,2.0,0.5,0.9,1.721928094887362,0.3333333333333333,0.0,1.0,0.6666666666666666,0.5,1.0,1.0,1.0,1.0,1.0,1.0,1.0,1.0,1.0,1.0,1.0,1.0,1.0,0.0,1.0,1.0,1.0,1.0,1.0
google/embeddinggemma-300m,embeddinggemma,EP-4630600-A1_de_q_en,en,de,synthetic,EP-4630600-A1,3,0,3,0.0,0.0,123.0,123.0,0.008130081300813009,0.4,0.9709505944546686,0.0,0.0,,0.0,0.0,,0.0,0.0,,0.0,0.0,,0.0,0.0,,0.0,0.0,,0.0,0.0,0.0,0.0,0.0,0.0
google/embeddinggemma-300m,embeddinggemma,EP-4633632-A1_en_q_es,es,en,synthetic,EP-4633632-A1,3,0,3,0.25,0.35853358850813305,4.0,4.0,0.25,0.6,1.8464393446710154,0.0,0.0,,0.3333333333333333,0.3333333333333333,,0.6666666666666666,0.6666666666666666,,1.0,1.0,,1.0,1.0,,1.0,1.0,,0.0,1.0,1.0,1.0,1.0,1.0
google/embeddinggemma-300m,embeddinggemma,EP-4634136-A1_en_q_es,es,en,synthetic,EP-4634136-A1,3,0,3,0.0,0.0,178.0,178.0,0.0056179775280898875,0.3,1.1567796494470395,0.0,0.0,,0.0,0.0,,0.0,0.0,,0.0,0.0,,0.0,0.0,,0.0,0.0,,0.0,0.0,0.0,0.0,0.0,0.0
google/embeddinggemma-300m,embeddinggemma,EP-4634157-A1_en_q_de,de,en,synthetic,EP-4634157-A1,3,0,3,0.0,0.0,112.0,112.0,0.008928571428571428,0.9,1.8464393446710154,0.0,0.0,,0.0,0.0,,0.0,0.0,,0.0,0.0,,0.0,0.0,,0.0,0.0,,0.0,0.0,0.0,0.0,0.0,0.0
google/embeddinggemma-300m,embeddinggemma,EP-4630574-A1_de_q_en,en,de,synthetic,EP-4630574-A1,3,0,3,0.0,0.0,591.0,591.0,0.001692047377326565,0.3,1.1567796494470395,0.0,0.0,,0.0,0.0,,0.0,0.0,,0.0,0.0,,0.0,0.0,,0.0,0.0,,0.0,0.0,0.0,0.0,0.0,0.0
google/embeddinggemma-300m,embeddinggemma,EP-4634111-A1_en_q_de,de,en,synthetic,EP-4634111-A1,3,0,3,0.0,0.0,55.0,55.0,0.01818181818181818,0.5,1.360964047443681,0.0,0.0,,0.0,0.0,,0.0,0.0,,0.0,0.0,,0.0,0.0,,0.3333333333333333,0.3333333333333333,,0.0,0.0,0.0,0.0,0.0,1.0
google/embeddinggemma-300m,embeddinggemma,EP-4634596-A1_en_q_es,es,en,synthetic,EP-4634596-A1,3,0,3,0.0,0.0,320.0,320.0,0.003125,1.0,0.7219280948873623,0.0,0.0,,0.0,0.0,,0.0,0.0,,0.0,0.0,,0.0,0.0,,0.0,0.0,,0.0,0.0,0.0,0.0,0.0,0.0
google/embeddinggemma-300m,embeddinggemma,EP-4634139-A1_en_q_es,es,en,synthetic,EP-4634139-A1,3,0,3,1.0,0.9060254355346823,1.0,1.0,1.0,0.4,1.5709505944546687,0.3333333333333333,0.3333333333333333,,1.0,1.0,,1.0,1.0,,1.0,1.0,,1.0,1.0,,1.0,1.0,,1.0,1.0,1.0,1.0,1.0,1.0
google/embeddinggemma-300m,embeddinggemma,WO-2025153617-A3_de_q_en,en,de,synthetic,WO-2025153617-A3,3,0,3,0.0,0.0,63.0,63.0,0.015873015873015872,0.1,0.4689955935892812,0.0,0.0,,0.0,0.0,,0.0,0.0,,0.0,0.0,,0.0,0.0,,0.6666666666666666,0.6666666666666666,,0.0,0.0,0.0,0.0,0.0,1.0
google/embeddinggemma-300m,embeddinggemma,EP-4634251-A1_en_q_es,es,en,synthetic,EP-4634251-A1,3,0,3,0.0,0.0,962.0,962.0,0.0010395010395010396,0.8,1.5219280948873621,0.0,0.0,,0.0,0.0,,0.0,0.0,,0.0,0.0,,0.0,0.0,,0.0,0.0,,0.0,0.0,0.0,0.0,0.0,0.0
google/embeddinggemma-300m,embeddinggemma,EP-4634426-A1_en_q_es,es,en,synthetic,EP-4634426-A1,3,0,3,0.0,0.0,107.0,107.0,0.009345794392523364,0.8,1.3709505944546687,0.0,0.0,,0.0,0.0,,0.0,0.0,,0.0,0.0,,0.0,0.0,,0.0,0.0,,0.0,0.0,0.0,0.0,0.0,0.0
google/embeddinggemma-300m,embeddinggemma,EP-4634729-A1_en_q_de,de,en,synthetic,EP-4634729-A1,2,0,2,1.0,1.0,1.0,1.0,1.0,0.6,1.5219280948873621,0.5,0.5,,1.0,1.0,,1.0,1.0,,1.0,1.0,,1.0,1.0,,1.0,1.0,,1.0,1.0,1.0,1.0,1.0,1.0
google/embeddinggemma-300m,embeddinggemma,EP-4626569-A1_de_q_en,en,de,synthetic,EP-4626569-A1,2,0,2,0.25,0.2640681225725909,4.0,4.0,0.25,0.4,0.9709505944546686,0.0,0.0,,0.5,0.5,,0.5,0.5,,0.5,0.5,,0.5,0.5,,0.5,0.5,,0.0,1.0,1.0,1.0,1.0,1.0
google/embeddinggemma-300m,embeddinggemma,EP-4634394-A2_en_q_es,es,en,synthetic,EP-4634394-A2,2,0,2,1.0,0.8772153153380493,1.0,1.0,1.0,0.5,1.4854752972273344,0.5,0.5,,1.0,1.0,,1.0,1.0,,1.0,1.0,,1.0,1.0,,1.0,1.0,,1.0,1.0,1.0,1.0,1.0,1.0
google/embeddinggemma-300m,embeddinggemma,EP-4634424-A1_en_q_es,es,en,synthetic,EP-4634424-A1,2,0,2,0.0,0.0,61.0,61.0,0.01639344262295082,0.3,1.1567796494470395,0.0,0.0,,0.0,0.0,,0.0,0.0,,0.0,0.0,,0.0,0.0,,1.0,1.0,,0.0,0.0,0.0,0.0,0.0,1.0
google/embeddinggemma-300m,embeddinggemma,EP-4633602-A1_en_q_de,de,en,synthetic,EP-4633602-A1,2,0,2,0.0,0.0,inf,inf,0.0,0.8,1.4854752972273344,0.0,0.0,,0.0,0.0,,0.0,0.0,,0.0,0.0,,0.0,0.0,,0.0,0.0,,0.0,0.0,0.0,0.0,0.0,0.0
google/embeddinggemma-300m,embeddinggemma,EP-4634337-A1_en_q_en,en,en,original,EP-4634337-A1,2,1,1,0.16666666666666666,0.21840743681816419,6.0,19.0,0.05263157894736842,0.3,0.8812908992306927,0.0,0.0,0.0,0.0,0.0,0.0,0.5,0.0,1.0,1.0,1.0,1.0,1.0,1.0,1.0,1.0,1.0,1.0,0.0,0.0,0.0,1.0,1.0,1.0
google/embeddinggemma-300m,embeddinggemma,EP-4634128-A1_en_q_en,en,en,original,EP-4634128-A1,2,1,1,1.0,1.0,1.0,2.0,0.5,0.2,0.7219280948873623,0.5,0.0,1.0,1.0,1.0,1.0,1.0,1.0,1.0,1.0,1.0,1.0,1.0,1.0,1.0,1.0,1.0,1.0,0.0,1.0,1.0,1.0,1.0,1.0
google/embeddinggemma-300m,embeddinggemma,EP-4633896-A1_en_q_en,en,en,original,EP-4633896-A1,2,1,1,0.5,0.38685280723454163,2.0,245.0,0.004081632653061225,0.1,0.4689955935892812,0.0,0.0,0.0,0.5,0.0,1.0,0.5,0.0,1.0,0.5,0.0,1.0,0.5,0.0,1.0,0.5,0.0,1.0,0.0,0.0,0.0,0.0,0.0,0.0
google/embeddinggemma-300m,embeddinggemma,WO-2025215091-A1_fr_q_fr,fr,fr,original,WO-2025215091-A1,2,1,1,1.0,0.9197207891481876,1.0,1.0,1.0,0.1,0.4689955935892812,0.5,1.0,0.0,1.0,1.0,1.0,1.0,1.0,1.0,1.0,1.0,1.0,1.0,1.0,1.0,1.0,1.0,1.0,1.0,1.0,1.0,1.0,1.0,1.0
google/embeddinggemma-300m,embeddinggemma,EP-4633599-A1_fr_q_fr,fr,fr,original,EP-4633599-A1,2,1,1,0.5,0.5912352048230277,2.0,7.0,0.14285714285714285,0.5,1.4854752972273344,0.0,0.0,0.0,0.5,0.0,1.0,1.0,1.0,1.0,1.0,1.0,1.0,1.0,1.0,1.0,1.0,1.0,1.0,0.0,0.0,1.0,1.0,1.0,1.0
google/embeddinggemma-300m,embeddinggemma,EP-4633656-A1_fr_q_fr,fr,fr,original,EP-4633656-A1,2,1,1,0.0,0.0,340.0,inf,0.0,0.0,-0.0,0.0,0.0,0.0,0.0,0.0,0.0,0.0,0.0,0.0,0.0,0.0,0.0,0.0,0.0,0.0,0.0,0.0,0.0,0.0,0.0,0.0,0.0,0.0,0.0
google/embeddinggemma-300m,embeddinggemma,WO-2025208167-A1_de_q_de,de,de,original,WO-2025208167-A1,2,1,1,0.0,0.0,781.0,inf,0.0,0.9,1.295461844238322,0.0,0.0,0.0,0.0,0.0,0.0,0.0,0.0,0.0,0.0,0.0,0.0,0.0,0.0,0.0,0.0,0.0,0.0,0.0,0.0,0.0,0.0,0.0,0.0
google/embeddinggemma-300m,embeddinggemma,EP-4634396-A1_fr_q_fr,fr,fr,original,EP-4634396-A1,2,1,1,1.0,1.0,1.0,2.0,0.5,0.5,1.4854752972273344,0.5,0.0,1.0,1.0,1.0,1.0,1.0,1.0,1.0,1.0,1.0,1.0,1.0,1.0,1.0,1.0,1.0,1.0,0.0,1.0,1.0,1.0,1.0,1.0
google/embeddinggemma-300m,embeddinggemma,EP-4633893-A1_fr_q_fr,fr,fr,original,EP-4633893-A1,2,1,1,0.3333333333333333,0.3065735963827292,3.0,81.0,0.012345679012345678,0.0,-0.0,0.0,0.0,0.0,0.5,0.0,1.0,0.5,0.0,1.0,0.5,0.0,1.0,0.5,0.0,1.0,1.0,1.0,1.0,0.0,0.0,0.0,0.0,0.0,1.0
google/embeddinggemma-300m,embeddinggemma,EP-4633462-A1_en_q_en,en,en,original,EP-4633462-A1,2,1,1,1.0,1.0,1.0,2.0,0.5,0.4,1.295461844238322,0.5,0.0,1.0,1.0,1.0,1.0,1.0,1.0,1.0,1.0,1.0,1.0,1.0,1.0,1.0,1.0,1.0,1.0,0.0,1.0,1.0,1.0,1.0,1.0
google/embeddinggemma-300m,embeddinggemma,EP-4633386-A1_en_q_en,en,en,original,EP-4633386-A1,2,1,1,0.0,0.0,113.0,210.0,0.004761904761904762,0.5,1.7609640474436812,0.0,0.0,0.0,0.0,0.0,0.0,0.0,0.0,0.0,0.0,0.0,0.0,0.0,0.0,0.0,0.0,0.0,0.0,0.0,0.0,0.0,0.0,0.0,0.0
google/embeddinggemma-300m,embeddinggemma,EP-4633970-A1_fr_q_fr,fr,fr,original,EP-4633970-A1,2,1,1,0.25,0.2640681225725909,4.0,15.0,0.06666666666666667,0.0,-0.0,0.0,0.0,0.0,0.5,0.0,1.0,0.5,0.0,1.0,1.0,1.0,1.0,1.0,1.0,1.0,1.0,1.0,1.0,0.0,0.0,0.0,1.0,1.0,1.0
google/embeddinggemma-300m,embeddinggemma,EP-4633415-A1_en_q_en,en,en,original,EP-4633415-A1,2,1,1,1.0,0.6131471927654584,1.0,11.0,0.09090909090909091,0.2,0.9219280948873623,0.5,0.0,1.0,0.5,0.0,1.0,0.5,0.0,1.0,1.0,1.0,1.0,1.0,1.0,1.0,1.0,1.0,1.0,0.0,0.0,0.0,1.0,1.0,1.0
google/embeddinggemma-300m,embeddinggemma,EP-4633415-A1_en_q_de,de,en,synthetic,EP-4633415-A1,2,0,2,1.0,1.0,1.0,1.0,1.0,0.8,1.4854752972273344,0.5,0.5,,1.0,1.0,,1.0,1.0,,1.0,1.0,,1.0,1.0,,1.0,1.0,,1.0,1.0,1.0,1.0,1.0,1.0
google/embeddinggemma-300m,embeddinggemma,EP-4633415-A1_fr_q_fr,fr,fr,original,EP-4633415-A1,2,1,1,0.0,0.0,102.0,144.0,0.006944444444444444,0.4,1.295461844238322,0.0,0.0,0.0,0.0,0.0,0.0,0.0,0.0,0.0,0.0,0.0,0.0,0.0,0.0,0.0,0.0,0.0,0.0,0.0,0.0,0.0,0.0,0.0,0.0
google/embeddinggemma-300m,embeddinggemma,EP-4633415-A1_en_q_es,es,en,synthetic,EP-4633415-A1,2,0,2,1.0,1.0,1.0,1.0,1.0,0.7,1.6854752972273344,0.5,0.5,,1.0,1.0,,1.0,1.0,,1.0,1.0,,1.0,1.0,,1.0,1.0,,1.0,1.0,1.0,1.0,1.0,1.0
google/embeddinggemma-300m,embeddinggemma,EP-4633950-A1_en_q_en,en,en,original,EP-4633950-A1,2,1,1,0.0,0.0,15.0,15.0,0.06666666666666667,0.0,-0.0,0.0,0.0,0.0,0.0,0.0,0.0,0.0,0.0,0.0,0.5,1.0,0.0,1.0,1.0,1.0,1.0,1.0,1.0,0.0,0.0,0.0,1.0,1.0,1.0
google/embeddinggemma-300m,embeddinggemma,EP-4633950-A1_en_q_de,de,en,synthetic,EP-4633950-A1,2,0,2,0.0,0.0,68.0,68.0,0.014705882352941176,1.0,0.9709505944546686,0.0,0.0,,0.0,0.0,,0.0,0.0,,0.0,0.0,,0.0,0.0,,0.5,0.5,,0.0,0.0,0.0,0.0,0.0,1.0
google/embeddinggemma-300m,embeddinggemma,EP-4633950-A1_fr_q_fr,fr,fr,original,EP-4633950-A1,2,1,1,0.0,0.0,12.0,709.0,0.0014104372355430183,0.1,0.4689955935892812,0.0,0.0,0.0,0.0,0.0,0.0,0.0,0.0,0.0,0.5,0.0,1.0,0.5,0.0,1.0,0.5,0.0,1.0,0.0,0.0,0.0,0.0,0.0,0.0
google/embeddinggemma-300m,embeddinggemma,EP-4633950-A1_en_q_es,es,en,synthetic,EP-4633950-A1,2,0,2,0.0,0.0,92.0,92.0,0.010869565217391304,0.7,1.295461844238322,0.0,0.0,,0.0,0.0,,0.0,0.0,,0.0,0.0,,0.0,0.0,,0.5,0.5,,0.0,0.0,0.0,0.0,0.0,1.0
google/embeddinggemma-300m,embeddinggemma,EP-4634629-A1_en_q_en,en,en,original,EP-4634629-A1,3,1,2,0.0,0.0,70.0,444.0,0.0022522522522522522,0.3,1.1567796494470395,0.0,0.0,0.0,0.0,0.0,0.0,0.0,0.0,0.0,0.0,0.0,0.0,0.0,0.0,0.0,0.3333333333333333,0.0,1.0,0.0,0.0,0.0,0.0,0.0,0.0
google/embeddinggemma-300m,embeddinggemma,EP-4634629-A1_de_q_de,de,de,original,EP-4634629-A1,3,1,2,0.0,0.0,138.0,383.0,0.0026109660574412533,0.8,1.5219280948873621,0.0,0.0,0.0,0.0,0.0,0.0,0.0,0.0,0.0,0.0,0.0,0.0,0.0,0.0,0.0,0.0,0.0,0.0,0.0,0.0,0.0,0.0,0.0,0.0
google/embeddinggemma-300m,embeddinggemma,EP-4634629-A1_fr_q_fr,fr,fr,original,EP-4634629-A1,3,1,2,0.0,0.0,45.0,417.0,0.002398081534772182,0.1,0.4689955935892812,0.0,0.0,0.0,0.0,0.0,0.0,0.0,0.0,0.0,0.0,0.0,0.0,0.3333333333333333,0.0,1.0,0.3333333333333333,0.0,1.0,0.0,0.0,0.0,0.0,0.0,0.0
google/embeddinggemma-300m,embeddinggemma,EP-4634629-A1_en_q_es,es,en,synthetic,EP-4634629-A1,3,0,3,0.0,0.0,232.0,232.0,0.004310344827586207,0.6,1.8464393446710154,0.0,0.0,,0.0,0.0,,0.0,0.0,,0.0,0.0,,0.0,0.0,,0.0,0.0,,0.0,0.0,0.0,0.0,0.0,0.0
google/embeddinggemma-300m,embeddinggemma,EP-4633582-A1_en_q_es,es,en,synthetic,EP-4633582-A1,2,0,2,0.5,0.6934264036172708,2.0,2.0,0.5,0.6,1.8464393446710154,0.0,0.0,,1.0,1.0,,1.0,1.0,,1.0,1.0,,1.0,1.0,,1.0,1.0,,0.0,1.0,1.0,1.0,1.0,1.0
google/embeddinggemma-300m,embeddinggemma,EP-4634165-A1_en_q_es,es,en,synthetic,EP-4634165-A1,2,0,2,1.0,1.0,1.0,1.0,1.0,0.7,1.5709505944546684,0.5,0.5,,1.0,1.0,,1.0,1.0,,1.0,1.0,,1.0,1.0,,1.0,1.0,,1.0,1.0,1.0,1.0,1.0,1.0
google/embeddinggemma-300m,embeddinggemma,EP-4633677-A1_en_q_de,de,en,synthetic,EP-4633677-A1,2,0,2,0.0,0.0,52.0,52.0,0.019230769230769232,1.0,0.8812908992306927,0.0,0.0,,0.0,0.0,,0.0,0.0,,0.0,0.0,,0.0,0.0,,1.0,1.0,,0.0,0.0,0.0,0.0,0.0,1.0
google/embeddinggemma-300m,embeddinggemma,EP-4634246-A1_en_q_en,en,en,original,EP-4634246-A1,2,1,1,1.0,1.0,1.0,2.0,0.5,0.4,1.3709505944546687,0.5,0.0,1.0,1.0,1.0,1.0,1.0,1.0,1.0,1.0,1.0,1.0,1.0,1.0,1.0,1.0,1.0,1.0,0.0,1.0,1.0,1.0,1.0,1.0
google/embeddinggemma-300m,embeddinggemma,EP-4634120-A1_en_q_de,de,en,synthetic,EP-4634120-A1,2,0,2,0.16666666666666666,0.21840743681816419,6.0,6.0,0.16666666666666666,1.0,1.295461844238322,0.0,0.0,,0.0,0.0,,0.5,0.5,,0.5,0.5,,1.0,1.0,,1.0,1.0,,0.0,0.0,1.0,1.0,1.0,1.0
google/embeddinggemma-300m,embeddinggemma,EP-4633638-A1_en_q_en,en,en,original,EP-4633638-A1,2,1,1,1.0,1.0,1.0,2.0,0.5,0.2,0.9219280948873623,0.5,0.0,1.0,1.0,1.0,1.0,1.0,1.0,1.0,1.0,1.0,1.0,1.0,1.0,1.0,1.0,1.0,1.0,0.0,1.0,1.0,1.0,1.0,1.0
google/embeddinggemma-300m,embeddinggemma,EP-4633389-A1_en_q_en,en,en,original,EP-4633389-A1,2,1,1,1.0,1.0,1.0,2.0,0.5,0.4,0.9709505944546686,0.5,0.0,1.0,1.0,1.0,1.0,1.0,1.0,1.0,1.0,1.0,1.0,1.0,1.0,1.0,1.0,1.0,1.0,0.0,1.0,1.0,1.0,1.0,1.0
google/embeddinggemma-300m,embeddinggemma,WO-2025209629-A1_de_q_es,es,de,synthetic,WO-2025209629-A1,2,0,2,1.0,1.0,1.0,1.0,1.0,0.9,1.721928094887362,0.5,0.5,,1.0,1.0,,1.0,1.0,,1.0,1.0,,1.0,1.0,,1.0,1.0,,1.0,1.0,1.0,1.0,1.0,1.0
google/embeddinggemma-300m,embeddinggemma,EP-4634132-A2_en_q_en,en,en,original,EP-4634132-A2,2,1,1,0.1111111111111111,0.18457569677956817,9.0,22.0,0.045454545454545456,0.2,0.9219280948873623,0.0,0.0,0.0,0.0,0.0,0.0,0.5,0.0,1.0,0.5,0.0,1.0,1.0,1.0,1.0,1.0,1.0,1.0,0.0,0.0,0.0,0.0,1.0,1.0
google/embeddinggemma-300m,embeddinggemma,EP-4634914-A1_en_q_es,es,en,synthetic,EP-4634914-A1,2,0,2,1.0,0.9197207891481876,1.0,1.0,1.0,0.7,1.5709505944546684,0.5,0.5,,1.0,1.0,,1.0,1.0,,1.0,1.0,,1.0,1.0,,1.0,1.0,,1.0,1.0,1.0,1.0,1.0,1.0
google/embeddinggemma-300m,embeddinggemma,EP-4634285-A1_en_q_de,de,en,synthetic,EP-4634285-A1,2,0,2,1.0,0.8175295903539445,1.0,1.0,1.0,1.0,0.9709505944546686,0.5,0.5,,0.5,0.5,,1.0,1.0,,1.0,1.0,,1.0,1.0,,1.0,1.0,,1.0,1.0,1.0,1.0,1.0,1.0
google/embeddinggemma-300m,embeddinggemma,EP-4634122-A1_fr_q_fr,fr,fr,original,EP-4634122-A1,2,1,1,0.0,0.0,32.0,85.0,0.011764705882352941,0.1,0.4689955935892812,0.0,0.0,0.0,0.0,0.0,0.0,0.0,0.0,0.0,0.0,0.0,0.0,0.5,0.0,1.0,1.0,1.0,1.0,0.0,0.0,0.0,0.0,0.0,1.0
google/embeddinggemma-300m,embeddinggemma,EP-4634365-A1_fr_q_fr,fr,fr,original,EP-4634365-A1,2,1,1,1.0,1.0,1.0,2.0,0.5,0.5,1.0,0.5,0.0,1.0,1.0,1.0,1.0,1.0,1.0,1.0,1.0,1.0,1.0,1.0,1.0,1.0,1.0,1.0,1.0,0.0,1.0,1.0,1.0,1.0,1.0
google/embeddinggemma-300m,embeddinggemma,WO-2025214709-A1_de_q_es,es,de,synthetic,WO-2025214709-A1,2,0,2,0.16666666666666666,0.4227898344066503,6.0,6.0,0.16666666666666666,0.8,1.7609640474436812,0.0,0.0,,0.0,0.0,,1.0,1.0,,1.0,1.0,,1.0,1.0,,1.0,1.0,,0.0,0.0,1.0,1.0,1.0,1.0
google/embeddinggemma-300m,embeddinggemma,EP-4633426-A2_en_q_es,es,en,synthetic,EP-4633426-A2,3,0,3,1.0,1.0,1.0,1.0,1.0,0.9,1.8464393446710154,0.3333333333333333,0.3333333333333333,,1.0,1.0,,1.0,1.0,,1.0,1.0,,1.0,1.0,,1.0,1.0,,1.0,1.0,1.0,1.0,1.0,1.0
google/embeddinggemma-300m,embeddinggemma,EP-4630604-A1_de_q_es,es,de,synthetic,EP-4630604-A1,2,0,2,0.25,0.2640681225725909,4.0,4.0,0.25,0.8,1.9709505944546686,0.0,0.0,,0.5,0.5,,0.5,0.5,,1.0,1.0,,1.0,1.0,,1.0,1.0,,0.0,1.0,1.0,1.0,1.0,1.0
google/embeddinggemma-300m,embeddinggemma,EP-4634118-A1_en_q_es,es,en,synthetic,EP-4634118-A1,2,0,2,1.0,1.0,1.0,1.0,1.0,0.9,1.6854752972273344,0.5,0.5,,1.0,1.0,,1.0,1.0,,1.0,1.0,,1.0,1.0,,1.0,1.0,,1.0,1.0,1.0,1.0,1.0,1.0
google/embeddinggemma-300m,embeddinggemma,EP-4634404-A1_en_q_de,de,en,synthetic,EP-4634404-A1,2,0,2,0.5,0.6934264036172708,2.0,2.0,0.5,0.9,1.360964047443681,0.0,0.0,,1.0,1.0,,1.0,1.0,,1.0,1.0,,1.0,1.0,,1.0,1.0,,0.0,1.0,1.0,1.0,1.0,1.0
google/embeddinggemma-300m,embeddinggemma,EP-4633465-A1_en_q_de,de,en,synthetic,EP-4633465-A1,2,0,2,1.0,0.8772153153380493,1.0,1.0,1.0,0.9,2.0464393446710156,0.5,0.5,,1.0,1.0,,1.0,1.0,,1.0,1.0,,1.0,1.0,,1.0,1.0,,1.0,1.0,1.0,1.0,1.0,1.0
google/embeddinggemma-300m,embeddinggemma,EP-4633680-A1_en_q_es,es,en,synthetic,EP-4633680-A1,2,0,2,1.0,1.0,1.0,1.0,1.0,0.4,1.3709505944546687,0.5,0.5,,1.0,1.0,,1.0,1.0,,1.0,1.0,,1.0,1.0,,1.0,1.0,,1.0,1.0,1.0,1.0,1.0,1.0
google/embeddinggemma-300m,embeddinggemma,WO-2025201606-A1_de_q_es,es,de,synthetic,WO-2025201606-A1,2,0,2,0.3333333333333333,0.5706417189553201,3.0,3.0,0.3333333333333333,0.9,1.3567796494470397,0.0,0.0,,1.0,1.0,,1.0,1.0,,1.0,1.0,,1.0,1.0,,1.0,1.0,,0.0,1.0,1.0,1.0,1.0,1.0
google/embeddinggemma-300m,embeddinggemma,EP-4634435-A1_en_q_de,de,en,synthetic,EP-4634435-A1,2,0,2,1.0,1.0,1.0,1.0,1.0,0.8,1.8464393446710154,0.5,0.5,,1.0,1.0,,1.0,1.0,,1.0,1.0,,1.0,1.0,,1.0,1.0,,1.0,1.0,1.0,1.0,1.0,1.0
google/embeddinggemma-300m,embeddinggemma,EP-4634143-A1_en_q_de,de,en,synthetic,EP-4634143-A1,2,0,2,0.5,0.6509209298071326,2.0,2.0,0.5,0.7,1.9709505944546686,0.0,0.0,,1.0,1.0,,1.0,1.0,,1.0,1.0,,1.0,1.0,,1.0,1.0,,0.0,1.0,1.0,1.0,1.0,1.0
google/embeddinggemma-300m,embeddinggemma,EP-4634411-A1_en_q_de,de,en,synthetic,EP-4634411-A1,2,0,2,0.0,0.0,172.0,172.0,0.005813953488372093,0.5,1.4854752972273344,0.0,0.0,,0.0,0.0,,0.0,0.0,,0.0,0.0,,0.0,0.0,,0.0,0.0,,0.0,0.0,0.0,0.0,0.0,0.0
google/embeddinggemma-300m,embeddinggemma,EP-4634287-A1_en_q_es,es,en,synthetic,EP-4634287-A1,3,0,3,0.0,0.0,43.0,43.0,0.023255813953488372,0.9,1.360964047443681,0.0,0.0,,0.0,0.0,,0.0,0.0,,0.0,0.0,,0.3333333333333333,0.3333333333333333,,0.6666666666666666,0.6666666666666666,,0.0,0.0,0.0,0.0,1.0,1.0
google/embeddinggemma-300m,embeddinggemma,EP-4633627-A1_en_q_de,de,en,synthetic,EP-4633627-A1,2,0,2,1.0,1.0,1.0,1.0,1.0,1.0,0.9709505944546686,0.5,0.5,,1.0,1.0,,1.0,1.0,,1.0,1.0,,1.0,1.0,,1.0,1.0,,1.0,1.0,1.0,1.0,1.0,1.0
google/embeddinggemma-300m,embeddinggemma,EP-4633670-A1_fr_q_fr,fr,fr,original,EP-4633670-A1,2,1,1,1.0,1.0,1.0,2.0,0.5,0.2,0.7219280948873623,0.5,0.0,1.0,1.0,1.0,1.0,1.0,1.0,1.0,1.0,1.0,1.0,1.0,1.0,1.0,1.0,1.0,1.0,0.0,1.0,1.0,1.0,1.0,1.0
google/embeddinggemma-300m,embeddinggemma,WO-2025202163-A1_fr_q_fr,fr,fr,original,WO-2025202163-A1,2,1,1,1.0,0.8503449055347546,1.0,5.0,0.2,0.4,1.3709505944546687,0.5,0.0,1.0,1.0,1.0,1.0,1.0,1.0,1.0,1.0,1.0,1.0,1.0,1.0,1.0,1.0,1.0,1.0,0.0,1.0,1.0,1.0,1.0,1.0
google/embeddinggemma-300m,embeddinggemma,WO-2025214852-A1_fr_q_fr,fr,fr,original,WO-2025214852-A1,2,1,1,0.0,0.0,35.0,47.0,0.02127659574468085,0.5,1.4854752972273344,0.0,0.0,0.0,0.0,0.0,0.0,0.0,0.0,0.0,0.0,0.0,0.0,1.0,1.0,1.0,1.0,1.0,1.0,0.0,0.0,0.0,0.0,1.0,1.0
google/embeddinggemma-300m,embeddinggemma,WO-2025214996-A1_fr_q_fr,fr,fr,original,WO-2025214996-A1,2,1,1,0.3333333333333333,0.3065735963827292,3.0,32.0,0.03125,0.4,1.295461844238322,0.0,0.0,0.0,0.5,0.0,1.0,0.5,0.0,1.0,0.5,0.0,1.0,1.0,1.0,1.0,1.0,1.0,1.0,0.0,0.0,0.0,0.0,1.0,1.0
google/embeddinggemma-300m,embeddinggemma,EP-4630123-A1_de_q_de,de,de,original,EP-4630123-A1,2,1,1,1.0,0.8175295903539445,1.0,7.0,0.14285714285714285,0.8,1.8464393446710154,0.5,0.0,1.0,0.5,0.0,1.0,1.0,1.0,1.0,1.0,1.0,1.0,1.0,1.0,1.0,1.0,1.0,1.0,0.0,0.0,1.0,1.0,1.0,1.0
google/embeddinggemma-300m,embeddinggemma,EP-4634646-A1_en_q_en,en,en,original,EP-4634646-A1,2,1,1,1.0,1.0,1.0,2.0,0.5,0.6,1.360964047443681,0.5,0.0,1.0,1.0,1.0,1.0,1.0,1.0,1.0,1.0,1.0,1.0,1.0,1.0,1.0,1.0,1.0,1.0,0.0,1.0,1.0,1.0,1.0,1.0
google/embeddinggemma-300m,embeddinggemma,EP-4634294-A1_en_q_en,en,en,original,EP-4634294-A1,2,1,1,1.0,0.8065735963827293,1.0,8.0,0.125,0.4,1.295461844238322,0.5,0.0,1.0,0.5,0.0,1.0,1.0,1.0,1.0,1.0,1.0,1.0,1.0,1.0,1.0,1.0,1.0,1.0,0.0,0.0,1.0,1.0,1.0,1.0
google/embeddinggemma-300m,embeddinggemma,EP-4634436-A1_fr_q_fr,fr,fr,original,EP-4634436-A1,2,1,1,0.5,0.6240505200038379,2.0,5.0,0.2,0.4,1.295461844238322,0.0,0.0,0.0,1.0,1.0,1.0,1.0,1.0,1.0,1.0,1.0,1.0,1.0,1.0,1.0,1.0,1.0,1.0,0.0,1.0,1.0,1.0,1.0,1.0
google/embeddinggemma-300m,embeddinggemma,EP-4633761-A1_en_q_en,en,en,original,EP-4633761-A1,2,1,1,0.0,0.0,inf,inf,0.0,0.2,0.9219280948873623,0.0,0.0,0.0,0.0,0.0,0.0,0.0,0.0,0.0,0.0,0.0,0.0,0.0,0.0,0.0,0.0,0.0,0.0,0.0,0.0,0.0,0.0,0.0,0.0
google/embeddinggemma-300m,embeddinggemma,WO-2025215167-A1_de_q_de,de,de,original,WO-2025215167-A1,2,1,1,1.0,0.8503449055347546,1.0,5.0,0.2,0.8,1.8464393446710154,0.5,0.0,1.0,1.0,1.0,1.0,1.0,1.0,1.0,1.0,1.0,1.0,1.0,1.0,1.0,1.0,1.0,1.0,0.0,1.0,1.0,1.0,1.0,1.0
google/embeddinggemma-300m,embeddinggemma,EP-4626962-A1_de_q_en,en,de,synthetic,EP-4626962-A1,2,0,2,1.0,0.9197207891481876,1.0,1.0,1.0,0.4,1.3709505944546687,0.5,0.5,,1.0,1.0,,1.0,1.0,,1.0,1.0,,1.0,1.0,,1.0,1.0,,1.0,1.0,1.0,1.0,1.0,1.0
google/embeddinggemma-300m,embeddinggemma,EP-4626962-A1_de_q_de,de,de,original,EP-4626962-A1,2,1,1,0.5,0.6240505200038379,2.0,5.0,0.2,0.5,1.4854752972273344,0.0,0.0,0.0,1.0,1.0,1.0,1.0,1.0,1.0,1.0,1.0,1.0,1.0,1.0,1.0,1.0,1.0,1.0,0.0,1.0,1.0,1.0,1.0,1.0
google/embeddinggemma-300m,embeddinggemma,EP-4626962-A1_fr_q_fr,fr,fr,original,EP-4626962-A1,2,1,1,1.0,0.6131471927654584,1.0,23.0,0.043478260869565216,0.0,-0.0,0.5,0.0,1.0,0.5,0.0,1.0,0.5,0.0,1.0,0.5,0.0,1.0,1.0,1.0,1.0,1.0,1.0,1.0,0.0,0.0,0.0,0.0,1.0,1.0
google/embeddinggemma-300m,embeddinggemma,EP-4626962-A1_de_q_es,es,de,synthetic,EP-4626962-A1,2,0,2,0.3333333333333333,0.5706417189553201,3.0,3.0,0.3333333333333333,1.0,1.5709505944546684,0.0,0.0,,1.0,1.0,,1.0,1.0,,1.0,1.0,,1.0,1.0,,1.0,1.0,,0.0,1.0,1.0,1.0,1.0,1.0
google/embeddinggemma-300m,embeddinggemma,WO-2025201936-A1_de_q_en,en,de,synthetic,WO-2025201936-A1,2,0,2,0.0,0.0,inf,inf,0.0,0.3,0.8812908992306927,0.0,0.0,,0.0,0.0,,0.0,0.0,,0.0,0.0,,0.0,0.0,,0.0,0.0,,0.0,0.0,0.0,0.0,0.0,0.0
google/embeddinggemma-300m,embeddinggemma,WO-2025201936-A1_fr_q_fr,fr,fr,original,WO-2025201936-A1,2,1,1,1.0,0.6131471927654584,1.0,170.0,0.0058823529411764705,0.0,-0.0,0.5,0.0,1.0,0.5,0.0,1.0,0.5,0.0,1.0,0.5,0.0,1.0,0.5,0.0,1.0,0.5,0.0,1.0,0.0,0.0,0.0,0.0,0.0,0.0
google/embeddinggemma-300m,embeddinggemma,WO-2025201936-A1_de_q_es,es,de,synthetic,WO-2025201936-A1,2,0,2,0.0,0.0,11.0,11.0,0.09090909090909091,0.0,-0.0,0.0,0.0,,0.0,0.0,,0.0,0.0,,0.5,0.5,,1.0,1.0,,1.0,1.0,,0.0,0.0,0.0,1.0,1.0,1.0
google/embeddinggemma-300m,embeddinggemma,EP-4634597-A1_en_q_en,en,en,original,EP-4634597-A1,2,1,1,0.0,0.0,11.0,35.0,0.02857142857142857,0.3,1.1567796494470395,0.0,0.0,0.0,0.0,0.0,0.0,0.0,0.0,0.0,0.5,0.0,1.0,1.0,1.0,1.0,1.0,1.0,1.0,0.0,0.0,0.0,0.0,1.0,1.0
google/embeddinggemma-300m,embeddinggemma,EP-4634597-A1_en_q_de,de,en,synthetic,EP-4634597-A1,2,0,2,1.0,0.9197207891481876,1.0,1.0,1.0,0.6,1.8464393446710154,0.5,0.5,,1.0,1.0,,1.0,1.0,,1.0,1.0,,1.0,1.0,,1.0,1.0,,1.0,1.0,1.0,1.0,1.0,1.0
google/embeddinggemma-300m,embeddinggemma,EP-4634597-A1_fr_q_fr,fr,fr,original,EP-4634597-A1,2,1,1,1.0,0.9197207891481876,1.0,3.0,0.3333333333333333,0.7,1.4854752972273344,0.5,0.0,1.0,1.0,1.0,1.0,1.0,1.0,1.0,1.0,1.0,1.0,1.0,1.0,1.0,1.0,1.0,1.0,0.0,1.0,1.0,1.0,1.0,1.0
google/embeddinggemma-300m,embeddinggemma,EP-4634597-A1_en_q_es,es,en,synthetic,EP-4634597-A1,2,0,2,0.0,0.0,12.0,12.0,0.08333333333333333,0.7,1.5709505944546684,0.0,0.0,,0.0,0.0,,0.0,0.0,,1.0,1.0,,1.0,1.0,,1.0,1.0,,0.0,0.0,0.0,1.0,1.0,1.0
google/embeddinggemma-300m,embeddinggemma,EP-4634381-A1_en_q_zh,zh,en,synthetic,EP-4634381-A1,2,0,2,0.0,0.0,136.0,136.0,0.007352941176470588,0.9,1.5709505944546687,0.0,0.0,,0.0,0.0,,0.0,0.0,,0.0,0.0,,0.0,0.0,,0.0,0.0,,0.0,0.0,0.0,0.0,0.0,0.0
google/embeddinggemma-300m,embeddinggemma,EP-4633589-A1_en_q_zh,zh,en,synthetic,EP-4633589-A1,2,0,2,0.0,0.0,inf,inf,0.0,0.9,1.3567796494470397,0.0,0.0,,0.0,0.0,,0.0,0.0,,0.0,0.0,,0.0,0.0,,0.0,0.0,,0.0,0.0,0.0,0.0,0.0,0.0
google/embeddinggemma-300m,embeddinggemma,EP-4627024-A1_de_q_zh,zh,de,synthetic,EP-4627024-A1,2,0,2,0.0,0.0,483.0,483.0,0.002070393374741201,0.9,1.295461844238322,0.0,0.0,,0.0,0.0,,0.0,0.0,,0.0,0.0,,0.0,0.0,,0.0,0.0,,0.0,0.0,0.0,0.0,0.0,0.0
google/embeddinggemma-300m,embeddinggemma,EP-4634926-A1_en_q_zh,zh,en,synthetic,EP-4634926-A1,2,0,2,0.0,0.0,34.0,34.0,0.029411764705882353,1.0,0.8812908992306927,0.0,0.0,,0.0,0.0,,0.0,0.0,,0.0,0.0,,0.5,0.5,,1.0,1.0,,0.0,0.0,0.0,0.0,1.0,1.0
google/embeddinggemma-300m,embeddinggemma,EP-4633863-A2_en_q_zh,zh,en,synthetic,EP-4633863-A2,3,0,3,0.5,0.4441228664487979,2.0,2.0,0.5,0.9,1.295461844238322,0.0,0.0,,0.3333333333333333,0.3333333333333333,,0.6666666666666666,0.6666666666666666,,0.6666666666666666,0.6666666666666666,,1.0,1.0,,1.0,1.0,,0.0,1.0,1.0,1.0,1.0,1.0
google/embeddinggemma-300m,embeddinggemma,EP-4633797-A1_en_q_zh,zh,en,synthetic,EP-4633797-A1,2,0,2,1.0,1.0,1.0,1.0,1.0,0.8,1.7609640474436812,0.5,0.5,,1.0,1.0,,1.0,1.0,,1.0,1.0,,1.0,1.0,,1.0,1.0,,1.0,1.0,1.0,1.0,1.0,1.0
google/embeddinggemma-300m,embeddinggemma,EP-4633777-A1_en_q_zh,zh,en,synthetic,EP-4633777-A1,2,0,2,0.5,0.6509209298071326,2.0,2.0,0.5,1.0,1.8464393446710154,0.0,0.0,,1.0,1.0,,1.0,1.0,,1.0,1.0,,1.0,1.0,,1.0,1.0,,0.0,1.0,1.0,1.0,1.0,1.0
google/embeddinggemma-300m,embeddinggemma,EP-4633621-A1_en_q_zh,zh,en,synthetic,EP-4633621-A1,2,0,2,0.1,0.17723928678404774,10.0,10.0,0.1,1.0,1.360964047443681,0.0,0.0,,0.0,0.0,,0.5,0.5,,1.0,1.0,,1.0,1.0,,1.0,1.0,,0.0,0.0,1.0,1.0,1.0,1.0
google/embeddinggemma-300m,embeddinggemma,EP-4634723-A1_en_q_zh,zh,en,synthetic,EP-4634723-A1,2,0,2,0.0,0.0,156.0,156.0,0.00641025641025641,1.0,1.9709505944546686,0.0,0.0,,0.0,0.0,,0.0,0.0,,0.0,0.0,,0.0,0.0,,0.0,0.0,,0.0,0.0,0.0,0.0,0.0,0.0
google/embeddinggemma-300m,embeddinggemma,EP-4633581-A1_en_q_zh,zh,en,synthetic,EP-4633581-A1,2,0,2,0.0,0.0,51.0,51.0,0.0196078431372549,0.3,1.1567796494470395,0.0,0.0,,0.0,0.0,,0.0,0.0,,0.0,0.0,,0.0,0.0,,0.5,0.5,,0.0,0.0,0.0,0.0,0.0,1.0
google/embeddinggemma-300m,embeddinggemma,EP-4634416-A1_en_q_zh,zh,en,synthetic,EP-4634416-A1,2,0,2,0.0,0.0,12.0,12.0,0.08333333333333333,1.0,1.9709505944546686,0.0,0.0,,0.0,0.0,,0.0,0.0,,0.5,0.5,,0.5,0.5,,0.5,0.5,,0.0,0.0,0.0,1.0,1.0,1.0
google/embeddinggemma-300m,embeddinggemma,EP-4634305-A1_en_q_zh,zh,en,synthetic,EP-4634305-A1,2,0,2,1.0,1.0,1.0,1.0,1.0,1.0,1.6854752972273344,0.5,0.5,,1.0,1.0,,1.0,1.0,,1.0,1.0,,1.0,1.0,,1.0,1.0,,1.0,1.0,1.0,1.0,1.0,1.0
google/embeddinggemma-300m,embeddinggemma,EP-4633531-A1_en_q_zh,zh,en,synthetic,EP-4633531-A1,2,0,2,1.0,0.9197207891481876,1.0,1.0,1.0,1.0,1.360964047443681,0.5,0.5,,1.0,1.0,,1.0,1.0,,1.0,1.0,,1.0,1.0,,1.0,1.0,,1.0,1.0,1.0,1.0,1.0,1.0
google/embeddinggemma-300m,embeddinggemma,EP-4634333-A1_en_q_zh,zh,en,synthetic,EP-4634333-A1,2,0,2,1.0,0.8175295903539445,1.0,1.0,1.0,1.0,0.9219280948873623,0.5,0.5,,0.5,0.5,,1.0,1.0,,1.0,1.0,,1.0,1.0,,1.0,1.0,,1.0,1.0,1.0,1.0,1.0,1.0
google/embeddinggemma-300m,embeddinggemma,EP-4634212-A1_en_q_zh,zh,en,synthetic,EP-4634212-A1,2,0,2,1.0,0.9197207891481876,1.0,1.0,1.0,1.0,1.4854752972273344,0.5,0.5,,1.0,1.0,,1.0,1.0,,1.0,1.0,,1.0,1.0,,1.0,1.0,,1.0,1.0,1.0,1.0,1.0,1.0
google/embeddinggemma-300m,embeddinggemma,EP-4629959-A1_de_q_zh,zh,de,synthetic,EP-4629959-A1,2,0,2,0.3333333333333333,0.5249810332008933,3.0,3.0,0.3333333333333333,0.7,2.2464393446710154,0.0,0.0,,0.5,0.5,,1.0,1.0,,1.0,1.0,,1.0,1.0,,1.0,1.0,,0.0,1.0,1.0,1.0,1.0,1.0
google/embeddinggemma-300m,embeddinggemma,EP-4627881-A1_de_q_zh,zh,de,synthetic,EP-4627881-A1,2,0,2,0.5,0.6934264036172708,2.0,2.0,0.5,0.8,1.7609640474436812,0.0,0.0,,1.0,1.0,,1.0,1.0,,1.0,1.0,,1.0,1.0,,1.0,1.0,,0.0,1.0,1.0,1.0,1.0,1.0
google/embeddinggemma-300m,embeddinggemma,EP-4633576-A1_en_q_zh,zh,en,synthetic,EP-4633576-A1,2,0,2,0.0,0.0,12.0,12.0,0.08333333333333333,0.8,1.1567796494470395,0.0,0.0,,0.0,0.0,,0.0,0.0,,0.5,0.5,,0.5,0.5,,0.5,0.5,,0.0,0.0,0.0,1.0,1.0,1.0
google/embeddinggemma-300m,embeddinggemma,EP-4633742-A2_en_q_zh,zh,en,synthetic,EP-4633742-A2,2,0,2,0.5,0.6240505200038379,2.0,2.0,0.5,1.0,1.4854752972273344,0.0,0.0,,1.0,1.0,,1.0,1.0,,1.0,1.0,,1.0,1.0,,1.0,1.0,,0.0,1.0,1.0,1.0,1.0,1.0
google/embeddinggemma-300m,embeddinggemma,EP-4633791-A1_en_q_zh,zh,en,synthetic,EP-4633791-A1,2,0,2,0.5,0.6934264036172708,2.0,2.0,0.5,1.0,1.4854752972273344,0.0,0.0,,1.0,1.0,,1.0,1.0,,1.0,1.0,,1.0,1.0,,1.0,1.0,,0.0,1.0,1.0,1.0,1.0,1.0
google/embeddinggemma-300m,embeddinggemma,EP-4630574-A1_fr_q_fr,fr,fr,original,EP-4630574-A1,3,1,2,0.0,0.0,inf,inf,0.0,0.3,1.3567796494470397,0.0,0.0,0.0,0.0,0.0,0.0,0.0,0.0,0.0,0.0,0.0,0.0,0.0,0.0,0.0,0.0,0.0,0.0,0.0,0.0,0.0,0.0,0.0,0.0
google/embeddinggemma-300m,embeddinggemma,EP-4634111-A1_fr_q_fr,fr,fr,original,EP-4634111-A1,3,1,2,0.0,0.0,46.0,225.0,0.0044444444444444444,0.0,-0.0,0.0,0.0,0.0,0.0,0.0,0.0,0.0,0.0,0.0,0.0,0.0,0.0,0.3333333333333333,0.0,1.0,0.3333333333333333,0.0,1.0,0.0,0.0,0.0,0.0,0.0,0.0
google/embeddinggemma-300m,embeddinggemma,EP-4633622-A2_en_q_es,es,en,synthetic,EP-4633622-A2,3,0,3,1.0,1.0,1.0,1.0,1.0,0.6,1.8464393446710154,0.3333333333333333,0.3333333333333333,,1.0,1.0,,1.0,1.0,,1.0,1.0,,1.0,1.0,,1.0,1.0,,1.0,1.0,1.0,1.0,1.0,1.0
google/embeddinggemma-300m,embeddinggemma,EP-4634187-A1_en_q_es_120,es,en,synthetic,EP-4634187-A1,3,0,3,0.3333333333333333,0.41618115554873086,3.0,3.0,0.3333333333333333,1.0,1.5709505944546687,0.0,0.0,,0.6666666666666666,0.6666666666666666,,0.6666666666666666,0.6666666666666666,,1.0,1.0,,1.0,1.0,,1.0,1.0,,0.0,1.0,1.0,1.0,1.0,1.0
google/embeddinggemma-300m,embeddinggemma,EP-4634139-A1_fr_q_fr,fr,fr,original,EP-4634139-A1,3,1,2,1.0,1.0,1.0,2.0,0.5,0.4,1.295461844238322,0.3333333333333333,0.0,1.0,1.0,1.0,1.0,1.0,1.0,1.0,1.0,1.0,1.0,1.0,1.0,1.0,1.0,1.0,1.0,0.0,1.0,1.0,1.0,1.0,1.0
google/embeddinggemma-300m,embeddinggemma,EP-4634136-A1_en_q_en,en,en,original,EP-4634136-A1,3,1,2,0.0,0.0,245.0,296.0,0.0033783783783783786,0.4,0.9709505944546686,0.0,0.0,0.0,0.0,0.0,0.0,0.0,0.0,0.0,0.0,0.0,0.0,0.0,0.0,0.0,0.0,0.0,0.0,0.0,0.0,0.0,0.0,0.0,0.0
google/embeddinggemma-300m,embeddinggemma,EP-4634136-A1_en_q_de,de,en,synthetic,EP-4634136-A1,3,0,3,0.0,0.0,58.0,58.0,0.017241379310344827,0.8,1.7609640474436812,0.0,0.0,,0.0,0.0,,0.0,0.0,,0.0,0.0,,0.0,0.0,,0.6666666666666666,0.6666666666666666,,0.0,0.0,0.0,0.0,0.0,1.0
google/embeddinggemma-300m,embeddinggemma,EP-4634136-A1_fr_q_fr,fr,fr,original,EP-4634136-A1,3,1,2,0.1111111111111111,0.14126697285982898,9.0,273.0,0.003663003663003663,0.1,0.4689955935892812,0.0,0.0,0.0,0.0,0.0,0.0,0.3333333333333333,0.0,1.0,0.3333333333333333,0.0,1.0,0.3333333333333333,0.0,1.0,0.3333333333333333,0.0,1.0,0.0,0.0,0.0,0.0,0.0,0.0
google/embeddinggemma-300m,embeddinggemma,EP-4634136-A1_en_q_es_125,es,en,synthetic,EP-4634136-A1,3,0,3,0.0,0.0,259.0,259.0,0.003861003861003861,0.4,1.3709505944546687,0.0,0.0,,0.0,0.0,,0.0,0.0,,0.0,0.0,,0.0,0.0,,0.0,0.0,,0.0,0.0,0.0,0.0,0.0,0.0
google/embeddinggemma-300m,embeddinggemma,EP-4634136-A1_zh_q_zh,zh,zh,original,EP-4634136-A1,3,1,2,1.0,0.46927872602275644,1.0,59.0,0.01694915254237288,0.7,1.5709505944546684,0.3333333333333333,0.0,1.0,0.3333333333333333,0.0,1.0,0.3333333333333333,0.0,1.0,0.3333333333333333,0.0,1.0,0.3333333333333333,0.0,1.0,0.6666666666666666,0.5,1.0,0.0,0.0,0.0,0.0,0.0,1.0
google/embeddinggemma-300m,embeddinggemma,EP-4634248-A1_en_q_en,en,en,original,EP-4634248-A1,3,1,2,1.0,0.8179809735263114,1.0,5.0,0.2,0.3,1.1567796494470395,0.3333333333333333,0.0,1.0,0.6666666666666666,0.5,1.0,1.0,1.0,1.0,1.0,1.0,1.0,1.0,1.0,1.0,1.0,1.0,1.0,0.0,1.0,1.0,1.0,1.0,1.0
google/embeddinggemma-300m,embeddinggemma,EP-4634142-A1_en_q_es,es,en,synthetic,EP-4634142-A1,3,0,3,1.0,0.9134015924715543,1.0,1.0,1.0,1.0,1.360964047443681,0.3333333333333333,0.3333333333333333,,0.6666666666666666,0.6666666666666666,,1.0,1.0,,1.0,1.0,,1.0,1.0,,1.0,1.0,,1.0,1.0,1.0,1.0,1.0,1.0
google/embeddinggemma-300m,embeddinggemma,WO-2025214812-A1_de_q_es,es,de,synthetic,WO-2025214812-A1,3,0,3,0.5,0.4776237035032179,2.0,2.0,0.5,1.0,1.4854752972273344,0.0,0.0,,0.6666666666666666,0.6666666666666666,,0.6666666666666666,0.6666666666666666,,1.0,1.0,,1.0,1.0,,1.0,1.0,,0.0,1.0,1.0,1.0,1.0,1.0
google/embeddinggemma-300m,embeddinggemma,EP-4633662-A1_en_q_de,de,en,synthetic,EP-4633662-A1,3,0,3,1.0,0.7653606369886217,1.0,1.0,1.0,1.0,1.5709505944546687,0.3333333333333333,0.3333333333333333,,0.6666666666666666,0.6666666666666666,,0.6666666666666666,0.6666666666666666,,0.6666666666666666,0.6666666666666666,,1.0,1.0,,1.0,1.0,,1.0,1.0,1.0,1.0,1.0,1.0
google/embeddinggemma-300m,embeddinggemma,WO-2025153617-A3_de_q_de,de,de,original,WO-2025153617-A3,3,1,2,1.0,0.8529278650606567,1.0,4.0,0.25,0.7,2.1709505944546685,0.3333333333333333,0.0,1.0,1.0,1.0,1.0,1.0,1.0,1.0,1.0,1.0,1.0,1.0,1.0,1.0,1.0,1.0,1.0,0.0,1.0,1.0,1.0,1.0,1.0
google/embeddinggemma-300m,embeddinggemma,EP-4634596-A1_en_q_en,en,en,original,EP-4634596-A1,3,1,2,1.0,1.0,1.0,2.0,0.5,0.6,2.1219280948873624,0.3333333333333333,0.0,1.0,1.0,1.0,1.0,1.0,1.0,1.0,1.0,1.0,1.0,1.0,1.0,1.0,1.0,1.0,1.0,0.0,1.0,1.0,1.0,1.0,1.0
google/embeddinggemma-300m,embeddinggemma,EP-4634596-A1_en_q_de,de,en,synthetic,EP-4634596-A1,3,0,3,1.0,0.9060254355346823,1.0,1.0,1.0,0.8,1.5709505944546687,0.3333333333333333,0.3333333333333333,,1.0,1.0,,1.0,1.0,,1.0,1.0,,1.0,1.0,,1.0,1.0,,1.0,1.0,1.0,1.0,1.0,1.0
google/embeddinggemma-300m,embeddinggemma,EP-4634596-A1_fr_q_fr,fr,fr,original,EP-4634596-A1,3,1,2,1.0,1.0,1.0,2.0,0.5,0.3,1.3567796494470397,0.3333333333333333,0.0,1.0,1.0,1.0,1.0,1.0,1.0,1.0,1.0,1.0,1.0,1.0,1.0,1.0,1.0,1.0,1.0,0.0,1.0,1.0,1.0,1.0,1.0
google/embeddinggemma-300m,embeddinggemma,EP-4634596-A1_en_q_es_135,es,en,synthetic,EP-4634596-A1,3,0,3,1.0,0.8385465274895063,1.0,1.0,1.0,0.9,1.721928094887362,0.3333333333333333,0.3333333333333333,,0.6666666666666666,0.6666666666666666,,1.0,1.0,,1.0,1.0,,1.0,1.0,,1.0,1.0,,1.0,1.0,1.0,1.0,1.0,1.0
google/embeddinggemma-300m,embeddinggemma,EP-4634596-A1_zh_q_zh,zh,zh,original,EP-4634596-A1,3,1,2,1.0,0.9469024295259745,1.0,2.0,0.5,0.8,2.1709505944546685,0.3333333333333333,0.0,1.0,1.0,1.0,1.0,1.0,1.0,1.0,1.0,1.0,1.0,1.0,1.0,1.0,1.0,1.0,1.0,0.0,1.0,1.0,1.0,1.0,1.0
BAAI/bge-m3,bge-m3,EP-4633662-A1_en_q_en,en,en,original,EP-4633662-A1,3,1,2,0.3333333333333333,0.23463936301137822,3.0,11.0,0.09090909090909091,0.2,0.7219280948873623,0.0,0.0,0.0,0.3333333333333333,0.0,1.0,0.3333333333333333,0.0,1.0,0.6666666666666666,0.5,1.0,0.6666666666666666,0.5,1.0,0.6666666666666666,0.5,1.0,0.0,0.0,0.0,1.0,1.0,1.0
BAAI/bge-m3,bge-m3,EP-4630509-A1_fr_q_fr,fr,fr,original,EP-4630509-A1,3,1,2,1.0,0.46927872602275644,1.0,21.0,0.047619047619047616,0.1,0.4689955935892812,0.3333333333333333,0.0,1.0,0.3333333333333333,0.0,1.0,0.3333333333333333,0.0,1.0,0.3333333333333333,0.0,1.0,0.6666666666666666,0.5,1.0,0.6666666666666666,0.5,1.0,0.0,0.0,0.0,0.0,1.0,1.0
BAAI/bge-m3,bge-m3,EP-4634248-A1_en_q_es,es,en,synthetic,EP-4634248-A1,3,0,3,0.0,0.0,722.0,722.0,0.0013850415512465374,0.9,1.6854752972273344,0.0,0.0,,0.0,0.0,,0.0,0.0,,0.0,0.0,,0.0,0.0,,0.0,0.0,,0.0,0.0,0.0,0.0,0.0,0.0
BAAI/bge-m3,bge-m3,EP-4634187-A1_en_q_es,es,en,synthetic,EP-4634187-A1,3,0,3,0.16666666666666666,0.30281242839865,6.0,6.0,0.16666666666666666,0.3,1.1567796494470395,0.0,0.0,,0.0,0.0,,0.6666666666666666,0.6666666666666666,,0.6666666666666666,0.6666666666666666,,0.6666666666666666,0.6666666666666666,,0.6666666666666666,0.6666666666666666,,0.0,0.0,1.0,1.0,1.0,1.0
BAAI/bge-m3,bge-m3,EP-4634142-A1_fr_q_fr,fr,fr,original,EP-4634142-A1,3,1,2,0.0,0.0,856.0,inf,0.0,0.3,0.8812908992306927,0.0,0.0,0.0,0.0,0.0,0.0,0.0,0.0,0.0,0.0,0.0,0.0,0.0,0.0,0.0,0.0,0.0,0.0,0.0,0.0,0.0,0.0,0.0,0.0
BAAI/bge-m3,bge-m3,EP-4633768-A2_en_q_es,es,en,synthetic,EP-4633768-A2,3,0,3,0.0,0.0,75.0,75.0,0.013333333333333334,1.0,1.1567796494470395,0.0,0.0,,0.0,0.0,,0.0,0.0,,0.0,0.0,,0.0,0.0,,0.3333333333333333,0.3333333333333333,,0.0,0.0,0.0,0.0,0.0,1.0
BAAI/bge-m3,bge-m3,EP-4633645-A1_fr_q_fr,fr,fr,original,EP-4633645-A1,3,1,2,0.0,0.0,14.0,14.0,0.07142857142857142,0.8,1.3709505944546687,0.0,0.0,0.0,0.0,0.0,0.0,0.0,0.0,0.0,0.3333333333333333,0.5,0.0,0.6666666666666666,1.0,0.0,1.0,1.0,1.0,0.0,0.0,0.0,1.0,1.0,1.0
BAAI/bge-m3,bge-m3,EP-4633622-A2_en_q_de,de,en,synthetic,EP-4633622-A2,3,0,3,1.0,1.0,1.0,1.0,1.0,1.0,1.6854752972273344,0.3333333333333333,0.3333333333333333,,1.0,1.0,,1.0,1.0,,1.0,1.0,,1.0,1.0,,1.0,1.0,,1.0,1.0,1.0,1.0,1.0,1.0
BAAI/bge-m3,bge-m3,EP-4634601-A1_en_q_en,en,en,original,EP-4634601-A1,3,1,2,0.1111111111111111,0.14126697285982898,9.0,33.0,0.030303030303030304,0.0,-0.0,0.0,0.0,0.0,0.0,0.0,0.0,0.3333333333333333,0.0,1.0,0.3333333333333333,0.0,1.0,0.6666666666666666,0.5,1.0,0.6666666666666666,0.5,1.0,0.0,0.0,0.0,0.0,1.0,1.0
BAAI/bge-m3,bge-m3,EP-4630626-A1_de_q_de,de,de,original,EP-4630626-A1,3,1,2,0.5,0.5307212739772434,2.0,3.0,0.3333333333333333,0.9,1.5709505944546687,0.0,0.0,0.0,0.6666666666666666,0.5,1.0,0.6666666666666666,0.5,1.0,0.6666666666666666,0.5,1.0,1.0,1.0,1.0,1.0,1.0,1.0,0.0,1.0,1.0,1.0,1.0,1.0
BAAI/bge-m3,bge-m3,EP-4630600-A1_de_q_en,en,de,synthetic,EP-4630600-A1,3,0,3,0.0,0.0,346.0,346.0,0.002890173410404624,0.4,0.9709505944546686,0.0,0.0,,0.0,0.0,,0.0,0.0,,0.0,0.0,,0.0,0.0,,0.0,0.0,,0.0,0.0,0.0,0.0,0.0,0.0
BAAI/bge-m3,bge-m3,EP-4633632-A1_en_q_es,es,en,synthetic,EP-4633632-A1,3,0,3,0.0,0.0,25.0,25.0,0.04,0.6,1.360964047443681,0.0,0.0,,0.0,0.0,,0.0,0.0,,0.0,0.0,,0.6666666666666666,0.6666666666666666,,1.0,1.0,,0.0,0.0,0.0,0.0,1.0,1.0
BAAI/bge-m3,bge-m3,EP-4634136-A1_en_q_es,es,en,synthetic,EP-4634136-A1,3,0,3,0.0,0.0,376.0,376.0,0.0026595744680851063,0.9,1.1567796494470395,0.0,0.0,,0.0,0.0,,0.0,0.0,,0.0,0.0,,0.0,0.0,,0.0,0.0,,0.0,0.0,0.0,0.0,0.0,0.0
BAAI/bge-m3,bge-m3,EP-4634157-A1_en_q_de,de,en,synthetic,EP-4634157-A1,3,0,3,0.0,0.0,59.0,59.0,0.01694915254237288,0.9,0.9219280948873623,0.0,0.0,,0.0,0.0,,0.0,0.0,,0.0,0.0,,0.0,0.0,,0.3333333333333333,0.3333333333333333,,0.0,0.0,0.0,0.0,0.0,1.0
BAAI/bge-m3,bge-m3,EP-4630574-A1_de_q_en,en,de,synthetic,EP-4630574-A1,3,0,3,0.0,0.0,inf,inf,0.0,0.3,0.8812908992306927,0.0,0.0,,0.0,0.0,,0.0,0.0,,0.0,0.0,,0.0,0.0,,0.0,0.0,,0.0,0.0,0.0,0.0,0.0,0.0
BAAI/bge-m3,bge-m3,EP-4634111-A1_en_q_de,de,en,synthetic,EP-4634111-A1,3,0,3,0.0,0.0,302.0,302.0,0.0033112582781456954,0.1,0.4689955935892812,0.0,0.0,,0.0,0.0,,0.0,0.0,,0.0,0.0,,0.0,0.0,,0.0,0.0,,0.0,0.0,0.0,0.0,0.0,0.0
BAAI/bge-m3,bge-m3,EP-4634596-A1_en_q_es,es,en,synthetic,EP-4634596-A1,3,0,3,0.0,0.0,692.0,692.0,0.001445086705202312,1.0,1.3709505944546687,0.0,0.0,,0.0,0.0,,0.0,0.0,,0.0,0.0,,0.0,0.0,,0.0,0.0,,0.0,0.0,0.0,0.0,0.0,0.0
BAAI/bge-m3,bge-m3,EP-4634139-A1_en_q_es,es,en,synthetic,EP-4634139-A1,3,0,3,1.0,0.86034433104172,1.0,1.0,1.0,0.8,1.8464393446710154,0.3333333333333333,0.3333333333333333,,0.6666666666666666,0.6666666666666666,,1.0,1.0,,1.0,1.0,,1.0,1.0,,1.0,1.0,,1.0,1.0,1.0,1.0,1.0,1.0
BAAI/bge-m3,bge-m3,WO-2025153617-A3_de_q_en,en,de,synthetic,WO-2025153617-A3,3,0,3,0.0,0.0,172.0,172.0,0.005813953488372093,0.1,0.4689955935892812,0.0,0.0,,0.0,0.0,,0.0,0.0,,0.0,0.0,,0.0,0.0,,0.0,0.0,,0.0,0.0,0.0,0.0,0.0,0.0
BAAI/bge-m3,bge-m3,EP-4634251-A1_en_q_es,es,en,synthetic,EP-4634251-A1,3,0,3,0.0,0.0,829.0,829.0,0.0012062726176115801,1.0,0.9709505944546686,0.0,0.0,,0.0,0.0,,0.0,0.0,,0.0,0.0,,0.0,0.0,,0.0,0.0,,0.0,0.0,0.0,0.0,0.0,0.0
BAAI/bge-m3,bge-m3,EP-4634426-A1_en_q_es,es,en,synthetic,EP-4634426-A1,3,0,3,0.1111111111111111,0.14126697285982898,9.0,9.0,0.1111111111111111,1.0,0.8812908992306927,0.0,0.0,,0.0,0.0,,0.3333333333333333,0.3333333333333333,,0.3333333333333333,0.3333333333333333,,0.3333333333333333,0.3333333333333333,,0.6666666666666666,0.6666666666666666,,0.0,0.0,1.0,1.0,1.0,1.0
BAAI/bge-m3,bge-m3,EP-4634729-A1_en_q_de,de,en,synthetic,EP-4634729-A1,2,0,2,1.0,0.9197207891481876,1.0,1.0,1.0,0.8,1.5219280948873621,0.5,0.5,,1.0,1.0,,1.0,1.0,,1.0,1.0,,1.0,1.0,,1.0,1.0,,1.0,1.0,1.0,1.0,1.0,1.0
BAAI/bge-m3,bge-m3,EP-4626569-A1_de_q_en,en,de,synthetic,EP-4626569-A1,2,0,2,0.2,0.23719771276929622,5.0,5.0,0.2,0.1,0.4689955935892812,0.0,0.0,,0.5,0.5,,0.5,0.5,,0.5,0.5,,0.5,0.5,,0.5,0.5,,0.0,1.0,1.0,1.0,1.0,1.0
BAAI/bge-m3,bge-m3,EP-4634394-A2_en_q_es,es,en,synthetic,EP-4634394-A2,2,0,2,1.0,1.0,1.0,1.0,1.0,0.8,1.5219280948873621,0.5,0.5,,1.0,1.0,,1.0,1.0,,1.0,1.0,,1.0,1.0,,1.0,1.0,,1.0,1.0,1.0,1.0,1.0,1.0
BAAI/bge-m3,bge-m3,EP-4634424-A1_en_q_es,es,en,synthetic,EP-4634424-A1,2,0,2,0.3333333333333333,0.3065735963827292,3.0,3.0,0.3333333333333333,0.9,1.8954618442383218,0.0,0.0,,0.5,0.5,,0.5,0.5,,0.5,0.5,,1.0,1.0,,1.0,1.0,,0.0,1.0,1.0,1.0,1.0,1.0
BAAI/bge-m3,bge-m3,EP-4633602-A1_en_q_de,de,en,synthetic,EP-4633602-A1,2,0,2,0.0,0.0,327.0,327.0,0.0030581039755351682,1.0,0.8812908992306927,0.0,0.0,,0.0,0.0,,0.0,0.0,,0.0,0.0,,0.0,0.0,,0.0,0.0,,0.0,0.0,0.0,0.0,0.0,0.0
BAAI/bge-m3,bge-m3,EP-4634337-A1_en_q_en,en,en,original,EP-4634337-A1,2,1,1,0.1111111111111111,0.18457569677956817,9.0,45.0,0.022222222222222223,0.1,0.4689955935892812,0.0,0.0,0.0,0.0,0.0,0.0,0.5,0.0,1.0,0.5,0.0,1.0,1.0,1.0,1.0,1.0,1.0,1.0,0.0,0.0,0.0,0.0,1.0,1.0
BAAI/bge-m3,bge-m3,EP-4634128-A1_en_q_en,en,en,original,EP-4634128-A1,2,1,1,0.0,0.0,39.0,inf,0.0,0.3,1.3567796494470397,0.0,0.0,0.0,0.0,0.0,0.0,0.0,0.0,0.0,0.0,0.0,0.0,0.5,0.0,1.0,0.5,0.0,1.0,0.0,0.0,0.0,0.0,0.0,0.0
BAAI/bge-m3,bge-m3,EP-4633896-A1_en_q_en,en,en,original,EP-4633896-A1,2,1,1,0.0,0.0,38.0,inf,0.0,0.1,0.4689955935892812,0.0,0.0,0.0,0.0,0.0,0.0,0.0,0.0,0.0,0.0,0.0,0.0,0.5,0.0,1.0,0.5,0.0,1.0,0.0,0.0,0.0,0.0,0.0,0.0
BAAI/bge-m3,bge-m3,WO-2025215091-A1_fr_q_fr,fr,fr,original,WO-2025215091-A1,2,1,1,0.0,0.0,37.0,37.0,0.02702702702702703,0.4,1.295461844238322,0.0,0.0,0.0,0.0,0.0,0.0,0.0,0.0,0.0,0.0,0.0,0.0,0.5,1.0,0.0,0.5,1.0,0.0,0.0,0.0,0.0,0.0,1.0,1.0
BAAI/bge-m3,bge-m3,EP-4633599-A1_fr_q_fr,fr,fr,original,EP-4633599-A1,2,1,1,0.25,0.5012658353418871,4.0,5.0,0.2,0.6,0.9709505944546686,0.0,0.0,0.0,1.0,1.0,1.0,1.0,1.0,1.0,1.0,1.0,1.0,1.0,1.0,1.0,1.0,1.0,1.0,0.0,1.0,1.0,1.0,1.0,1.0
BAAI/bge-m3,bge-m3,EP-4633656-A1_fr_q_fr,fr,fr,original,EP-4633656-A1,2,1,1,0.0,0.0,38.0,38.0,0.02631578947368421,0.8,1.1567796494470395,0.0,0.0,0.0,0.0,0.0,0.0,0.0,0.0,0.0,0.0,0.0,0.0,0.5,1.0,0.0,0.5,1.0,0.0,0.0,0.0,0.0,0.0,1.0,1.0
BAAI/bge-m3,bge-m3,WO-2025208167-A1_de_q_de,de,de,original,WO-2025208167-A1,2,1,1,0.0,0.0,inf,inf,0.0,0.9,1.1567796494470395,0.0,0.0,0.0,0.0,0.0,0.0,0.0,0.0,0.0,0.0,0.0,0.0,0.0,0.0,0.0,0.0,0.0,0.0,0.0,0.0,0.0,0.0,0.0,0.0
BAAI/bge-m3,bge-m3,EP-4634396-A1_fr_q_fr,fr,fr,original,EP-4634396-A1,2,1,1,1.0,1.0,1.0,1.0,1.0,0.7,0.8812908992306927,0.5,1.0,0.0,1.0,1.0,1.0,1.0,1.0,1.0,1.0,1.0,1.0,1.0,1.0,1.0,1.0,1.0,1.0,1.0,1.0,1.0,1.0,1.0,1.0
BAAI/bge-m3,bge-m3,EP-4633893-A1_fr_q_fr,fr,fr,original,EP-4633893-A1,2,1,1,0.0,0.0,24.0,184.0,0.005434782608695652,0.2,0.7219280948873623,0.0,0.0,0.0,0.0,0.0,0.0,0.0,0.0,0.0,0.0,0.0,0.0,0.5,0.0,1.0,0.5,0.0,1.0,0.0,0.0,0.0,0.0,0.0,0.0
BAAI/bge-m3,bge-m3,EP-4633462-A1_en_q_en,en,en,original,EP-4633462-A1,2,1,1,1.0,0.9197207891481876,1.0,3.0,0.3333333333333333,0.5,1.360964047443681,0.5,0.0,1.0,1.0,1.0,1.0,1.0,1.0,1.0,1.0,1.0,1.0,1.0,1.0,1.0,1.0,1.0,1.0,0.0,1.0,1.0,1.0,1.0,1.0
BAAI/bge-m3,bge-m3,EP-4633386-A1_en_q_en,en,en,original,EP-4633386-A1,2,1,1,0.16666666666666666,0.21840743681816419,6.0,122.0,0.00819672131147541,0.2,0.9219280948873623,0.0,0.0,0.0,0.0,0.0,0.0,0.5,0.0,1.0,0.5,0.0,1.0,0.5,0.0,1.0,0.5,0.0,1.0,0.0,0.0,0.0,0.0,0.0,0.0
BAAI/bge-m3,bge-m3,EP-4633970-A1_fr_q_fr,fr,fr,original,EP-4633970-A1,2,1,1,0.14285714285714285,0.20438239758848611,7.0,19.0,0.05263157894736842,0.2,0.7219280948873623,0.0,0.0,0.0,0.0,0.0,0.0,0.5,0.0,1.0,1.0,1.0,1.0,1.0,1.0,1.0,1.0,1.0,1.0,0.0,0.0,0.0,1.0,1.0,1.0
BAAI/bge-m3,bge-m3,EP-4633415-A1_en_q_en,en,en,original,EP-4633415-A1,2,1,1,0.1111111111111111,0.18457569677956817,9.0,830.0,0.0012048192771084338,0.1,0.4689955935892812,0.0,0.0,0.0,0.0,0.0,0.0,0.5,0.0,1.0,0.5,0.0,1.0,0.5,0.0,1.0,0.5,0.0,1.0,0.0,0.0,0.0,0.0,0.0,0.0
BAAI/bge-m3,bge-m3,EP-4633415-A1_en_q_de,de,en,synthetic,EP-4633415-A1,2,0,2,0.1111111111111111,0.18457569677956817,9.0,9.0,0.1111111111111111,0.7,1.295461844238322,0.0,0.0,,0.0,0.0,,0.5,0.5,,0.5,0.5,,1.0,1.0,,1.0,1.0,,0.0,0.0,1.0,1.0,1.0,1.0
BAAI/bge-m3,bge-m3,EP-4633415-A1_fr_q_fr,fr,fr,original,EP-4633415-A1,2,1,1,0.0,0.0,222.0,222.0,0.0045045045045045045,0.7,1.295461844238322,0.0,0.0,0.0,0.0,0.0,0.0,0.0,0.0,0.0,0.0,0.0,0.0,0.0,0.0,0.0,0.0,0.0,0.0,0.0,0.0,0.0,0.0,0.0,0.0
BAAI/bge-m3,bge-m3,EP-4633415-A1_en_q_es,es,en,synthetic,EP-4633415-A1,2,0,2,1.0,0.8175295903539445,1.0,1.0,1.0,0.7,1.5709505944546684,0.5,0.5,,0.5,0.5,,1.0,1.0,,1.0,1.0,,1.0,1.0,,1.0,1.0,,1.0,1.0,1.0,1.0,1.0,1.0
BAAI/bge-m3,bge-m3,EP-4633950-A1_en_q_en,en,en,original,EP-4633950-A1,2,1,1,0.0,0.0,17.0,623.0,0.0016051364365971107,0.0,-0.0,0.0,0.0,0.0,0.0,0.0,0.0,0.0,0.0,0.0,0.5,0.0,1.0,0.5,0.0,1.0,0.5,0.0,1.0,0.0,0.0,0.0,0.0,0.0,0.0
BAAI/bge-m3,bge-m3,EP-4633950-A1_en_q_de,de,en,synthetic,EP-4633950-A1,2,0,2,0.0,0.0,inf,inf,0.0,1.0,1.1567796494470395,0.0,0.0,,0.0,0.0,,0.0,0.0,,0.0,0.0,,0.0,0.0,,0.0,0.0,,0.0,0.0,0.0,0.0,0.0,0.0
BAAI/bge-m3,bge-m3,EP-4633950-A1_fr_q_fr,fr,fr,original,EP-4633950-A1,2,1,1,0.0,0.0,inf,inf,0.0,0.8,1.9709505944546686,0.0,0.0,0.0,0.0,0.0,0.0,0.0,0.0,0.0,0.0,0.0,0.0,0.0,0.0,0.0,0.0,0.0,0.0,0.0,0.0,0.0,0.0,0.0,0.0
BAAI/bge-m3,bge-m3,EP-4633950-A1_en_q_es,es,en,synthetic,EP-4633950-A1,2,0,2,0.0,0.0,82.0,82.0,0.012195121951219513,0.9,0.4689955935892812,0.0,0.0,,0.0,0.0,,0.0,0.0,,0.0,0.0,,0.0,0.0,,0.5,0.5,,0.0,0.0,0.0,0.0,0.0,1.0
BAAI/bge-m3,bge-m3,EP-4634629-A1_en_q_en,en,en,original,EP-4634629-A1,3,1,2,0.0,0.0,131.0,inf,0.0,0.5,1.4854752972273344,0.0,0.0,0.0,0.0,0.0,0.0,0.0,0.0,0.0,0.0,0.0,0.0,0.0,0.0,0.0,0.0,0.0,0.0,0.0,0.0,0.0,0.0,0.0,0.0
BAAI/bge-m3,bge-m3,EP-4634629-A1_de_q_de,de,de,original,EP-4634629-A1,3,1,2,0.0,0.0,178.0,inf,0.0,0.6,1.360964047443681,0.0,0.0,0.0,0.0,0.0,0.0,0.0,0.0,0.0,0.0,0.0,0.0,0.0,0.0,0.0,0.0,0.0,0.0,0.0,0.0,0.0,0.0,0.0,0.0
BAAI/bge-m3,bge-m3,EP-4634629-A1_fr_q_fr,fr,fr,original,EP-4634629-A1,3,1,2,0.0,0.0,32.0,inf,0.0,0.1,0.4689955935892812,0.0,0.0,0.0,0.0,0.0,0.0,0.0,0.0,0.0,0.0,0.0,0.0,0.3333333333333333,0.0,1.0,0.3333333333333333,0.0,1.0,0.0,0.0,0.0,0.0,0.0,0.0
BAAI/bge-m3,bge-m3,EP-4634629-A1_en_q_es,es,en,synthetic,EP-4634629-A1,3,0,3,0.0,0.0,296.0,296.0,0.0033783783783783786,0.9,1.5709505944546687,0.0,0.0,,0.0,0.0,,0.0,0.0,,0.0,0.0,,0.0,0.0,,0.0,0.0,,0.0,0.0,0.0,0.0,0.0,0.0
BAAI/bge-m3,bge-m3,EP-4633582-A1_en_q_es,es,en,synthetic,EP-4633582-A1,2,0,2,0.0,0.0,20.0,20.0,0.05,0.8,1.4854752972273344,0.0,0.0,,0.0,0.0,,0.0,0.0,,0.5,0.5,,1.0,1.0,,1.0,1.0,,0.0,0.0,0.0,1.0,1.0,1.0
BAAI/bge-m3,bge-m3,EP-4634165-A1_en_q_es,es,en,synthetic,EP-4634165-A1,2,0,2,1.0,1.0,1.0,1.0,1.0,1.0,1.0,0.5,0.5,,1.0,1.0,,1.0,1.0,,1.0,1.0,,1.0,1.0,,1.0,1.0,,1.0,1.0,1.0,1.0,1.0,1.0
BAAI/bge-m3,bge-m3,EP-4633677-A1_en_q_de,de,en,synthetic,EP-4633677-A1,2,0,2,0.0,0.0,37.0,37.0,0.02702702702702703,1.0,0.8812908992306927,0.0,0.0,,0.0,0.0,,0.0,0.0,,0.0,0.0,,0.5,0.5,,1.0,1.0,,0.0,0.0,0.0,0.0,1.0,1.0
BAAI/bge-m3,bge-m3,EP-4634246-A1_en_q_en,en,en,original,EP-4634246-A1,2,1,1,0.3333333333333333,0.5437713091520254,3.0,3.0,0.3333333333333333,0.5,1.4854752972273344,0.0,0.0,0.0,1.0,1.0,1.0,1.0,1.0,1.0,1.0,1.0,1.0,1.0,1.0,1.0,1.0,1.0,1.0,0.0,1.0,1.0,1.0,1.0,1.0
BAAI/bge-m3,bge-m3,EP-4634120-A1_en_q_de,de,en,synthetic,EP-4634120-A1,2,0,2,0.0,0.0,15.0,15.0,0.06666666666666667,1.0,1.0,0.0,0.0,,0.0,0.0,,0.0,0.0,,0.5,0.5,,0.5,0.5,,0.5,0.5,,0.0,0.0,0.0,1.0,1.0,1.0
BAAI/bge-m3,bge-m3,EP-4633638-A1_en_q_en,en,en,original,EP-4633638-A1,2,1,1,1.0,1.0,1.0,1.0,1.0,0.3,1.1567796494470395,0.5,1.0,0.0,1.0,1.0,1.0,1.0,1.0,1.0,1.0,1.0,1.0,1.0,1.0,1.0,1.0,1.0,1.0,1.0,1.0,1.0,1.0,1.0,1.0
BAAI/bge-m3,bge-m3,EP-4633389-A1_en_q_en,en,en,original,EP-4633389-A1,2,1,1,1.0,1.0,1.0,2.0,0.5,0.3,0.8812908992306927,0.5,0.0,1.0,1.0,1.0,1.0,1.0,1.0,1.0,1.0,1.0,1.0,1.0,1.0,1.0,1.0,1.0,1.0,0.0,1.0,1.0,1.0,1.0,1.0
BAAI/bge-m3,bge-m3,WO-2025209629-A1_de_q_es,es,de,synthetic,WO-2025209629-A1,2,0,2,1.0,1.0,1.0,1.0,1.0,1.0,1.360964047443681,0.5,0.5,,1.0,1.0,,1.0,1.0,,1.0,1.0,,1.0,1.0,,1.0,1.0,,1.0,1.0,1.0,1.0,1.0,1.0
BAAI/bge-m3,bge-m3,EP-4634132-A2_en_q_en,en,en,original,EP-4634132-A2,2,1,1,0.0,0.0,17.0,241.0,0.004149377593360996,0.1,0.4689955935892812,0.0,0.0,0.0,0.0,0.0,0.0,0.0,0.0,0.0,0.5,0.0,1.0,0.5,0.0,1.0,0.5,0.0,1.0,0.0,0.0,0.0,0.0,0.0,0.0
BAAI/bge-m3,bge-m3,EP-4634914-A1_en_q_es,es,en,synthetic,EP-4634914-A1,2,0,2,0.0,0.0,14.0,14.0,0.07142857142857142,0.8,1.8464393446710154,0.0,0.0,,0.0,0.0,,0.0,0.0,,0.5,0.5,,0.5,0.5,,1.0,1.0,,0.0,0.0,0.0,1.0,1.0,1.0
BAAI/bge-m3,bge-m3,EP-4634285-A1_en_q_de,de,en,synthetic,EP-4634285-A1,2,0,2,0.1111111111111111,0.18457569677956817,9.0,9.0,0.1111111111111111,1.0,-0.0,0.0,0.0,,0.0,0.0,,0.5,0.5,,0.5,0.5,,0.5,0.5,,0.5,0.5,,0.0,0.0,1.0,1.0,1.0,1.0
BAAI/bge-m3,bge-m3,EP-4634122-A1_fr_q_fr,fr,fr,original,EP-4634122-A1,2,1,1,0.0,0.0,25.0,115.0,0.008695652173913044,0.1,0.4689955935892812,0.0,0.0,0.0,0.0,0.0,0.0,0.0,0.0,0.0,0.0,0.0,0.0,0.5,0.0,1.0,0.5,0.0,1.0,0.0,0.0,0.0,0.0,0.0,0.0
BAAI/bge-m3,bge-m3,EP-4634365-A1_fr_q_fr,fr,fr,original,EP-4634365-A1,2,1,1,1.0,1.0,1.0,2.0,0.5,0.6,0.9709505944546686,0.5,0.0,1.0,1.0,1.0,1.0,1.0,1.0,1.0,1.0,1.0,1.0,1.0,1.0,1.0,1.0,1.0,1.0,0.0,1.0,1.0,1.0,1.0,1.0
BAAI/bge-m3,bge-m3,WO-2025214709-A1_de_q_es,es,de,synthetic,WO-2025214709-A1,2,0,2,0.0,0.0,44.0,44.0,0.022727272727272728,0.9,1.1567796494470395,0.0,0.0,,0.0,0.0,,0.0,0.0,,0.0,0.0,,1.0,1.0,,1.0,1.0,,0.0,0.0,0.0,0.0,1.0,1.0
BAAI/bge-m3,bge-m3,EP-4633426-A2_en_q_es,es,en,synthetic,EP-4633426-A2,3,0,3,1.0,0.8710785440003369,1.0,1.0,1.0,1.0,1.360964047443681,0.3333333333333333,0.3333333333333333,,0.6666666666666666,0.6666666666666666,,1.0,1.0,,1.0,1.0,,1.0,1.0,,1.0,1.0,,1.0,1.0,1.0,1.0,1.0,1.0
BAAI/bge-m3,bge-m3,EP-4630604-A1_de_q_es,es,de,synthetic,EP-4630604-A1,2,0,2,0.14285714285714285,0.20438239758848611,7.0,7.0,0.14285714285714285,0.9,1.6854752972273344,0.0,0.0,,0.0,0.0,,0.5,0.5,,1.0,1.0,,1.0,1.0,,1.0,1.0,,0.0,0.0,1.0,1.0,1.0,1.0
BAAI/bge-m3,bge-m3,EP-4634118-A1_en_q_es,es,en,synthetic,EP-4634118-A1,2,0,2,1.0,0.9197207891481876,1.0,1.0,1.0,1.0,0.8812908992306927,0.5,0.5,,1.0,1.0,,1.0,1.0,,1.0,1.0,,1.0,1.0,,1.0,1.0,,1.0,1.0,1.0,1.0,1.0,1.0
BAAI/bge-m3,bge-m3,EP-4634404-A1_en_q_de,de,en,synthetic,EP-4634404-A1,2,0,2,1.0,1.0,1.0,1.0,1.0,1.0,1.360964047443681,0.5,0.5,,1.0,1.0,,1.0,1.0,,1.0,1.0,,1.0,1.0,,1.0,1.0,,1.0,1.0,1.0,1.0,1.0,1.0
BAAI/bge-m3,bge-m3,EP-4633465-A1_en_q_de,de,en,synthetic,EP-4633465-A1,2,0,2,1.0,1.0,1.0,1.0,1.0,1.0,0.9709505944546686,0.5,0.5,,1.0,1.0,,1.0,1.0,,1.0,1.0,,1.0,1.0,,1.0,1.0,,1.0,1.0,1.0,1.0,1.0,1.0
BAAI/bge-m3,bge-m3,EP-4633680-A1_en_q_es,es,en,synthetic,EP-4633680-A1,2,0,2,1.0,0.9197207891481876,1.0,1.0,1.0,1.0,0.7219280948873623,0.5,0.5,,1.0,1.0,,1.0,1.0,,1.0,1.0,,1.0,1.0,,1.0,1.0,,1.0,1.0,1.0,1.0,1.0,1.0
BAAI/bge-m3,bge-m3,WO-2025201606-A1_de_q_es,es,de,synthetic,WO-2025201606-A1,2,0,2,0.5,0.6934264036172708,2.0,2.0,0.5,0.9,1.721928094887362,0.0,0.0,,1.0,1.0,,1.0,1.0,,1.0,1.0,,1.0,1.0,,1.0,1.0,,0.0,1.0,1.0,1.0,1.0,1.0
BAAI/bge-m3,bge-m3,EP-4634435-A1_en_q_de,de,en,synthetic,EP-4634435-A1,2,0,2,0.3333333333333333,0.5437713091520254,3.0,3.0,0.3333333333333333,1.0,1.360964047443681,0.0,0.0,,1.0,1.0,,1.0,1.0,,1.0,1.0,,1.0,1.0,,1.0,1.0,,0.0,1.0,1.0,1.0,1.0,1.0
BAAI/bge-m3,bge-m3,EP-4634143-A1_en_q_de,de,en,synthetic,EP-4634143-A1,2,0,2,0.2,0.23719771276929622,5.0,5.0,0.2,0.5,1.4854752972273344,0.0,0.0,,0.5,0.5,,0.5,0.5,,0.5,0.5,,1.0,1.0,,1.0,1.0,,0.0,1.0,1.0,1.0,1.0,1.0
BAAI/bge-m3,bge-m3,EP-4634411-A1_en_q_de,de,en,synthetic,EP-4634411-A1,2,0,2,0.0,0.0,44.0,44.0,0.022727272727272728,0.8,1.3709505944546687,0.0,0.0,,0.0,0.0,,0.0,0.0,,0.0,0.0,,0.5,0.5,,0.5,0.5,,0.0,0.0,0.0,0.0,1.0,1.0
BAAI/bge-m3,bge-m3,EP-4634287-A1_en_q_es,es,en,synthetic,EP-4634287-A1,3,0,3,0.0,0.0,200.0,200.0,0.005,1.0,0.7219280948873623,0.0,0.0,,0.0,0.0,,0.0,0.0,,0.0,0.0,,0.0,0.0,,0.0,0.0,,0.0,0.0,0.0,0.0,0.0,0.0
BAAI/bge-m3,bge-m3,EP-4633627-A1_en_q_de,de,en,synthetic,EP-4633627-A1,2,0,2,1.0,1.0,1.0,1.0,1.0,1.0,0.8812908992306927,0.5,0.5,,1.0,1.0,,1.0,1.0,,1.0,1.0,,1.0,1.0,,1.0,1.0,,1.0,1.0,1.0,1.0,1.0,1.0
BAAI/bge-m3,bge-m3,EP-4633670-A1_fr_q_fr,fr,fr,original,EP-4633670-A1,2,1,1,1.0,1.0,1.0,2.0,0.5,0.6,0.9709505944546686,0.5,0.0,1.0,1.0,1.0,1.0,1.0,1.0,1.0,1.0,1.0,1.0,1.0,1.0,1.0,1.0,1.0,1.0,0.0,1.0,1.0,1.0,1.0,1.0
BAAI/bge-m3,bge-m3,WO-2025202163-A1_fr_q_fr,fr,fr,original,WO-2025202163-A1,2,1,1,1.0,1.0,1.0,2.0,0.5,0.4,1.3709505944546687,0.5,0.0,1.0,1.0,1.0,1.0,1.0,1.0,1.0,1.0,1.0,1.0,1.0,1.0,1.0,1.0,1.0,1.0,0.0,1.0,1.0,1.0,1.0,1.0
BAAI/bge-m3,bge-m3,WO-2025214852-A1_fr_q_fr,fr,fr,original,WO-2025214852-A1,2,1,1,0.25,0.2640681225725909,4.0,93.0,0.010752688172043012,0.4,0.9709505944546686,0.0,0.0,0.0,0.5,0.0,1.0,0.5,0.0,1.0,0.5,0.0,1.0,0.5,0.0,1.0,1.0,1.0,1.0,0.0,0.0,0.0,0.0,0.0,1.0
BAAI/bge-m3,bge-m3,WO-2025214996-A1_fr_q_fr,fr,fr,original,WO-2025214996-A1,2,1,1,0.0,0.0,250.0,990.0,0.00101010101010101,0.4,0.9709505944546686,0.0,0.0,0.0,0.0,0.0,0.0,0.0,0.0,0.0,0.0,0.0,0.0,0.0,0.0,0.0,0.0,0.0,0.0,0.0,0.0,0.0,0.0,0.0,0.0
BAAI/bge-m3,bge-m3,EP-4630123-A1_de_q_de,de,de,original,EP-4630123-A1,2,1,1,0.5,0.38685280723454163,2.0,11.0,0.09090909090909091,0.8,1.1567796494470395,0.0,0.0,0.0,0.5,0.0,1.0,0.5,0.0,1.0,1.0,1.0,1.0,1.0,1.0,1.0,1.0,1.0,1.0,0.0,0.0,0.0,1.0,1.0,1.0
BAAI/bge-m3,bge-m3,EP-4634646-A1_en_q_en,en,en,original,EP-4634646-A1,2,1,1,1.0,1.0,1.0,2.0,0.5,0.4,0.9709505944546686,0.5,0.0,1.0,1.0,1.0,1.0,1.0,1.0,1.0,1.0,1.0,1.0,1.0,1.0,1.0,1.0,1.0,1.0,0.0,1.0,1.0,1.0,1.0,1.0
BAAI/bge-m3,bge-m3,EP-4634294-A1_en_q_en,en,en,original,EP-4634294-A1,2,1,1,0.5,0.5912352048230277,2.0,7.0,0.14285714285714285,0.3,0.8812908992306927,0.0,0.0,0.0,0.5,0.0,1.0,1.0,1.0,1.0,1.0,1.0,1.0,1.0,1.0,1.0,1.0,1.0,1.0,0.0,0.0,1.0,1.0,1.0,1.0
BAAI/bge-m3,bge-m3,EP-4634436-A1_fr_q_fr,fr,fr,original,EP-4634436-A1,2,1,1,0.3333333333333333,0.5706417189553201,3.0,4.0,0.25,0.5,1.0,0.0,0.0,0.0,1.0,1.0,1.0,1.0,1.0,1.0,1.0,1.0,1.0,1.0,1.0,1.0,1.0,1.0,1.0,0.0,1.0,1.0,1.0,1.0,1.0
BAAI/bge-m3,bge-m3,EP-4633761-A1_en_q_en,en,en,original,EP-4633761-A1,2,1,1,0.0,0.0,inf,inf,0.0,0.2,0.9219280948873623,0.0,0.0,0.0,0.0,0.0,0.0,0.0,0.0,0.0,0.0,0.0,0.0,0.0,0.0,0.0,0.0,0.0,0.0,0.0,0.0,0.0,0.0,0.0,0.0
BAAI/bge-m3,bge-m3,WO-2025215167-A1_de_q_de,de,de,original,WO-2025215167-A1,2,1,1,1.0,0.9197207891481876,1.0,3.0,0.3333333333333333,0.8,1.4854752972273344,0.5,0.0,1.0,1.0,1.0,1.0,1.0,1.0,1.0,1.0,1.0,1.0,1.0,1.0,1.0,1.0,1.0,1.0,0.0,1.0,1.0,1.0,1.0,1.0
BAAI/bge-m3,bge-m3,EP-4626962-A1_de_q_en,en,de,synthetic,EP-4626962-A1,2,0,2,1.0,0.8175295903539445,1.0,1.0,1.0,0.5,1.4854752972273344,0.5,0.5,,0.5,0.5,,1.0,1.0,,1.0,1.0,,1.0,1.0,,1.0,1.0,,1.0,1.0,1.0,1.0,1.0,1.0
BAAI/bge-m3,bge-m3,EP-4626962-A1_de_q_de,de,de,original,EP-4626962-A1,2,1,1,1.0,0.9197207891481876,1.0,1.0,1.0,0.6,1.5709505944546684,0.5,1.0,0.0,1.0,1.0,1.0,1.0,1.0,1.0,1.0,1.0,1.0,1.0,1.0,1.0,1.0,1.0,1.0,1.0,1.0,1.0,1.0,1.0,1.0
BAAI/bge-m3,bge-m3,EP-4626962-A1_fr_q_fr,fr,fr,original,EP-4626962-A1,2,1,1,0.0,0.0,14.0,203.0,0.0049261083743842365,0.5,1.0,0.0,0.0,0.0,0.0,0.0,0.0,0.0,0.0,0.0,0.5,0.0,1.0,0.5,0.0,1.0,0.5,0.0,1.0,0.0,0.0,0.0,0.0,0.0,0.0
BAAI/bge-m3,bge-m3,EP-4626962-A1_de_q_es,es,de,synthetic,EP-4626962-A1,2,0,2,0.5,0.6240505200038379,2.0,2.0,0.5,1.0,1.5219280948873621,0.0,0.0,,1.0,1.0,,1.0,1.0,,1.0,1.0,,1.0,1.0,,1.0,1.0,,0.0,1.0,1.0,1.0,1.0,1.0
BAAI/bge-m3,bge-m3,WO-2025201936-A1_de_q_en,en,de,synthetic,WO-2025201936-A1,2,0,2,0.0,0.0,619.0,619.0,0.0016155088852988692,0.1,0.4689955935892812,0.0,0.0,,0.0,0.0,,0.0,0.0,,0.0,0.0,,0.0,0.0,,0.0,0.0,,0.0,0.0,0.0,0.0,0.0,0.0
BAAI/bge-m3,bge-m3,WO-2025201936-A1_fr_q_fr,fr,fr,original,WO-2025201936-A1,2,1,1,1.0,0.8503449055347546,1.0,5.0,0.2,0.5,1.360964047443681,0.5,0.0,1.0,1.0,1.0,1.0,1.0,1.0,1.0,1.0,1.0,1.0,1.0,1.0,1.0,1.0,1.0,1.0,0.0,1.0,1.0,1.0,1.0,1.0
BAAI/bge-m3,bge-m3,WO-2025201936-A1_de_q_es,es,de,synthetic,WO-2025201936-A1,2,0,2,0.25,0.2640681225725909,4.0,4.0,0.25,0.9,1.8464393446710154,0.0,0.0,,0.5,0.5,,0.5,0.5,,0.5,0.5,,0.5,0.5,,0.5,0.5,,0.0,1.0,1.0,1.0,1.0,1.0
BAAI/bge-m3,bge-m3,EP-4634597-A1_en_q_en,en,en,original,EP-4634597-A1,2,1,1,0.0,0.0,34.0,622.0,0.001607717041800643,0.0,-0.0,0.0,0.0,0.0,0.0,0.0,0.0,0.0,0.0,0.0,0.0,0.0,0.0,0.5,0.0,1.0,0.5,0.0,1.0,0.0,0.0,0.0,0.0,0.0,0.0
BAAI/bge-m3,bge-m3,EP-4634597-A1_en_q_de,de,en,synthetic,EP-4634597-A1,2,0,2,0.3333333333333333,0.5,3.0,3.0,0.3333333333333333,0.9,1.721928094887362,0.0,0.0,,0.5,0.5,,1.0,1.0,,1.0,1.0,,1.0,1.0,,1.0,1.0,,0.0,1.0,1.0,1.0,1.0,1.0
BAAI/bge-m3,bge-m3,EP-4634597-A1_fr_q_fr,fr,fr,original,EP-4634597-A1,2,1,1,1.0,0.8772153153380493,1.0,4.0,0.25,0.8,1.3709505944546687,0.5,0.0,1.0,1.0,1.0,1.0,1.0,1.0,1.0,1.0,1.0,1.0,1.0,1.0,1.0,1.0,1.0,1.0,0.0,1.0,1.0,1.0,1.0,1.0
BAAI/bge-m3,bge-m3,EP-4634597-A1_en_q_es,es,en,synthetic,EP-4634597-A1,2,0,2,0.5,0.6934264036172708,2.0,2.0,0.5,1.0,1.0,0.0,0.0,,1.0,1.0,,1.0,1.0,,1.0,1.0,,1.0,1.0,,1.0,1.0,,0.0,1.0,1.0,1.0,1.0,1.0
BAAI/bge-m3,bge-m3,EP-4634381-A1_en_q_zh,zh,en,synthetic,EP-4634381-A1,2,0,2,0.0,0.0,23.0,23.0,0.043478260869565216,1.0,0.9219280948873623,0.0,0.0,,0.0,0.0,,0.0,0.0,,0.0,0.0,,0.5,0.5,,0.5,0.5,,0.0,0.0,0.0,0.0,1.0,1.0
BAAI/bge-m3,bge-m3,EP-4633589-A1_en_q_zh,zh,en,synthetic,EP-4633589-A1,2,0,2,0.0,0.0,inf,inf,0.0,1.0,1.360964047443681,0.0,0.0,,0.0,0.0,,0.0,0.0,,0.0,0.0,,0.0,0.0,,0.0,0.0,,0.0,0.0,0.0,0.0,0.0,0.0
BAAI/bge-m3,bge-m3,EP-4627024-A1_de_q_zh,zh,de,synthetic,EP-4627024-A1,2,0,2,0.0,0.0,inf,inf,0.0,1.0,1.360964047443681,0.0,0.0,,0.0,0.0,,0.0,0.0,,0.0,0.0,,0.0,0.0,,0.0,0.0,,0.0,0.0,0.0,0.0,0.0,0.0
BAAI/bge-m3,bge-m3,EP-4634926-A1_en_q_zh,zh,en,synthetic,EP-4634926-A1,2,0,2,0.0,0.0,96.0,96.0,0.010416666666666666,1.0,1.1567796494470395,0.0,0.0,,0.0,0.0,,0.0,0.0,,0.0,0.0,,0.0,0.0,,0.5,0.5,,0.0,0.0,0.0,0.0,0.0,1.0
BAAI/bge-m3,bge-m3,EP-4633863-A2_en_q_zh,zh,en,synthetic,EP-4633863-A2,3,0,3,0.5,0.5307212739772434,2.0,2.0,0.5,0.8,1.5709505944546687,0.0,0.0,,0.6666666666666666,0.6666666666666666,,0.6666666666666666,0.6666666666666666,,0.6666666666666666,0.6666666666666666,,1.0,1.0,,1.0,1.0,,0.0,1.0,1.0,1.0,1.0,1.0
BAAI/bge-m3,bge-m3,EP-4633797-A1_en_q_zh,zh,en,synthetic,EP-4633797-A1,2,0,2,1.0,1.0,1.0,1.0,1.0,0.9,1.5709505944546687,0.5,0.5,,1.0,1.0,,1.0,1.0,,1.0,1.0,,1.0,1.0,,1.0,1.0,,1.0,1.0,1.0,1.0,1.0,1.0
BAAI/bge-m3,bge-m3,EP-4633777-A1_en_q_zh,zh,en,synthetic,EP-4633777-A1,2,0,2,0.5,0.6509209298071326,2.0,2.0,0.5,0.9,1.5709505944546687,0.0,0.0,,1.0,1.0,,1.0,1.0,,1.0,1.0,,1.0,1.0,,1.0,1.0,,0.0,1.0,1.0,1.0,1.0,1.0
BAAI/bge-m3,bge-m3,EP-4633621-A1_en_q_zh,zh,en,synthetic,EP-4633621-A1,2,0,2,1.0,0.9197207891481876,1.0,1.0,1.0,1.0,1.1567796494470395,0.5,0.5,,1.0,1.0,,1.0,1.0,,1.0,1.0,,1.0,1.0,,1.0,1.0,,1.0,1.0,1.0,1.0,1.0,1.0
BAAI/bge-m3,bge-m3,EP-4634723-A1_en_q_zh,zh,en,synthetic,EP-4634723-A1,2,0,2,0.0,0.0,81.0,81.0,0.012345679012345678,1.0,1.721928094887362,0.0,0.0,,0.0,0.0,,0.0,0.0,,0.0,0.0,,0.0,0.0,,0.5,0.5,,0.0,0.0,0.0,0.0,0.0,1.0
BAAI/bge-m3,bge-m3,EP-4633581-A1_en_q_zh,zh,en,synthetic,EP-4633581-A1,2,0,2,0.0,0.0,522.0,522.0,0.0019157088122605363,0.0,-0.0,0.0,0.0,,0.0,0.0,,0.0,0.0,,0.0,0.0,,0.0,0.0,,0.0,0.0,,0.0,0.0,0.0,0.0,0.0,0.0
BAAI/bge-m3,bge-m3,EP-4634416-A1_en_q_zh,zh,en,synthetic,EP-4634416-A1,2,0,2,0.5,0.6509209298071326,2.0,2.0,0.5,1.0,1.360964047443681,0.0,0.0,,1.0,1.0,,1.0,1.0,,1.0,1.0,,1.0,1.0,,1.0,1.0,,0.0,1.0,1.0,1.0,1.0,1.0
BAAI/bge-m3,bge-m3,EP-4634305-A1_en_q_zh,zh,en,synthetic,EP-4634305-A1,2,0,2,1.0,1.0,1.0,1.0,1.0,0.8,1.3709505944546687,0.5,0.5,,1.0,1.0,,1.0,1.0,,1.0,1.0,,1.0,1.0,,1.0,1.0,,1.0,1.0,1.0,1.0,1.0,1.0
BAAI/bge-m3,bge-m3,EP-4633531-A1_en_q_zh,zh,en,synthetic,EP-4633531-A1,2,0,2,0.5,0.38685280723454163,2.0,2.0,0.5,1.0,1.3709505944546687,0.0,0.0,,0.5,0.5,,0.5,0.5,,1.0,1.0,,1.0,1.0,,1.0,1.0,,0.0,1.0,1.0,1.0,1.0,1.0
BAAI/bge-m3,bge-m3,EP-4634333-A1_en_q_zh,zh,en,synthetic,EP-4634333-A1,2,0,2,0.0,0.0,11.0,11.0,0.09090909090909091,0.8,1.9609640474436811,0.0,0.0,,0.0,0.0,,0.0,0.0,,0.5,0.5,,0.5,0.5,,0.5,0.5,,0.0,0.0,0.0,1.0,1.0,1.0
BAAI/bge-m3,bge-m3,EP-4634212-A1_en_q_zh,zh,en,synthetic,EP-4634212-A1,2,0,2,1.0,0.9197207891481876,1.0,1.0,1.0,1.0,0.9219280948873623,0.5,0.5,,1.0,1.0,,1.0,1.0,,1.0,1.0,,1.0,1.0,,1.0,1.0,,1.0,1.0,1.0,1.0,1.0,1.0
BAAI/bge-m3,bge-m3,EP-4629959-A1_de_q_zh,zh,de,synthetic,EP-4629959-A1,2,0,2,0.0,0.0,94.0,94.0,0.010638297872340425,0.8,1.3709505944546687,0.0,0.0,,0.0,0.0,,0.0,0.0,,0.0,0.0,,0.0,0.0,,0.5,0.5,,0.0,0.0,0.0,0.0,0.0,1.0
BAAI/bge-m3,bge-m3,EP-4627881-A1_de_q_zh,zh,de,synthetic,EP-4627881-A1,2,0,2,0.1,0.17723928678404774,10.0,10.0,0.1,0.8,1.4854752972273344,0.0,0.0,,0.0,0.0,,0.5,0.5,,0.5,0.5,,1.0,1.0,,1.0,1.0,,0.0,0.0,1.0,1.0,1.0,1.0
BAAI/bge-m3,bge-m3,EP-4633576-A1_en_q_zh,zh,en,synthetic,EP-4633576-A1,2,0,2,0.0,0.0,202.0,202.0,0.0049504950495049506,0.7,1.295461844238322,0.0,0.0,,0.0,0.0,,0.0,0.0,,0.0,0.0,,0.0,0.0,,0.0,0.0,,0.0,0.0,0.0,0.0,0.0,0.0
BAAI/bge-m3,bge-m3,EP-4633742-A2_en_q_zh,zh,en,synthetic,EP-4633742-A2,2,0,2,1.0,0.8175295903539445,1.0,1.0,1.0,1.0,1.5709505944546684,0.5,0.5,,0.5,0.5,,1.0,1.0,,1.0,1.0,,1.0,1.0,,1.0,1.0,,1.0,1.0,1.0,1.0,1.0,1.0
BAAI/bge-m3,bge-m3,EP-4633791-A1_en_q_zh,zh,en,synthetic,EP-4633791-A1,2,0,2,0.5,0.6240505200038379,2.0,2.0,0.5,1.0,1.295461844238322,0.0,0.0,,1.0,1.0,,1.0,1.0,,1.0,1.0,,1.0,1.0,,1.0,1.0,,0.0,1.0,1.0,1.0,1.0,1.0
BAAI/bge-m3,bge-m3,EP-4630574-A1_fr_q_fr,fr,fr,original,EP-4630574-A1,3,1,2,0.0,0.0,inf,inf,0.0,0.5,1.360964047443681,0.0,0.0,0.0,0.0,0.0,0.0,0.0,0.0,0.0,0.0,0.0,0.0,0.0,0.0,0.0,0.0,0.0,0.0,0.0,0.0,0.0,0.0,0.0,0.0
BAAI/bge-m3,bge-m3,EP-4634111-A1_fr_q_fr,fr,fr,original,EP-4634111-A1,3,1,2,0.0,0.0,158.0,249.0,0.004016064257028112,0.3,1.1567796494470395,0.0,0.0,0.0,0.0,0.0,0.0,0.0,0.0,0.0,0.0,0.0,0.0,0.0,0.0,0.0,0.0,0.0,0.0,0.0,0.0,0.0,0.0,0.0,0.0
BAAI/bge-m3,bge-m3,EP-4633622-A2_en_q_es,es,en,synthetic,EP-4633622-A2,3,0,3,1.0,1.0,1.0,1.0,1.0,1.0,1.360964047443681,0.3333333333333333,0.3333333333333333,,1.0,1.0,,1.0,1.0,,1.0,1.0,,1.0,1.0,,1.0,1.0,,1.0,1.0,1.0,1.0,1.0,1.0
BAAI/bge-m3,bge-m3,EP-4634187-A1_en_q_es_120,es,en,synthetic,EP-4634187-A1,3,0,3,1.0,0.9134015924715543,1.0,1.0,1.0,0.9,1.721928094887362,0.3333333333333333,0.3333333333333333,,0.6666666666666666,0.6666666666666666,,1.0,1.0,,1.0,1.0,,1.0,1.0,,1.0,1.0,,1.0,1.0,1.0,1.0,1.0,1.0
BAAI/bge-m3,bge-m3,EP-4634139-A1_fr_q_fr,fr,fr,original,EP-4634139-A1,3,1,2,1.0,0.9674679834891693,1.0,2.0,0.5,0.6,1.8464393446710154,0.3333333333333333,0.0,1.0,1.0,1.0,1.0,1.0,1.0,1.0,1.0,1.0,1.0,1.0,1.0,1.0,1.0,1.0,1.0,0.0,1.0,1.0,1.0,1.0,1.0
BAAI/bge-m3,bge-m3,EP-4634136-A1_en_q_en,en,en,original,EP-4634136-A1,3,1,2,0.0,0.0,177.0,257.0,0.0038910505836575876,0.3,0.8812908992306927,0.0,0.0,0.0,0.0,0.0,0.0,0.0,0.0,0.0,0.0,0.0,0.0,0.0,0.0,0.0,0.0,0.0,0.0,0.0,0.0,0.0,0.0,0.0,0.0
BAAI/bge-m3,bge-m3,EP-4634136-A1_en_q_de,de,en,synthetic,EP-4634136-A1,3,0,3,0.0,0.0,38.0,38.0,0.02631578947368421,0.6,1.5219280948873621,0.0,0.0,,0.0,0.0,,0.0,0.0,,0.0,0.0,,0.3333333333333333,0.3333333333333333,,0.3333333333333333,0.3333333333333333,,0.0,0.0,0.0,0.0,1.0,1.0
BAAI/bge-m3,bge-m3,EP-4634136-A1_fr_q_fr,fr,fr,original,EP-4634136-A1,3,1,2,0.5,0.2960819109658652,2.0,102.0,0.00980392156862745,0.0,-0.0,0.0,0.0,0.0,0.3333333333333333,0.0,1.0,0.3333333333333333,0.0,1.0,0.3333333333333333,0.0,1.0,0.3333333333333333,0.0,1.0,0.3333333333333333,0.0,1.0,0.0,0.0,0.0,0.0,0.0,0.0
BAAI/bge-m3,bge-m3,EP-4634136-A1_en_q_es_125,es,en,synthetic,EP-4634136-A1,3,0,3,0.0,0.0,inf,inf,0.0,0.7,0.8812908992306927,0.0,0.0,,0.0,0.0,,0.0,0.0,,0.0,0.0,,0.0,0.0,,0.0,0.0,,0.0,0.0,0.0,0.0,0.0,0.0
BAAI/bge-m3,bge-m3,EP-4634136-A1_zh_q_zh,zh,zh,original,EP-4634136-A1,3,1,2,1.0,0.46927872602275644,1.0,24.0,0.041666666666666664,0.8,1.9609640474436811,0.3333333333333333,0.0,1.0,0.3333333333333333,0.0,1.0,0.3333333333333333,0.0,1.0,0.3333333333333333,0.0,1.0,0.6666666666666666,0.5,1.0,0.6666666666666666,0.5,1.0,0.0,0.0,0.0,0.0,1.0,1.0
BAAI/bge-m3,bge-m3,EP-4634248-A1_en_q_en,en,en,original,EP-4634248-A1,3,1,2,1.0,0.6105456988825855,1.0,9.0,0.1111111111111111,0.2,0.7219280948873623,0.3333333333333333,0.0,1.0,0.3333333333333333,0.0,1.0,0.6666666666666666,0.5,1.0,1.0,1.0,1.0,1.0,1.0,1.0,1.0,1.0,1.0,0.0,0.0,1.0,1.0,1.0,1.0
BAAI/bge-m3,bge-m3,EP-4634142-A1_en_q_es,es,en,synthetic,EP-4634142-A1,3,0,3,1.0,0.7653606369886217,1.0,1.0,1.0,1.0,1.295461844238322,0.3333333333333333,0.3333333333333333,,0.6666666666666666,0.6666666666666666,,0.6666666666666666,0.6666666666666666,,0.6666666666666666,0.6666666666666666,,1.0,1.0,,1.0,1.0,,1.0,1.0,1.0,1.0,1.0,1.0
BAAI/bge-m3,bge-m3,WO-2025214812-A1_de_q_es,es,de,synthetic,WO-2025214812-A1,3,0,3,1.0,0.6508205185601091,1.0,1.0,1.0,1.0,1.3709505944546687,0.3333333333333333,0.3333333333333333,,0.6666666666666666,0.6666666666666666,,0.6666666666666666,0.6666666666666666,,0.6666666666666666,0.6666666666666666,,1.0,1.0,,1.0,1.0,,1.0,1.0,1.0,1.0,1.0,1.0
BAAI/bge-m3,bge-m3,EP-4633662-A1_en_q_de,de,en,synthetic,EP-4633662-A1,3,0,3,0.5,0.2960819109658652,2.0,2.0,0.5,1.0,1.8464393446710154,0.0,0.0,,0.3333333333333333,0.3333333333333333,,0.3333333333333333,0.3333333333333333,,0.3333333333333333,0.3333333333333333,,0.6666666666666666,0.6666666666666666,,0.6666666666666666,0.6666666666666666,,0.0,1.0,1.0,1.0,1.0,1.0
BAAI/bge-m3,bge-m3,WO-2025153617-A3_de_q_de,de,de,original,WO-2025153617-A3,3,1,2,1.0,0.6508205185601091,1.0,5.0,0.2,0.5,1.360964047443681,0.3333333333333333,0.0,1.0,0.6666666666666666,0.5,1.0,0.6666666666666666,0.5,1.0,1.0,1.0,1.0,1.0,1.0,1.0,1.0,1.0,1.0,0.0,1.0,1.0,1.0,1.0,1.0
BAAI/bge-m3,bge-m3,EP-4634596-A1_en_q_en,en,en,original,EP-4634596-A1,3,1,2,1.0,1.0,1.0,2.0,0.5,0.3,1.3567796494470397,0.3333333333333333,0.0,1.0,1.0,1.0,1.0,1.0,1.0,1.0,1.0,1.0,1.0,1.0,1.0,1.0,1.0,1.0,1.0,0.0,1.0,1.0,1.0,1.0,1.0
BAAI/bge-m3,bge-m3,EP-4634596-A1_en_q_de,de,en,synthetic,EP-4634596-A1,3,0,3,1.0,0.9134015924715543,1.0,1.0,1.0,0.9,1.6854752972273344,0.3333333333333333,0.3333333333333333,,0.6666666666666666,0.6666666666666666,,1.0,1.0,,1.0,1.0,,1.0,1.0,,1.0,1.0,,1.0,1.0,1.0,1.0,1.0,1.0
BAAI/bge-m3,bge-m3,EP-4634596-A1_fr_q_fr,fr,fr,original,EP-4634596-A1,3,1,2,1.0,1.0,1.0,1.0,1.0,0.7,1.295461844238322,0.3333333333333333,0.5,0.0,1.0,1.0,1.0,1.0,1.0,1.0,1.0,1.0,1.0,1.0,1.0,1.0,1.0,1.0,1.0,1.0,1.0,1.0,1.0,1.0,1.0
BAAI/bge-m3,bge-m3,EP-4634596-A1_en_q_es_135,es,en,synthetic,EP-4634596-A1,3,0,3,1.0,0.9134015924715543,1.0,1.0,1.0,1.0,1.295461844238322,0.3333333333333333,0.3333333333333333,,0.6666666666666666,0.6666666666666666,,1.0,1.0,,1.0,1.0,,1.0,1.0,,1.0,1.0,,1.0,1.0,1.0,1.0,1.0,1.0
BAAI/bge-m3,bge-m3,EP-4634596-A1_zh_q_zh,zh,zh,original,EP-4634596-A1,3,1,2,1.0,0.6364391809889587,1.0,6.0,0.16666666666666666,0.9,1.1567796494470395,0.3333333333333333,0.0,1.0,0.3333333333333333,0.0,1.0,0.6666666666666666,0.5,1.0,0.6666666666666666,0.5,1.0,0.6666666666666666,0.5,1.0,0.6666666666666666,0.5,1.0,0.0,0.0,1.0,1.0,1.0,1.0
Qwen/Qwen3-Embedding-0.6B,qwen3-0.6B,EP-4633662-A1_en_q_en,en,en,original,EP-4633662-A1,3,1,2,0.2,0.18154179253735267,5.0,5.0,0.2,0.7,1.295461844238322,0.0,0.0,0.0,0.3333333333333333,0.5,0.0,0.3333333333333333,0.5,0.0,0.3333333333333333,0.5,0.0,0.6666666666666666,0.5,1.0,0.6666666666666666,0.5,1.0,0.0,1.0,1.0,1.0,1.0,1.0
Qwen/Qwen3-Embedding-0.6B,qwen3-0.6B,EP-4630509-A1_fr_q_fr,fr,fr,original,EP-4630509-A1,3,1,2,1.0,0.46927872602275644,1.0,920.0,0.0010869565217391304,0.0,-0.0,0.3333333333333333,0.0,1.0,0.3333333333333333,0.0,1.0,0.3333333333333333,0.0,1.0,0.3333333333333333,0.0,1.0,0.3333333333333333,0.0,1.0,0.3333333333333333,0.0,1.0,0.0,0.0,0.0,0.0,0.0,0.0
Qwen/Qwen3-Embedding-0.6B,qwen3-0.6B,EP-4634248-A1_en_q_es,es,en,synthetic,EP-4634248-A1,3,0,3,0.0,0.0,571.0,571.0,0.0017513134851138354,0.7,1.4854752972273344,0.0,0.0,,0.0,0.0,,0.0,0.0,,0.0,0.0,,0.0,0.0,,0.0,0.0,,0.0,0.0,0.0,0.0,0.0,0.0
Qwen/Qwen3-Embedding-0.6B,qwen3-0.6B,EP-4634187-A1_en_q_es,es,en,synthetic,EP-4634187-A1,3,0,3,0.3333333333333333,0.41618115554873086,3.0,3.0,0.3333333333333333,0.8,1.8464393446710154,0.0,0.0,,0.6666666666666666,0.6666666666666666,,0.6666666666666666,0.6666666666666666,,0.6666666666666666,0.6666666666666666,,0.6666666666666666,0.6666666666666666,,1.0,1.0,,0.0,1.0,1.0,1.0,1.0,1.0
Qwen/Qwen3-Embedding-0.6B,qwen3-0.6B,EP-4634142-A1_fr_q_fr,fr,fr,original,EP-4634142-A1,3,1,2,0.0,0.0,324.0,755.0,0.0013245033112582781,0.1,0.4689955935892812,0.0,0.0,0.0,0.0,0.0,0.0,0.0,0.0,0.0,0.0,0.0,0.0,0.0,0.0,0.0,0.0,0.0,0.0,0.0,0.0,0.0,0.0,0.0,0.0
Qwen/Qwen3-Embedding-0.6B,qwen3-0.6B,EP-4633768-A2_en_q_es,es,en,synthetic,EP-4633768-A2,3,0,3,0.0,0.0,36.0,36.0,0.027777777777777776,0.7,1.8464393446710154,0.0,0.0,,0.0,0.0,,0.0,0.0,,0.0,0.0,,0.3333333333333333,0.3333333333333333,,0.3333333333333333,0.3333333333333333,,0.0,0.0,0.0,0.0,1.0,1.0
Qwen/Qwen3-Embedding-0.6B,qwen3-0.6B,EP-4633645-A1_fr_q_fr,fr,fr,original,EP-4633645-A1,3,1,2,0.0,0.0,29.0,77.0,0.012987012987012988,0.4,1.295461844238322,0.0,0.0,0.0,0.0,0.0,0.0,0.0,0.0,0.0,0.0,0.0,0.0,0.3333333333333333,0.0,1.0,0.6666666666666666,0.5,1.0,0.0,0.0,0.0,0.0,0.0,1.0
Qwen/Qwen3-Embedding-0.6B,qwen3-0.6B,EP-4633622-A2_en_q_de,de,en,synthetic,EP-4633622-A2,3,0,3,1.0,1.0,1.0,1.0,1.0,1.0,1.721928094887362,0.3333333333333333,0.3333333333333333,,1.0,1.0,,1.0,1.0,,1.0,1.0,,1.0,1.0,,1.0,1.0,,1.0,1.0,1.0,1.0,1.0,1.0
Qwen/Qwen3-Embedding-0.6B,qwen3-0.6B,EP-4634601-A1_en_q_en,en,en,original,EP-4634601-A1,3,1,2,0.3333333333333333,0.4367467095119258,3.0,4.0,0.25,0.2,0.9219280948873623,0.0,0.0,0.0,0.6666666666666666,0.5,1.0,0.6666666666666666,0.5,1.0,0.6666666666666666,0.5,1.0,0.6666666666666666,0.5,1.0,0.6666666666666666,0.5,1.0,0.0,1.0,1.0,1.0,1.0,1.0
Qwen/Qwen3-Embedding-0.6B,qwen3-0.6B,EP-4630626-A1_de_q_de,de,de,original,EP-4630626-A1,3,1,2,1.0,1.0,1.0,1.0,1.0,0.9,1.9609640474436811,0.3333333333333333,0.5,0.0,1.0,1.0,1.0,1.0,1.0,1.0,1.0,1.0,1.0,1.0,1.0,1.0,1.0,1.0,1.0,1.0,1.0,1.0,1.0,1.0,1.0
Qwen/Qwen3-Embedding-0.6B,qwen3-0.6B,EP-4630600-A1_de_q_en,en,de,synthetic,EP-4630600-A1,3,0,3,0.0,0.0,46.0,46.0,0.021739130434782608,0.8,1.5709505944546687,0.0,0.0,,0.0,0.0,,0.0,0.0,,0.0,0.0,,0.3333333333333333,0.3333333333333333,,0.3333333333333333,0.3333333333333333,,0.0,0.0,0.0,0.0,1.0,1.0
Qwen/Qwen3-Embedding-0.6B,qwen3-0.6B,EP-4633632-A1_en_q_es,es,en,synthetic,EP-4633632-A1,3,0,3,0.0,0.0,42.0,42.0,0.023809523809523808,0.5,1.0,0.0,0.0,,0.0,0.0,,0.0,0.0,,0.0,0.0,,0.6666666666666666,0.6666666666666666,,1.0,1.0,,0.0,0.0,0.0,0.0,1.0,1.0
Qwen/Qwen3-Embedding-0.6B,qwen3-0.6B,EP-4634136-A1_en_q_es,es,en,synthetic,EP-4634136-A1,3,0,3,0.0,0.0,204.0,204.0,0.004901960784313725,0.7,1.4854752972273344,0.0,0.0,,0.0,0.0,,0.0,0.0,,0.0,0.0,,0.0,0.0,,0.0,0.0,,0.0,0.0,0.0,0.0,0.0,0.0
Qwen/Qwen3-Embedding-0.6B,qwen3-0.6B,EP-4634157-A1_en_q_de,de,en,synthetic,EP-4634157-A1,3,0,3,0.0,0.0,247.0,247.0,0.004048582995951417,1.0,0.4689955935892812,0.0,0.0,,0.0,0.0,,0.0,0.0,,0.0,0.0,,0.0,0.0,,0.0,0.0,,0.0,0.0,0.0,0.0,0.0,0.0
Qwen/Qwen3-Embedding-0.6B,qwen3-0.6B,EP-4630574-A1_de_q_en,en,de,synthetic,EP-4630574-A1,3,0,3,0.0,0.0,98.0,98.0,0.01020408163265306,0.8,1.7609640474436812,0.0,0.0,,0.0,0.0,,0.0,0.0,,0.0,0.0,,0.0,0.0,,0.3333333333333333,0.3333333333333333,,0.0,0.0,0.0,0.0,0.0,1.0
Qwen/Qwen3-Embedding-0.6B,qwen3-0.6B,EP-4634111-A1_en_q_de,de,en,synthetic,EP-4634111-A1,3,0,3,0.0,0.0,145.0,145.0,0.006896551724137931,0.2,0.9219280948873623,0.0,0.0,,0.0,0.0,,0.0,0.0,,0.0,0.0,,0.0,0.0,,0.0,0.0,,0.0,0.0,0.0,0.0,0.0,0.0
Qwen/Qwen3-Embedding-0.6B,qwen3-0.6B,EP-4634596-A1_en_q_es,es,en,synthetic,EP-4634596-A1,3,0,3,0.0,0.0,383.0,383.0,0.0026109660574412533,0.9,1.7609640474436812,0.0,0.0,,0.0,0.0,,0.0,0.0,,0.0,0.0,,0.0,0.0,,0.0,0.0,,0.0,0.0,0.0,0.0,0.0,0.0
Qwen/Qwen3-Embedding-0.6B,qwen3-0.6B,EP-4634139-A1_en_q_es,es,en,synthetic,EP-4634139-A1,3,0,3,1.0,1.0,1.0,1.0,1.0,1.0,1.360964047443681,0.3333333333333333,0.3333333333333333,,1.0,1.0,,1.0,1.0,,1.0,1.0,,1.0,1.0,,1.0,1.0,,1.0,1.0,1.0,1.0,1.0,1.0
Qwen/Qwen3-Embedding-0.6B,qwen3-0.6B,WO-2025153617-A3_de_q_en,en,de,synthetic,WO-2025153617-A3,3,0,3,0.0,0.0,108.0,108.0,0.009259259259259259,0.7,1.295461844238322,0.0,0.0,,0.0,0.0,,0.0,0.0,,0.0,0.0,,0.0,0.0,,0.0,0.0,,0.0,0.0,0.0,0.0,0.0,0.0
Qwen/Qwen3-Embedding-0.6B,qwen3-0.6B,EP-4634251-A1_en_q_es,es,en,synthetic,EP-4634251-A1,3,0,3,0.0,0.0,177.0,177.0,0.005649717514124294,0.9,0.9219280948873623,0.0,0.0,,0.0,0.0,,0.0,0.0,,0.0,0.0,,0.0,0.0,,0.0,0.0,,0.0,0.0,0.0,0.0,0.0,0.0
Qwen/Qwen3-Embedding-0.6B,qwen3-0.6B,EP-4634426-A1_en_q_es,es,en,synthetic,EP-4634426-A1,3,0,3,0.1,0.13565197343244778,10.0,10.0,0.1,1.0,1.1567796494470395,0.0,0.0,,0.0,0.0,,0.3333333333333333,0.3333333333333333,,0.3333333333333333,0.3333333333333333,,1.0,1.0,,1.0,1.0,,0.0,0.0,1.0,1.0,1.0,1.0
Qwen/Qwen3-Embedding-0.6B,qwen3-0.6B,EP-4634729-A1_en_q_de,de,en,synthetic,EP-4634729-A1,2,0,2,1.0,1.0,1.0,1.0,1.0,0.9,1.7609640474436812,0.5,0.5,,1.0,1.0,,1.0,1.0,,1.0,1.0,,1.0,1.0,,1.0,1.0,,1.0,1.0,1.0,1.0,1.0,1.0
Qwen/Qwen3-Embedding-0.6B,qwen3-0.6B,EP-4626569-A1_de_q_en,en,de,synthetic,EP-4626569-A1,2,0,2,0.0,0.0,20.0,20.0,0.05,0.7,1.6854752972273344,0.0,0.0,,0.0,0.0,,0.0,0.0,,0.5,0.5,,0.5,0.5,,1.0,1.0,,0.0,0.0,0.0,1.0,1.0,1.0
Qwen/Qwen3-Embedding-0.6B,qwen3-0.6B,EP-4634394-A2_en_q_es,es,en,synthetic,EP-4634394-A2,2,0,2,1.0,0.6131471927654584,1.0,1.0,1.0,0.5,1.360964047443681,0.5,0.5,,0.5,0.5,,0.5,0.5,,1.0,1.0,,1.0,1.0,,1.0,1.0,,1.0,1.0,1.0,1.0,1.0,1.0
Qwen/Qwen3-Embedding-0.6B,qwen3-0.6B,EP-4634424-A1_en_q_es,es,en,synthetic,EP-4634424-A1,2,0,2,0.0,0.0,38.0,38.0,0.02631578947368421,0.6,1.5709505944546684,0.0,0.0,,0.0,0.0,,0.0,0.0,,0.0,0.0,,0.5,0.5,,1.0,1.0,,0.0,0.0,0.0,0.0,1.0,1.0
Qwen/Qwen3-Embedding-0.6B,qwen3-0.6B,EP-4633602-A1_en_q_de,de,en,synthetic,EP-4633602-A1,2,0,2,0.0,0.0,inf,inf,0.0,0.7,1.8464393446710154,0.0,0.0,,0.0,0.0,,0.0,0.0,,0.0,0.0,,0.0,0.0,,0.0,0.0,,0.0,0.0,0.0,0.0,0.0,0.0
Qwen/Qwen3-Embedding-0.6B,qwen3-0.6B,EP-4634337-A1_en_q_en,en,en,original,EP-4634337-A1,2,1,1,0.0,0.0,32.0,32.0,0.03125,0.6,1.5219280948873621,0.0,0.0,0.0,0.0,0.0,0.0,0.0,0.0,0.0,0.0,0.0,0.0,0.5,1.0,0.0,1.0,1.0,1.0,0.0,0.0,0.0,0.0,1.0,1.0
Qwen/Qwen3-Embedding-0.6B,qwen3-0.6B,EP-4634128-A1_en_q_en,en,en,original,EP-4634128-A1,2,1,1,0.0,0.0,119.0,inf,0.0,0.8,1.1567796494470395,0.0,0.0,0.0,0.0,0.0,0.0,0.0,0.0,0.0,0.0,0.0,0.0,0.0,0.0,0.0,0.0,0.0,0.0,0.0,0.0,0.0,0.0,0.0,0.0
Qwen/Qwen3-Embedding-0.6B,qwen3-0.6B,EP-4633896-A1_en_q_en,en,en,original,EP-4633896-A1,2,1,1,0.0,0.0,537.0,inf,0.0,0.8,1.8464393446710154,0.0,0.0,0.0,0.0,0.0,0.0,0.0,0.0,0.0,0.0,0.0,0.0,0.0,0.0,0.0,0.0,0.0,0.0,0.0,0.0,0.0,0.0,0.0,0.0
Qwen/Qwen3-Embedding-0.6B,qwen3-0.6B,WO-2025215091-A1_fr_q_fr,fr,fr,original,WO-2025215091-A1,2,1,1,0.25,0.2640681225725909,4.0,428.0,0.002336448598130841,0.0,-0.0,0.0,0.0,0.0,0.5,0.0,1.0,0.5,0.0,1.0,0.5,0.0,1.0,0.5,0.0,1.0,0.5,0.0,1.0,0.0,0.0,0.0,0.0,0.0,0.0
Qwen/Qwen3-Embedding-0.6B,qwen3-0.6B,EP-4633599-A1_fr_q_fr,fr,fr,original,EP-4633599-A1,2,1,1,1.0,0.6131471927654584,1.0,13.0,0.07692307692307693,0.0,-0.0,0.5,0.0,1.0,0.5,0.0,1.0,0.5,0.0,1.0,1.0,1.0,1.0,1.0,1.0,1.0,1.0,1.0,1.0,0.0,0.0,0.0,1.0,1.0,1.0
Qwen/Qwen3-Embedding-0.6B,qwen3-0.6B,EP-4633656-A1_fr_q_fr,fr,fr,original,EP-4633656-A1,2,1,1,0.0,0.0,179.0,inf,0.0,0.0,-0.0,0.0,0.0,0.0,0.0,0.0,0.0,0.0,0.0,0.0,0.0,0.0,0.0,0.0,0.0,0.0,0.0,0.0,0.0,0.0,0.0,0.0,0.0,0.0,0.0
Qwen/Qwen3-Embedding-0.6B,qwen3-0.6B,WO-2025208167-A1_de_q_de,de,de,original,WO-2025208167-A1,2,1,1,0.0,0.0,735.0,735.0,0.0013605442176870747,0.9,1.1567796494470395,0.0,0.0,0.0,0.0,0.0,0.0,0.0,0.0,0.0,0.0,0.0,0.0,0.0,0.0,0.0,0.0,0.0,0.0,0.0,0.0,0.0,0.0,0.0,0.0
Qwen/Qwen3-Embedding-0.6B,qwen3-0.6B,EP-4634396-A1_fr_q_fr,fr,fr,original,EP-4634396-A1,2,1,1,1.0,1.0,1.0,2.0,0.5,0.1,0.4689955935892812,0.5,0.0,1.0,1.0,1.0,1.0,1.0,1.0,1.0,1.0,1.0,1.0,1.0,1.0,1.0,1.0,1.0,1.0,0.0,1.0,1.0,1.0,1.0,1.0
Qwen/Qwen3-Embedding-0.6B,qwen3-0.6B,EP-4633893-A1_fr_q_fr,fr,fr,original,EP-4633893-A1,2,1,1,0.1111111111111111,0.18457569677956817,9.0,41.0,0.024390243902439025,0.0,-0.0,0.0,0.0,0.0,0.0,0.0,0.0,0.5,0.0,1.0,0.5,0.0,1.0,1.0,1.0,1.0,1.0,1.0,1.0,0.0,0.0,0.0,0.0,1.0,1.0
Qwen/Qwen3-Embedding-0.6B,qwen3-0.6B,EP-4633462-A1_en_q_en,en,en,original,EP-4633462-A1,2,1,1,0.5,0.6509209298071326,2.0,4.0,0.25,0.5,1.6854752972273344,0.0,0.0,0.0,1.0,1.0,1.0,1.0,1.0,1.0,1.0,1.0,1.0,1.0,1.0,1.0,1.0,1.0,1.0,0.0,1.0,1.0,1.0,1.0,1.0
Qwen/Qwen3-Embedding-0.6B,qwen3-0.6B,EP-4633386-A1_en_q_en,en,en,original,EP-4633386-A1,2,1,1,1.0,0.6131471927654584,1.0,102.0,0.00980392156862745,0.5,1.360964047443681,0.5,0.0,1.0,0.5,0.0,1.0,0.5,0.0,1.0,0.5,0.0,1.0,0.5,0.0,1.0,0.5,0.0,1.0,0.0,0.0,0.0,0.0,0.0,0.0
Qwen/Qwen3-Embedding-0.6B,qwen3-0.6B,EP-4633970-A1_fr_q_fr,fr,fr,original,EP-4633970-A1,2,1,1,0.0,0.0,17.0,655.0,0.0015267175572519084,0.0,-0.0,0.0,0.0,0.0,0.0,0.0,0.0,0.0,0.0,0.0,0.5,0.0,1.0,0.5,0.0,1.0,0.5,0.0,1.0,0.0,0.0,0.0,0.0,0.0,0.0
Qwen/Qwen3-Embedding-0.6B,qwen3-0.6B,EP-4633415-A1_en_q_en,en,en,original,EP-4633415-A1,2,1,1,1.0,1.0,1.0,2.0,0.5,0.8,1.5219280948873621,0.5,0.0,1.0,1.0,1.0,1.0,1.0,1.0,1.0,1.0,1.0,1.0,1.0,1.0,1.0,1.0,1.0,1.0,0.0,1.0,1.0,1.0,1.0,1.0
Qwen/Qwen3-Embedding-0.6B,qwen3-0.6B,EP-4633415-A1_en_q_de,de,en,synthetic,EP-4633415-A1,2,0,2,1.0,0.8315546295836225,1.0,1.0,1.0,0.6,1.8464393446710154,0.5,0.5,,0.5,0.5,,1.0,1.0,,1.0,1.0,,1.0,1.0,,1.0,1.0,,1.0,1.0,1.0,1.0,1.0,1.0
Qwen/Qwen3-Embedding-0.6B,qwen3-0.6B,EP-4633415-A1_fr_q_fr,fr,fr,original,EP-4633415-A1,2,1,1,0.0,0.0,17.0,195.0,0.005128205128205128,0.1,0.4689955935892812,0.0,0.0,0.0,0.0,0.0,0.0,0.0,0.0,0.0,0.5,0.0,1.0,0.5,0.0,1.0,0.5,0.0,1.0,0.0,0.0,0.0,0.0,0.0,0.0
Qwen/Qwen3-Embedding-0.6B,qwen3-0.6B,EP-4633415-A1_en_q_es,es,en,synthetic,EP-4633415-A1,2,0,2,1.0,1.0,1.0,1.0,1.0,0.8,1.8464393446710154,0.5,0.5,,1.0,1.0,,1.0,1.0,,1.0,1.0,,1.0,1.0,,1.0,1.0,,1.0,1.0,1.0,1.0,1.0,1.0
Qwen/Qwen3-Embedding-0.6B,qwen3-0.6B,EP-4633950-A1_en_q_en,en,en,original,EP-4633950-A1,2,1,1,0.0,0.0,16.0,195.0,0.005128205128205128,0.0,-0.0,0.0,0.0,0.0,0.0,0.0,0.0,0.0,0.0,0.0,0.5,0.0,1.0,0.5,0.0,1.0,0.5,0.0,1.0,0.0,0.0,0.0,0.0,0.0,0.0
Qwen/Qwen3-Embedding-0.6B,qwen3-0.6B,EP-4633950-A1_en_q_de,de,en,synthetic,EP-4633950-A1,2,0,2,0.0,0.0,386.0,386.0,0.0025906735751295338,1.0,1.295461844238322,0.0,0.0,,0.0,0.0,,0.0,0.0,,0.0,0.0,,0.0,0.0,,0.0,0.0,,0.0,0.0,0.0,0.0,0.0,0.0
Qwen/Qwen3-Embedding-0.6B,qwen3-0.6B,EP-4633950-A1_fr_q_fr,fr,fr,original,EP-4633950-A1,2,1,1,0.0,0.0,125.0,inf,0.0,0.1,0.4689955935892812,0.0,0.0,0.0,0.0,0.0,0.0,0.0,0.0,0.0,0.0,0.0,0.0,0.0,0.0,0.0,0.0,0.0,0.0,0.0,0.0,0.0,0.0,0.0,0.0
Qwen/Qwen3-Embedding-0.6B,qwen3-0.6B,EP-4633950-A1_en_q_es,es,en,synthetic,EP-4633950-A1,2,0,2,0.0,0.0,606.0,606.0,0.0016501650165016502,0.9,1.3567796494470397,0.0,0.0,,0.0,0.0,,0.0,0.0,,0.0,0.0,,0.0,0.0,,0.0,0.0,,0.0,0.0,0.0,0.0,0.0,0.0
Qwen/Qwen3-Embedding-0.6B,qwen3-0.6B,EP-4634629-A1_en_q_en,en,en,original,EP-4634629-A1,3,1,2,0.0,0.0,142.0,inf,0.0,0.4,1.5709505944546687,0.0,0.0,0.0,0.0,0.0,0.0,0.0,0.0,0.0,0.0,0.0,0.0,0.0,0.0,0.0,0.0,0.0,0.0,0.0,0.0,0.0,0.0,0.0,0.0
Qwen/Qwen3-Embedding-0.6B,qwen3-0.6B,EP-4634629-A1_de_q_de,de,de,original,EP-4634629-A1,3,1,2,0.0,0.0,inf,inf,0.0,0.6,1.5219280948873621,0.0,0.0,0.0,0.0,0.0,0.0,0.0,0.0,0.0,0.0,0.0,0.0,0.0,0.0,0.0,0.0,0.0,0.0,0.0,0.0,0.0,0.0,0.0,0.0
Qwen/Qwen3-Embedding-0.6B,qwen3-0.6B,EP-4634629-A1_fr_q_fr,fr,fr,original,EP-4634629-A1,3,1,2,0.0,0.0,512.0,inf,0.0,0.1,0.4689955935892812,0.0,0.0,0.0,0.0,0.0,0.0,0.0,0.0,0.0,0.0,0.0,0.0,0.0,0.0,0.0,0.0,0.0,0.0,0.0,0.0,0.0,0.0,0.0,0.0
Qwen/Qwen3-Embedding-0.6B,qwen3-0.6B,EP-4634629-A1_en_q_es,es,en,synthetic,EP-4634629-A1,3,0,3,0.0,0.0,769.0,769.0,0.0013003901170351106,0.8,1.5709505944546687,0.0,0.0,,0.0,0.0,,0.0,0.0,,0.0,0.0,,0.0,0.0,,0.0,0.0,,0.0,0.0,0.0,0.0,0.0,0.0
Qwen/Qwen3-Embedding-0.6B,qwen3-0.6B,EP-4633582-A1_en_q_es,es,en,synthetic,EP-4633582-A1,2,0,2,0.2,0.23719771276929622,5.0,5.0,0.2,0.6,1.360964047443681,0.0,0.0,,0.5,0.5,,0.5,0.5,,0.5,0.5,,1.0,1.0,,1.0,1.0,,0.0,1.0,1.0,1.0,1.0,1.0
Qwen/Qwen3-Embedding-0.6B,qwen3-0.6B,EP-4634165-A1_en_q_es,es,en,synthetic,EP-4634165-A1,2,0,2,1.0,1.0,1.0,1.0,1.0,0.8,1.7609640474436812,0.5,0.5,,1.0,1.0,,1.0,1.0,,1.0,1.0,,1.0,1.0,,1.0,1.0,,1.0,1.0,1.0,1.0,1.0,1.0
Qwen/Qwen3-Embedding-0.6B,qwen3-0.6B,EP-4633677-A1_en_q_de,de,en,synthetic,EP-4633677-A1,2,0,2,0.0,0.0,47.0,47.0,0.02127659574468085,1.0,0.8812908992306927,0.0,0.0,,0.0,0.0,,0.0,0.0,,0.0,0.0,,0.5,0.5,,0.5,0.5,,0.0,0.0,0.0,0.0,1.0,1.0
Qwen/Qwen3-Embedding-0.6B,qwen3-0.6B,EP-4634246-A1_en_q_en,en,en,original,EP-4634246-A1,2,1,1,1.0,0.8175295903539445,1.0,1.0,1.0,0.8,1.4854752972273344,0.5,1.0,0.0,0.5,1.0,0.0,1.0,1.0,1.0,1.0,1.0,1.0,1.0,1.0,1.0,1.0,1.0,1.0,1.0,1.0,1.0,1.0,1.0,1.0
Qwen/Qwen3-Embedding-0.6B,qwen3-0.6B,EP-4634120-A1_en_q_de,de,en,synthetic,EP-4634120-A1,2,0,2,0.0,0.0,31.0,31.0,0.03225806451612903,1.0,1.360964047443681,0.0,0.0,,0.0,0.0,,0.0,0.0,,0.0,0.0,,0.5,0.5,,1.0,1.0,,0.0,0.0,0.0,0.0,1.0,1.0
Qwen/Qwen3-Embedding-0.6B,qwen3-0.6B,EP-4633638-A1_en_q_en,en,en,original,EP-4633638-A1,2,1,1,1.0,1.0,1.0,2.0,0.5,0.7,1.5709505944546684,0.5,0.0,1.0,1.0,1.0,1.0,1.0,1.0,1.0,1.0,1.0,1.0,1.0,1.0,1.0,1.0,1.0,1.0,0.0,1.0,1.0,1.0,1.0,1.0
Qwen/Qwen3-Embedding-0.6B,qwen3-0.6B,EP-4633389-A1_en_q_en,en,en,original,EP-4633389-A1,2,1,1,1.0,1.0,1.0,2.0,0.5,0.6,0.9709505944546686,0.5,0.0,1.0,1.0,1.0,1.0,1.0,1.0,1.0,1.0,1.0,1.0,1.0,1.0,1.0,1.0,1.0,1.0,0.0,1.0,1.0,1.0,1.0,1.0
Qwen/Qwen3-Embedding-0.6B,qwen3-0.6B,WO-2025209629-A1_de_q_es,es,de,synthetic,WO-2025209629-A1,2,0,2,1.0,1.0,1.0,1.0,1.0,1.0,1.295461844238322,0.5,0.5,,1.0,1.0,,1.0,1.0,,1.0,1.0,,1.0,1.0,,1.0,1.0,,1.0,1.0,1.0,1.0,1.0,1.0
Qwen/Qwen3-Embedding-0.6B,qwen3-0.6B,EP-4634132-A2_en_q_en,en,en,original,EP-4634132-A2,2,1,1,0.25,0.5012658353418871,4.0,5.0,0.2,0.5,1.360964047443681,0.0,0.0,0.0,1.0,1.0,1.0,1.0,1.0,1.0,1.0,1.0,1.0,1.0,1.0,1.0,1.0,1.0,1.0,0.0,1.0,1.0,1.0,1.0,1.0
Qwen/Qwen3-Embedding-0.6B,qwen3-0.6B,EP-4634914-A1_en_q_es,es,en,synthetic,EP-4634914-A1,2,0,2,1.0,0.8065735963827293,1.0,1.0,1.0,1.0,1.4854752972273344,0.5,0.5,,0.5,0.5,,1.0,1.0,,1.0,1.0,,1.0,1.0,,1.0,1.0,,1.0,1.0,1.0,1.0,1.0,1.0
Qwen/Qwen3-Embedding-0.6B,qwen3-0.6B,EP-4634285-A1_en_q_de,de,en,synthetic,EP-4634285-A1,2,0,2,1.0,0.8315546295836225,1.0,1.0,1.0,1.0,1.4854752972273344,0.5,0.5,,0.5,0.5,,1.0,1.0,,1.0,1.0,,1.0,1.0,,1.0,1.0,,1.0,1.0,1.0,1.0,1.0,1.0
Qwen/Qwen3-Embedding-0.6B,qwen3-0.6B,EP-4634122-A1_fr_q_fr,fr,fr,original,EP-4634122-A1,2,1,1,0.0,0.0,45.0,339.0,0.0029498525073746312,0.0,-0.0,0.0,0.0,0.0,0.0,0.0,0.0,0.0,0.0,0.0,0.0,0.0,0.0,0.5,0.0,1.0,0.5,0.0,1.0,0.0,0.0,0.0,0.0,0.0,0.0
Qwen/Qwen3-Embedding-0.6B,qwen3-0.6B,EP-4634365-A1_fr_q_fr,fr,fr,original,EP-4634365-A1,2,1,1,1.0,1.0,1.0,2.0,0.5,0.1,0.4689955935892812,0.5,0.0,1.0,1.0,1.0,1.0,1.0,1.0,1.0,1.0,1.0,1.0,1.0,1.0,1.0,1.0,1.0,1.0,0.0,1.0,1.0,1.0,1.0,1.0
Qwen/Qwen3-Embedding-0.6B,qwen3-0.6B,WO-2025214709-A1_de_q_es,es,de,synthetic,WO-2025214709-A1,2,0,2,0.0,0.0,64.0,64.0,0.015625,0.8,1.4854752972273344,0.0,0.0,,0.0,0.0,,0.0,0.0,,0.0,0.0,,0.0,0.0,,1.0,1.0,,0.0,0.0,0.0,0.0,0.0,1.0
Qwen/Qwen3-Embedding-0.6B,qwen3-0.6B,EP-4633426-A2_en_q_es,es,en,synthetic,EP-4633426-A2,3,0,3,1.0,1.0,1.0,1.0,1.0,0.9,1.6854752972273344,0.3333333333333333,0.3333333333333333,,1.0,1.0,,1.0,1.0,,1.0,1.0,,1.0,1.0,,1.0,1.0,,1.0,1.0,1.0,1.0,1.0,1.0
Qwen/Qwen3-Embedding-0.6B,qwen3-0.6B,EP-4630604-A1_de_q_es,es,de,synthetic,EP-4630604-A1,2,0,2,0.14285714285714285,0.39780880120575696,7.0,7.0,0.14285714285714285,1.0,1.4854752972273344,0.0,0.0,,0.0,0.0,,1.0,1.0,,1.0,1.0,,1.0,1.0,,1.0,1.0,,0.0,0.0,1.0,1.0,1.0,1.0
Qwen/Qwen3-Embedding-0.6B,qwen3-0.6B,EP-4634118-A1_en_q_es,es,en,synthetic,EP-4634118-A1,2,0,2,0.5,0.6934264036172708,2.0,2.0,0.5,1.0,1.295461844238322,0.0,0.0,,1.0,1.0,,1.0,1.0,,1.0,1.0,,1.0,1.0,,1.0,1.0,,0.0,1.0,1.0,1.0,1.0,1.0
Qwen/Qwen3-Embedding-0.6B,qwen3-0.6B,EP-4634404-A1_en_q_de,de,en,synthetic,EP-4634404-A1,2,0,2,1.0,1.0,1.0,1.0,1.0,0.9,0.9219280948873623,0.5,0.5,,1.0,1.0,,1.0,1.0,,1.0,1.0,,1.0,1.0,,1.0,1.0,,1.0,1.0,1.0,1.0,1.0,1.0
Qwen/Qwen3-Embedding-0.6B,qwen3-0.6B,EP-4633465-A1_en_q_de,de,en,synthetic,EP-4633465-A1,2,0,2,0.5,0.6509209298071326,2.0,2.0,0.5,0.9,2.0464393446710156,0.0,0.0,,1.0,1.0,,1.0,1.0,,1.0,1.0,,1.0,1.0,,1.0,1.0,,0.0,1.0,1.0,1.0,1.0,1.0
Qwen/Qwen3-Embedding-0.6B,qwen3-0.6B,EP-4633680-A1_en_q_es,es,en,synthetic,EP-4633680-A1,2,0,2,1.0,0.9197207891481876,1.0,1.0,1.0,0.4,1.295461844238322,0.5,0.5,,1.0,1.0,,1.0,1.0,,1.0,1.0,,1.0,1.0,,1.0,1.0,,1.0,1.0,1.0,1.0,1.0,1.0
Qwen/Qwen3-Embedding-0.6B,qwen3-0.6B,WO-2025201606-A1_de_q_es,es,de,synthetic,WO-2025201606-A1,2,0,2,1.0,1.0,1.0,1.0,1.0,0.8,1.8464393446710154,0.5,0.5,,1.0,1.0,,1.0,1.0,,1.0,1.0,,1.0,1.0,,1.0,1.0,,1.0,1.0,1.0,1.0,1.0,1.0
Qwen/Qwen3-Embedding-0.6B,qwen3-0.6B,EP-4634435-A1_en_q_de,de,en,synthetic,EP-4634435-A1,2,0,2,0.1111111111111111,0.18457569677956817,9.0,9.0,0.1111111111111111,0.4,1.3709505944546687,0.0,0.0,,0.0,0.0,,0.5,0.5,,1.0,1.0,,1.0,1.0,,1.0,1.0,,0.0,0.0,1.0,1.0,1.0,1.0
Qwen/Qwen3-Embedding-0.6B,qwen3-0.6B,EP-4634143-A1_en_q_de,de,en,synthetic,EP-4634143-A1,2,0,2,0.16666666666666666,0.21840743681816419,6.0,6.0,0.16666666666666666,0.4,1.295461844238322,0.0,0.0,,0.0,0.0,,0.5,0.5,,0.5,0.5,,1.0,1.0,,1.0,1.0,,0.0,0.0,1.0,1.0,1.0,1.0
Qwen/Qwen3-Embedding-0.6B,qwen3-0.6B,EP-4634411-A1_en_q_de,de,en,synthetic,EP-4634411-A1,2,0,2,0.0,0.0,424.0,424.0,0.0023584905660377358,0.4,1.295461844238322,0.0,0.0,,0.0,0.0,,0.0,0.0,,0.0,0.0,,0.0,0.0,,0.0,0.0,,0.0,0.0,0.0,0.0,0.0,0.0
Qwen/Qwen3-Embedding-0.6B,qwen3-0.6B,EP-4634287-A1_en_q_es,es,en,synthetic,EP-4634287-A1,3,0,3,0.2,0.18154179253735267,5.0,5.0,0.2,0.9,0.4689955935892812,0.0,0.0,,0.3333333333333333,0.3333333333333333,,0.3333333333333333,0.3333333333333333,,0.3333333333333333,0.3333333333333333,,0.3333333333333333,0.3333333333333333,,0.6666666666666666,0.6666666666666666,,0.0,1.0,1.0,1.0,1.0,1.0
Qwen/Qwen3-Embedding-0.6B,qwen3-0.6B,EP-4633627-A1_en_q_de,de,en,synthetic,EP-4633627-A1,2,0,2,1.0,1.0,1.0,1.0,1.0,1.0,1.5219280948873621,0.5,0.5,,1.0,1.0,,1.0,1.0,,1.0,1.0,,1.0,1.0,,1.0,1.0,,1.0,1.0,1.0,1.0,1.0,1.0
Qwen/Qwen3-Embedding-0.6B,qwen3-0.6B,EP-4633670-A1_fr_q_fr,fr,fr,original,EP-4633670-A1,2,1,1,1.0,1.0,1.0,2.0,0.5,0.1,0.4689955935892812,0.5,0.0,1.0,1.0,1.0,1.0,1.0,1.0,1.0,1.0,1.0,1.0,1.0,1.0,1.0,1.0,1.0,1.0,0.0,1.0,1.0,1.0,1.0,1.0
Qwen/Qwen3-Embedding-0.6B,qwen3-0.6B,WO-2025202163-A1_fr_q_fr,fr,fr,original,WO-2025202163-A1,2,1,1,1.0,0.8772153153380493,1.0,4.0,0.25,0.5,1.4854752972273344,0.5,0.0,1.0,1.0,1.0,1.0,1.0,1.0,1.0,1.0,1.0,1.0,1.0,1.0,1.0,1.0,1.0,1.0,0.0,1.0,1.0,1.0,1.0,1.0
Qwen/Qwen3-Embedding-0.6B,qwen3-0.6B,WO-2025214852-A1_fr_q_fr,fr,fr,original,WO-2025214852-A1,2,1,1,0.0,0.0,29.0,29.0,0.034482758620689655,0.1,0.4689955935892812,0.0,0.0,0.0,0.0,0.0,0.0,0.0,0.0,0.0,0.0,0.0,0.0,1.0,1.0,1.0,1.0,1.0,1.0,0.0,0.0,0.0,0.0,1.0,1.0
Qwen/Qwen3-Embedding-0.6B,qwen3-0.6B,WO-2025214996-A1_fr_q_fr,fr,fr,original,WO-2025214996-A1,2,1,1,0.0,0.0,47.0,inf,0.0,0.2,0.7219280948873623,0.0,0.0,0.0,0.0,0.0,0.0,0.0,0.0,0.0,0.0,0.0,0.0,0.5,0.0,1.0,0.5,0.0,1.0,0.0,0.0,0.0,0.0,0.0,0.0
Qwen/Qwen3-Embedding-0.6B,qwen3-0.6B,EP-4630123-A1_de_q_de,de,de,original,EP-4630123-A1,2,1,1,1.0,0.8503449055347546,1.0,5.0,0.2,0.6,1.721928094887362,0.5,0.0,1.0,1.0,1.0,1.0,1.0,1.0,1.0,1.0,1.0,1.0,1.0,1.0,1.0,1.0,1.0,1.0,0.0,1.0,1.0,1.0,1.0,1.0
Qwen/Qwen3-Embedding-0.6B,qwen3-0.6B,EP-4634646-A1_en_q_en,en,en,original,EP-4634646-A1,2,1,1,1.0,1.0,1.0,2.0,0.5,0.9,1.1567796494470395,0.5,0.0,1.0,1.0,1.0,1.0,1.0,1.0,1.0,1.0,1.0,1.0,1.0,1.0,1.0,1.0,1.0,1.0,0.0,1.0,1.0,1.0,1.0,1.0
Qwen/Qwen3-Embedding-0.6B,qwen3-0.6B,EP-4634294-A1_en_q_en,en,en,original,EP-4634294-A1,2,1,1,0.5,0.6240505200038379,2.0,5.0,0.2,0.3,0.8812908992306927,0.0,0.0,0.0,1.0,1.0,1.0,1.0,1.0,1.0,1.0,1.0,1.0,1.0,1.0,1.0,1.0,1.0,1.0,0.0,1.0,1.0,1.0,1.0,1.0
Qwen/Qwen3-Embedding-0.6B,qwen3-0.6B,EP-4634436-A1_fr_q_fr,fr,fr,original,EP-4634436-A1,2,1,1,0.5,0.38685280723454163,2.0,19.0,0.05263157894736842,0.2,0.9219280948873623,0.0,0.0,0.0,0.5,0.0,1.0,0.5,0.0,1.0,1.0,1.0,1.0,1.0,1.0,1.0,1.0,1.0,1.0,0.0,0.0,0.0,1.0,1.0,1.0
Qwen/Qwen3-Embedding-0.6B,qwen3-0.6B,EP-4633761-A1_en_q_en,en,en,original,EP-4633761-A1,2,1,1,0.0,0.0,534.0,534.0,0.0018726591760299626,0.7,1.9709505944546686,0.0,0.0,0.0,0.0,0.0,0.0,0.0,0.0,0.0,0.0,0.0,0.0,0.0,0.0,0.0,0.0,0.0,0.0,0.0,0.0,0.0,0.0,0.0,0.0
Qwen/Qwen3-Embedding-0.6B,qwen3-0.6B,WO-2025215167-A1_de_q_de,de,de,original,WO-2025215167-A1,2,1,1,1.0,0.8315546295836225,1.0,6.0,0.16666666666666666,0.3,1.1567796494470395,0.5,0.0,1.0,0.5,0.0,1.0,1.0,1.0,1.0,1.0,1.0,1.0,1.0,1.0,1.0,1.0,1.0,1.0,0.0,0.0,1.0,1.0,1.0,1.0
Qwen/Qwen3-Embedding-0.6B,qwen3-0.6B,EP-4626962-A1_de_q_en,en,de,synthetic,EP-4626962-A1,2,0,2,1.0,0.8175295903539445,1.0,1.0,1.0,0.6,1.5219280948873621,0.5,0.5,,0.5,0.5,,1.0,1.0,,1.0,1.0,,1.0,1.0,,1.0,1.0,,1.0,1.0,1.0,1.0,1.0,1.0
Qwen/Qwen3-Embedding-0.6B,qwen3-0.6B,EP-4626962-A1_de_q_de,de,de,original,EP-4626962-A1,2,1,1,0.125,0.37800210039683896,8.0,8.0,0.125,0.3,1.1567796494470395,0.0,0.0,0.0,0.0,0.0,0.0,1.0,1.0,1.0,1.0,1.0,1.0,1.0,1.0,1.0,1.0,1.0,1.0,0.0,0.0,1.0,1.0,1.0,1.0
Qwen/Qwen3-Embedding-0.6B,qwen3-0.6B,EP-4626962-A1_fr_q_fr,fr,fr,original,EP-4626962-A1,2,1,1,0.0,0.0,20.0,159.0,0.006289308176100629,0.0,-0.0,0.0,0.0,0.0,0.0,0.0,0.0,0.0,0.0,0.0,0.5,0.0,1.0,0.5,0.0,1.0,0.5,0.0,1.0,0.0,0.0,0.0,0.0,0.0,0.0
Qwen/Qwen3-Embedding-0.6B,qwen3-0.6B,EP-4626962-A1_de_q_es,es,de,synthetic,EP-4626962-A1,2,0,2,1.0,0.8175295903539445,1.0,1.0,1.0,1.0,1.295461844238322,0.5,0.5,,0.5,0.5,,1.0,1.0,,1.0,1.0,,1.0,1.0,,1.0,1.0,,1.0,1.0,1.0,1.0,1.0,1.0
Qwen/Qwen3-Embedding-0.6B,qwen3-0.6B,WO-2025201936-A1_de_q_en,en,de,synthetic,WO-2025201936-A1,2,0,2,0.0,0.0,504.0,504.0,0.001984126984126984,0.2,0.9219280948873623,0.0,0.0,,0.0,0.0,,0.0,0.0,,0.0,0.0,,0.0,0.0,,0.0,0.0,,0.0,0.0,0.0,0.0,0.0,0.0
Qwen/Qwen3-Embedding-0.6B,qwen3-0.6B,WO-2025201936-A1_fr_q_fr,fr,fr,original,WO-2025201936-A1,2,1,1,0.5,0.38685280723454163,2.0,181.0,0.0055248618784530384,0.0,-0.0,0.0,0.0,0.0,0.5,0.0,1.0,0.5,0.0,1.0,0.5,0.0,1.0,0.5,0.0,1.0,0.5,0.0,1.0,0.0,0.0,0.0,0.0,0.0,0.0
Qwen/Qwen3-Embedding-0.6B,qwen3-0.6B,WO-2025201936-A1_de_q_es,es,de,synthetic,WO-2025201936-A1,2,0,2,0.14285714285714285,0.20438239758848611,7.0,7.0,0.14285714285714285,0.8,1.5219280948873621,0.0,0.0,,0.0,0.0,,0.5,0.5,,0.5,0.5,,1.0,1.0,,1.0,1.0,,0.0,0.0,1.0,1.0,1.0,1.0
Qwen/Qwen3-Embedding-0.6B,qwen3-0.6B,EP-4634597-A1_en_q_en,en,en,original,EP-4634597-A1,2,1,1,0.0,0.0,35.0,137.0,0.0072992700729927005,0.7,1.4854752972273344,0.0,0.0,0.0,0.0,0.0,0.0,0.0,0.0,0.0,0.0,0.0,0.0,0.5,0.0,1.0,0.5,0.0,1.0,0.0,0.0,0.0,0.0,0.0,0.0
Qwen/Qwen3-Embedding-0.6B,qwen3-0.6B,EP-4634597-A1_en_q_de,de,en,synthetic,EP-4634597-A1,2,0,2,0.2,0.23719771276929622,5.0,5.0,0.2,0.7,1.8464393446710154,0.0,0.0,,0.5,0.5,,0.5,0.5,,1.0,1.0,,1.0,1.0,,1.0,1.0,,0.0,1.0,1.0,1.0,1.0,1.0
Qwen/Qwen3-Embedding-0.6B,qwen3-0.6B,EP-4634597-A1_fr_q_fr,fr,fr,original,EP-4634597-A1,2,1,1,1.0,0.6131471927654584,1.0,37.0,0.02702702702702703,0.4,1.295461844238322,0.5,0.0,1.0,0.5,0.0,1.0,0.5,0.0,1.0,0.5,0.0,1.0,1.0,1.0,1.0,1.0,1.0,1.0,0.0,0.0,0.0,0.0,1.0,1.0
Qwen/Qwen3-Embedding-0.6B,qwen3-0.6B,EP-4634597-A1_en_q_es,es,en,synthetic,EP-4634597-A1,2,0,2,0.0,0.0,17.0,17.0,0.058823529411764705,0.8,1.5709505944546687,0.0,0.0,,0.0,0.0,,0.0,0.0,,0.5,0.5,,1.0,1.0,,1.0,1.0,,0.0,0.0,0.0,1.0,1.0,1.0
Qwen/Qwen3-Embedding-0.6B,qwen3-0.6B,EP-4634381-A1_en_q_zh,zh,en,synthetic,EP-4634381-A1,2,0,2,0.0,0.0,28.0,28.0,0.03571428571428571,1.0,1.4854752972273344,0.0,0.0,,0.0,0.0,,0.0,0.0,,0.0,0.0,,1.0,1.0,,1.0,1.0,,0.0,0.0,0.0,0.0,1.0,1.0
Qwen/Qwen3-Embedding-0.6B,qwen3-0.6B,EP-4633589-A1_en_q_zh,zh,en,synthetic,EP-4633589-A1,2,0,2,0.0,0.0,inf,inf,0.0,1.0,-0.0,0.0,0.0,,0.0,0.0,,0.0,0.0,,0.0,0.0,,0.0,0.0,,0.0,0.0,,0.0,0.0,0.0,0.0,0.0,0.0
Qwen/Qwen3-Embedding-0.6B,qwen3-0.6B,EP-4627024-A1_de_q_zh,zh,de,synthetic,EP-4627024-A1,2,0,2,0.0,0.0,81.0,81.0,0.012345679012345678,1.0,1.295461844238322,0.0,0.0,,0.0,0.0,,0.0,0.0,,0.0,0.0,,0.0,0.0,,0.5,0.5,,0.0,0.0,0.0,0.0,0.0,1.0
Qwen/Qwen3-Embedding-0.6B,qwen3-0.6B,EP-4634926-A1_en_q_zh,zh,en,synthetic,EP-4634926-A1,2,0,2,0.0,0.0,41.0,41.0,0.024390243902439025,1.0,1.9219280948873623,0.0,0.0,,0.0,0.0,,0.0,0.0,,0.0,0.0,,0.5,0.5,,1.0,1.0,,0.0,0.0,0.0,0.0,1.0,1.0
Qwen/Qwen3-Embedding-0.6B,qwen3-0.6B,EP-4633863-A2_en_q_zh,zh,en,synthetic,EP-4633863-A2,3,0,3,0.0,0.0,53.0,53.0,0.018867924528301886,0.8,1.4854752972273344,0.0,0.0,,0.0,0.0,,0.0,0.0,,0.0,0.0,,0.0,0.0,,0.6666666666666666,0.6666666666666666,,0.0,0.0,0.0,0.0,0.0,1.0
Qwen/Qwen3-Embedding-0.6B,qwen3-0.6B,EP-4633797-A1_en_q_zh,zh,en,synthetic,EP-4633797-A1,2,0,2,1.0,1.0,1.0,1.0,1.0,1.0,1.0,0.5,0.5,,1.0,1.0,,1.0,1.0,,1.0,1.0,,1.0,1.0,,1.0,1.0,,1.0,1.0,1.0,1.0,1.0,1.0
Qwen/Qwen3-Embedding-0.6B,qwen3-0.6B,EP-4633777-A1_en_q_zh,zh,en,synthetic,EP-4633777-A1,2,0,2,0.5,0.6509209298071326,2.0,2.0,0.5,0.9,2.1709505944546685,0.0,0.0,,1.0,1.0,,1.0,1.0,,1.0,1.0,,1.0,1.0,,1.0,1.0,,0.0,1.0,1.0,1.0,1.0,1.0
Qwen/Qwen3-Embedding-0.6B,qwen3-0.6B,EP-4633621-A1_en_q_zh,zh,en,synthetic,EP-4633621-A1,2,0,2,0.5,0.5802792108518124,2.0,2.0,0.5,1.0,1.295461844238322,0.0,0.0,,0.5,0.5,,1.0,1.0,,1.0,1.0,,1.0,1.0,,1.0,1.0,,0.0,1.0,1.0,1.0,1.0,1.0
Qwen/Qwen3-Embedding-0.6B,qwen3-0.6B,EP-4634723-A1_en_q_zh,zh,en,synthetic,EP-4634723-A1,2,0,2,0.0,0.0,301.0,301.0,0.0033222591362126247,1.0,1.8464393446710154,0.0,0.0,,0.0,0.0,,0.0,0.0,,0.0,0.0,,0.0,0.0,,0.0,0.0,,0.0,0.0,0.0,0.0,0.0,0.0
Qwen/Qwen3-Embedding-0.6B,qwen3-0.6B,EP-4633581-A1_en_q_zh,zh,en,synthetic,EP-4633581-A1,2,0,2,0.0,0.0,88.0,88.0,0.011363636363636364,0.8,1.8464393446710154,0.0,0.0,,0.0,0.0,,0.0,0.0,,0.0,0.0,,0.0,0.0,,0.5,0.5,,0.0,0.0,0.0,0.0,0.0,1.0
Qwen/Qwen3-Embedding-0.6B,qwen3-0.6B,EP-4634416-A1_en_q_zh,zh,en,synthetic,EP-4634416-A1,2,0,2,0.14285714285714285,0.20438239758848611,7.0,7.0,0.14285714285714285,1.0,1.6854752972273344,0.0,0.0,,0.0,0.0,,0.5,0.5,,0.5,0.5,,1.0,1.0,,1.0,1.0,,0.0,0.0,1.0,1.0,1.0,1.0
Qwen/Qwen3-Embedding-0.6B,qwen3-0.6B,EP-4634305-A1_en_q_zh,zh,en,synthetic,EP-4634305-A1,2,0,2,1.0,1.0,1.0,1.0,1.0,1.0,1.8464393446710154,0.5,0.5,,1.0,1.0,,1.0,1.0,,1.0,1.0,,1.0,1.0,,1.0,1.0,,1.0,1.0,1.0,1.0,1.0,1.0
Qwen/Qwen3-Embedding-0.6B,qwen3-0.6B,EP-4633531-A1_en_q_zh,zh,en,synthetic,EP-4633531-A1,2,0,2,1.0,1.0,1.0,1.0,1.0,1.0,1.5709505944546684,0.5,0.5,,1.0,1.0,,1.0,1.0,,1.0,1.0,,1.0,1.0,,1.0,1.0,,1.0,1.0,1.0,1.0,1.0,1.0
Qwen/Qwen3-Embedding-0.6B,qwen3-0.6B,EP-4634333-A1_en_q_zh,zh,en,synthetic,EP-4634333-A1,2,0,2,0.0,0.0,24.0,24.0,0.041666666666666664,1.0,1.6854752972273344,0.0,0.0,,0.0,0.0,,0.0,0.0,,0.0,0.0,,1.0,1.0,,1.0,1.0,,0.0,0.0,0.0,0.0,1.0,1.0
Qwen/Qwen3-Embedding-0.6B,qwen3-0.6B,EP-4634212-A1_en_q_zh,zh,en,synthetic,EP-4634212-A1,2,0,2,1.0,0.9197207891481876,1.0,1.0,1.0,1.0,1.5709505944546684,0.5,0.5,,1.0,1.0,,1.0,1.0,,1.0,1.0,,1.0,1.0,,1.0,1.0,,1.0,1.0,1.0,1.0,1.0,1.0
Qwen/Qwen3-Embedding-0.6B,qwen3-0.6B,EP-4629959-A1_de_q_zh,zh,de,synthetic,EP-4629959-A1,2,0,2,0.0,0.0,65.0,65.0,0.015384615384615385,0.9,1.8464393446710154,0.0,0.0,,0.0,0.0,,0.0,0.0,,0.0,0.0,,0.0,0.0,,0.5,0.5,,0.0,0.0,0.0,0.0,0.0,1.0
Qwen/Qwen3-Embedding-0.6B,qwen3-0.6B,EP-4627881-A1_de_q_zh,zh,de,synthetic,EP-4627881-A1,2,0,2,1.0,0.9197207891481876,1.0,1.0,1.0,1.0,1.1567796494470395,0.5,0.5,,1.0,1.0,,1.0,1.0,,1.0,1.0,,1.0,1.0,,1.0,1.0,,1.0,1.0,1.0,1.0,1.0,1.0
Qwen/Qwen3-Embedding-0.6B,qwen3-0.6B,EP-4633576-A1_en_q_zh,zh,en,synthetic,EP-4633576-A1,2,0,2,0.0,0.0,260.0,260.0,0.0038461538461538464,0.8,1.8464393446710154,0.0,0.0,,0.0,0.0,,0.0,0.0,,0.0,0.0,,0.0,0.0,,0.0,0.0,,0.0,0.0,0.0,0.0,0.0,0.0
Qwen/Qwen3-Embedding-0.6B,qwen3-0.6B,EP-4633742-A2_en_q_zh,zh,en,synthetic,EP-4633742-A2,2,0,2,0.2,0.23719771276929622,5.0,5.0,0.2,1.0,1.4854752972273344,0.0,0.0,,0.5,0.5,,0.5,0.5,,1.0,1.0,,1.0,1.0,,1.0,1.0,,0.0,1.0,1.0,1.0,1.0,1.0
Qwen/Qwen3-Embedding-0.6B,qwen3-0.6B,EP-4633791-A1_en_q_zh,zh,en,synthetic,EP-4633791-A1,2,0,2,1.0,1.0,1.0,1.0,1.0,1.0,1.4854752972273344,0.5,0.5,,1.0,1.0,,1.0,1.0,,1.0,1.0,,1.0,1.0,,1.0,1.0,,1.0,1.0,1.0,1.0,1.0,1.0
Qwen/Qwen3-Embedding-0.6B,qwen3-0.6B,EP-4630574-A1_fr_q_fr,fr,fr,original,EP-4630574-A1,3,1,2,0.0,0.0,145.0,434.0,0.002304147465437788,0.2,0.7219280948873623,0.0,0.0,0.0,0.0,0.0,0.0,0.0,0.0,0.0,0.0,0.0,0.0,0.0,0.0,0.0,0.0,0.0,0.0,0.0,0.0,0.0,0.0,0.0,0.0
Qwen/Qwen3-Embedding-0.6B,qwen3-0.6B,EP-4634111-A1_fr_q_fr,fr,fr,original,EP-4634111-A1,3,1,2,0.0,0.0,63.0,459.0,0.002178649237472767,0.0,-0.0,0.0,0.0,0.0,0.0,0.0,0.0,0.0,0.0,0.0,0.0,0.0,0.0,0.0,0.0,0.0,0.3333333333333333,0.0,1.0,0.0,0.0,0.0,0.0,0.0,0.0
Qwen/Qwen3-Embedding-0.6B,qwen3-0.6B,EP-4633622-A2_en_q_es,es,en,synthetic,EP-4633622-A2,3,0,3,1.0,1.0,1.0,1.0,1.0,1.0,1.360964047443681,0.3333333333333333,0.3333333333333333,,1.0,1.0,,1.0,1.0,,1.0,1.0,,1.0,1.0,,1.0,1.0,,1.0,1.0,1.0,1.0,1.0,1.0
Qwen/Qwen3-Embedding-0.6B,qwen3-0.6B,EP-4634187-A1_en_q_es_120,es,en,synthetic,EP-4634187-A1,3,0,3,0.2,0.18154179253735267,5.0,5.0,0.2,1.0,1.0,0.0,0.0,,0.3333333333333333,0.3333333333333333,,0.3333333333333333,0.3333333333333333,,0.6666666666666666,0.6666666666666666,,0.6666666666666666,0.6666666666666666,,1.0,1.0,,0.0,1.0,1.0,1.0,1.0,1.0
Qwen/Qwen3-Embedding-0.6B,qwen3-0.6B,EP-4634139-A1_fr_q_fr,fr,fr,original,EP-4634139-A1,3,1,2,1.0,0.9469024295259745,1.0,2.0,0.5,0.4,1.295461844238322,0.3333333333333333,0.0,1.0,1.0,1.0,1.0,1.0,1.0,1.0,1.0,1.0,1.0,1.0,1.0,1.0,1.0,1.0,1.0,0.0,1.0,1.0,1.0,1.0,1.0
Qwen/Qwen3-Embedding-0.6B,qwen3-0.6B,EP-4634136-A1_en_q_en,en,en,original,EP-4634136-A1,3,1,2,0.0,0.0,299.0,483.0,0.002070393374741201,0.8,1.3709505944546687,0.0,0.0,0.0,0.0,0.0,0.0,0.0,0.0,0.0,0.0,0.0,0.0,0.0,0.0,0.0,0.0,0.0,0.0,0.0,0.0,0.0,0.0,0.0,0.0
Qwen/Qwen3-Embedding-0.6B,qwen3-0.6B,EP-4634136-A1_en_q_de,de,en,synthetic,EP-4634136-A1,3,0,3,0.16666666666666666,0.16716045496620227,6.0,6.0,0.16666666666666666,0.3,1.3567796494470397,0.0,0.0,,0.0,0.0,,0.3333333333333333,0.3333333333333333,,0.3333333333333333,0.3333333333333333,,0.3333333333333333,0.3333333333333333,,0.6666666666666666,0.6666666666666666,,0.0,0.0,1.0,1.0,1.0,1.0
Qwen/Qwen3-Embedding-0.6B,qwen3-0.6B,EP-4634136-A1_fr_q_fr,fr,fr,original,EP-4634136-A1,3,1,2,0.25,0.20210734650054757,4.0,201.0,0.004975124378109453,0.0,-0.0,0.0,0.0,0.0,0.3333333333333333,0.0,1.0,0.3333333333333333,0.0,1.0,0.3333333333333333,0.0,1.0,0.3333333333333333,0.0,1.0,0.3333333333333333,0.0,1.0,0.0,0.0,0.0,0.0,0.0,0.0
Qwen/Qwen3-Embedding-0.6B,qwen3-0.6B,EP-4634136-A1_en_q_es_125,es,en,synthetic,EP-4634136-A1,3,0,3,0.0,0.0,201.0,201.0,0.004975124378109453,0.5,1.360964047443681,0.0,0.0,,0.0,0.0,,0.0,0.0,,0.0,0.0,,0.0,0.0,,0.0,0.0,,0.0,0.0,0.0,0.0,0.0,0.0
Qwen/Qwen3-Embedding-0.6B,qwen3-0.6B,EP-4634136-A1_zh_q_zh,zh,zh,original,EP-4634136-A1,3,1,2,1.0,0.46927872602275644,1.0,141.0,0.0070921985815602835,0.8,2.321928094887362,0.3333333333333333,0.0,1.0,0.3333333333333333,0.0,1.0,0.3333333333333333,0.0,1.0,0.3333333333333333,0.0,1.0,0.3333333333333333,0.0,1.0,0.3333333333333333,0.0,1.0,0.0,0.0,0.0,0.0,0.0,0.0
Qwen/Qwen3-Embedding-0.6B,qwen3-0.6B,EP-4634248-A1_en_q_en,en,en,original,EP-4634248-A1,3,1,2,1.0,0.8179809735263114,1.0,5.0,0.2,0.4,1.5709505944546687,0.3333333333333333,0.0,1.0,0.6666666666666666,0.5,1.0,1.0,1.0,1.0,1.0,1.0,1.0,1.0,1.0,1.0,1.0,1.0,1.0,0.0,1.0,1.0,1.0,1.0,1.0
Qwen/Qwen3-Embedding-0.6B,qwen3-0.6B,EP-4634142-A1_en_q_es,es,en,synthetic,EP-4634142-A1,3,0,3,1.0,0.7777061538487877,1.0,1.0,1.0,0.9,2.1219280948873624,0.3333333333333333,0.3333333333333333,,0.3333333333333333,0.3333333333333333,,1.0,1.0,,1.0,1.0,,1.0,1.0,,1.0,1.0,,1.0,1.0,1.0,1.0,1.0,1.0
Qwen/Qwen3-Embedding-0.6B,qwen3-0.6B,WO-2025214812-A1_de_q_es,es,de,synthetic,WO-2025214812-A1,3,0,3,0.3333333333333333,0.6039071644781281,3.0,3.0,0.3333333333333333,1.0,1.8464393446710154,0.0,0.0,,0.6666666666666666,0.6666666666666666,,1.0,1.0,,1.0,1.0,,1.0,1.0,,1.0,1.0,,0.0,1.0,1.0,1.0,1.0,1.0
Qwen/Qwen3-Embedding-0.6B,qwen3-0.6B,EP-4633662-A1_en_q_de,de,en,synthetic,EP-4633662-A1,3,0,3,0.125,0.1480409554829326,8.0,8.0,0.125,1.0,1.295461844238322,0.0,0.0,,0.0,0.0,,0.3333333333333333,0.3333333333333333,,0.3333333333333333,0.3333333333333333,,0.6666666666666666,0.6666666666666666,,0.6666666666666666,0.6666666666666666,,0.0,0.0,1.0,1.0,1.0,1.0
Qwen/Qwen3-Embedding-0.6B,qwen3-0.6B,WO-2025153617-A3_de_q_de,de,de,original,WO-2025153617-A3,3,1,2,1.0,0.8529278650606567,1.0,4.0,0.25,0.5,1.7609640474436812,0.3333333333333333,0.0,1.0,1.0,1.0,1.0,1.0,1.0,1.0,1.0,1.0,1.0,1.0,1.0,1.0,1.0,1.0,1.0,0.0,1.0,1.0,1.0,1.0,1.0
Qwen/Qwen3-Embedding-0.6B,qwen3-0.6B,EP-4634596-A1_en_q_en,en,en,original,EP-4634596-A1,3,1,2,1.0,0.9134015924715543,1.0,2.0,0.5,0.6,1.721928094887362,0.3333333333333333,0.0,1.0,0.6666666666666666,0.5,1.0,1.0,1.0,1.0,1.0,1.0,1.0,1.0,1.0,1.0,1.0,1.0,1.0,0.0,1.0,1.0,1.0,1.0,1.0
Qwen/Qwen3-Embedding-0.6B,qwen3-0.6B,EP-4634596-A1_en_q_de,de,en,synthetic,EP-4634596-A1,3,0,3,1.0,1.0,1.0,1.0,1.0,0.9,1.6854752972273344,0.3333333333333333,0.3333333333333333,,1.0,1.0,,1.0,1.0,,1.0,1.0,,1.0,1.0,,1.0,1.0,,1.0,1.0,1.0,1.0,1.0,1.0
Qwen/Qwen3-Embedding-0.6B,qwen3-0.6B,EP-4634596-A1_fr_q_fr,fr,fr,original,EP-4634596-A1,3,1,2,0.3333333333333333,0.23463936301137822,3.0,20.0,0.05,0.0,-0.0,0.0,0.0,0.0,0.3333333333333333,0.0,1.0,0.3333333333333333,0.0,1.0,0.6666666666666666,0.5,1.0,1.0,1.0,1.0,1.0,1.0,1.0,0.0,0.0,0.0,1.0,1.0,1.0
Qwen/Qwen3-Embedding-0.6B,qwen3-0.6B,EP-4634596-A1_en_q_es_135,es,en,synthetic,EP-4634596-A1,3,0,3,1.0,0.7777061538487877,1.0,1.0,1.0,0.4,1.7709505944546686,0.3333333333333333,0.3333333333333333,,0.3333333333333333,0.3333333333333333,,1.0,1.0,,1.0,1.0,,1.0,1.0,,1.0,1.0,,1.0,1.0,1.0,1.0,1.0,1.0
Qwen/Qwen3-Embedding-0.6B,qwen3-0.6B,EP-4634596-A1_zh_q_zh,zh,zh,original,EP-4634596-A1,3,1,2,0.0,0.0,15.0,49.0,0.02040816326530612,1.0,0.4689955935892812,0.0,0.0,0.0,0.0,0.0,0.0,0.0,0.0,0.0,0.3333333333333333,0.0,1.0,0.6666666666666666,0.5,1.0,0.6666666666666666,0.5,1.0,0.0,0.0,0.0,0.0,1.0,1.0
nomic-ai/nomic-embed-text-v2-moe,nomic-v2-moe,EP-4633662-A1_en_q_en,en,en,original,EP-4633662-A1,3,1,2,0.5,0.2960819109658652,2.0,35.0,0.02857142857142857,0.5,1.360964047443681,0.0,0.0,0.0,0.3333333333333333,0.0,1.0,0.3333333333333333,0.0,1.0,0.3333333333333333,0.0,1.0,0.6666666666666666,0.5,1.0,1.0,1.0,1.0,0.0,0.0,0.0,0.0,1.0,1.0
nomic-ai/nomic-embed-text-v2-moe,nomic-v2-moe,EP-4630509-A1_fr_q_fr,fr,fr,original,EP-4630509-A1,3,1,2,1.0,0.46927872602275644,1.0,132.0,0.007575757575757576,0.2,0.7219280948873623,0.3333333333333333,0.0,1.0,0.3333333333333333,0.0,1.0,0.3333333333333333,0.0,1.0,0.3333333333333333,0.0,1.0,0.3333333333333333,0.0,1.0,0.3333333333333333,0.0,1.0,0.0,0.0,0.0,0.0,0.0,0.0
nomic-ai/nomic-embed-text-v2-moe,nomic-v2-moe,EP-4634248-A1_en_q_es,es,en,synthetic,EP-4634248-A1,3,0,3,0.0,0.0,264.0,264.0,0.003787878787878788,0.2,0.7219280948873623,0.0,0.0,,0.0,0.0,,0.0,0.0,,0.0,0.0,,0.0,0.0,,0.0,0.0,,0.0,0.0,0.0,0.0,0.0,0.0
nomic-ai/nomic-embed-text-v2-moe,nomic-v2-moe,EP-4634187-A1_en_q_es,es,en,synthetic,EP-4634187-A1,3,0,3,0.5,0.2960819109658652,2.0,2.0,0.5,0.2,0.9219280948873623,0.0,0.0,,0.3333333333333333,0.3333333333333333,,0.3333333333333333,0.3333333333333333,,0.3333333333333333,0.3333333333333333,,0.6666666666666666,0.6666666666666666,,0.6666666666666666,0.6666666666666666,,0.0,1.0,1.0,1.0,1.0,1.0
nomic-ai/nomic-embed-text-v2-moe,nomic-v2-moe,EP-4634142-A1_fr_q_fr,fr,fr,original,EP-4634142-A1,3,1,2,0.0,0.0,325.0,348.0,0.0028735632183908046,0.4,0.9709505944546686,0.0,0.0,0.0,0.0,0.0,0.0,0.0,0.0,0.0,0.0,0.0,0.0,0.0,0.0,0.0,0.0,0.0,0.0,0.0,0.0,0.0,0.0,0.0,0.0
nomic-ai/nomic-embed-text-v2-moe,nomic-v2-moe,EP-4633768-A2_en_q_es,es,en,synthetic,EP-4633768-A2,3,0,3,0.0,0.0,45.0,45.0,0.022222222222222223,0.6,1.5219280948873621,0.0,0.0,,0.0,0.0,,0.0,0.0,,0.0,0.0,,0.3333333333333333,0.3333333333333333,,0.3333333333333333,0.3333333333333333,,0.0,0.0,0.0,0.0,1.0,1.0
nomic-ai/nomic-embed-text-v2-moe,nomic-v2-moe,EP-4633645-A1_fr_q_fr,fr,fr,original,EP-4633645-A1,3,1,2,0.0,0.0,23.0,23.0,0.043478260869565216,0.5,1.4854752972273344,0.0,0.0,0.0,0.0,0.0,0.0,0.0,0.0,0.0,0.0,0.0,0.0,0.6666666666666666,0.5,1.0,1.0,1.0,1.0,0.0,0.0,0.0,0.0,1.0,1.0
nomic-ai/nomic-embed-text-v2-moe,nomic-v2-moe,EP-4633622-A2_en_q_de,de,en,synthetic,EP-4633622-A2,3,0,3,1.0,1.0,1.0,1.0,1.0,1.0,1.6854752972273344,0.3333333333333333,0.3333333333333333,,1.0,1.0,,1.0,1.0,,1.0,1.0,,1.0,1.0,,1.0,1.0,,1.0,1.0,1.0,1.0,1.0,1.0
nomic-ai/nomic-embed-text-v2-moe,nomic-v2-moe,EP-4634601-A1_en_q_en,en,en,original,EP-4634601-A1,3,1,2,0.5,0.2960819109658652,2.0,179.0,0.00558659217877095,0.0,-0.0,0.0,0.0,0.0,0.3333333333333333,0.0,1.0,0.3333333333333333,0.0,1.0,0.3333333333333333,0.0,1.0,0.3333333333333333,0.0,1.0,0.3333333333333333,0.0,1.0,0.0,0.0,0.0,0.0,0.0,0.0
nomic-ai/nomic-embed-text-v2-moe,nomic-v2-moe,EP-4630626-A1_de_q_de,de,de,original,EP-4630626-A1,3,1,2,1.0,0.617319681505689,1.0,8.0,0.125,0.9,1.6854752972273344,0.3333333333333333,0.0,1.0,0.3333333333333333,0.0,1.0,0.6666666666666666,0.5,1.0,0.6666666666666666,0.5,1.0,0.6666666666666666,0.5,1.0,0.6666666666666666,0.5,1.0,0.0,0.0,1.0,1.0,1.0,1.0
nomic-ai/nomic-embed-text-v2-moe,nomic-v2-moe,EP-4630600-A1_de_q_en,en,de,synthetic,EP-4630600-A1,3,0,3,0.0,0.0,395.0,395.0,0.002531645569620253,0.5,1.4854752972273344,0.0,0.0,,0.0,0.0,,0.0,0.0,,0.0,0.0,,0.0,0.0,,0.0,0.0,,0.0,0.0,0.0,0.0,0.0,0.0
nomic-ai/nomic-embed-text-v2-moe,nomic-v2-moe,EP-4633632-A1_en_q_es,es,en,synthetic,EP-4633632-A1,3,0,3,0.0,0.0,22.0,22.0,0.045454545454545456,0.5,1.4854752972273344,0.0,0.0,,0.0,0.0,,0.0,0.0,,0.0,0.0,,1.0,1.0,,1.0,1.0,,0.0,0.0,0.0,0.0,1.0,1.0
nomic-ai/nomic-embed-text-v2-moe,nomic-v2-moe,EP-4634136-A1_en_q_es,es,en,synthetic,EP-4634136-A1,3,0,3,0.0,0.0,681.0,681.0,0.0014684287812041115,0.0,-0.0,0.0,0.0,,0.0,0.0,,0.0,0.0,,0.0,0.0,,0.0,0.0,,0.0,0.0,,0.0,0.0,0.0,0.0,0.0,0.0
nomic-ai/nomic-embed-text-v2-moe,nomic-v2-moe,EP-4634157-A1_en_q_de,de,en,synthetic,EP-4634157-A1,3,0,3,0.0,0.0,55.0,55.0,0.01818181818181818,1.0,0.8812908992306927,0.0,0.0,,0.0,0.0,,0.0,0.0,,0.0,0.0,,0.0,0.0,,0.3333333333333333,0.3333333333333333,,0.0,0.0,0.0,0.0,0.0,1.0
nomic-ai/nomic-embed-text-v2-moe,nomic-v2-moe,EP-4630574-A1_de_q_en,en,de,synthetic,EP-4630574-A1,3,0,3,0.0,0.0,inf,inf,0.0,0.6,1.721928094887362,0.0,0.0,,0.0,0.0,,0.0,0.0,,0.0,0.0,,0.0,0.0,,0.0,0.0,,0.0,0.0,0.0,0.0,0.0,0.0
nomic-ai/nomic-embed-text-v2-moe,nomic-v2-moe,EP-4634111-A1_en_q_de,de,en,synthetic,EP-4634111-A1,3,0,3,0.0,0.0,312.0,312.0,0.003205128205128205,0.0,-0.0,0.0,0.0,,0.0,0.0,,0.0,0.0,,0.0,0.0,,0.0,0.0,,0.0,0.0,,0.0,0.0,0.0,0.0,0.0,0.0
nomic-ai/nomic-embed-text-v2-moe,nomic-v2-moe,EP-4634596-A1_en_q_es,es,en,synthetic,EP-4634596-A1,3,0,3,0.0,0.0,168.0,168.0,0.005952380952380952,0.8,1.8464393446710154,0.0,0.0,,0.0,0.0,,0.0,0.0,,0.0,0.0,,0.0,0.0,,0.0,0.0,,0.0,0.0,0.0,0.0,0.0,0.0
nomic-ai/nomic-embed-text-v2-moe,nomic-v2-moe,EP-4634139-A1_en_q_es,es,en,synthetic,EP-4634139-A1,3,0,3,1.0,0.7653606369886217,1.0,1.0,1.0,0.8,1.5219280948873621,0.3333333333333333,0.3333333333333333,,0.6666666666666666,0.6666666666666666,,0.6666666666666666,0.6666666666666666,,0.6666666666666666,0.6666666666666666,,0.6666666666666666,0.6666666666666666,,1.0,1.0,,1.0,1.0,1.0,1.0,1.0,1.0
nomic-ai/nomic-embed-text-v2-moe,nomic-v2-moe,WO-2025153617-A3_de_q_en,en,de,synthetic,WO-2025153617-A3,3,0,3,0.0,0.0,190.0,190.0,0.005263157894736842,0.0,-0.0,0.0,0.0,,0.0,0.0,,0.0,0.0,,0.0,0.0,,0.0,0.0,,0.0,0.0,,0.0,0.0,0.0,0.0,0.0,0.0
nomic-ai/nomic-embed-text-v2-moe,nomic-v2-moe,EP-4634251-A1_en_q_es,es,en,synthetic,EP-4634251-A1,3,0,3,0.0,0.0,inf,inf,0.0,0.8,1.1567796494470395,0.0,0.0,,0.0,0.0,,0.0,0.0,,0.0,0.0,,0.0,0.0,,0.0,0.0,,0.0,0.0,0.0,0.0,0.0,0.0
nomic-ai/nomic-embed-text-v2-moe,nomic-v2-moe,EP-4634426-A1_en_q_es,es,en,synthetic,EP-4634426-A1,3,0,3,0.0,0.0,238.0,238.0,0.004201680672268907,0.9,1.7609640474436812,0.0,0.0,,0.0,0.0,,0.0,0.0,,0.0,0.0,,0.0,0.0,,0.0,0.0,,0.0,0.0,0.0,0.0,0.0,0.0
nomic-ai/nomic-embed-text-v2-moe,nomic-v2-moe,EP-4634729-A1_en_q_de,de,en,synthetic,EP-4634729-A1,2,0,2,1.0,1.0,1.0,1.0,1.0,0.9,1.360964047443681,0.5,0.5,,1.0,1.0,,1.0,1.0,,1.0,1.0,,1.0,1.0,,1.0,1.0,,1.0,1.0,1.0,1.0,1.0,1.0
nomic-ai/nomic-embed-text-v2-moe,nomic-v2-moe,EP-4626569-A1_de_q_en,en,de,synthetic,EP-4626569-A1,2,0,2,0.0,0.0,46.0,46.0,0.021739130434782608,0.3,1.3567796494470397,0.0,0.0,,0.0,0.0,,0.0,0.0,,0.0,0.0,,0.5,0.5,,0.5,0.5,,0.0,0.0,0.0,0.0,1.0,1.0
nomic-ai/nomic-embed-text-v2-moe,nomic-v2-moe,EP-4634394-A2_en_q_es,es,en,synthetic,EP-4634394-A2,2,0,2,1.0,1.0,1.0,1.0,1.0,0.6,1.5219280948873621,0.5,0.5,,1.0,1.0,,1.0,1.0,,1.0,1.0,,1.0,1.0,,1.0,1.0,,1.0,1.0,1.0,1.0,1.0,1.0
nomic-ai/nomic-embed-text-v2-moe,nomic-v2-moe,EP-4634424-A1_en_q_es,es,en,synthetic,EP-4634424-A1,2,0,2,0.0,0.0,35.0,35.0,0.02857142857142857,0.7,1.4854752972273344,0.0,0.0,,0.0,0.0,,0.0,0.0,,0.0,0.0,,0.5,0.5,,1.0,1.0,,0.0,0.0,0.0,0.0,1.0,1.0
nomic-ai/nomic-embed-text-v2-moe,nomic-v2-moe,EP-4633602-A1_en_q_de,de,en,synthetic,EP-4633602-A1,2,0,2,0.0,0.0,720.0,720.0,0.001388888888888889,0.7,1.8954618442383218,0.0,0.0,,0.0,0.0,,0.0,0.0,,0.0,0.0,,0.0,0.0,,0.0,0.0,,0.0,0.0,0.0,0.0,0.0,0.0
nomic-ai/nomic-embed-text-v2-moe,nomic-v2-moe,EP-4634337-A1_en_q_en,en,en,original,EP-4634337-A1,2,1,1,0.5,0.38685280723454163,2.0,44.0,0.022727272727272728,0.1,0.4689955935892812,0.0,0.0,0.0,0.5,0.0,1.0,0.5,0.0,1.0,0.5,0.0,1.0,1.0,1.0,1.0,1.0,1.0,1.0,0.0,0.0,0.0,0.0,1.0,1.0
nomic-ai/nomic-embed-text-v2-moe,nomic-v2-moe,EP-4634128-A1_en_q_en,en,en,original,EP-4634128-A1,2,1,1,0.5,0.38685280723454163,2.0,inf,0.0,0.0,-0.0,0.0,0.0,0.0,0.5,0.0,1.0,0.5,0.0,1.0,0.5,0.0,1.0,0.5,0.0,1.0,0.5,0.0,1.0,0.0,0.0,0.0,0.0,0.0,0.0
nomic-ai/nomic-embed-text-v2-moe,nomic-v2-moe,EP-4633896-A1_en_q_en,en,en,original,EP-4633896-A1,2,1,1,0.25,0.2640681225725909,4.0,inf,0.0,0.2,0.7219280948873623,0.0,0.0,0.0,0.5,0.0,1.0,0.5,0.0,1.0,0.5,0.0,1.0,0.5,0.0,1.0,0.5,0.0,1.0,0.0,0.0,0.0,0.0,0.0,0.0
nomic-ai/nomic-embed-text-v2-moe,nomic-v2-moe,WO-2025215091-A1_fr_q_fr,fr,fr,original,WO-2025215091-A1,2,1,1,0.0,0.0,104.0,104.0,0.009615384615384616,0.5,1.0,0.0,0.0,0.0,0.0,0.0,0.0,0.0,0.0,0.0,0.0,0.0,0.0,0.0,0.0,0.0,0.0,0.0,0.0,0.0,0.0,0.0,0.0,0.0,0.0
nomic-ai/nomic-embed-text-v2-moe,nomic-v2-moe,EP-4633599-A1_fr_q_fr,fr,fr,original,EP-4633599-A1,2,1,1,1.0,1.0,1.0,2.0,0.5,0.4,0.9709505944546686,0.5,0.0,1.0,1.0,1.0,1.0,1.0,1.0,1.0,1.0,1.0,1.0,1.0,1.0,1.0,1.0,1.0,1.0,0.0,1.0,1.0,1.0,1.0,1.0
nomic-ai/nomic-embed-text-v2-moe,nomic-v2-moe,EP-4633656-A1_fr_q_fr,fr,fr,original,EP-4633656-A1,2,1,1,0.2,0.23719771276929622,5.0,5.0,0.2,0.4,0.9709505944546686,0.0,0.0,0.0,0.5,1.0,0.0,0.5,1.0,0.0,0.5,1.0,0.0,0.5,1.0,0.0,1.0,1.0,1.0,0.0,1.0,1.0,1.0,1.0,1.0
nomic-ai/nomic-embed-text-v2-moe,nomic-v2-moe,WO-2025208167-A1_de_q_de,de,de,original,WO-2025208167-A1,2,1,1,0.0,0.0,inf,inf,0.0,0.7,1.8464393446710154,0.0,0.0,0.0,0.0,0.0,0.0,0.0,0.0,0.0,0.0,0.0,0.0,0.0,0.0,0.0,0.0,0.0,0.0,0.0,0.0,0.0,0.0,0.0,0.0
nomic-ai/nomic-embed-text-v2-moe,nomic-v2-moe,EP-4634396-A1_fr_q_fr,fr,fr,original,EP-4634396-A1,2,1,1,1.0,1.0,1.0,2.0,0.5,0.1,0.4689955935892812,0.5,0.0,1.0,1.0,1.0,1.0,1.0,1.0,1.0,1.0,1.0,1.0,1.0,1.0,1.0,1.0,1.0,1.0,0.0,1.0,1.0,1.0,1.0,1.0
nomic-ai/nomic-embed-text-v2-moe,nomic-v2-moe,EP-4633893-A1_fr_q_fr,fr,fr,original,EP-4633893-A1,2,1,1,0.5,0.38685280723454163,2.0,16.0,0.0625,0.2,0.7219280948873623,0.0,0.0,0.0,0.5,0.0,1.0,0.5,0.0,1.0,1.0,1.0,1.0,1.0,1.0,1.0,1.0,1.0,1.0,0.0,0.0,0.0,1.0,1.0,1.0
nomic-ai/nomic-embed-text-v2-moe,nomic-v2-moe,EP-4633462-A1_en_q_en,en,en,original,EP-4633462-A1,2,1,1,1.0,0.9197207891481876,1.0,3.0,0.3333333333333333,0.4,1.295461844238322,0.5,0.0,1.0,1.0,1.0,1.0,1.0,1.0,1.0,1.0,1.0,1.0,1.0,1.0,1.0,1.0,1.0,1.0,0.0,1.0,1.0,1.0,1.0,1.0
nomic-ai/nomic-embed-text-v2-moe,nomic-v2-moe,EP-4633386-A1_en_q_en,en,en,original,EP-4633386-A1,2,1,1,0.0,0.0,17.0,73.0,0.0136986301369863,0.5,1.360964047443681,0.0,0.0,0.0,0.0,0.0,0.0,0.0,0.0,0.0,0.5,0.0,1.0,0.5,0.0,1.0,1.0,1.0,1.0,0.0,0.0,0.0,0.0,0.0,1.0
nomic-ai/nomic-embed-text-v2-moe,nomic-v2-moe,EP-4633970-A1_fr_q_fr,fr,fr,original,EP-4633970-A1,2,1,1,1.0,0.6131471927654584,1.0,52.0,0.019230769230769232,0.0,-0.0,0.5,0.0,1.0,0.5,0.0,1.0,0.5,0.0,1.0,0.5,0.0,1.0,0.5,0.0,1.0,1.0,1.0,1.0,0.0,0.0,0.0,0.0,0.0,1.0
nomic-ai/nomic-embed-text-v2-moe,nomic-v2-moe,EP-4633415-A1_en_q_en,en,en,original,EP-4633415-A1,2,1,1,0.3333333333333333,0.3065735963827292,3.0,11.0,0.09090909090909091,0.4,1.3709505944546687,0.0,0.0,0.0,0.5,0.0,1.0,0.5,0.0,1.0,1.0,1.0,1.0,1.0,1.0,1.0,1.0,1.0,1.0,0.0,0.0,0.0,1.0,1.0,1.0
nomic-ai/nomic-embed-text-v2-moe,nomic-v2-moe,EP-4633415-A1_en_q_de,de,en,synthetic,EP-4633415-A1,2,0,2,0.14285714285714285,0.20438239758848611,7.0,7.0,0.14285714285714285,0.5,1.6854752972273344,0.0,0.0,,0.0,0.0,,0.5,0.5,,0.5,0.5,,0.5,0.5,,1.0,1.0,,0.0,0.0,1.0,1.0,1.0,1.0
nomic-ai/nomic-embed-text-v2-moe,nomic-v2-moe,EP-4633415-A1_fr_q_fr,fr,fr,original,EP-4633415-A1,2,1,1,0.0,0.0,31.0,107.0,0.009345794392523364,0.2,0.9219280948873623,0.0,0.0,0.0,0.0,0.0,0.0,0.0,0.0,0.0,0.0,0.0,0.0,0.5,0.0,1.0,0.5,0.0,1.0,0.0,0.0,0.0,0.0,0.0,0.0
nomic-ai/nomic-embed-text-v2-moe,nomic-v2-moe,EP-4633415-A1_en_q_es,es,en,synthetic,EP-4633415-A1,2,0,2,1.0,1.0,1.0,1.0,1.0,0.7,1.295461844238322,0.5,0.5,,1.0,1.0,,1.0,1.0,,1.0,1.0,,1.0,1.0,,1.0,1.0,,1.0,1.0,1.0,1.0,1.0,1.0
nomic-ai/nomic-embed-text-v2-moe,nomic-v2-moe,EP-4633950-A1_en_q_en,en,en,original,EP-4633950-A1,2,1,1,0.1,0.17723928678404774,10.0,515.0,0.001941747572815534,0.0,-0.0,0.0,0.0,0.0,0.0,0.0,0.0,0.5,0.0,1.0,0.5,0.0,1.0,0.5,0.0,1.0,0.5,0.0,1.0,0.0,0.0,0.0,0.0,0.0,0.0
nomic-ai/nomic-embed-text-v2-moe,nomic-v2-moe,EP-4633950-A1_en_q_de,de,en,synthetic,EP-4633950-A1,2,0,2,0.0,0.0,870.0,870.0,0.0011494252873563218,0.9,1.3567796494470397,0.0,0.0,,0.0,0.0,,0.0,0.0,,0.0,0.0,,0.0,0.0,,0.0,0.0,,0.0,0.0,0.0,0.0,0.0,0.0
nomic-ai/nomic-embed-text-v2-moe,nomic-v2-moe,EP-4633950-A1_fr_q_fr,fr,fr,original,EP-4633950-A1,2,1,1,0.0,0.0,551.0,inf,0.0,0.6,0.9709505944546686,0.0,0.0,0.0,0.0,0.0,0.0,0.0,0.0,0.0,0.0,0.0,0.0,0.0,0.0,0.0,0.0,0.0,0.0,0.0,0.0,0.0,0.0,0.0,0.0
nomic-ai/nomic-embed-text-v2-moe,nomic-v2-moe,EP-4633950-A1_en_q_es,es,en,synthetic,EP-4633950-A1,2,0,2,0.0,0.0,70.0,70.0,0.014285714285714285,0.8,0.7219280948873623,0.0,0.0,,0.0,0.0,,0.0,0.0,,0.0,0.0,,0.0,0.0,,0.5,0.5,,0.0,0.0,0.0,0.0,0.0,1.0
nomic-ai/nomic-embed-text-v2-moe,nomic-v2-moe,EP-4634629-A1_en_q_en,en,en,original,EP-4634629-A1,3,1,2,0.0,0.0,341.0,535.0,0.001869158878504673,0.0,-0.0,0.0,0.0,0.0,0.0,0.0,0.0,0.0,0.0,0.0,0.0,0.0,0.0,0.0,0.0,0.0,0.0,0.0,0.0,0.0,0.0,0.0,0.0,0.0,0.0
nomic-ai/nomic-embed-text-v2-moe,nomic-v2-moe,EP-4634629-A1_de_q_de,de,de,original,EP-4634629-A1,3,1,2,0.0,0.0,15.0,793.0,0.0012610340479192938,0.3,0.8812908992306927,0.0,0.0,0.0,0.0,0.0,0.0,0.0,0.0,0.0,0.3333333333333333,0.0,1.0,0.3333333333333333,0.0,1.0,0.3333333333333333,0.0,1.0,0.0,0.0,0.0,0.0,0.0,0.0
nomic-ai/nomic-embed-text-v2-moe,nomic-v2-moe,EP-4634629-A1_fr_q_fr,fr,fr,original,EP-4634629-A1,3,1,2,0.0,0.0,49.0,inf,0.0,0.2,0.7219280948873623,0.0,0.0,0.0,0.0,0.0,0.0,0.0,0.0,0.0,0.0,0.0,0.0,0.3333333333333333,0.0,1.0,0.3333333333333333,0.0,1.0,0.0,0.0,0.0,0.0,0.0,0.0
nomic-ai/nomic-embed-text-v2-moe,nomic-v2-moe,EP-4634629-A1_en_q_es,es,en,synthetic,EP-4634629-A1,3,0,3,0.0,0.0,691.0,691.0,0.001447178002894356,0.9,1.295461844238322,0.0,0.0,,0.0,0.0,,0.0,0.0,,0.0,0.0,,0.0,0.0,,0.0,0.0,,0.0,0.0,0.0,0.0,0.0,0.0
nomic-ai/nomic-embed-text-v2-moe,nomic-v2-moe,EP-4633582-A1_en_q_es,es,en,synthetic,EP-4633582-A1,2,0,2,0.0,0.0,16.0,16.0,0.0625,0.6,1.8464393446710154,0.0,0.0,,0.0,0.0,,0.0,0.0,,1.0,1.0,,1.0,1.0,,1.0,1.0,,0.0,0.0,0.0,1.0,1.0,1.0
nomic-ai/nomic-embed-text-v2-moe,nomic-v2-moe,EP-4634165-A1_en_q_es,es,en,synthetic,EP-4634165-A1,2,0,2,1.0,1.0,1.0,1.0,1.0,0.8,1.9709505944546686,0.5,0.5,,1.0,1.0,,1.0,1.0,,1.0,1.0,,1.0,1.0,,1.0,1.0,,1.0,1.0,1.0,1.0,1.0,1.0
nomic-ai/nomic-embed-text-v2-moe,nomic-v2-moe,EP-4633677-A1_en_q_de,de,en,synthetic,EP-4633677-A1,2,0,2,0.0,0.0,35.0,35.0,0.02857142857142857,1.0,0.9709505944546686,0.0,0.0,,0.0,0.0,,0.0,0.0,,0.0,0.0,,0.5,0.5,,0.5,0.5,,0.0,0.0,0.0,0.0,1.0,1.0
nomic-ai/nomic-embed-text-v2-moe,nomic-v2-moe,EP-4634246-A1_en_q_en,en,en,original,EP-4634246-A1,2,1,1,0.0,0.0,22.0,24.0,0.041666666666666664,0.7,1.4854752972273344,0.0,0.0,0.0,0.0,0.0,0.0,0.0,0.0,0.0,0.0,0.0,0.0,1.0,1.0,1.0,1.0,1.0,1.0,0.0,0.0,0.0,0.0,1.0,1.0
nomic-ai/nomic-embed-text-v2-moe,nomic-v2-moe,EP-4634120-A1_en_q_de,de,en,synthetic,EP-4634120-A1,2,0,2,0.0,0.0,28.0,28.0,0.03571428571428571,1.0,1.0,0.0,0.0,,0.0,0.0,,0.0,0.0,,0.0,0.0,,0.5,0.5,,1.0,1.0,,0.0,0.0,0.0,0.0,1.0,1.0
nomic-ai/nomic-embed-text-v2-moe,nomic-v2-moe,EP-4633638-A1_en_q_en,en,en,original,EP-4633638-A1,2,1,1,1.0,1.0,1.0,1.0,1.0,0.4,1.295461844238322,0.5,1.0,0.0,1.0,1.0,1.0,1.0,1.0,1.0,1.0,1.0,1.0,1.0,1.0,1.0,1.0,1.0,1.0,1.0,1.0,1.0,1.0,1.0,1.0
nomic-ai/nomic-embed-text-v2-moe,nomic-v2-moe,EP-4633389-A1_en_q_en,en,en,original,EP-4633389-A1,2,1,1,1.0,1.0,1.0,2.0,0.5,0.3,0.8812908992306927,0.5,0.0,1.0,1.0,1.0,1.0,1.0,1.0,1.0,1.0,1.0,1.0,1.0,1.0,1.0,1.0,1.0,1.0,0.0,1.0,1.0,1.0,1.0,1.0
nomic-ai/nomic-embed-text-v2-moe,nomic-v2-moe,WO-2025209629-A1_de_q_es,es,de,synthetic,WO-2025209629-A1,2,0,2,1.0,0.9197207891481876,1.0,1.0,1.0,1.0,1.295461844238322,0.5,0.5,,1.0,1.0,,1.0,1.0,,1.0,1.0,,1.0,1.0,,1.0,1.0,,1.0,1.0,1.0,1.0,1.0,1.0
nomic-ai/nomic-embed-text-v2-moe,nomic-v2-moe,EP-4634132-A2_en_q_en,en,en,original,EP-4634132-A2,2,1,1,0.5,0.38685280723454163,2.0,43.0,0.023255813953488372,0.1,0.4689955935892812,0.0,0.0,0.0,0.5,0.0,1.0,0.5,0.0,1.0,0.5,0.0,1.0,1.0,1.0,1.0,1.0,1.0,1.0,0.0,0.0,0.0,0.0,1.0,1.0
nomic-ai/nomic-embed-text-v2-moe,nomic-v2-moe,EP-4634914-A1_en_q_es,es,en,synthetic,EP-4634914-A1,2,0,2,0.5,0.6509209298071326,2.0,2.0,0.5,0.8,1.3709505944546687,0.0,0.0,,1.0,1.0,,1.0,1.0,,1.0,1.0,,1.0,1.0,,1.0,1.0,,0.0,1.0,1.0,1.0,1.0,1.0
nomic-ai/nomic-embed-text-v2-moe,nomic-v2-moe,EP-4634285-A1_en_q_de,de,en,synthetic,EP-4634285-A1,2,0,2,1.0,1.0,1.0,1.0,1.0,0.7,1.8954618442383218,0.5,0.5,,1.0,1.0,,1.0,1.0,,1.0,1.0,,1.0,1.0,,1.0,1.0,,1.0,1.0,1.0,1.0,1.0,1.0
nomic-ai/nomic-embed-text-v2-moe,nomic-v2-moe,EP-4634122-A1_fr_q_fr,fr,fr,original,EP-4634122-A1,2,1,1,0.0,0.0,28.0,90.0,0.011111111111111112,0.2,0.7219280948873623,0.0,0.0,0.0,0.0,0.0,0.0,0.0,0.0,0.0,0.0,0.0,0.0,0.5,0.0,1.0,1.0,1.0,1.0,0.0,0.0,0.0,0.0,0.0,1.0
nomic-ai/nomic-embed-text-v2-moe,nomic-v2-moe,EP-4634365-A1_fr_q_fr,fr,fr,original,EP-4634365-A1,2,1,1,1.0,1.0,1.0,2.0,0.5,0.1,0.4689955935892812,0.5,0.0,1.0,1.0,1.0,1.0,1.0,1.0,1.0,1.0,1.0,1.0,1.0,1.0,1.0,1.0,1.0,1.0,0.0,1.0,1.0,1.0,1.0,1.0
nomic-ai/nomic-embed-text-v2-moe,nomic-v2-moe,WO-2025214709-A1_de_q_es,es,de,synthetic,WO-2025214709-A1,2,0,2,0.0,0.0,82.0,82.0,0.012195121951219513,0.8,1.4854752972273344,0.0,0.0,,0.0,0.0,,0.0,0.0,,0.0,0.0,,0.0,0.0,,0.5,0.5,,0.0,0.0,0.0,0.0,0.0,1.0
nomic-ai/nomic-embed-text-v2-moe,nomic-v2-moe,EP-4633426-A2_en_q_es,es,en,synthetic,EP-4633426-A2,3,0,3,1.0,0.9060254355346823,1.0,1.0,1.0,1.0,0.9219280948873623,0.3333333333333333,0.3333333333333333,,1.0,1.0,,1.0,1.0,,1.0,1.0,,1.0,1.0,,1.0,1.0,,1.0,1.0,1.0,1.0,1.0,1.0
nomic-ai/nomic-embed-text-v2-moe,nomic-v2-moe,EP-4630604-A1_de_q_es,es,de,synthetic,EP-4630604-A1,2,0,2,0.125,0.19342640361727081,8.0,8.0,0.125,0.7,1.5709505944546684,0.0,0.0,,0.0,0.0,,0.5,0.5,,1.0,1.0,,1.0,1.0,,1.0,1.0,,0.0,0.0,1.0,1.0,1.0,1.0
nomic-ai/nomic-embed-text-v2-moe,nomic-v2-moe,EP-4634118-A1_en_q_es,es,en,synthetic,EP-4634118-A1,2,0,2,1.0,0.6131471927654584,1.0,1.0,1.0,1.0,1.5709505944546684,0.5,0.5,,0.5,0.5,,0.5,0.5,,1.0,1.0,,1.0,1.0,,1.0,1.0,,1.0,1.0,1.0,1.0,1.0,1.0
nomic-ai/nomic-embed-text-v2-moe,nomic-v2-moe,EP-4634404-A1_en_q_de,de,en,synthetic,EP-4634404-A1,2,0,2,1.0,1.0,1.0,1.0,1.0,0.6,1.5219280948873621,0.5,0.5,,1.0,1.0,,1.0,1.0,,1.0,1.0,,1.0,1.0,,1.0,1.0,,1.0,1.0,1.0,1.0,1.0,1.0
nomic-ai/nomic-embed-text-v2-moe,nomic-v2-moe,EP-4633465-A1_en_q_de,de,en,synthetic,EP-4633465-A1,2,0,2,1.0,1.0,1.0,1.0,1.0,0.9,0.9219280948873623,0.5,0.5,,1.0,1.0,,1.0,1.0,,1.0,1.0,,1.0,1.0,,1.0,1.0,,1.0,1.0,1.0,1.0,1.0,1.0
nomic-ai/nomic-embed-text-v2-moe,nomic-v2-moe,EP-4633680-A1_en_q_es,es,en,synthetic,EP-4633680-A1,2,0,2,1.0,1.0,1.0,1.0,1.0,0.9,1.295461844238322,0.5,0.5,,1.0,1.0,,1.0,1.0,,1.0,1.0,,1.0,1.0,,1.0,1.0,,1.0,1.0,1.0,1.0,1.0,1.0
nomic-ai/nomic-embed-text-v2-moe,nomic-v2-moe,WO-2025201606-A1_de_q_es,es,de,synthetic,WO-2025201606-A1,2,0,2,0.5,0.6934264036172708,2.0,2.0,0.5,0.9,1.721928094887362,0.0,0.0,,1.0,1.0,,1.0,1.0,,1.0,1.0,,1.0,1.0,,1.0,1.0,,0.0,1.0,1.0,1.0,1.0,1.0
nomic-ai/nomic-embed-text-v2-moe,nomic-v2-moe,EP-4634435-A1_en_q_de,de,en,synthetic,EP-4634435-A1,2,0,2,1.0,0.9197207891481876,1.0,1.0,1.0,0.9,1.721928094887362,0.5,0.5,,1.0,1.0,,1.0,1.0,,1.0,1.0,,1.0,1.0,,1.0,1.0,,1.0,1.0,1.0,1.0,1.0,1.0
nomic-ai/nomic-embed-text-v2-moe,nomic-v2-moe,EP-4634143-A1_en_q_de,de,en,synthetic,EP-4634143-A1,2,0,2,0.0,0.0,31.0,31.0,0.03225806451612903,0.2,0.9219280948873623,0.0,0.0,,0.0,0.0,,0.0,0.0,,0.0,0.0,,1.0,1.0,,1.0,1.0,,0.0,0.0,0.0,0.0,1.0,1.0
nomic-ai/nomic-embed-text-v2-moe,nomic-v2-moe,EP-4634411-A1_en_q_de,de,en,synthetic,EP-4634411-A1,2,0,2,0.0,0.0,120.0,120.0,0.008333333333333333,0.5,1.360964047443681,0.0,0.0,,0.0,0.0,,0.0,0.0,,0.0,0.0,,0.0,0.0,,0.0,0.0,,0.0,0.0,0.0,0.0,0.0,0.0
nomic-ai/nomic-embed-text-v2-moe,nomic-v2-moe,EP-4634287-A1_en_q_es,es,en,synthetic,EP-4634287-A1,3,0,3,0.0,0.0,225.0,225.0,0.0044444444444444444,0.7,0.8812908992306927,0.0,0.0,,0.0,0.0,,0.0,0.0,,0.0,0.0,,0.0,0.0,,0.0,0.0,,0.0,0.0,0.0,0.0,0.0,0.0
nomic-ai/nomic-embed-text-v2-moe,nomic-v2-moe,EP-4633627-A1_en_q_de,de,en,synthetic,EP-4633627-A1,2,0,2,1.0,1.0,1.0,1.0,1.0,0.9,1.360964047443681,0.5,0.5,,1.0,1.0,,1.0,1.0,,1.0,1.0,,1.0,1.0,,1.0,1.0,,1.0,1.0,1.0,1.0,1.0,1.0
nomic-ai/nomic-embed-text-v2-moe,nomic-v2-moe,EP-4633670-A1_fr_q_fr,fr,fr,original,EP-4633670-A1,2,1,1,1.0,1.0,1.0,2.0,0.5,0.3,1.1567796494470395,0.5,0.0,1.0,1.0,1.0,1.0,1.0,1.0,1.0,1.0,1.0,1.0,1.0,1.0,1.0,1.0,1.0,1.0,0.0,1.0,1.0,1.0,1.0,1.0
nomic-ai/nomic-embed-text-v2-moe,nomic-v2-moe,WO-2025202163-A1_fr_q_fr,fr,fr,original,WO-2025202163-A1,2,1,1,1.0,0.8772153153380493,1.0,4.0,0.25,0.4,1.3709505944546687,0.5,0.0,1.0,1.0,1.0,1.0,1.0,1.0,1.0,1.0,1.0,1.0,1.0,1.0,1.0,1.0,1.0,1.0,0.0,1.0,1.0,1.0,1.0,1.0
nomic-ai/nomic-embed-text-v2-moe,nomic-v2-moe,WO-2025214852-A1_fr_q_fr,fr,fr,original,WO-2025214852-A1,2,1,1,0.125,0.19342640361727081,8.0,21.0,0.047619047619047616,0.2,0.9219280948873623,0.0,0.0,0.0,0.0,0.0,0.0,0.5,0.0,1.0,0.5,0.0,1.0,1.0,1.0,1.0,1.0,1.0,1.0,0.0,0.0,0.0,0.0,1.0,1.0
nomic-ai/nomic-embed-text-v2-moe,nomic-v2-moe,WO-2025214996-A1_fr_q_fr,fr,fr,original,WO-2025214996-A1,2,1,1,0.0,0.0,43.0,273.0,0.003663003663003663,0.1,0.4689955935892812,0.0,0.0,0.0,0.0,0.0,0.0,0.0,0.0,0.0,0.0,0.0,0.0,0.5,0.0,1.0,0.5,0.0,1.0,0.0,0.0,0.0,0.0,0.0,0.0
nomic-ai/nomic-embed-text-v2-moe,nomic-v2-moe,EP-4630123-A1_de_q_de,de,de,original,EP-4630123-A1,2,1,1,0.5,0.38685280723454163,2.0,29.0,0.034482758620689655,0.5,1.360964047443681,0.0,0.0,0.0,0.5,0.0,1.0,0.5,0.0,1.0,0.5,0.0,1.0,1.0,1.0,1.0,1.0,1.0,1.0,0.0,0.0,0.0,0.0,1.0,1.0
nomic-ai/nomic-embed-text-v2-moe,nomic-v2-moe,EP-4634646-A1_en_q_en,en,en,original,EP-4634646-A1,2,1,1,1.0,1.0,1.0,2.0,0.5,0.4,1.295461844238322,0.5,0.0,1.0,1.0,1.0,1.0,1.0,1.0,1.0,1.0,1.0,1.0,1.0,1.0,1.0,1.0,1.0,1.0,0.0,1.0,1.0,1.0,1.0,1.0
nomic-ai/nomic-embed-text-v2-moe,nomic-v2-moe,EP-4634294-A1_en_q_en,en,en,original,EP-4634294-A1,2,1,1,0.5,0.38685280723454163,2.0,28.0,0.03571428571428571,0.1,0.4689955935892812,0.0,0.0,0.0,0.5,0.0,1.0,0.5,0.0,1.0,0.5,0.0,1.0,1.0,1.0,1.0,1.0,1.0,1.0,0.0,0.0,0.0,0.0,1.0,1.0
nomic-ai/nomic-embed-text-v2-moe,nomic-v2-moe,EP-4634436-A1_fr_q_fr,fr,fr,original,EP-4634436-A1,2,1,1,0.25,0.5012658353418871,4.0,4.0,0.25,0.4,1.5709505944546687,0.0,0.0,0.0,1.0,1.0,1.0,1.0,1.0,1.0,1.0,1.0,1.0,1.0,1.0,1.0,1.0,1.0,1.0,0.0,1.0,1.0,1.0,1.0,1.0
nomic-ai/nomic-embed-text-v2-moe,nomic-v2-moe,EP-4633761-A1_en_q_en,en,en,original,EP-4633761-A1,2,1,1,0.0,0.0,inf,inf,0.0,0.2,0.9219280948873623,0.0,0.0,0.0,0.0,0.0,0.0,0.0,0.0,0.0,0.0,0.0,0.0,0.0,0.0,0.0,0.0,0.0,0.0,0.0,0.0,0.0,0.0,0.0,0.0
nomic-ai/nomic-embed-text-v2-moe,nomic-v2-moe,WO-2025215167-A1_de_q_de,de,de,original,WO-2025215167-A1,2,1,1,1.0,0.8503449055347546,1.0,5.0,0.2,0.7,1.5709505944546684,0.5,0.0,1.0,1.0,1.0,1.0,1.0,1.0,1.0,1.0,1.0,1.0,1.0,1.0,1.0,1.0,1.0,1.0,0.0,1.0,1.0,1.0,1.0,1.0
nomic-ai/nomic-embed-text-v2-moe,nomic-v2-moe,EP-4626962-A1_de_q_en,en,de,synthetic,EP-4626962-A1,2,0,2,0.3333333333333333,0.5109559939712153,3.0,3.0,0.3333333333333333,0.5,1.4854752972273344,0.0,0.0,,0.5,0.5,,1.0,1.0,,1.0,1.0,,1.0,1.0,,1.0,1.0,,0.0,1.0,1.0,1.0,1.0,1.0
nomic-ai/nomic-embed-text-v2-moe,nomic-v2-moe,EP-4626962-A1_de_q_de,de,de,original,EP-4626962-A1,2,1,1,1.0,0.6131471927654584,1.0,22.0,0.045454545454545456,0.5,1.7609640474436812,0.5,0.0,1.0,0.5,0.0,1.0,0.5,0.0,1.0,0.5,0.0,1.0,1.0,1.0,1.0,1.0,1.0,1.0,0.0,0.0,0.0,0.0,1.0,1.0
nomic-ai/nomic-embed-text-v2-moe,nomic-v2-moe,EP-4626962-A1_fr_q_fr,fr,fr,original,EP-4626962-A1,2,1,1,1.0,0.8065735963827293,1.0,8.0,0.125,0.3,1.1567796494470395,0.5,0.0,1.0,0.5,0.0,1.0,1.0,1.0,1.0,1.0,1.0,1.0,1.0,1.0,1.0,1.0,1.0,1.0,0.0,0.0,1.0,1.0,1.0,1.0
nomic-ai/nomic-embed-text-v2-moe,nomic-v2-moe,EP-4626962-A1_de_q_es,es,de,synthetic,EP-4626962-A1,2,0,2,1.0,0.8175295903539445,1.0,1.0,1.0,0.9,1.8464393446710154,0.5,0.5,,0.5,0.5,,1.0,1.0,,1.0,1.0,,1.0,1.0,,1.0,1.0,,1.0,1.0,1.0,1.0,1.0,1.0
nomic-ai/nomic-embed-text-v2-moe,nomic-v2-moe,WO-2025201936-A1_de_q_en,en,de,synthetic,WO-2025201936-A1,2,0,2,0.0,0.0,562.0,562.0,0.0017793594306049821,0.2,0.7219280948873623,0.0,0.0,,0.0,0.0,,0.0,0.0,,0.0,0.0,,0.0,0.0,,0.0,0.0,,0.0,0.0,0.0,0.0,0.0,0.0
nomic-ai/nomic-embed-text-v2-moe,nomic-v2-moe,WO-2025201936-A1_fr_q_fr,fr,fr,original,WO-2025201936-A1,2,1,1,1.0,0.6131471927654584,1.0,95.0,0.010526315789473684,0.2,0.9219280948873623,0.5,0.0,1.0,0.5,0.0,1.0,0.5,0.0,1.0,0.5,0.0,1.0,0.5,0.0,1.0,1.0,1.0,1.0,0.0,0.0,0.0,0.0,0.0,1.0
nomic-ai/nomic-embed-text-v2-moe,nomic-v2-moe,WO-2025201936-A1_de_q_es,es,de,synthetic,WO-2025201936-A1,2,0,2,0.3333333333333333,0.3065735963827292,3.0,3.0,0.3333333333333333,0.6,1.5709505944546684,0.0,0.0,,0.5,0.5,,0.5,0.5,,1.0,1.0,,1.0,1.0,,1.0,1.0,,0.0,1.0,1.0,1.0,1.0,1.0
nomic-ai/nomic-embed-text-v2-moe,nomic-v2-moe,EP-4634597-A1_en_q_en,en,en,original,EP-4634597-A1,2,1,1,0.0,0.0,49.0,320.0,0.003125,0.4,1.295461844238322,0.0,0.0,0.0,0.0,0.0,0.0,0.0,0.0,0.0,0.0,0.0,0.0,0.5,0.0,1.0,0.5,0.0,1.0,0.0,0.0,0.0,0.0,0.0,0.0
nomic-ai/nomic-embed-text-v2-moe,nomic-v2-moe,EP-4634597-A1_en_q_de,de,en,synthetic,EP-4634597-A1,2,0,2,1.0,0.9197207891481876,1.0,1.0,1.0,0.8,1.7609640474436812,0.5,0.5,,1.0,1.0,,1.0,1.0,,1.0,1.0,,1.0,1.0,,1.0,1.0,,1.0,1.0,1.0,1.0,1.0,1.0
nomic-ai/nomic-embed-text-v2-moe,nomic-v2-moe,EP-4634597-A1_fr_q_fr,fr,fr,original,EP-4634597-A1,2,1,1,1.0,0.8503449055347546,1.0,5.0,0.2,0.6,1.5219280948873621,0.5,0.0,1.0,1.0,1.0,1.0,1.0,1.0,1.0,1.0,1.0,1.0,1.0,1.0,1.0,1.0,1.0,1.0,0.0,1.0,1.0,1.0,1.0,1.0
nomic-ai/nomic-embed-text-v2-moe,nomic-v2-moe,EP-4634597-A1_en_q_es,es,en,synthetic,EP-4634597-A1,2,0,2,0.16666666666666666,0.40298313359773236,6.0,6.0,0.16666666666666666,0.9,1.721928094887362,0.0,0.0,,0.0,0.0,,1.0,1.0,,1.0,1.0,,1.0,1.0,,1.0,1.0,,0.0,0.0,1.0,1.0,1.0,1.0
nomic-ai/nomic-embed-text-v2-moe,nomic-v2-moe,EP-4634381-A1_en_q_zh,zh,en,synthetic,EP-4634381-A1,2,0,2,0.0,0.0,31.0,31.0,0.03225806451612903,1.0,0.4689955935892812,0.0,0.0,,0.0,0.0,,0.0,0.0,,0.0,0.0,,0.5,0.5,,0.5,0.5,,0.0,0.0,0.0,0.0,1.0,1.0
nomic-ai/nomic-embed-text-v2-moe,nomic-v2-moe,EP-4633589-A1_en_q_zh,zh,en,synthetic,EP-4633589-A1,2,0,2,0.0,0.0,925.0,925.0,0.001081081081081081,1.0,-0.0,0.0,0.0,,0.0,0.0,,0.0,0.0,,0.0,0.0,,0.0,0.0,,0.0,0.0,,0.0,0.0,0.0,0.0,0.0,0.0
nomic-ai/nomic-embed-text-v2-moe,nomic-v2-moe,EP-4627024-A1_de_q_zh,zh,de,synthetic,EP-4627024-A1,2,0,2,0.0,0.0,169.0,169.0,0.005917159763313609,0.8,2.1709505944546685,0.0,0.0,,0.0,0.0,,0.0,0.0,,0.0,0.0,,0.0,0.0,,0.0,0.0,,0.0,0.0,0.0,0.0,0.0,0.0
nomic-ai/nomic-embed-text-v2-moe,nomic-v2-moe,EP-4634926-A1_en_q_zh,zh,en,synthetic,EP-4634926-A1,2,0,2,0.0,0.0,87.0,87.0,0.011494252873563218,1.0,1.7609640474436812,0.0,0.0,,0.0,0.0,,0.0,0.0,,0.0,0.0,,0.0,0.0,,0.5,0.5,,0.0,0.0,0.0,0.0,0.0,1.0
nomic-ai/nomic-embed-text-v2-moe,nomic-v2-moe,EP-4633863-A2_en_q_zh,zh,en,synthetic,EP-4633863-A2,3,0,3,0.0,0.0,85.0,85.0,0.011764705882352941,0.6,1.9219280948873623,0.0,0.0,,0.0,0.0,,0.0,0.0,,0.0,0.0,,0.0,0.0,,0.3333333333333333,0.3333333333333333,,0.0,0.0,0.0,0.0,0.0,1.0
nomic-ai/nomic-embed-text-v2-moe,nomic-v2-moe,EP-4633797-A1_en_q_zh,zh,en,synthetic,EP-4633797-A1,2,0,2,1.0,1.0,1.0,1.0,1.0,0.9,1.8464393446710154,0.5,0.5,,1.0,1.0,,1.0,1.0,,1.0,1.0,,1.0,1.0,,1.0,1.0,,1.0,1.0,1.0,1.0,1.0,1.0
nomic-ai/nomic-embed-text-v2-moe,nomic-v2-moe,EP-4633777-A1_en_q_zh,zh,en,synthetic,EP-4633777-A1,2,0,2,0.125,0.19342640361727081,8.0,8.0,0.125,0.8,1.7609640474436812,0.0,0.0,,0.0,0.0,,0.5,0.5,,0.5,0.5,,1.0,1.0,,1.0,1.0,,0.0,0.0,1.0,1.0,1.0,1.0
nomic-ai/nomic-embed-text-v2-moe,nomic-v2-moe,EP-4633621-A1_en_q_zh,zh,en,synthetic,EP-4633621-A1,2,0,2,0.0,0.0,22.0,22.0,0.045454545454545456,1.0,1.0,0.0,0.0,,0.0,0.0,,0.0,0.0,,0.0,0.0,,1.0,1.0,,1.0,1.0,,0.0,0.0,0.0,0.0,1.0,1.0
nomic-ai/nomic-embed-text-v2-moe,nomic-v2-moe,EP-4634723-A1_en_q_zh,zh,en,synthetic,EP-4634723-A1,2,0,2,0.0,0.0,inf,inf,0.0,1.0,1.8954618442383218,0.0,0.0,,0.0,0.0,,0.0,0.0,,0.0,0.0,,0.0,0.0,,0.0,0.0,,0.0,0.0,0.0,0.0,0.0,0.0
nomic-ai/nomic-embed-text-v2-moe,nomic-v2-moe,EP-4633581-A1_en_q_zh,zh,en,synthetic,EP-4633581-A1,2,0,2,0.0,0.0,inf,inf,0.0,0.2,0.9219280948873623,0.0,0.0,,0.0,0.0,,0.0,0.0,,0.0,0.0,,0.0,0.0,,0.0,0.0,,0.0,0.0,0.0,0.0,0.0,0.0
nomic-ai/nomic-embed-text-v2-moe,nomic-v2-moe,EP-4634416-A1_en_q_zh,zh,en,synthetic,EP-4634416-A1,2,0,2,0.0,0.0,128.0,128.0,0.0078125,0.8,1.9709505944546686,0.0,0.0,,0.0,0.0,,0.0,0.0,,0.0,0.0,,0.0,0.0,,0.0,0.0,,0.0,0.0,0.0,0.0,0.0,0.0
nomic-ai/nomic-embed-text-v2-moe,nomic-v2-moe,EP-4634305-A1_en_q_zh,zh,en,synthetic,EP-4634305-A1,2,0,2,1.0,1.0,1.0,1.0,1.0,0.3,1.1567796494470395,0.5,0.5,,1.0,1.0,,1.0,1.0,,1.0,1.0,,1.0,1.0,,1.0,1.0,,1.0,1.0,1.0,1.0,1.0,1.0
nomic-ai/nomic-embed-text-v2-moe,nomic-v2-moe,EP-4633531-A1_en_q_zh,zh,en,synthetic,EP-4633531-A1,2,0,2,0.5,0.6934264036172708,2.0,2.0,0.5,0.7,1.8464393446710154,0.0,0.0,,1.0,1.0,,1.0,1.0,,1.0,1.0,,1.0,1.0,,1.0,1.0,,0.0,1.0,1.0,1.0,1.0,1.0
nomic-ai/nomic-embed-text-v2-moe,nomic-v2-moe,EP-4634333-A1_en_q_zh,zh,en,synthetic,EP-4634333-A1,2,0,2,0.0,0.0,192.0,192.0,0.005208333333333333,1.0,1.4854752972273344,0.0,0.0,,0.0,0.0,,0.0,0.0,,0.0,0.0,,0.0,0.0,,0.0,0.0,,0.0,0.0,0.0,0.0,0.0,0.0
nomic-ai/nomic-embed-text-v2-moe,nomic-v2-moe,EP-4634212-A1_en_q_zh,zh,en,synthetic,EP-4634212-A1,2,0,2,1.0,0.9197207891481876,1.0,1.0,1.0,1.0,1.295461844238322,0.5,0.5,,1.0,1.0,,1.0,1.0,,1.0,1.0,,1.0,1.0,,1.0,1.0,,1.0,1.0,1.0,1.0,1.0,1.0
nomic-ai/nomic-embed-text-v2-moe,nomic-v2-moe,EP-4629959-A1_de_q_zh,zh,de,synthetic,EP-4629959-A1,2,0,2,0.0,0.0,24.0,24.0,0.041666666666666664,0.7,1.295461844238322,0.0,0.0,,0.0,0.0,,0.0,0.0,,0.0,0.0,,0.5,0.5,,0.5,0.5,,0.0,0.0,0.0,0.0,1.0,1.0
nomic-ai/nomic-embed-text-v2-moe,nomic-v2-moe,EP-4627881-A1_de_q_zh,zh,de,synthetic,EP-4627881-A1,2,0,2,0.0,0.0,27.0,27.0,0.037037037037037035,0.4,1.3709505944546687,0.0,0.0,,0.0,0.0,,0.0,0.0,,0.0,0.0,,0.5,0.5,,0.5,0.5,,0.0,0.0,0.0,0.0,1.0,1.0
nomic-ai/nomic-embed-text-v2-moe,nomic-v2-moe,EP-4633576-A1_en_q_zh,zh,en,synthetic,EP-4633576-A1,2,0,2,0.0,0.0,355.0,355.0,0.0028169014084507044,0.6,1.5219280948873621,0.0,0.0,,0.0,0.0,,0.0,0.0,,0.0,0.0,,0.0,0.0,,0.0,0.0,,0.0,0.0,0.0,0.0,0.0,0.0
nomic-ai/nomic-embed-text-v2-moe,nomic-v2-moe,EP-4633742-A2_en_q_zh,zh,en,synthetic,EP-4633742-A2,2,0,2,1.0,0.8772153153380493,1.0,1.0,1.0,0.9,1.8464393446710154,0.5,0.5,,1.0,1.0,,1.0,1.0,,1.0,1.0,,1.0,1.0,,1.0,1.0,,1.0,1.0,1.0,1.0,1.0,1.0
nomic-ai/nomic-embed-text-v2-moe,nomic-v2-moe,EP-4633791-A1_en_q_zh,zh,en,synthetic,EP-4633791-A1,2,0,2,0.5,0.38685280723454163,2.0,2.0,0.5,1.0,1.6854752972273344,0.0,0.0,,0.5,0.5,,0.5,0.5,,0.5,0.5,,1.0,1.0,,1.0,1.0,,0.0,1.0,1.0,1.0,1.0,1.0
nomic-ai/nomic-embed-text-v2-moe,nomic-v2-moe,EP-4630574-A1_fr_q_fr,fr,fr,original,EP-4630574-A1,3,1,2,0.0,0.0,inf,inf,0.0,0.3,1.1567796494470395,0.0,0.0,0.0,0.0,0.0,0.0,0.0,0.0,0.0,0.0,0.0,0.0,0.0,0.0,0.0,0.0,0.0,0.0,0.0,0.0,0.0,0.0,0.0,0.0
nomic-ai/nomic-embed-text-v2-moe,nomic-v2-moe,EP-4634111-A1_fr_q_fr,fr,fr,original,EP-4634111-A1,3,1,2,0.0,0.0,34.0,66.0,0.015151515151515152,0.1,0.4689955935892812,0.0,0.0,0.0,0.0,0.0,0.0,0.0,0.0,0.0,0.0,0.0,0.0,0.3333333333333333,0.0,1.0,1.0,1.0,1.0,0.0,0.0,0.0,0.0,0.0,1.0
nomic-ai/nomic-embed-text-v2-moe,nomic-v2-moe,EP-4633622-A2_en_q_es,es,en,synthetic,EP-4633622-A2,3,0,3,1.0,1.0,1.0,1.0,1.0,0.9,1.721928094887362,0.3333333333333333,0.3333333333333333,,1.0,1.0,,1.0,1.0,,1.0,1.0,,1.0,1.0,,1.0,1.0,,1.0,1.0,1.0,1.0,1.0,1.0
nomic-ai/nomic-embed-text-v2-moe,nomic-v2-moe,EP-4634187-A1_en_q_es_120,es,en,synthetic,EP-4634187-A1,3,0,3,1.0,0.7653606369886217,1.0,1.0,1.0,0.9,1.360964047443681,0.3333333333333333,0.3333333333333333,,0.6666666666666666,0.6666666666666666,,0.6666666666666666,0.6666666666666666,,0.6666666666666666,0.6666666666666666,,1.0,1.0,,1.0,1.0,,1.0,1.0,1.0,1.0,1.0,1.0
nomic-ai/nomic-embed-text-v2-moe,nomic-v2-moe,EP-4634139-A1_fr_q_fr,fr,fr,original,EP-4634139-A1,3,1,2,1.0,0.7653606369886217,1.0,2.0,0.5,0.5,1.4854752972273344,0.3333333333333333,0.0,1.0,0.6666666666666666,0.5,1.0,0.6666666666666666,0.5,1.0,0.6666666666666666,0.5,1.0,1.0,1.0,1.0,1.0,1.0,1.0,0.0,1.0,1.0,1.0,1.0,1.0
nomic-ai/nomic-embed-text-v2-moe,nomic-v2-moe,EP-4634136-A1_en_q_en,en,en,original,EP-4634136-A1,3,1,2,0.0,0.0,458.0,640.0,0.0015625,0.4,0.9709505944546686,0.0,0.0,0.0,0.0,0.0,0.0,0.0,0.0,0.0,0.0,0.0,0.0,0.0,0.0,0.0,0.0,0.0,0.0,0.0,0.0,0.0,0.0,0.0,0.0
nomic-ai/nomic-embed-text-v2-moe,nomic-v2-moe,EP-4634136-A1_en_q_de,de,en,synthetic,EP-4634136-A1,3,0,3,0.0,0.0,16.0,16.0,0.0625,0.1,0.4689955935892812,0.0,0.0,,0.0,0.0,,0.0,0.0,,0.3333333333333333,0.3333333333333333,,0.3333333333333333,0.3333333333333333,,0.3333333333333333,0.3333333333333333,,0.0,0.0,0.0,1.0,1.0,1.0
nomic-ai/nomic-embed-text-v2-moe,nomic-v2-moe,EP-4634136-A1_fr_q_fr,fr,fr,original,EP-4634136-A1,3,1,2,1.0,0.46927872602275644,1.0,606.0,0.0016501650165016502,0.0,-0.0,0.3333333333333333,0.0,1.0,0.3333333333333333,0.0,1.0,0.3333333333333333,0.0,1.0,0.3333333333333333,0.0,1.0,0.3333333333333333,0.0,1.0,0.3333333333333333,0.0,1.0,0.0,0.0,0.0,0.0,0.0,0.0
nomic-ai/nomic-embed-text-v2-moe,nomic-v2-moe,EP-4634136-A1_en_q_es_125,es,en,synthetic,EP-4634136-A1,3,0,3,0.0,0.0,339.0,339.0,0.0029498525073746312,0.0,-0.0,0.0,0.0,,0.0,0.0,,0.0,0.0,,0.0,0.0,,0.0,0.0,,0.0,0.0,,0.0,0.0,0.0,0.0,0.0,0.0
nomic-ai/nomic-embed-text-v2-moe,nomic-v2-moe,EP-4634136-A1_zh_q_zh,zh,zh,original,EP-4634136-A1,3,1,2,0.5,0.2960819109658652,2.0,inf,0.0,0.6,1.5709505944546684,0.0,0.0,0.0,0.3333333333333333,0.0,1.0,0.3333333333333333,0.0,1.0,0.3333333333333333,0.0,1.0,0.3333333333333333,0.0,1.0,0.3333333333333333,0.0,1.0,0.0,0.0,0.0,0.0,0.0,0.0
nomic-ai/nomic-embed-text-v2-moe,nomic-v2-moe,EP-4634248-A1_en_q_en,en,en,original,EP-4634248-A1,3,1,2,1.0,0.6508205185601091,1.0,5.0,0.2,0.2,0.7219280948873623,0.3333333333333333,0.0,1.0,0.6666666666666666,0.5,1.0,0.6666666666666666,0.5,1.0,0.6666666666666666,0.5,1.0,0.6666666666666666,0.5,1.0,0.6666666666666666,0.5,1.0,0.0,1.0,1.0,1.0,1.0,1.0
nomic-ai/nomic-embed-text-v2-moe,nomic-v2-moe,EP-4634142-A1_en_q_es,es,en,synthetic,EP-4634142-A1,3,0,3,0.5,0.43734888382569426,2.0,2.0,0.5,1.0,1.4854752972273344,0.0,0.0,,0.3333333333333333,0.3333333333333333,,0.6666666666666666,0.6666666666666666,,0.6666666666666666,0.6666666666666666,,1.0,1.0,,1.0,1.0,,0.0,1.0,1.0,1.0,1.0,1.0
nomic-ai/nomic-embed-text-v2-moe,nomic-v2-moe,WO-2025214812-A1_de_q_es,es,de,synthetic,WO-2025214812-A1,3,0,3,0.5,0.5307212739772434,2.0,2.0,0.5,1.0,1.5709505944546684,0.0,0.0,,0.6666666666666666,0.6666666666666666,,0.6666666666666666,0.6666666666666666,,0.6666666666666666,0.6666666666666666,,0.6666666666666666,0.6666666666666666,,0.6666666666666666,0.6666666666666666,,0.0,1.0,1.0,1.0,1.0,1.0
nomic-ai/nomic-embed-text-v2-moe,nomic-v2-moe,EP-4633662-A1_en_q_de,de,en,synthetic,EP-4633662-A1,3,0,3,0.5,0.49818925746641285,2.0,2.0,0.5,1.0,1.360964047443681,0.0,0.0,,0.6666666666666666,0.6666666666666666,,0.6666666666666666,0.6666666666666666,,0.6666666666666666,0.6666666666666666,,0.6666666666666666,0.6666666666666666,,1.0,1.0,,0.0,1.0,1.0,1.0,1.0,1.0
nomic-ai/nomic-embed-text-v2-moe,nomic-v2-moe,WO-2025153617-A3_de_q_de,de,de,original,WO-2025153617-A3,3,1,2,1.0,0.46927872602275644,1.0,13.0,0.07692307692307693,0.2,0.9219280948873623,0.3333333333333333,0.0,1.0,0.3333333333333333,0.0,1.0,0.3333333333333333,0.0,1.0,0.6666666666666666,0.5,1.0,1.0,1.0,1.0,1.0,1.0,1.0,0.0,0.0,0.0,1.0,1.0,1.0
nomic-ai/nomic-embed-text-v2-moe,nomic-v2-moe,EP-4634596-A1_en_q_en,en,en,original,EP-4634596-A1,3,1,2,1.0,1.0,1.0,2.0,0.5,0.2,0.9219280948873623,0.3333333333333333,0.0,1.0,1.0,1.0,1.0,1.0,1.0,1.0,1.0,1.0,1.0,1.0,1.0,1.0,1.0,1.0,1.0,0.0,1.0,1.0,1.0,1.0,1.0
nomic-ai/nomic-embed-text-v2-moe,nomic-v2-moe,EP-4634596-A1_en_q_de,de,en,synthetic,EP-4634596-A1,3,0,3,1.0,0.9134015924715543,1.0,1.0,1.0,0.9,1.721928094887362,0.3333333333333333,0.3333333333333333,,0.6666666666666666,0.6666666666666666,,1.0,1.0,,1.0,1.0,,1.0,1.0,,1.0,1.0,,1.0,1.0,1.0,1.0,1.0,1.0
nomic-ai/nomic-embed-text-v2-moe,nomic-v2-moe,EP-4634596-A1_fr_q_fr,fr,fr,original,EP-4634596-A1,3,1,2,1.0,0.8710785440003369,1.0,3.0,0.3333333333333333,0.3,1.3567796494470397,0.3333333333333333,0.0,1.0,0.6666666666666666,0.5,1.0,1.0,1.0,1.0,1.0,1.0,1.0,1.0,1.0,1.0,1.0,1.0,1.0,0.0,1.0,1.0,1.0,1.0,1.0
nomic-ai/nomic-embed-text-v2-moe,nomic-v2-moe,EP-4634596-A1_en_q_es_135,es,en,synthetic,EP-4634596-A1,3,0,3,1.0,0.8451850618939637,1.0,1.0,1.0,1.0,1.5709505944546687,0.3333333333333333,0.3333333333333333,,0.6666666666666666,0.6666666666666666,,1.0,1.0,,1.0,1.0,,1.0,1.0,,1.0,1.0,,1.0,1.0,1.0,1.0,1.0,1.0
nomic-ai/nomic-embed-text-v2-moe,nomic-v2-moe,EP-4634596-A1_zh_q_zh,zh,zh,original,EP-4634596-A1,3,1,2,1.0,1.0,1.0,2.0,0.5,0.7,1.8954618442383218,0.3333333333333333,0.0,1.0,1.0,1.0,1.0,1.0,1.0,1.0,1.0,1.0,1.0,1.0,1.0,1.0,1.0,1.0,1.0,0.0,1.0,1.0,1.0,1.0,1.0
ibm-granite/granite-embedding-278m-multilingual,granite-278m,EP-4633662-A1_en_q_en,en,en,original,EP-4633662-A1,3,1,2,0.0,0.0,227.0,227.0,0.004405286343612335,0.3,1.1567796494470395,0.0,0.0,0.0,0.0,0.0,0.0,0.0,0.0,0.0,0.0,0.0,0.0,0.0,0.0,0.0,0.0,0.0,0.0,0.0,0.0,0.0,0.0,0.0,0.0
ibm-granite/granite-embedding-278m-multilingual,granite-278m,EP-4630509-A1_fr_q_fr,fr,fr,original,EP-4630509-A1,3,1,2,1.0,0.46927872602275644,1.0,46.0,0.021739130434782608,0.3,1.1567796494470395,0.3333333333333333,0.0,1.0,0.3333333333333333,0.0,1.0,0.3333333333333333,0.0,1.0,0.3333333333333333,0.0,1.0,0.6666666666666666,0.5,1.0,1.0,1.0,1.0,0.0,0.0,0.0,0.0,1.0,1.0
ibm-granite/granite-embedding-278m-multilingual,granite-278m,EP-4634248-A1_en_q_es,es,en,synthetic,EP-4634248-A1,3,0,3,0.0,0.0,inf,inf,0.0,0.6,1.8464393446710154,0.0,0.0,,0.0,0.0,,0.0,0.0,,0.0,0.0,,0.0,0.0,,0.0,0.0,,0.0,0.0,0.0,0.0,0.0,0.0
ibm-granite/granite-embedding-278m-multilingual,granite-278m,EP-4634187-A1_en_q_es,es,en,synthetic,EP-4634187-A1,3,0,3,1.0,0.46927872602275644,1.0,1.0,1.0,0.4,0.9709505944546686,0.3333333333333333,0.3333333333333333,,0.3333333333333333,0.3333333333333333,,0.3333333333333333,0.3333333333333333,,0.3333333333333333,0.3333333333333333,,1.0,1.0,,1.0,1.0,,1.0,1.0,1.0,1.0,1.0,1.0
ibm-granite/granite-embedding-278m-multilingual,granite-278m,EP-4634142-A1_fr_q_fr,fr,fr,original,EP-4634142-A1,3,1,2,0.0,0.0,805.0,805.0,0.0012422360248447205,0.5,1.360964047443681,0.0,0.0,0.0,0.0,0.0,0.0,0.0,0.0,0.0,0.0,0.0,0.0,0.0,0.0,0.0,0.0,0.0,0.0,0.0,0.0,0.0,0.0,0.0,0.0
ibm-granite/granite-embedding-278m-multilingual,granite-278m,EP-4633768-A2_en_q_es,es,en,synthetic,EP-4633768-A2,3,0,3,0.0,0.0,inf,inf,0.0,0.9,1.9609640474436811,0.0,0.0,,0.0,0.0,,0.0,0.0,,0.0,0.0,,0.0,0.0,,0.0,0.0,,0.0,0.0,0.0,0.0,0.0,0.0
ibm-granite/granite-embedding-278m-multilingual,granite-278m,EP-4633645-A1_fr_q_fr,fr,fr,original,EP-4633645-A1,3,1,2,0.0,0.0,30.0,30.0,0.03333333333333333,0.8,1.1567796494470395,0.0,0.0,0.0,0.0,0.0,0.0,0.0,0.0,0.0,0.0,0.0,0.0,0.3333333333333333,0.5,0.0,1.0,1.0,1.0,0.0,0.0,0.0,0.0,1.0,1.0
ibm-granite/granite-embedding-278m-multilingual,granite-278m,EP-4633622-A2_en_q_de,de,en,synthetic,EP-4633622-A2,3,0,3,1.0,0.6713860725233041,1.0,1.0,1.0,1.0,1.7609640474436812,0.3333333333333333,0.3333333333333333,,0.6666666666666666,0.6666666666666666,,0.6666666666666666,0.6666666666666666,,0.6666666666666666,0.6666666666666666,,1.0,1.0,,1.0,1.0,,1.0,1.0,1.0,1.0,1.0,1.0
ibm-granite/granite-embedding-278m-multilingual,granite-278m,EP-4634601-A1_en_q_en,en,en,original,EP-4634601-A1,3,1,2,1.0,0.6105456988825855,1.0,9.0,0.1111111111111111,0.5,1.7609640474436812,0.3333333333333333,0.0,1.0,0.3333333333333333,0.0,1.0,0.6666666666666666,0.5,1.0,0.6666666666666666,0.5,1.0,1.0,1.0,1.0,1.0,1.0,1.0,0.0,0.0,1.0,1.0,1.0,1.0
ibm-granite/granite-embedding-278m-multilingual,granite-278m,EP-4630626-A1_de_q_de,de,de,original,EP-4630626-A1,3,1,2,1.0,0.6105456988825855,1.0,9.0,0.1111111111111111,0.9,2.0464393446710156,0.3333333333333333,0.0,1.0,0.3333333333333333,0.0,1.0,0.6666666666666666,0.5,1.0,1.0,1.0,1.0,1.0,1.0,1.0,1.0,1.0,1.0,0.0,0.0,1.0,1.0,1.0,1.0
ibm-granite/granite-embedding-278m-multilingual,granite-278m,EP-4630600-A1_de_q_en,en,de,synthetic,EP-4630600-A1,3,0,3,0.0,0.0,71.0,71.0,0.014084507042253521,0.6,1.360964047443681,0.0,0.0,,0.0,0.0,,0.0,0.0,,0.0,0.0,,0.0,0.0,,0.3333333333333333,0.3333333333333333,,0.0,0.0,0.0,0.0,0.0,1.0
ibm-granite/granite-embedding-278m-multilingual,granite-278m,EP-4633632-A1_en_q_es,es,en,synthetic,EP-4633632-A1,3,0,3,0.0,0.0,17.0,17.0,0.058823529411764705,0.6,1.5709505944546684,0.0,0.0,,0.0,0.0,,0.0,0.0,,0.3333333333333333,0.3333333333333333,,1.0,1.0,,1.0,1.0,,0.0,0.0,0.0,1.0,1.0,1.0
ibm-granite/granite-embedding-278m-multilingual,granite-278m,EP-4634136-A1_en_q_es,es,en,synthetic,EP-4634136-A1,3,0,3,0.0,0.0,544.0,544.0,0.001838235294117647,0.8,1.4854752972273344,0.0,0.0,,0.0,0.0,,0.0,0.0,,0.0,0.0,,0.0,0.0,,0.0,0.0,,0.0,0.0,0.0,0.0,0.0,0.0
ibm-granite/granite-embedding-278m-multilingual,granite-278m,EP-4634157-A1_en_q_de,de,en,synthetic,EP-4634157-A1,3,0,3,0.0,0.0,499.0,499.0,0.002004008016032064,1.0,1.295461844238322,0.0,0.0,,0.0,0.0,,0.0,0.0,,0.0,0.0,,0.0,0.0,,0.0,0.0,,0.0,0.0,0.0,0.0,0.0,0.0
ibm-granite/granite-embedding-278m-multilingual,granite-278m,EP-4630574-A1_de_q_en,en,de,synthetic,EP-4630574-A1,3,0,3,0.0,0.0,769.0,769.0,0.0013003901170351106,0.6,1.5709505944546684,0.0,0.0,,0.0,0.0,,0.0,0.0,,0.0,0.0,,0.0,0.0,,0.0,0.0,,0.0,0.0,0.0,0.0,0.0,0.0
ibm-granite/granite-embedding-278m-multilingual,granite-278m,EP-4634111-A1_en_q_de,de,en,synthetic,EP-4634111-A1,3,0,3,0.0,0.0,90.0,90.0,0.011111111111111112,0.6,1.5219280948873621,0.0,0.0,,0.0,0.0,,0.0,0.0,,0.0,0.0,,0.0,0.0,,0.3333333333333333,0.3333333333333333,,0.0,0.0,0.0,0.0,0.0,1.0
ibm-granite/granite-embedding-278m-multilingual,granite-278m,EP-4634596-A1_en_q_es,es,en,synthetic,EP-4634596-A1,3,0,3,0.0,0.0,91.0,91.0,0.01098901098901099,0.9,1.7609640474436812,0.0,0.0,,0.0,0.0,,0.0,0.0,,0.0,0.0,,0.0,0.0,,0.3333333333333333,0.3333333333333333,,0.0,0.0,0.0,0.0,0.0,1.0
ibm-granite/granite-embedding-278m-multilingual,granite-278m,EP-4634139-A1_en_q_es,es,en,synthetic,EP-4634139-A1,3,0,3,1.0,1.0,1.0,1.0,1.0,0.5,1.7609640474436812,0.3333333333333333,0.3333333333333333,,1.0,1.0,,1.0,1.0,,1.0,1.0,,1.0,1.0,,1.0,1.0,,1.0,1.0,1.0,1.0,1.0,1.0
ibm-granite/granite-embedding-278m-multilingual,granite-278m,WO-2025153617-A3_de_q_en,en,de,synthetic,WO-2025153617-A3,3,0,3,0.0,0.0,233.0,233.0,0.004291845493562232,0.3,0.8812908992306927,0.0,0.0,,0.0,0.0,,0.0,0.0,,0.0,0.0,,0.0,0.0,,0.0,0.0,,0.0,0.0,0.0,0.0,0.0,0.0
ibm-granite/granite-embedding-278m-multilingual,granite-278m,EP-4634251-A1_en_q_es,es,en,synthetic,EP-4634251-A1,3,0,3,0.0,0.0,132.0,132.0,0.007575757575757576,0.8,1.8464393446710154,0.0,0.0,,0.0,0.0,,0.0,0.0,,0.0,0.0,,0.0,0.0,,0.0,0.0,,0.0,0.0,0.0,0.0,0.0,0.0
ibm-granite/granite-embedding-278m-multilingual,granite-278m,EP-4634426-A1_en_q_es,es,en,synthetic,EP-4634426-A1,3,0,3,0.0,0.0,82.0,82.0,0.012195121951219513,0.7,1.8464393446710154,0.0,0.0,,0.0,0.0,,0.0,0.0,,0.0,0.0,,0.0,0.0,,0.3333333333333333,0.3333333333333333,,0.0,0.0,0.0,0.0,0.0,1.0
ibm-granite/granite-embedding-278m-multilingual,granite-278m,EP-4634729-A1_en_q_de,de,en,synthetic,EP-4634729-A1,2,0,2,1.0,1.0,1.0,1.0,1.0,0.8,2.1219280948873624,0.5,0.5,,1.0,1.0,,1.0,1.0,,1.0,1.0,,1.0,1.0,,1.0,1.0,,1.0,1.0,1.0,1.0,1.0,1.0
ibm-granite/granite-embedding-278m-multilingual,granite-278m,EP-4626569-A1_de_q_en,en,de,synthetic,EP-4626569-A1,2,0,2,0.0,0.0,433.0,433.0,0.0023094688221709007,0.3,1.1567796494470395,0.0,0.0,,0.0,0.0,,0.0,0.0,,0.0,0.0,,0.0,0.0,,0.0,0.0,,0.0,0.0,0.0,0.0,0.0,0.0
ibm-granite/granite-embedding-278m-multilingual,granite-278m,EP-4634394-A2_en_q_es,es,en,synthetic,EP-4634394-A2,2,0,2,0.0,0.0,15.0,15.0,0.06666666666666667,0.9,1.295461844238322,0.0,0.0,,0.0,0.0,,0.0,0.0,,0.5,0.5,,1.0,1.0,,1.0,1.0,,0.0,0.0,0.0,1.0,1.0,1.0
ibm-granite/granite-embedding-278m-multilingual,granite-278m,EP-4634424-A1_en_q_es,es,en,synthetic,EP-4634424-A1,2,0,2,0.0,0.0,inf,inf,0.0,0.6,1.5219280948873621,0.0,0.0,,0.0,0.0,,0.0,0.0,,0.0,0.0,,0.0,0.0,,0.0,0.0,,0.0,0.0,0.0,0.0,0.0,0.0
ibm-granite/granite-embedding-278m-multilingual,granite-278m,EP-4633602-A1_en_q_de,de,en,synthetic,EP-4633602-A1,2,0,2,0.0,0.0,inf,inf,0.0,1.0,1.4854752972273344,0.0,0.0,,0.0,0.0,,0.0,0.0,,0.0,0.0,,0.0,0.0,,0.0,0.0,,0.0,0.0,0.0,0.0,0.0,0.0
ibm-granite/granite-embedding-278m-multilingual,granite-278m,EP-4634337-A1_en_q_en,en,en,original,EP-4634337-A1,2,1,1,0.0,0.0,25.0,96.0,0.010416666666666666,0.7,1.5709505944546684,0.0,0.0,0.0,0.0,0.0,0.0,0.0,0.0,0.0,0.0,0.0,0.0,0.5,0.0,1.0,1.0,1.0,1.0,0.0,0.0,0.0,0.0,0.0,1.0
ibm-granite/granite-embedding-278m-multilingual,granite-278m,EP-4634128-A1_en_q_en,en,en,original,EP-4634128-A1,2,1,1,0.0,0.0,inf,inf,0.0,0.6,2.1219280948873624,0.0,0.0,0.0,0.0,0.0,0.0,0.0,0.0,0.0,0.0,0.0,0.0,0.0,0.0,0.0,0.0,0.0,0.0,0.0,0.0,0.0,0.0,0.0,0.0
ibm-granite/granite-embedding-278m-multilingual,granite-278m,EP-4633896-A1_en_q_en,en,en,original,EP-4633896-A1,2,1,1,0.0,0.0,369.0,inf,0.0,0.5,1.360964047443681,0.0,0.0,0.0,0.0,0.0,0.0,0.0,0.0,0.0,0.0,0.0,0.0,0.0,0.0,0.0,0.0,0.0,0.0,0.0,0.0,0.0,0.0,0.0,0.0
ibm-granite/granite-embedding-278m-multilingual,granite-278m,WO-2025215091-A1_fr_q_fr,fr,fr,original,WO-2025215091-A1,2,1,1,0.0,0.0,57.0,57.0,0.017543859649122806,0.6,1.360964047443681,0.0,0.0,0.0,0.0,0.0,0.0,0.0,0.0,0.0,0.0,0.0,0.0,0.0,0.0,0.0,0.5,1.0,0.0,0.0,0.0,0.0,0.0,0.0,1.0
ibm-granite/granite-embedding-278m-multilingual,granite-278m,EP-4633599-A1_fr_q_fr,fr,fr,original,EP-4633599-A1,2,1,1,0.5,0.38685280723454163,2.0,24.0,0.041666666666666664,0.3,0.8812908992306927,0.0,0.0,0.0,0.5,0.0,1.0,0.5,0.0,1.0,0.5,0.0,1.0,1.0,1.0,1.0,1.0,1.0,1.0,0.0,0.0,0.0,0.0,1.0,1.0
ibm-granite/granite-embedding-278m-multilingual,granite-278m,EP-4633656-A1_fr_q_fr,fr,fr,original,EP-4633656-A1,2,1,1,0.0,0.0,240.0,240.0,0.004166666666666667,0.7,1.295461844238322,0.0,0.0,0.0,0.0,0.0,0.0,0.0,0.0,0.0,0.0,0.0,0.0,0.0,0.0,0.0,0.0,0.0,0.0,0.0,0.0,0.0,0.0,0.0,0.0
ibm-granite/granite-embedding-278m-multilingual,granite-278m,WO-2025208167-A1_de_q_de,de,de,original,WO-2025208167-A1,2,1,1,0.0,0.0,inf,inf,0.0,1.0,0.9709505944546686,0.0,0.0,0.0,0.0,0.0,0.0,0.0,0.0,0.0,0.0,0.0,0.0,0.0,0.0,0.0,0.0,0.0,0.0,0.0,0.0,0.0,0.0,0.0,0.0
ibm-granite/granite-embedding-278m-multilingual,granite-278m,EP-4634396-A1_fr_q_fr,fr,fr,original,EP-4634396-A1,2,1,1,1.0,1.0,1.0,2.0,0.5,0.8,1.9219280948873623,0.5,0.0,1.0,1.0,1.0,1.0,1.0,1.0,1.0,1.0,1.0,1.0,1.0,1.0,1.0,1.0,1.0,1.0,0.0,1.0,1.0,1.0,1.0,1.0
ibm-granite/granite-embedding-278m-multilingual,granite-278m,EP-4633893-A1_fr_q_fr,fr,fr,original,EP-4633893-A1,2,1,1,0.0,0.0,21.0,34.0,0.029411764705882353,0.5,1.360964047443681,0.0,0.0,0.0,0.0,0.0,0.0,0.0,0.0,0.0,0.0,0.0,0.0,1.0,1.0,1.0,1.0,1.0,1.0,0.0,0.0,0.0,0.0,1.0,1.0
ibm-granite/granite-embedding-278m-multilingual,granite-278m,EP-4633462-A1_en_q_en,en,en,original,EP-4633462-A1,2,1,1,1.0,0.9197207891481876,1.0,3.0,0.3333333333333333,0.3,1.1567796494470395,0.5,0.0,1.0,1.0,1.0,1.0,1.0,1.0,1.0,1.0,1.0,1.0,1.0,1.0,1.0,1.0,1.0,1.0,0.0,1.0,1.0,1.0,1.0,1.0
ibm-granite/granite-embedding-278m-multilingual,granite-278m,EP-4633386-A1_en_q_en,en,en,original,EP-4633386-A1,2,1,1,0.0,0.0,110.0,inf,0.0,0.5,1.360964047443681,0.0,0.0,0.0,0.0,0.0,0.0,0.0,0.0,0.0,0.0,0.0,0.0,0.0,0.0,0.0,0.0,0.0,0.0,0.0,0.0,0.0,0.0,0.0,0.0
ibm-granite/granite-embedding-278m-multilingual,granite-278m,EP-4633970-A1_fr_q_fr,fr,fr,original,EP-4633970-A1,2,1,1,0.25,0.2640681225725909,4.0,63.0,0.015873015873015872,0.8,1.9219280948873623,0.0,0.0,0.0,0.5,0.0,1.0,0.5,0.0,1.0,0.5,0.0,1.0,0.5,0.0,1.0,1.0,1.0,1.0,0.0,0.0,0.0,0.0,0.0,1.0
ibm-granite/granite-embedding-278m-multilingual,granite-278m,EP-4633415-A1_en_q_en,en,en,original,EP-4633415-A1,2,1,1,1.0,0.6131471927654584,1.0,19.0,0.05263157894736842,0.5,1.6854752972273344,0.5,0.0,1.0,0.5,0.0,1.0,0.5,0.0,1.0,1.0,1.0,1.0,1.0,1.0,1.0,1.0,1.0,1.0,0.0,0.0,0.0,1.0,1.0,1.0
ibm-granite/granite-embedding-278m-multilingual,granite-278m,EP-4633415-A1_en_q_de,de,en,synthetic,EP-4633415-A1,2,0,2,0.16666666666666666,0.21840743681816419,6.0,6.0,0.16666666666666666,0.8,1.9219280948873623,0.0,0.0,,0.0,0.0,,0.5,0.5,,1.0,1.0,,1.0,1.0,,1.0,1.0,,0.0,0.0,1.0,1.0,1.0,1.0
ibm-granite/granite-embedding-278m-multilingual,granite-278m,EP-4633415-A1_fr_q_fr,fr,fr,original,EP-4633415-A1,2,1,1,0.0,0.0,26.0,26.0,0.038461538461538464,0.6,1.5709505944546684,0.0,0.0,0.0,0.0,0.0,0.0,0.0,0.0,0.0,0.0,0.0,0.0,0.5,1.0,0.0,1.0,1.0,1.0,0.0,0.0,0.0,0.0,1.0,1.0
ibm-granite/granite-embedding-278m-multilingual,granite-278m,EP-4633415-A1_en_q_es,es,en,synthetic,EP-4633415-A1,2,0,2,0.16666666666666666,0.21840743681816419,6.0,6.0,0.16666666666666666,0.8,1.3709505944546687,0.0,0.0,,0.0,0.0,,0.5,0.5,,1.0,1.0,,1.0,1.0,,1.0,1.0,,0.0,0.0,1.0,1.0,1.0,1.0
ibm-granite/granite-embedding-278m-multilingual,granite-278m,EP-4633950-A1_en_q_en,en,en,original,EP-4633950-A1,2,1,1,0.2,0.23719771276929622,5.0,37.0,0.02702702702702703,0.0,-0.0,0.0,0.0,0.0,0.5,0.0,1.0,0.5,0.0,1.0,0.5,0.0,1.0,1.0,1.0,1.0,1.0,1.0,1.0,0.0,0.0,0.0,0.0,1.0,1.0
ibm-granite/granite-embedding-278m-multilingual,granite-278m,EP-4633950-A1_en_q_de,de,en,synthetic,EP-4633950-A1,2,0,2,0.0,0.0,889.0,889.0,0.0011248593925759281,1.0,0.7219280948873623,0.0,0.0,,0.0,0.0,,0.0,0.0,,0.0,0.0,,0.0,0.0,,0.0,0.0,,0.0,0.0,0.0,0.0,0.0,0.0
ibm-granite/granite-embedding-278m-multilingual,granite-278m,EP-4633950-A1_fr_q_fr,fr,fr,original,EP-4633950-A1,2,1,1,0.0,0.0,inf,inf,0.0,0.8,1.3709505944546687,0.0,0.0,0.0,0.0,0.0,0.0,0.0,0.0,0.0,0.0,0.0,0.0,0.0,0.0,0.0,0.0,0.0,0.0,0.0,0.0,0.0,0.0,0.0,0.0
ibm-granite/granite-embedding-278m-multilingual,granite-278m,EP-4633950-A1_en_q_es,es,en,synthetic,EP-4633950-A1,2,0,2,0.0,0.0,570.0,570.0,0.0017543859649122807,0.9,0.9219280948873623,0.0,0.0,,0.0,0.0,,0.0,0.0,,0.0,0.0,,0.0,0.0,,0.0,0.0,,0.0,0.0,0.0,0.0,0.0,0.0
ibm-granite/granite-embedding-278m-multilingual,granite-278m,EP-4634629-A1_en_q_en,en,en,original,EP-4634629-A1,3,1,2,0.0,0.0,98.0,98.0,0.01020408163265306,0.3,1.1567796494470395,0.0,0.0,0.0,0.0,0.0,0.0,0.0,0.0,0.0,0.0,0.0,0.0,0.0,0.0,0.0,0.3333333333333333,0.5,0.0,0.0,0.0,0.0,0.0,0.0,1.0
ibm-granite/granite-embedding-278m-multilingual,granite-278m,EP-4634629-A1_de_q_de,de,de,original,EP-4634629-A1,3,1,2,0.0,0.0,565.0,inf,0.0,0.6,1.5709505944546684,0.0,0.0,0.0,0.0,0.0,0.0,0.0,0.0,0.0,0.0,0.0,0.0,0.0,0.0,0.0,0.0,0.0,0.0,0.0,0.0,0.0,0.0,0.0,0.0
ibm-granite/granite-embedding-278m-multilingual,granite-278m,EP-4634629-A1_fr_q_fr,fr,fr,original,EP-4634629-A1,3,1,2,0.0,0.0,980.0,inf,0.0,0.5,1.6854752972273344,0.0,0.0,0.0,0.0,0.0,0.0,0.0,0.0,0.0,0.0,0.0,0.0,0.0,0.0,0.0,0.0,0.0,0.0,0.0,0.0,0.0,0.0,0.0,0.0
ibm-granite/granite-embedding-278m-multilingual,granite-278m,EP-4634629-A1_en_q_es,es,en,synthetic,EP-4634629-A1,3,0,3,0.0,0.0,451.0,451.0,0.0022172949002217295,1.0,1.5219280948873621,0.0,0.0,,0.0,0.0,,0.0,0.0,,0.0,0.0,,0.0,0.0,,0.0,0.0,,0.0,0.0,0.0,0.0,0.0,0.0
ibm-granite/granite-embedding-278m-multilingual,granite-278m,EP-4633582-A1_en_q_es,es,en,synthetic,EP-4633582-A1,2,0,2,0.0,0.0,28.0,28.0,0.03571428571428571,0.5,1.4854752972273344,0.0,0.0,,0.0,0.0,,0.0,0.0,,0.0,0.0,,0.5,0.5,,0.5,0.5,,0.0,0.0,0.0,0.0,1.0,1.0
ibm-granite/granite-embedding-278m-multilingual,granite-278m,EP-4634165-A1_en_q_es,es,en,synthetic,EP-4634165-A1,2,0,2,1.0,1.0,1.0,1.0,1.0,0.9,1.8464393446710154,0.5,0.5,,1.0,1.0,,1.0,1.0,,1.0,1.0,,1.0,1.0,,1.0,1.0,,1.0,1.0,1.0,1.0,1.0,1.0
ibm-granite/granite-embedding-278m-multilingual,granite-278m,EP-4633677-A1_en_q_de,de,en,synthetic,EP-4633677-A1,2,0,2,0.0,0.0,68.0,68.0,0.014705882352941176,1.0,0.9709505944546686,0.0,0.0,,0.0,0.0,,0.0,0.0,,0.0,0.0,,0.0,0.0,,0.5,0.5,,0.0,0.0,0.0,0.0,0.0,1.0
ibm-granite/granite-embedding-278m-multilingual,granite-278m,EP-4634246-A1_en_q_en,en,en,original,EP-4634246-A1,2,1,1,0.0,0.0,152.0,158.0,0.006329113924050633,0.8,1.4854752972273344,0.0,0.0,0.0,0.0,0.0,0.0,0.0,0.0,0.0,0.0,0.0,0.0,0.0,0.0,0.0,0.0,0.0,0.0,0.0,0.0,0.0,0.0,0.0,0.0
ibm-granite/granite-embedding-278m-multilingual,granite-278m,EP-4634120-A1_en_q_de,de,en,synthetic,EP-4634120-A1,2,0,2,0.0,0.0,131.0,131.0,0.007633587786259542,0.9,1.6854752972273344,0.0,0.0,,0.0,0.0,,0.0,0.0,,0.0,0.0,,0.0,0.0,,0.0,0.0,,0.0,0.0,0.0,0.0,0.0,0.0
ibm-granite/granite-embedding-278m-multilingual,granite-278m,EP-4633638-A1_en_q_en,en,en,original,EP-4633638-A1,2,1,1,1.0,1.0,1.0,1.0,1.0,0.7,1.5709505944546684,0.5,1.0,0.0,1.0,1.0,1.0,1.0,1.0,1.0,1.0,1.0,1.0,1.0,1.0,1.0,1.0,1.0,1.0,1.0,1.0,1.0,1.0,1.0,1.0
ibm-granite/granite-embedding-278m-multilingual,granite-278m,EP-4633389-A1_en_q_en,en,en,original,EP-4633389-A1,2,1,1,1.0,1.0,1.0,2.0,0.5,0.3,1.1567796494470395,0.5,0.0,1.0,1.0,1.0,1.0,1.0,1.0,1.0,1.0,1.0,1.0,1.0,1.0,1.0,1.0,1.0,1.0,0.0,1.0,1.0,1.0,1.0,1.0
ibm-granite/granite-embedding-278m-multilingual,granite-278m,WO-2025209629-A1_de_q_es,es,de,synthetic,WO-2025209629-A1,2,0,2,1.0,1.0,1.0,1.0,1.0,1.0,1.4854752972273344,0.5,0.5,,1.0,1.0,,1.0,1.0,,1.0,1.0,,1.0,1.0,,1.0,1.0,,1.0,1.0,1.0,1.0,1.0,1.0
ibm-granite/granite-embedding-278m-multilingual,granite-278m,EP-4634132-A2_en_q_en,en,en,original,EP-4634132-A2,2,1,1,0.0,0.0,25.0,84.0,0.011904761904761904,0.6,1.8464393446710154,0.0,0.0,0.0,0.0,0.0,0.0,0.0,0.0,0.0,0.0,0.0,0.0,0.5,0.0,1.0,1.0,1.0,1.0,0.0,0.0,0.0,0.0,0.0,1.0
ibm-granite/granite-embedding-278m-multilingual,granite-278m,EP-4634914-A1_en_q_es,es,en,synthetic,EP-4634914-A1,2,0,2,0.1,0.17723928678404774,10.0,10.0,0.1,0.9,2.1709505944546685,0.0,0.0,,0.0,0.0,,0.5,0.5,,1.0,1.0,,1.0,1.0,,1.0,1.0,,0.0,0.0,1.0,1.0,1.0,1.0
ibm-granite/granite-embedding-278m-multilingual,granite-278m,EP-4634285-A1_en_q_de,de,en,synthetic,EP-4634285-A1,2,0,2,1.0,0.6131471927654584,1.0,1.0,1.0,1.0,1.1567796494470395,0.5,0.5,,0.5,0.5,,0.5,0.5,,0.5,0.5,,1.0,1.0,,1.0,1.0,,1.0,1.0,1.0,1.0,1.0,1.0
ibm-granite/granite-embedding-278m-multilingual,granite-278m,EP-4634122-A1_fr_q_fr,fr,fr,original,EP-4634122-A1,2,1,1,0.0,0.0,47.0,51.0,0.0196078431372549,0.4,0.9709505944546686,0.0,0.0,0.0,0.0,0.0,0.0,0.0,0.0,0.0,0.0,0.0,0.0,0.5,0.0,1.0,1.0,1.0,1.0,0.0,0.0,0.0,0.0,0.0,1.0
ibm-granite/granite-embedding-278m-multilingual,granite-278m,EP-4634365-A1_fr_q_fr,fr,fr,original,EP-4634365-A1,2,1,1,1.0,1.0,1.0,2.0,0.5,0.6,1.360964047443681,0.5,0.0,1.0,1.0,1.0,1.0,1.0,1.0,1.0,1.0,1.0,1.0,1.0,1.0,1.0,1.0,1.0,1.0,0.0,1.0,1.0,1.0,1.0,1.0
ibm-granite/granite-embedding-278m-multilingual,granite-278m,WO-2025214709-A1_de_q_es,es,de,synthetic,WO-2025214709-A1,2,0,2,0.3333333333333333,0.3065735963827292,3.0,3.0,0.3333333333333333,1.0,1.295461844238322,0.0,0.0,,0.5,0.5,,0.5,0.5,,0.5,0.5,,0.5,0.5,,1.0,1.0,,0.0,1.0,1.0,1.0,1.0,1.0
ibm-granite/granite-embedding-278m-multilingual,granite-278m,EP-4633426-A2_en_q_es,es,en,synthetic,EP-4633426-A2,3,0,3,1.0,0.9674679834891693,1.0,1.0,1.0,1.0,1.360964047443681,0.3333333333333333,0.3333333333333333,,1.0,1.0,,1.0,1.0,,1.0,1.0,,1.0,1.0,,1.0,1.0,,1.0,1.0,1.0,1.0,1.0,1.0
ibm-granite/granite-embedding-278m-multilingual,granite-278m,EP-4630604-A1_de_q_es,es,de,synthetic,EP-4630604-A1,2,0,2,0.0,0.0,27.0,27.0,0.037037037037037035,1.0,1.4854752972273344,0.0,0.0,,0.0,0.0,,0.0,0.0,,0.0,0.0,,1.0,1.0,,1.0,1.0,,0.0,0.0,0.0,0.0,1.0,1.0
ibm-granite/granite-embedding-278m-multilingual,granite-278m,EP-4634118-A1_en_q_es,es,en,synthetic,EP-4634118-A1,2,0,2,0.1,0.17723928678404774,10.0,10.0,0.1,1.0,1.360964047443681,0.0,0.0,,0.0,0.0,,0.5,0.5,,1.0,1.0,,1.0,1.0,,1.0,1.0,,0.0,0.0,1.0,1.0,1.0,1.0
ibm-granite/granite-embedding-278m-multilingual,granite-278m,EP-4634404-A1_en_q_de,de,en,synthetic,EP-4634404-A1,2,0,2,1.0,1.0,1.0,1.0,1.0,0.9,1.360964047443681,0.5,0.5,,1.0,1.0,,1.0,1.0,,1.0,1.0,,1.0,1.0,,1.0,1.0,,1.0,1.0,1.0,1.0,1.0,1.0
ibm-granite/granite-embedding-278m-multilingual,granite-278m,EP-4633465-A1_en_q_de,de,en,synthetic,EP-4633465-A1,2,0,2,1.0,1.0,1.0,1.0,1.0,1.0,1.1567796494470395,0.5,0.5,,1.0,1.0,,1.0,1.0,,1.0,1.0,,1.0,1.0,,1.0,1.0,,1.0,1.0,1.0,1.0,1.0,1.0
ibm-granite/granite-embedding-278m-multilingual,granite-278m,EP-4633680-A1_en_q_es,es,en,synthetic,EP-4633680-A1,2,0,2,1.0,0.9197207891481876,1.0,1.0,1.0,0.6,1.5709505944546684,0.5,0.5,,1.0,1.0,,1.0,1.0,,1.0,1.0,,1.0,1.0,,1.0,1.0,,1.0,1.0,1.0,1.0,1.0,1.0
ibm-granite/granite-embedding-278m-multilingual,granite-278m,WO-2025201606-A1_de_q_es,es,de,synthetic,WO-2025201606-A1,2,0,2,1.0,0.8503449055347546,1.0,1.0,1.0,0.8,1.8464393446710154,0.5,0.5,,1.0,1.0,,1.0,1.0,,1.0,1.0,,1.0,1.0,,1.0,1.0,,1.0,1.0,1.0,1.0,1.0,1.0
ibm-granite/granite-embedding-278m-multilingual,granite-278m,EP-4634435-A1_en_q_de,de,en,synthetic,EP-4634435-A1,2,0,2,0.3333333333333333,0.5109559939712153,3.0,3.0,0.3333333333333333,0.9,1.360964047443681,0.0,0.0,,0.5,0.5,,1.0,1.0,,1.0,1.0,,1.0,1.0,,1.0,1.0,,0.0,1.0,1.0,1.0,1.0,1.0
ibm-granite/granite-embedding-278m-multilingual,granite-278m,EP-4634143-A1_en_q_de,de,en,synthetic,EP-4634143-A1,2,0,2,0.0,0.0,44.0,44.0,0.022727272727272728,0.2,0.7219280948873623,0.0,0.0,,0.0,0.0,,0.0,0.0,,0.0,0.0,,1.0,1.0,,1.0,1.0,,0.0,0.0,0.0,0.0,1.0,1.0
ibm-granite/granite-embedding-278m-multilingual,granite-278m,EP-4634411-A1_en_q_de,de,en,synthetic,EP-4634411-A1,2,0,2,0.0,0.0,291.0,291.0,0.003436426116838488,0.7,1.4854752972273344,0.0,0.0,,0.0,0.0,,0.0,0.0,,0.0,0.0,,0.0,0.0,,0.0,0.0,,0.0,0.0,0.0,0.0,0.0,0.0
ibm-granite/granite-embedding-278m-multilingual,granite-278m,EP-4634287-A1_en_q_es,es,en,synthetic,EP-4634287-A1,3,0,3,0.0,0.0,34.0,34.0,0.029411764705882353,1.0,0.8812908992306927,0.0,0.0,,0.0,0.0,,0.0,0.0,,0.0,0.0,,0.3333333333333333,0.3333333333333333,,0.6666666666666666,0.6666666666666666,,0.0,0.0,0.0,0.0,1.0,1.0
ibm-granite/granite-embedding-278m-multilingual,granite-278m,EP-4633627-A1_en_q_de,de,en,synthetic,EP-4633627-A1,2,0,2,1.0,1.0,1.0,1.0,1.0,0.8,1.9709505944546686,0.5,0.5,,1.0,1.0,,1.0,1.0,,1.0,1.0,,1.0,1.0,,1.0,1.0,,1.0,1.0,1.0,1.0,1.0,1.0
ibm-granite/granite-embedding-278m-multilingual,granite-278m,EP-4633670-A1_fr_q_fr,fr,fr,original,EP-4633670-A1,2,1,1,1.0,1.0,1.0,1.0,1.0,0.4,1.295461844238322,0.5,1.0,0.0,1.0,1.0,1.0,1.0,1.0,1.0,1.0,1.0,1.0,1.0,1.0,1.0,1.0,1.0,1.0,1.0,1.0,1.0,1.0,1.0,1.0
ibm-granite/granite-embedding-278m-multilingual,granite-278m,WO-2025202163-A1_fr_q_fr,fr,fr,original,WO-2025202163-A1,2,1,1,0.5,0.6934264036172708,2.0,2.0,0.5,0.6,1.5219280948873621,0.0,0.0,0.0,1.0,1.0,1.0,1.0,1.0,1.0,1.0,1.0,1.0,1.0,1.0,1.0,1.0,1.0,1.0,0.0,1.0,1.0,1.0,1.0,1.0
ibm-granite/granite-embedding-278m-multilingual,granite-278m,WO-2025214852-A1_fr_q_fr,fr,fr,original,WO-2025214852-A1,2,1,1,0.0,0.0,249.0,249.0,0.004016064257028112,0.9,1.295461844238322,0.0,0.0,0.0,0.0,0.0,0.0,0.0,0.0,0.0,0.0,0.0,0.0,0.0,0.0,0.0,0.0,0.0,0.0,0.0,0.0,0.0,0.0,0.0,0.0
ibm-granite/granite-embedding-278m-multilingual,granite-278m,WO-2025214996-A1_fr_q_fr,fr,fr,original,WO-2025214996-A1,2,1,1,0.0,0.0,158.0,158.0,0.006329113924050633,0.8,1.4854752972273344,0.0,0.0,0.0,0.0,0.0,0.0,0.0,0.0,0.0,0.0,0.0,0.0,0.0,0.0,0.0,0.0,0.0,0.0,0.0,0.0,0.0,0.0,0.0,0.0
ibm-granite/granite-embedding-278m-multilingual,granite-278m,EP-4630123-A1_de_q_de,de,de,original,EP-4630123-A1,2,1,1,0.2,0.23719771276929622,5.0,17.0,0.058823529411764705,0.8,1.8464393446710154,0.0,0.0,0.0,0.5,0.0,1.0,0.5,0.0,1.0,1.0,1.0,1.0,1.0,1.0,1.0,1.0,1.0,1.0,0.0,0.0,0.0,1.0,1.0,1.0
ibm-granite/granite-embedding-278m-multilingual,granite-278m,EP-4634646-A1_en_q_en,en,en,original,EP-4634646-A1,2,1,1,1.0,1.0,1.0,2.0,0.5,0.6,1.721928094887362,0.5,0.0,1.0,1.0,1.0,1.0,1.0,1.0,1.0,1.0,1.0,1.0,1.0,1.0,1.0,1.0,1.0,1.0,0.0,1.0,1.0,1.0,1.0,1.0
ibm-granite/granite-embedding-278m-multilingual,granite-278m,EP-4634294-A1_en_q_en,en,en,original,EP-4634294-A1,2,1,1,0.3333333333333333,0.3065735963827292,3.0,13.0,0.07692307692307693,0.3,1.3567796494470397,0.0,0.0,0.0,0.5,0.0,1.0,0.5,0.0,1.0,1.0,1.0,1.0,1.0,1.0,1.0,1.0,1.0,1.0,0.0,0.0,0.0,1.0,1.0,1.0
ibm-granite/granite-embedding-278m-multilingual,granite-278m,EP-4634436-A1_fr_q_fr,fr,fr,original,EP-4634436-A1,2,1,1,0.0,0.0,54.0,54.0,0.018518518518518517,0.9,0.9219280948873623,0.0,0.0,0.0,0.0,0.0,0.0,0.0,0.0,0.0,0.0,0.0,0.0,0.0,0.0,0.0,0.5,1.0,0.0,0.0,0.0,0.0,0.0,0.0,1.0
ibm-granite/granite-embedding-278m-multilingual,granite-278m,EP-4633761-A1_en_q_en,en,en,original,EP-4633761-A1,2,1,1,0.0,0.0,inf,inf,0.0,0.4,1.295461844238322,0.0,0.0,0.0,0.0,0.0,0.0,0.0,0.0,0.0,0.0,0.0,0.0,0.0,0.0,0.0,0.0,0.0,0.0,0.0,0.0,0.0,0.0,0.0,0.0
ibm-granite/granite-embedding-278m-multilingual,granite-278m,WO-2025215167-A1_de_q_de,de,de,original,WO-2025215167-A1,2,1,1,1.0,0.8065735963827293,1.0,8.0,0.125,0.8,1.9219280948873623,0.5,0.0,1.0,0.5,0.0,1.0,1.0,1.0,1.0,1.0,1.0,1.0,1.0,1.0,1.0,1.0,1.0,1.0,0.0,0.0,1.0,1.0,1.0,1.0
ibm-granite/granite-embedding-278m-multilingual,granite-278m,EP-4626962-A1_de_q_en,en,de,synthetic,EP-4626962-A1,2,0,2,1.0,1.0,1.0,1.0,1.0,0.6,1.5219280948873621,0.5,0.5,,1.0,1.0,,1.0,1.0,,1.0,1.0,,1.0,1.0,,1.0,1.0,,1.0,1.0,1.0,1.0,1.0,1.0
ibm-granite/granite-embedding-278m-multilingual,granite-278m,EP-4626962-A1_de_q_de,de,de,original,EP-4626962-A1,2,1,1,1.0,0.8772153153380493,1.0,1.0,1.0,0.7,1.5709505944546684,0.5,1.0,0.0,1.0,1.0,1.0,1.0,1.0,1.0,1.0,1.0,1.0,1.0,1.0,1.0,1.0,1.0,1.0,1.0,1.0,1.0,1.0,1.0,1.0
ibm-granite/granite-embedding-278m-multilingual,granite-278m,EP-4626962-A1_fr_q_fr,fr,fr,original,EP-4626962-A1,2,1,1,1.0,0.9197207891481876,1.0,3.0,0.3333333333333333,0.6,1.8464393446710154,0.5,0.0,1.0,1.0,1.0,1.0,1.0,1.0,1.0,1.0,1.0,1.0,1.0,1.0,1.0,1.0,1.0,1.0,0.0,1.0,1.0,1.0,1.0,1.0
ibm-granite/granite-embedding-278m-multilingual,granite-278m,EP-4626962-A1_de_q_es,es,de,synthetic,EP-4626962-A1,2,0,2,1.0,0.9197207891481876,1.0,1.0,1.0,1.0,1.5709505944546684,0.5,0.5,,1.0,1.0,,1.0,1.0,,1.0,1.0,,1.0,1.0,,1.0,1.0,,1.0,1.0,1.0,1.0,1.0,1.0
ibm-granite/granite-embedding-278m-multilingual,granite-278m,WO-2025201936-A1_de_q_en,en,de,synthetic,WO-2025201936-A1,2,0,2,0.0,0.0,inf,inf,0.0,0.3,1.1567796494470395,0.0,0.0,,0.0,0.0,,0.0,0.0,,0.0,0.0,,0.0,0.0,,0.0,0.0,,0.0,0.0,0.0,0.0,0.0,0.0
ibm-granite/granite-embedding-278m-multilingual,granite-278m,WO-2025201936-A1_fr_q_fr,fr,fr,original,WO-2025201936-A1,2,1,1,0.0,0.0,27.0,502.0,0.00199203187250996,0.8,1.8464393446710154,0.0,0.0,0.0,0.0,0.0,0.0,0.0,0.0,0.0,0.0,0.0,0.0,0.5,0.0,1.0,0.5,0.0,1.0,0.0,0.0,0.0,0.0,0.0,0.0
ibm-granite/granite-embedding-278m-multilingual,granite-278m,WO-2025201936-A1_de_q_es,es,de,synthetic,WO-2025201936-A1,2,0,2,1.0,0.8065735963827293,1.0,1.0,1.0,0.6,1.5219280948873621,0.5,0.5,,0.5,0.5,,1.0,1.0,,1.0,1.0,,1.0,1.0,,1.0,1.0,,1.0,1.0,1.0,1.0,1.0,1.0
ibm-granite/granite-embedding-278m-multilingual,granite-278m,EP-4634597-A1_en_q_en,en,en,original,EP-4634597-A1,2,1,1,0.0,0.0,inf,inf,0.0,0.4,1.295461844238322,0.0,0.0,0.0,0.0,0.0,0.0,0.0,0.0,0.0,0.0,0.0,0.0,0.0,0.0,0.0,0.0,0.0,0.0,0.0,0.0,0.0,0.0,0.0,0.0
ibm-granite/granite-embedding-278m-multilingual,granite-278m,EP-4634597-A1_en_q_de,de,en,synthetic,EP-4634597-A1,2,0,2,0.0,0.0,596.0,596.0,0.0016778523489932886,0.4,1.5709505944546687,0.0,0.0,,0.0,0.0,,0.0,0.0,,0.0,0.0,,0.0,0.0,,0.0,0.0,,0.0,0.0,0.0,0.0,0.0,0.0
ibm-granite/granite-embedding-278m-multilingual,granite-278m,EP-4634597-A1_fr_q_fr,fr,fr,original,EP-4634597-A1,2,1,1,0.0,0.0,44.0,49.0,0.02040816326530612,1.0,1.295461844238322,0.0,0.0,0.0,0.0,0.0,0.0,0.0,0.0,0.0,0.0,0.0,0.0,1.0,1.0,1.0,1.0,1.0,1.0,0.0,0.0,0.0,0.0,1.0,1.0
ibm-granite/granite-embedding-278m-multilingual,granite-278m,EP-4634597-A1_en_q_es,es,en,synthetic,EP-4634597-A1,2,0,2,0.0,0.0,352.0,352.0,0.002840909090909091,0.9,1.360964047443681,0.0,0.0,,0.0,0.0,,0.0,0.0,,0.0,0.0,,0.0,0.0,,0.0,0.0,,0.0,0.0,0.0,0.0,0.0,0.0
ibm-granite/granite-embedding-278m-multilingual,granite-278m,EP-4634381-A1_en_q_zh,zh,en,synthetic,EP-4634381-A1,2,0,2,0.0,0.0,22.0,22.0,0.045454545454545456,0.9,1.3567796494470397,0.0,0.0,,0.0,0.0,,0.0,0.0,,0.0,0.0,,0.5,0.5,,0.5,0.5,,0.0,0.0,0.0,0.0,1.0,1.0
ibm-granite/granite-embedding-278m-multilingual,granite-278m,EP-4633589-A1_en_q_zh,zh,en,synthetic,EP-4633589-A1,2,0,2,0.0,0.0,inf,inf,0.0,0.9,1.8464393446710154,0.0,0.0,,0.0,0.0,,0.0,0.0,,0.0,0.0,,0.0,0.0,,0.0,0.0,,0.0,0.0,0.0,0.0,0.0,0.0
ibm-granite/granite-embedding-278m-multilingual,granite-278m,EP-4627024-A1_de_q_zh,zh,de,synthetic,EP-4627024-A1,2,0,2,0.0,0.0,inf,inf,0.0,0.8,1.9709505944546686,0.0,0.0,,0.0,0.0,,0.0,0.0,,0.0,0.0,,0.0,0.0,,0.0,0.0,,0.0,0.0,0.0,0.0,0.0,0.0
ibm-granite/granite-embedding-278m-multilingual,granite-278m,EP-4634926-A1_en_q_zh,zh,en,synthetic,EP-4634926-A1,2,0,2,0.0,0.0,152.0,152.0,0.006578947368421052,1.0,1.295461844238322,0.0,0.0,,0.0,0.0,,0.0,0.0,,0.0,0.0,,0.0,0.0,,0.0,0.0,,0.0,0.0,0.0,0.0,0.0,0.0
ibm-granite/granite-embedding-278m-multilingual,granite-278m,EP-4633863-A2_en_q_zh,zh,en,synthetic,EP-4633863-A2,3,0,3,0.0,0.0,186.0,186.0,0.005376344086021506,1.0,0.8812908992306927,0.0,0.0,,0.0,0.0,,0.0,0.0,,0.0,0.0,,0.0,0.0,,0.0,0.0,,0.0,0.0,0.0,0.0,0.0,0.0
ibm-granite/granite-embedding-278m-multilingual,granite-278m,EP-4633797-A1_en_q_zh,zh,en,synthetic,EP-4633797-A1,2,0,2,1.0,1.0,1.0,1.0,1.0,0.8,1.7609640474436812,0.5,0.5,,1.0,1.0,,1.0,1.0,,1.0,1.0,,1.0,1.0,,1.0,1.0,,1.0,1.0,1.0,1.0,1.0,1.0
ibm-granite/granite-embedding-278m-multilingual,granite-278m,EP-4633777-A1_en_q_zh,zh,en,synthetic,EP-4633777-A1,2,0,2,0.5,0.38685280723454163,2.0,2.0,0.5,0.9,1.9609640474436811,0.0,0.0,,0.5,0.5,,0.5,0.5,,1.0,1.0,,1.0,1.0,,1.0,1.0,,0.0,1.0,1.0,1.0,1.0,1.0
ibm-granite/granite-embedding-278m-multilingual,granite-278m,EP-4633621-A1_en_q_zh,zh,en,synthetic,EP-4633621-A1,2,0,2,1.0,0.8315546295836225,1.0,1.0,1.0,1.0,1.4854752972273344,0.5,0.5,,0.5,0.5,,1.0,1.0,,1.0,1.0,,1.0,1.0,,1.0,1.0,,1.0,1.0,1.0,1.0,1.0,1.0
ibm-granite/granite-embedding-278m-multilingual,granite-278m,EP-4634723-A1_en_q_zh,zh,en,synthetic,EP-4634723-A1,2,0,2,0.0,0.0,inf,inf,0.0,1.0,0.9219280948873623,0.0,0.0,,0.0,0.0,,0.0,0.0,,0.0,0.0,,0.0,0.0,,0.0,0.0,,0.0,0.0,0.0,0.0,0.0,0.0
ibm-granite/granite-embedding-278m-multilingual,granite-278m,EP-4633581-A1_en_q_zh,zh,en,synthetic,EP-4633581-A1,2,0,2,0.0,0.0,473.0,473.0,0.0021141649048625794,0.6,1.721928094887362,0.0,0.0,,0.0,0.0,,0.0,0.0,,0.0,0.0,,0.0,0.0,,0.0,0.0,,0.0,0.0,0.0,0.0,0.0,0.0
ibm-granite/granite-embedding-278m-multilingual,granite-278m,EP-4634416-A1_en_q_zh,zh,en,synthetic,EP-4634416-A1,2,0,2,0.0,0.0,110.0,110.0,0.00909090909090909,0.8,1.1567796494470395,0.0,0.0,,0.0,0.0,,0.0,0.0,,0.0,0.0,,0.0,0.0,,0.0,0.0,,0.0,0.0,0.0,0.0,0.0,0.0
ibm-granite/granite-embedding-278m-multilingual,granite-278m,EP-4634305-A1_en_q_zh,zh,en,synthetic,EP-4634305-A1,2,0,2,1.0,1.0,1.0,1.0,1.0,0.7,1.6854752972273344,0.5,0.5,,1.0,1.0,,1.0,1.0,,1.0,1.0,,1.0,1.0,,1.0,1.0,,1.0,1.0,1.0,1.0,1.0,1.0
ibm-granite/granite-embedding-278m-multilingual,granite-278m,EP-4633531-A1_en_q_zh,zh,en,synthetic,EP-4633531-A1,2,0,2,0.14285714285714285,0.20438239758848611,7.0,7.0,0.14285714285714285,1.0,1.8464393446710154,0.0,0.0,,0.0,0.0,,0.5,0.5,,1.0,1.0,,1.0,1.0,,1.0,1.0,,0.0,0.0,1.0,1.0,1.0,1.0
ibm-granite/granite-embedding-278m-multilingual,granite-278m,EP-4634333-A1_en_q_zh,zh,en,synthetic,EP-4634333-A1,2,0,2,0.0,0.0,57.0,57.0,0.017543859649122806,0.9,1.360964047443681,0.0,0.0,,0.0,0.0,,0.0,0.0,,0.0,0.0,,0.0,0.0,,1.0,1.0,,0.0,0.0,0.0,0.0,0.0,1.0
ibm-granite/granite-embedding-278m-multilingual,granite-278m,EP-4634212-A1_en_q_zh,zh,en,synthetic,EP-4634212-A1,2,0,2,1.0,0.9197207891481876,1.0,1.0,1.0,1.0,1.1567796494470395,0.5,0.5,,1.0,1.0,,1.0,1.0,,1.0,1.0,,1.0,1.0,,1.0,1.0,,1.0,1.0,1.0,1.0,1.0,1.0
ibm-granite/granite-embedding-278m-multilingual,granite-278m,EP-4629959-A1_de_q_zh,zh,de,synthetic,EP-4629959-A1,2,0,2,0.0,0.0,inf,inf,0.0,0.5,1.4854752972273344,0.0,0.0,,0.0,0.0,,0.0,0.0,,0.0,0.0,,0.0,0.0,,0.0,0.0,,0.0,0.0,0.0,0.0,0.0,0.0
ibm-granite/granite-embedding-278m-multilingual,granite-278m,EP-4627881-A1_de_q_zh,zh,de,synthetic,EP-4627881-A1,2,0,2,0.0,0.0,16.0,16.0,0.0625,0.7,1.5709505944546684,0.0,0.0,,0.0,0.0,,0.0,0.0,,1.0,1.0,,1.0,1.0,,1.0,1.0,,0.0,0.0,0.0,1.0,1.0,1.0
ibm-granite/granite-embedding-278m-multilingual,granite-278m,EP-4633576-A1_en_q_zh,zh,en,synthetic,EP-4633576-A1,2,0,2,0.0,0.0,334.0,334.0,0.0029940119760479044,0.7,1.6854752972273344,0.0,0.0,,0.0,0.0,,0.0,0.0,,0.0,0.0,,0.0,0.0,,0.0,0.0,,0.0,0.0,0.0,0.0,0.0,0.0
ibm-granite/granite-embedding-278m-multilingual,granite-278m,EP-4633742-A2_en_q_zh,zh,en,synthetic,EP-4633742-A2,2,0,2,0.3333333333333333,0.3065735963827292,3.0,3.0,0.3333333333333333,1.0,1.295461844238322,0.0,0.0,,0.5,0.5,,0.5,0.5,,1.0,1.0,,1.0,1.0,,1.0,1.0,,0.0,1.0,1.0,1.0,1.0,1.0
ibm-granite/granite-embedding-278m-multilingual,granite-278m,EP-4633791-A1_en_q_zh,zh,en,synthetic,EP-4633791-A1,2,0,2,0.5,0.6934264036172708,2.0,2.0,0.5,0.9,1.6854752972273344,0.0,0.0,,1.0,1.0,,1.0,1.0,,1.0,1.0,,1.0,1.0,,1.0,1.0,,0.0,1.0,1.0,1.0,1.0,1.0
ibm-granite/granite-embedding-278m-multilingual,granite-278m,EP-4630574-A1_fr_q_fr,fr,fr,original,EP-4630574-A1,3,1,2,0.0,0.0,inf,inf,0.0,0.5,1.9609640474436811,0.0,0.0,0.0,0.0,0.0,0.0,0.0,0.0,0.0,0.0,0.0,0.0,0.0,0.0,0.0,0.0,0.0,0.0,0.0,0.0,0.0,0.0,0.0,0.0
ibm-granite/granite-embedding-278m-multilingual,granite-278m,EP-4634111-A1_fr_q_fr,fr,fr,original,EP-4634111-A1,3,1,2,0.0,0.0,193.0,193.0,0.0051813471502590676,0.3,0.8812908992306927,0.0,0.0,0.0,0.0,0.0,0.0,0.0,0.0,0.0,0.0,0.0,0.0,0.0,0.0,0.0,0.0,0.0,0.0,0.0,0.0,0.0,0.0,0.0,0.0
ibm-granite/granite-embedding-278m-multilingual,granite-278m,EP-4633622-A2_en_q_es,es,en,synthetic,EP-4633622-A2,3,0,3,1.0,0.6508205185601091,1.0,1.0,1.0,1.0,1.360964047443681,0.3333333333333333,0.3333333333333333,,0.6666666666666666,0.6666666666666666,,0.6666666666666666,0.6666666666666666,,0.6666666666666666,0.6666666666666666,,1.0,1.0,,1.0,1.0,,1.0,1.0,1.0,1.0,1.0,1.0
ibm-granite/granite-embedding-278m-multilingual,granite-278m,EP-4634187-A1_en_q_es_120,es,en,synthetic,EP-4634187-A1,3,0,3,1.0,0.7777061538487877,1.0,1.0,1.0,0.9,1.6854752972273344,0.3333333333333333,0.3333333333333333,,0.3333333333333333,0.3333333333333333,,1.0,1.0,,1.0,1.0,,1.0,1.0,,1.0,1.0,,1.0,1.0,1.0,1.0,1.0,1.0
ibm-granite/granite-embedding-278m-multilingual,granite-278m,EP-4634139-A1_fr_q_fr,fr,fr,original,EP-4634139-A1,3,1,2,1.0,1.0,1.0,2.0,0.5,0.8,1.8464393446710154,0.3333333333333333,0.0,1.0,1.0,1.0,1.0,1.0,1.0,1.0,1.0,1.0,1.0,1.0,1.0,1.0,1.0,1.0,1.0,0.0,1.0,1.0,1.0,1.0,1.0
ibm-granite/granite-embedding-278m-multilingual,granite-278m,EP-4634136-A1_en_q_en,en,en,original,EP-4634136-A1,3,1,2,0.0,0.0,452.0,452.0,0.0022123893805309734,0.5,1.0,0.0,0.0,0.0,0.0,0.0,0.0,0.0,0.0,0.0,0.0,0.0,0.0,0.0,0.0,0.0,0.0,0.0,0.0,0.0,0.0,0.0,0.0,0.0,0.0
ibm-granite/granite-embedding-278m-multilingual,granite-278m,EP-4634136-A1_en_q_de,de,en,synthetic,EP-4634136-A1,3,0,3,1.0,0.46927872602275644,1.0,1.0,1.0,0.7,2.2464393446710154,0.3333333333333333,0.3333333333333333,,0.3333333333333333,0.3333333333333333,,0.3333333333333333,0.3333333333333333,,0.3333333333333333,0.3333333333333333,,0.3333333333333333,0.3333333333333333,,0.6666666666666666,0.6666666666666666,,1.0,1.0,1.0,1.0,1.0,1.0
ibm-granite/granite-embedding-278m-multilingual,granite-278m,EP-4634136-A1_fr_q_fr,fr,fr,original,EP-4634136-A1,3,1,2,0.0,0.0,24.0,54.0,0.018518518518518517,1.0,1.295461844238322,0.0,0.0,0.0,0.0,0.0,0.0,0.0,0.0,0.0,0.0,0.0,0.0,0.3333333333333333,0.0,1.0,0.6666666666666666,0.5,1.0,0.0,0.0,0.0,0.0,0.0,1.0
ibm-granite/granite-embedding-278m-multilingual,granite-278m,EP-4634136-A1_en_q_es_125,es,en,synthetic,EP-4634136-A1,3,0,3,0.0,0.0,206.0,206.0,0.0048543689320388345,0.3,1.3567796494470397,0.0,0.0,,0.0,0.0,,0.0,0.0,,0.0,0.0,,0.0,0.0,,0.0,0.0,,0.0,0.0,0.0,0.0,0.0,0.0
ibm-granite/granite-embedding-278m-multilingual,granite-278m,EP-4634136-A1_zh_q_zh,zh,zh,original,EP-4634136-A1,3,1,2,0.0,0.0,16.0,inf,0.0,0.8,1.7609640474436812,0.0,0.0,0.0,0.0,0.0,0.0,0.0,0.0,0.0,0.3333333333333333,0.0,1.0,0.3333333333333333,0.0,1.0,0.3333333333333333,0.0,1.0,0.0,0.0,0.0,0.0,0.0,0.0
ibm-granite/granite-embedding-278m-multilingual,granite-278m,EP-4634248-A1_en_q_en,en,en,original,EP-4634248-A1,3,1,2,1.0,0.8854598815714874,1.0,3.0,0.3333333333333333,0.6,1.8464393446710154,0.3333333333333333,0.0,1.0,1.0,1.0,1.0,1.0,1.0,1.0,1.0,1.0,1.0,1.0,1.0,1.0,1.0,1.0,1.0,0.0,1.0,1.0,1.0,1.0,1.0
ibm-granite/granite-embedding-278m-multilingual,granite-278m,EP-4634142-A1_en_q_es,es,en,synthetic,EP-4634142-A1,3,0,3,0.0,0.0,14.0,14.0,0.07142857142857142,1.0,1.3709505944546687,0.0,0.0,,0.0,0.0,,0.0,0.0,,0.3333333333333333,0.3333333333333333,,0.3333333333333333,0.3333333333333333,,1.0,1.0,,0.0,0.0,0.0,1.0,1.0,1.0
ibm-granite/granite-embedding-278m-multilingual,granite-278m,WO-2025214812-A1_de_q_es,es,de,synthetic,WO-2025214812-A1,3,0,3,0.125,0.1480409554829326,8.0,8.0,0.125,1.0,1.3709505944546687,0.0,0.0,,0.0,0.0,,0.3333333333333333,0.3333333333333333,,0.3333333333333333,0.3333333333333333,,0.6666666666666666,0.6666666666666666,,0.6666666666666666,0.6666666666666666,,0.0,0.0,1.0,1.0,1.0,1.0
ibm-granite/granite-embedding-278m-multilingual,granite-278m,EP-4633662-A1_en_q_de,de,en,synthetic,EP-4633662-A1,3,0,3,0.25,0.34337431936037655,4.0,4.0,0.25,1.0,1.1567796494470395,0.0,0.0,,0.3333333333333333,0.3333333333333333,,0.6666666666666666,0.6666666666666666,,0.6666666666666666,0.6666666666666666,,1.0,1.0,,1.0,1.0,,0.0,1.0,1.0,1.0,1.0,1.0
ibm-granite/granite-embedding-278m-multilingual,granite-278m,WO-2025153617-A3_de_q_de,de,de,original,WO-2025153617-A3,3,1,2,1.0,0.6713860725233041,1.0,4.0,0.25,0.7,1.4854752972273344,0.3333333333333333,0.0,1.0,0.6666666666666666,0.5,1.0,0.6666666666666666,0.5,1.0,0.6666666666666666,0.5,1.0,1.0,1.0,1.0,1.0,1.0,1.0,0.0,1.0,1.0,1.0,1.0,1.0
ibm-granite/granite-embedding-278m-multilingual,granite-278m,EP-4634596-A1_en_q_en,en,en,original,EP-4634596-A1,3,1,2,1.0,0.9674679834891693,1.0,2.0,0.5,0.6,1.8464393446710154,0.3333333333333333,0.0,1.0,1.0,1.0,1.0,1.0,1.0,1.0,1.0,1.0,1.0,1.0,1.0,1.0,1.0,1.0,1.0,0.0,1.0,1.0,1.0,1.0,1.0
ibm-granite/granite-embedding-278m-multilingual,granite-278m,EP-4634596-A1_en_q_de,de,en,synthetic,EP-4634596-A1,3,0,3,0.0,0.0,13.0,13.0,0.07692307692307693,0.7,1.5709505944546684,0.0,0.0,,0.0,0.0,,0.0,0.0,,0.3333333333333333,0.3333333333333333,,1.0,1.0,,1.0,1.0,,0.0,0.0,0.0,1.0,1.0,1.0
ibm-granite/granite-embedding-278m-multilingual,granite-278m,EP-4634596-A1_fr_q_fr,fr,fr,original,EP-4634596-A1,3,1,2,1.0,0.9674679834891693,1.0,1.0,1.0,0.8,2.2464393446710154,0.3333333333333333,0.5,0.0,1.0,1.0,1.0,1.0,1.0,1.0,1.0,1.0,1.0,1.0,1.0,1.0,1.0,1.0,1.0,1.0,1.0,1.0,1.0,1.0,1.0
ibm-granite/granite-embedding-278m-multilingual,granite-278m,EP-4634596-A1_en_q_es_135,es,en,synthetic,EP-4634596-A1,3,0,3,1.0,0.9060254355346823,1.0,1.0,1.0,1.0,1.8464393446710154,0.3333333333333333,0.3333333333333333,,1.0,1.0,,1.0,1.0,,1.0,1.0,,1.0,1.0,,1.0,1.0,,1.0,1.0,1.0,1.0,1.0,1.0
ibm-granite/granite-embedding-278m-multilingual,granite-278m,EP-4634596-A1_zh_q_zh,zh,zh,original,EP-4634596-A1,3,1,2,1.0,0.46927872602275644,1.0,21.0,0.047619047619047616,0.6,2.1219280948873624,0.3333333333333333,0.0,1.0,0.3333333333333333,0.0,1.0,0.3333333333333333,0.0,1.0,0.3333333333333333,0.0,1.0,0.6666666666666666,0.5,1.0,0.6666666666666666,0.5,1.0,0.0,0.0,0.0,0.0,1.0,1.0
sentence-transformers/LaBSE,LaBSE,EP-4633662-A1_en_q_en,en,en,original,EP-4633662-A1,3,1,2,1.0,0.46927872602275644,1.0,1.0,1.0,1.0,1.6854752972273344,0.3333333333333333,0.5,0.0,0.3333333333333333,0.5,0.0,0.3333333333333333,0.5,0.0,0.6666666666666666,0.5,1.0,1.0,1.0,1.0,1.0,1.0,1.0,1.0,1.0,1.0,1.0,1.0,1.0
sentence-transformers/LaBSE,LaBSE,EP-4630509-A1_fr_q_fr,fr,fr,original,EP-4630509-A1,3,1,2,1.0,1.0,1.0,2.0,0.5,0.4,1.5709505944546687,0.3333333333333333,0.0,1.0,1.0,1.0,1.0,1.0,1.0,1.0,1.0,1.0,1.0,1.0,1.0,1.0,1.0,1.0,1.0,0.0,1.0,1.0,1.0,1.0,1.0
sentence-transformers/LaBSE,LaBSE,EP-4634248-A1_en_q_es,es,en,synthetic,EP-4634248-A1,3,0,3,0.0,0.0,inf,inf,0.0,1.0,0.8812908992306927,0.0,0.0,,0.0,0.0,,0.0,0.0,,0.0,0.0,,0.0,0.0,,0.0,0.0,,0.0,0.0,0.0,0.0,0.0,0.0
sentence-transformers/LaBSE,LaBSE,EP-4634187-A1_en_q_es,es,en,synthetic,EP-4634187-A1,3,0,3,0.0,0.0,154.0,154.0,0.006493506493506494,0.8,1.1567796494470395,0.0,0.0,,0.0,0.0,,0.0,0.0,,0.0,0.0,,0.0,0.0,,0.0,0.0,,0.0,0.0,0.0,0.0,0.0,0.0
sentence-transformers/LaBSE,LaBSE,EP-4634142-A1_fr_q_fr,fr,fr,original,EP-4634142-A1,3,1,2,0.0,0.0,inf,inf,0.0,0.3,1.1567796494470395,0.0,0.0,0.0,0.0,0.0,0.0,0.0,0.0,0.0,0.0,0.0,0.0,0.0,0.0,0.0,0.0,0.0,0.0,0.0,0.0,0.0,0.0,0.0,0.0
sentence-transformers/LaBSE,LaBSE,EP-4633768-A2_en_q_es,es,en,synthetic,EP-4633768-A2,3,0,3,0.0,0.0,43.0,43.0,0.023255813953488372,1.0,1.1567796494470395,0.0,0.0,,0.0,0.0,,0.0,0.0,,0.0,0.0,,0.3333333333333333,0.3333333333333333,,0.6666666666666666,0.6666666666666666,,0.0,0.0,0.0,0.0,1.0,1.0
sentence-transformers/LaBSE,LaBSE,EP-4633645-A1_fr_q_fr,fr,fr,original,EP-4633645-A1,3,1,2,0.0,0.0,170.0,inf,0.0,0.2,0.7219280948873623,0.0,0.0,0.0,0.0,0.0,0.0,0.0,0.0,0.0,0.0,0.0,0.0,0.0,0.0,0.0,0.0,0.0,0.0,0.0,0.0,0.0,0.0,0.0,0.0
sentence-transformers/LaBSE,LaBSE,EP-4633622-A2_en_q_de,de,en,synthetic,EP-4633622-A2,3,0,3,1.0,0.46927872602275644,1.0,1.0,1.0,1.0,0.9709505944546686,0.3333333333333333,0.3333333333333333,,0.3333333333333333,0.3333333333333333,,0.3333333333333333,0.3333333333333333,,0.6666666666666666,0.6666666666666666,,0.6666666666666666,0.6666666666666666,,0.6666666666666666,0.6666666666666666,,1.0,1.0,1.0,1.0,1.0,1.0
sentence-transformers/LaBSE,LaBSE,EP-4634601-A1_en_q_en,en,en,original,EP-4634601-A1,3,1,2,0.5,0.6797310500037655,2.0,2.0,0.5,0.5,1.6854752972273344,0.0,0.0,0.0,1.0,1.0,1.0,1.0,1.0,1.0,1.0,1.0,1.0,1.0,1.0,1.0,1.0,1.0,1.0,0.0,1.0,1.0,1.0,1.0,1.0
sentence-transformers/LaBSE,LaBSE,EP-4630626-A1_de_q_de,de,de,original,EP-4630626-A1,3,1,2,1.0,0.7653606369886217,1.0,2.0,0.5,0.7,0.8812908992306927,0.3333333333333333,0.0,1.0,0.6666666666666666,0.5,1.0,0.6666666666666666,0.5,1.0,0.6666666666666666,0.5,1.0,0.6666666666666666,0.5,1.0,0.6666666666666666,0.5,1.0,0.0,1.0,1.0,1.0,1.0,1.0
sentence-transformers/LaBSE,LaBSE,EP-4630600-A1_de_q_en,en,de,synthetic,EP-4630600-A1,3,0,3,0.0,0.0,201.0,201.0,0.004975124378109453,0.8,1.4854752972273344,0.0,0.0,,0.0,0.0,,0.0,0.0,,0.0,0.0,,0.0,0.0,,0.0,0.0,,0.0,0.0,0.0,0.0,0.0,0.0
sentence-transformers/LaBSE,LaBSE,EP-4633632-A1_en_q_es,es,en,synthetic,EP-4633632-A1,3,0,3,0.0,0.0,36.0,36.0,0.027777777777777776,0.5,1.360964047443681,0.0,0.0,,0.0,0.0,,0.0,0.0,,0.0,0.0,,0.3333333333333333,0.3333333333333333,,0.6666666666666666,0.6666666666666666,,0.0,0.0,0.0,0.0,1.0,1.0
sentence-transformers/LaBSE,LaBSE,EP-4634136-A1_en_q_es,es,en,synthetic,EP-4634136-A1,3,0,3,0.0,0.0,262.0,262.0,0.003816793893129771,1.0,0.8812908992306927,0.0,0.0,,0.0,0.0,,0.0,0.0,,0.0,0.0,,0.0,0.0,,0.0,0.0,,0.0,0.0,0.0,0.0,0.0,0.0
sentence-transformers/LaBSE,LaBSE,EP-4634157-A1_en_q_de,de,en,synthetic,EP-4634157-A1,3,0,3,0.0,0.0,33.0,33.0,0.030303030303030304,0.6,1.5219280948873621,0.0,0.0,,0.0,0.0,,0.0,0.0,,0.0,0.0,,0.3333333333333333,0.3333333333333333,,0.3333333333333333,0.3333333333333333,,0.0,0.0,0.0,0.0,1.0,1.0
sentence-transformers/LaBSE,LaBSE,EP-4630574-A1_de_q_en,en,de,synthetic,EP-4630574-A1,3,0,3,0.0,0.0,inf,inf,0.0,0.8,1.7609640474436812,0.0,0.0,,0.0,0.0,,0.0,0.0,,0.0,0.0,,0.0,0.0,,0.0,0.0,,0.0,0.0,0.0,0.0,0.0,0.0
sentence-transformers/LaBSE,LaBSE,EP-4634111-A1_en_q_de,de,en,synthetic,EP-4634111-A1,3,0,3,0.0,0.0,33.0,33.0,0.030303030303030304,0.7,1.295461844238322,0.0,0.0,,0.0,0.0,,0.0,0.0,,0.0,0.0,,0.3333333333333333,0.3333333333333333,,0.6666666666666666,0.6666666666666666,,0.0,0.0,0.0,0.0,1.0,1.0
sentence-transformers/LaBSE,LaBSE,EP-4634596-A1_en_q_es,es,en,synthetic,EP-4634596-A1,3,0,3,0.0,0.0,344.0,344.0,0.0029069767441860465,1.0,0.4689955935892812,0.0,0.0,,0.0,0.0,,0.0,0.0,,0.0,0.0,,0.0,0.0,,0.0,0.0,,0.0,0.0,0.0,0.0,0.0,0.0
sentence-transformers/LaBSE,LaBSE,EP-4634139-A1_en_q_es,es,en,synthetic,EP-4634139-A1,3,0,3,0.3333333333333333,0.23463936301137822,3.0,3.0,0.3333333333333333,1.0,0.4689955935892812,0.0,0.0,,0.3333333333333333,0.3333333333333333,,0.3333333333333333,0.3333333333333333,,0.3333333333333333,0.3333333333333333,,0.3333333333333333,0.3333333333333333,,0.3333333333333333,0.3333333333333333,,0.0,1.0,1.0,1.0,1.0,1.0
sentence-transformers/LaBSE,LaBSE,WO-2025153617-A3_de_q_en,en,de,synthetic,WO-2025153617-A3,3,0,3,0.0,0.0,29.0,29.0,0.034482758620689655,0.8,1.3709505944546687,0.0,0.0,,0.0,0.0,,0.0,0.0,,0.0,0.0,,0.3333333333333333,0.3333333333333333,,0.6666666666666666,0.6666666666666666,,0.0,0.0,0.0,0.0,1.0,1.0
sentence-transformers/LaBSE,LaBSE,EP-4634251-A1_en_q_es,es,en,synthetic,EP-4634251-A1,3,0,3,0.0,0.0,inf,inf,0.0,0.6,0.9709505944546686,0.0,0.0,,0.0,0.0,,0.0,0.0,,0.0,0.0,,0.0,0.0,,0.0,0.0,,0.0,0.0,0.0,0.0,0.0,0.0
sentence-transformers/LaBSE,LaBSE,EP-4634426-A1_en_q_es,es,en,synthetic,EP-4634426-A1,3,0,3,0.0,0.0,133.0,133.0,0.007518796992481203,0.9,1.360964047443681,0.0,0.0,,0.0,0.0,,0.0,0.0,,0.0,0.0,,0.0,0.0,,0.0,0.0,,0.0,0.0,0.0,0.0,0.0,0.0
sentence-transformers/LaBSE,LaBSE,EP-4634729-A1_en_q_de,de,en,synthetic,EP-4634729-A1,2,0,2,1.0,0.6131471927654584,1.0,1.0,1.0,0.5,1.0,0.5,0.5,,0.5,0.5,,0.5,0.5,,0.5,0.5,,1.0,1.0,,1.0,1.0,,1.0,1.0,1.0,1.0,1.0,1.0
sentence-transformers/LaBSE,LaBSE,EP-4626569-A1_de_q_en,en,de,synthetic,EP-4626569-A1,2,0,2,0.0,0.0,35.0,35.0,0.02857142857142857,0.9,1.721928094887362,0.0,0.0,,0.0,0.0,,0.0,0.0,,0.0,0.0,,0.5,0.5,,0.5,0.5,,0.0,0.0,0.0,0.0,1.0,1.0
sentence-transformers/LaBSE,LaBSE,EP-4634394-A2_en_q_es,es,en,synthetic,EP-4634394-A2,2,0,2,0.1,0.17723928678404774,10.0,10.0,0.1,1.0,-0.0,0.0,0.0,,0.0,0.0,,0.5,0.5,,0.5,0.5,,0.5,0.5,,0.5,0.5,,0.0,0.0,1.0,1.0,1.0,1.0
sentence-transformers/LaBSE,LaBSE,EP-4634424-A1_en_q_es,es,en,synthetic,EP-4634424-A1,2,0,2,0.0,0.0,181.0,181.0,0.0055248618784530384,0.6,1.8464393446710154,0.0,0.0,,0.0,0.0,,0.0,0.0,,0.0,0.0,,0.0,0.0,,0.0,0.0,,0.0,0.0,0.0,0.0,0.0,0.0
sentence-transformers/LaBSE,LaBSE,EP-4633602-A1_en_q_de,de,en,synthetic,EP-4633602-A1,2,0,2,0.0,0.0,inf,inf,0.0,0.7,1.295461844238322,0.0,0.0,,0.0,0.0,,0.0,0.0,,0.0,0.0,,0.0,0.0,,0.0,0.0,,0.0,0.0,0.0,0.0,0.0,0.0
sentence-transformers/LaBSE,LaBSE,EP-4634337-A1_en_q_en,en,en,original,EP-4634337-A1,2,1,1,0.0,0.0,15.0,15.0,0.06666666666666667,0.8,2.1219280948873624,0.0,0.0,0.0,0.0,0.0,0.0,0.0,0.0,0.0,0.5,1.0,0.0,0.5,1.0,0.0,0.5,1.0,0.0,0.0,0.0,0.0,1.0,1.0,1.0
sentence-transformers/LaBSE,LaBSE,EP-4634128-A1_en_q_en,en,en,original,EP-4634128-A1,2,1,1,0.0,0.0,inf,inf,0.0,0.9,1.721928094887362,0.0,0.0,0.0,0.0,0.0,0.0,0.0,0.0,0.0,0.0,0.0,0.0,0.0,0.0,0.0,0.0,0.0,0.0,0.0,0.0,0.0,0.0,0.0,0.0
sentence-transformers/LaBSE,LaBSE,EP-4633896-A1_en_q_en,en,en,original,EP-4633896-A1,2,1,1,0.0,0.0,inf,inf,0.0,1.0,0.8812908992306927,0.0,0.0,0.0,0.0,0.0,0.0,0.0,0.0,0.0,0.0,0.0,0.0,0.0,0.0,0.0,0.0,0.0,0.0,0.0,0.0,0.0,0.0,0.0,0.0
sentence-transformers/LaBSE,LaBSE,WO-2025215091-A1_fr_q_fr,fr,fr,original,WO-2025215091-A1,2,1,1,0.2,0.23719771276929622,5.0,5.0,0.2,0.6,0.9709505944546686,0.0,0.0,0.0,0.5,1.0,0.0,0.5,1.0,0.0,1.0,1.0,1.0,1.0,1.0,1.0,1.0,1.0,1.0,0.0,1.0,1.0,1.0,1.0,1.0
sentence-transformers/LaBSE,LaBSE,EP-4633599-A1_fr_q_fr,fr,fr,original,EP-4633599-A1,2,1,1,0.2,0.23719771276929622,5.0,503.0,0.0019880715705765406,0.3,0.8812908992306927,0.0,0.0,0.0,0.5,0.0,1.0,0.5,0.0,1.0,0.5,0.0,1.0,0.5,0.0,1.0,0.5,0.0,1.0,0.0,0.0,0.0,0.0,0.0,0.0
sentence-transformers/LaBSE,LaBSE,EP-4633656-A1_fr_q_fr,fr,fr,original,EP-4633656-A1,2,1,1,0.0,0.0,inf,inf,0.0,0.4,1.3709505944546687,0.0,0.0,0.0,0.0,0.0,0.0,0.0,0.0,0.0,0.0,0.0,0.0,0.0,0.0,0.0,0.0,0.0,0.0,0.0,0.0,0.0,0.0,0.0,0.0
sentence-transformers/LaBSE,LaBSE,WO-2025208167-A1_de_q_de,de,de,original,WO-2025208167-A1,2,1,1,0.0,0.0,31.0,144.0,0.006944444444444444,0.3,0.8812908992306927,0.0,0.0,0.0,0.0,0.0,0.0,0.0,0.0,0.0,0.0,0.0,0.0,0.5,0.0,1.0,0.5,0.0,1.0,0.0,0.0,0.0,0.0,0.0,0.0
sentence-transformers/LaBSE,LaBSE,EP-4634396-A1_fr_q_fr,fr,fr,original,EP-4634396-A1,2,1,1,1.0,0.6131471927654584,1.0,16.0,0.0625,0.2,0.7219280948873623,0.5,0.0,1.0,0.5,0.0,1.0,0.5,0.0,1.0,1.0,1.0,1.0,1.0,1.0,1.0,1.0,1.0,1.0,0.0,0.0,0.0,1.0,1.0,1.0
sentence-transformers/LaBSE,LaBSE,EP-4633893-A1_fr_q_fr,fr,fr,original,EP-4633893-A1,2,1,1,0.1,0.17723928678404774,10.0,520.0,0.0019230769230769232,0.1,0.4689955935892812,0.0,0.0,0.0,0.0,0.0,0.0,0.5,0.0,1.0,0.5,0.0,1.0,0.5,0.0,1.0,0.5,0.0,1.0,0.0,0.0,0.0,0.0,0.0,0.0
sentence-transformers/LaBSE,LaBSE,EP-4633462-A1_en_q_en,en,en,original,EP-4633462-A1,2,1,1,1.0,0.9197207891481876,1.0,1.0,1.0,0.8,1.5709505944546687,0.5,1.0,0.0,1.0,1.0,1.0,1.0,1.0,1.0,1.0,1.0,1.0,1.0,1.0,1.0,1.0,1.0,1.0,1.0,1.0,1.0,1.0,1.0,1.0
sentence-transformers/LaBSE,LaBSE,EP-4633386-A1_en_q_en,en,en,original,EP-4633386-A1,2,1,1,0.0,0.0,96.0,96.0,0.010416666666666666,0.8,1.3709505944546687,0.0,0.0,0.0,0.0,0.0,0.0,0.0,0.0,0.0,0.0,0.0,0.0,0.0,0.0,0.0,0.5,1.0,0.0,0.0,0.0,0.0,0.0,0.0,1.0
sentence-transformers/LaBSE,LaBSE,EP-4633970-A1_fr_q_fr,fr,fr,original,EP-4633970-A1,2,1,1,0.0,0.0,16.0,inf,0.0,0.5,1.360964047443681,0.0,0.0,0.0,0.0,0.0,0.0,0.0,0.0,0.0,0.5,0.0,1.0,0.5,0.0,1.0,0.5,0.0,1.0,0.0,0.0,0.0,0.0,0.0,0.0
sentence-transformers/LaBSE,LaBSE,EP-4633415-A1_en_q_en,en,en,original,EP-4633415-A1,2,1,1,0.0,0.0,26.0,26.0,0.038461538461538464,1.0,1.3709505944546687,0.0,0.0,0.0,0.0,0.0,0.0,0.0,0.0,0.0,0.0,0.0,0.0,1.0,1.0,1.0,1.0,1.0,1.0,0.0,0.0,0.0,0.0,1.0,1.0
sentence-transformers/LaBSE,LaBSE,EP-4633415-A1_en_q_de,de,en,synthetic,EP-4633415-A1,2,0,2,0.0,0.0,725.0,725.0,0.001379310344827586,0.5,1.0,0.0,0.0,,0.0,0.0,,0.0,0.0,,0.0,0.0,,0.0,0.0,,0.0,0.0,,0.0,0.0,0.0,0.0,0.0,0.0
sentence-transformers/LaBSE,LaBSE,EP-4633415-A1_fr_q_fr,fr,fr,original,EP-4633415-A1,2,1,1,0.0,0.0,204.0,inf,0.0,0.5,1.0,0.0,0.0,0.0,0.0,0.0,0.0,0.0,0.0,0.0,0.0,0.0,0.0,0.0,0.0,0.0,0.0,0.0,0.0,0.0,0.0,0.0,0.0,0.0,0.0
sentence-transformers/LaBSE,LaBSE,EP-4633415-A1_en_q_es,es,en,synthetic,EP-4633415-A1,2,0,2,0.0,0.0,314.0,314.0,0.0031847133757961785,1.0,1.0,0.0,0.0,,0.0,0.0,,0.0,0.0,,0.0,0.0,,0.0,0.0,,0.0,0.0,,0.0,0.0,0.0,0.0,0.0,0.0
sentence-transformers/LaBSE,LaBSE,EP-4633950-A1_en_q_en,en,en,original,EP-4633950-A1,2,1,1,0.0,0.0,117.0,117.0,0.008547008547008548,0.7,1.295461844238322,0.0,0.0,0.0,0.0,0.0,0.0,0.0,0.0,0.0,0.0,0.0,0.0,0.0,0.0,0.0,0.0,0.0,0.0,0.0,0.0,0.0,0.0,0.0,0.0
sentence-transformers/LaBSE,LaBSE,EP-4633950-A1_en_q_de,de,en,synthetic,EP-4633950-A1,2,0,2,0.0,0.0,959.0,959.0,0.0010427528675703858,0.7,1.295461844238322,0.0,0.0,,0.0,0.0,,0.0,0.0,,0.0,0.0,,0.0,0.0,,0.0,0.0,,0.0,0.0,0.0,0.0,0.0,0.0
sentence-transformers/LaBSE,LaBSE,EP-4633950-A1_fr_q_fr,fr,fr,original,EP-4633950-A1,2,1,1,0.0,0.0,329.0,inf,0.0,0.5,1.6854752972273344,0.0,0.0,0.0,0.0,0.0,0.0,0.0,0.0,0.0,0.0,0.0,0.0,0.0,0.0,0.0,0.0,0.0,0.0,0.0,0.0,0.0,0.0,0.0,0.0
sentence-transformers/LaBSE,LaBSE,EP-4633950-A1_en_q_es,es,en,synthetic,EP-4633950-A1,2,0,2,0.0,0.0,inf,inf,0.0,1.0,0.7219280948873623,0.0,0.0,,0.0,0.0,,0.0,0.0,,0.0,0.0,,0.0,0.0,,0.0,0.0,,0.0,0.0,0.0,0.0,0.0,0.0
sentence-transformers/LaBSE,LaBSE,EP-4634629-A1_en_q_en,en,en,original,EP-4634629-A1,3,1,2,0.0,0.0,128.0,128.0,0.0078125,0.6,1.8464393446710154,0.0,0.0,0.0,0.0,0.0,0.0,0.0,0.0,0.0,0.0,0.0,0.0,0.0,0.0,0.0,0.0,0.0,0.0,0.0,0.0,0.0,0.0,0.0,0.0
sentence-transformers/LaBSE,LaBSE,EP-4634629-A1_de_q_de,de,de,original,EP-4634629-A1,3,1,2,0.0,0.0,25.0,531.0,0.0018832391713747645,0.8,0.7219280948873623,0.0,0.0,0.0,0.0,0.0,0.0,0.0,0.0,0.0,0.0,0.0,0.0,0.3333333333333333,0.0,1.0,0.3333333333333333,0.0,1.0,0.0,0.0,0.0,0.0,0.0,0.0
sentence-transformers/LaBSE,LaBSE,EP-4634629-A1_fr_q_fr,fr,fr,original,EP-4634629-A1,3,1,2,0.0,0.0,28.0,28.0,0.03571428571428571,0.2,0.7219280948873623,0.0,0.0,0.0,0.0,0.0,0.0,0.0,0.0,0.0,0.0,0.0,0.0,0.3333333333333333,0.5,0.0,0.3333333333333333,0.5,0.0,0.0,0.0,0.0,0.0,1.0,1.0
sentence-transformers/LaBSE,LaBSE,EP-4634629-A1_en_q_es,es,en,synthetic,EP-4634629-A1,3,0,3,0.0,0.0,29.0,29.0,0.034482758620689655,0.9,1.295461844238322,0.0,0.0,,0.0,0.0,,0.0,0.0,,0.0,0.0,,0.6666666666666666,0.6666666666666666,,0.6666666666666666,0.6666666666666666,,0.0,0.0,0.0,0.0,1.0,1.0
sentence-transformers/LaBSE,LaBSE,EP-4633582-A1_en_q_es,es,en,synthetic,EP-4633582-A1,2,0,2,0.0,0.0,113.0,113.0,0.008849557522123894,1.0,0.4689955935892812,0.0,0.0,,0.0,0.0,,0.0,0.0,,0.0,0.0,,0.0,0.0,,0.0,0.0,,0.0,0.0,0.0,0.0,0.0,0.0
sentence-transformers/LaBSE,LaBSE,EP-4634165-A1_en_q_es,es,en,synthetic,EP-4634165-A1,2,0,2,1.0,0.9197207891481876,1.0,1.0,1.0,0.9,1.5709505944546687,0.5,0.5,,1.0,1.0,,1.0,1.0,,1.0,1.0,,1.0,1.0,,1.0,1.0,,1.0,1.0,1.0,1.0,1.0,1.0
sentence-transformers/LaBSE,LaBSE,EP-4633677-A1_en_q_de,de,en,synthetic,EP-4633677-A1,2,0,2,0.0,0.0,40.0,40.0,0.025,1.0,0.7219280948873623,0.0,0.0,,0.0,0.0,,0.0,0.0,,0.0,0.0,,0.5,0.5,,0.5,0.5,,0.0,0.0,0.0,0.0,1.0,1.0
sentence-transformers/LaBSE,LaBSE,EP-4634246-A1_en_q_en,en,en,original,EP-4634246-A1,2,1,1,0.0,0.0,959.0,959.0,0.0010427528675703858,1.0,1.360964047443681,0.0,0.0,0.0,0.0,0.0,0.0,0.0,0.0,0.0,0.0,0.0,0.0,0.0,0.0,0.0,0.0,0.0,0.0,0.0,0.0,0.0,0.0,0.0,0.0
sentence-transformers/LaBSE,LaBSE,EP-4634120-A1_en_q_de,de,en,synthetic,EP-4634120-A1,2,0,2,0.0,0.0,205.0,205.0,0.004878048780487805,0.7,1.295461844238322,0.0,0.0,,0.0,0.0,,0.0,0.0,,0.0,0.0,,0.0,0.0,,0.0,0.0,,0.0,0.0,0.0,0.0,0.0,0.0
sentence-transformers/LaBSE,LaBSE,EP-4633638-A1_en_q_en,en,en,original,EP-4633638-A1,2,1,1,1.0,1.0,1.0,1.0,1.0,0.9,1.360964047443681,0.5,1.0,0.0,1.0,1.0,1.0,1.0,1.0,1.0,1.0,1.0,1.0,1.0,1.0,1.0,1.0,1.0,1.0,1.0,1.0,1.0,1.0,1.0,1.0
sentence-transformers/LaBSE,LaBSE,EP-4633389-A1_en_q_en,en,en,original,EP-4633389-A1,2,1,1,1.0,1.0,1.0,1.0,1.0,0.5,1.4854752972273344,0.5,1.0,0.0,1.0,1.0,1.0,1.0,1.0,1.0,1.0,1.0,1.0,1.0,1.0,1.0,1.0,1.0,1.0,1.0,1.0,1.0,1.0,1.0,1.0
sentence-transformers/LaBSE,LaBSE,WO-2025209629-A1_de_q_es,es,de,synthetic,WO-2025209629-A1,2,0,2,1.0,1.0,1.0,1.0,1.0,1.0,1.295461844238322,0.5,0.5,,1.0,1.0,,1.0,1.0,,1.0,1.0,,1.0,1.0,,1.0,1.0,,1.0,1.0,1.0,1.0,1.0,1.0
sentence-transformers/LaBSE,LaBSE,EP-4634132-A2_en_q_en,en,en,original,EP-4634132-A2,2,1,1,0.0,0.0,399.0,399.0,0.002506265664160401,1.0,0.8812908992306927,0.0,0.0,0.0,0.0,0.0,0.0,0.0,0.0,0.0,0.0,0.0,0.0,0.0,0.0,0.0,0.0,0.0,0.0,0.0,0.0,0.0,0.0,0.0,0.0
sentence-transformers/LaBSE,LaBSE,EP-4634914-A1_en_q_es,es,en,synthetic,EP-4634914-A1,2,0,2,0.0,0.0,inf,inf,0.0,0.9,1.360964047443681,0.0,0.0,,0.0,0.0,,0.0,0.0,,0.0,0.0,,0.0,0.0,,0.0,0.0,,0.0,0.0,0.0,0.0,0.0,0.0
sentence-transformers/LaBSE,LaBSE,EP-4634285-A1_en_q_de,de,en,synthetic,EP-4634285-A1,2,0,2,0.0,0.0,663.0,663.0,0.0015082956259426848,0.6,1.5709505944546684,0.0,0.0,,0.0,0.0,,0.0,0.0,,0.0,0.0,,0.0,0.0,,0.0,0.0,,0.0,0.0,0.0,0.0,0.0,0.0
sentence-transformers/LaBSE,LaBSE,EP-4634122-A1_fr_q_fr,fr,fr,original,EP-4634122-A1,2,1,1,0.0,0.0,inf,inf,0.0,0.2,0.7219280948873623,0.0,0.0,0.0,0.0,0.0,0.0,0.0,0.0,0.0,0.0,0.0,0.0,0.0,0.0,0.0,0.0,0.0,0.0,0.0,0.0,0.0,0.0,0.0,0.0
sentence-transformers/LaBSE,LaBSE,EP-4634365-A1_fr_q_fr,fr,fr,original,EP-4634365-A1,2,1,1,1.0,0.6131471927654584,1.0,24.0,0.041666666666666664,0.0,-0.0,0.5,0.0,1.0,0.5,0.0,1.0,0.5,0.0,1.0,0.5,0.0,1.0,1.0,1.0,1.0,1.0,1.0,1.0,0.0,0.0,0.0,0.0,1.0,1.0
sentence-transformers/LaBSE,LaBSE,WO-2025214709-A1_de_q_es,es,de,synthetic,WO-2025214709-A1,2,0,2,0.5,0.5912352048230277,2.0,2.0,0.5,1.0,0.7219280948873623,0.0,0.0,,0.5,0.5,,1.0,1.0,,1.0,1.0,,1.0,1.0,,1.0,1.0,,0.0,1.0,1.0,1.0,1.0,1.0
sentence-transformers/LaBSE,LaBSE,EP-4633426-A2_en_q_es,es,en,synthetic,EP-4633426-A2,3,0,3,0.16666666666666666,0.3152014104491349,6.0,6.0,0.16666666666666666,0.9,1.1567796494470395,0.0,0.0,,0.0,0.0,,0.6666666666666666,0.6666666666666666,,0.6666666666666666,0.6666666666666666,,0.6666666666666666,0.6666666666666666,,0.6666666666666666,0.6666666666666666,,0.0,0.0,1.0,1.0,1.0,1.0
sentence-transformers/LaBSE,LaBSE,EP-4630604-A1_de_q_es,es,de,synthetic,EP-4630604-A1,2,0,2,1.0,1.0,1.0,1.0,1.0,0.9,1.295461844238322,0.5,0.5,,1.0,1.0,,1.0,1.0,,1.0,1.0,,1.0,1.0,,1.0,1.0,,1.0,1.0,1.0,1.0,1.0,1.0
sentence-transformers/LaBSE,LaBSE,EP-4634118-A1_en_q_es,es,en,synthetic,EP-4634118-A1,2,0,2,0.0,0.0,93.0,93.0,0.010752688172043012,1.0,-0.0,0.0,0.0,,0.0,0.0,,0.0,0.0,,0.0,0.0,,0.0,0.0,,0.5,0.5,,0.0,0.0,0.0,0.0,0.0,1.0
sentence-transformers/LaBSE,LaBSE,EP-4634404-A1_en_q_de,de,en,synthetic,EP-4634404-A1,2,0,2,1.0,0.6131471927654584,1.0,1.0,1.0,0.7,1.295461844238322,0.5,0.5,,0.5,0.5,,0.5,0.5,,0.5,0.5,,0.5,0.5,,1.0,1.0,,1.0,1.0,1.0,1.0,1.0,1.0
sentence-transformers/LaBSE,LaBSE,EP-4633465-A1_en_q_de,de,en,synthetic,EP-4633465-A1,2,0,2,0.3333333333333333,0.3065735963827292,3.0,3.0,0.3333333333333333,1.0,0.7219280948873623,0.0,0.0,,0.5,0.5,,0.5,0.5,,0.5,0.5,,0.5,0.5,,0.5,0.5,,0.0,1.0,1.0,1.0,1.0,1.0
sentence-transformers/LaBSE,LaBSE,EP-4633680-A1_en_q_es,es,en,synthetic,EP-4633680-A1,2,0,2,0.0,0.0,31.0,31.0,0.03225806451612903,0.8,1.1567796494470395,0.0,0.0,,0.0,0.0,,0.0,0.0,,0.0,0.0,,0.5,0.5,,0.5,0.5,,0.0,0.0,0.0,0.0,1.0,1.0
sentence-transformers/LaBSE,LaBSE,WO-2025201606-A1_de_q_es,es,de,synthetic,WO-2025201606-A1,2,0,2,1.0,1.0,1.0,1.0,1.0,1.0,1.360964047443681,0.5,0.5,,1.0,1.0,,1.0,1.0,,1.0,1.0,,1.0,1.0,,1.0,1.0,,1.0,1.0,1.0,1.0,1.0,1.0
sentence-transformers/LaBSE,LaBSE,EP-4634435-A1_en_q_de,de,en,synthetic,EP-4634435-A1,2,0,2,0.0,0.0,222.0,222.0,0.0045045045045045045,0.9,0.4689955935892812,0.0,0.0,,0.0,0.0,,0.0,0.0,,0.0,0.0,,0.0,0.0,,0.0,0.0,,0.0,0.0,0.0,0.0,0.0,0.0
sentence-transformers/LaBSE,LaBSE,EP-4634143-A1_en_q_de,de,en,synthetic,EP-4634143-A1,2,0,2,1.0,0.8503449055347546,1.0,1.0,1.0,0.7,1.9709505944546686,0.5,0.5,,1.0,1.0,,1.0,1.0,,1.0,1.0,,1.0,1.0,,1.0,1.0,,1.0,1.0,1.0,1.0,1.0,1.0
sentence-transformers/LaBSE,LaBSE,EP-4634411-A1_en_q_de,de,en,synthetic,EP-4634411-A1,2,0,2,0.0,0.0,inf,inf,0.0,0.2,0.7219280948873623,0.0,0.0,,0.0,0.0,,0.0,0.0,,0.0,0.0,,0.0,0.0,,0.0,0.0,,0.0,0.0,0.0,0.0,0.0,0.0
sentence-transformers/LaBSE,LaBSE,EP-4634287-A1_en_q_es,es,en,synthetic,EP-4634287-A1,3,0,3,0.0,0.0,40.0,40.0,0.025,1.0,0.4689955935892812,0.0,0.0,,0.0,0.0,,0.0,0.0,,0.0,0.0,,0.3333333333333333,0.3333333333333333,,0.6666666666666666,0.6666666666666666,,0.0,0.0,0.0,0.0,1.0,1.0
sentence-transformers/LaBSE,LaBSE,EP-4633627-A1_en_q_de,de,en,synthetic,EP-4633627-A1,2,0,2,1.0,0.6131471927654584,1.0,1.0,1.0,0.8,0.7219280948873623,0.5,0.5,,0.5,0.5,,0.5,0.5,,0.5,0.5,,0.5,0.5,,0.5,0.5,,1.0,1.0,1.0,1.0,1.0,1.0
sentence-transformers/LaBSE,LaBSE,EP-4633670-A1_fr_q_fr,fr,fr,original,EP-4633670-A1,2,1,1,1.0,0.6131471927654584,1.0,359.0,0.002785515320334262,0.3,1.1567796494470395,0.5,0.0,1.0,0.5,0.0,1.0,0.5,0.0,1.0,0.5,0.0,1.0,0.5,0.0,1.0,0.5,0.0,1.0,0.0,0.0,0.0,0.0,0.0,0.0
sentence-transformers/LaBSE,LaBSE,WO-2025202163-A1_fr_q_fr,fr,fr,original,WO-2025202163-A1,2,1,1,0.14285714285714285,0.39780880120575696,7.0,7.0,0.14285714285714285,0.3,0.8812908992306927,0.0,0.0,0.0,0.0,0.0,0.0,1.0,1.0,1.0,1.0,1.0,1.0,1.0,1.0,1.0,1.0,1.0,1.0,0.0,0.0,1.0,1.0,1.0,1.0
sentence-transformers/LaBSE,LaBSE,WO-2025214852-A1_fr_q_fr,fr,fr,original,WO-2025214852-A1,2,1,1,0.2,0.23719771276929622,5.0,119.0,0.008403361344537815,0.3,0.8812908992306927,0.0,0.0,0.0,0.5,0.0,1.0,0.5,0.0,1.0,0.5,0.0,1.0,0.5,0.0,1.0,0.5,0.0,1.0,0.0,0.0,0.0,0.0,0.0,0.0
sentence-transformers/LaBSE,LaBSE,WO-2025214996-A1_fr_q_fr,fr,fr,original,WO-2025214996-A1,2,1,1,0.0,0.0,35.0,57.0,0.017543859649122806,0.2,0.7219280948873623,0.0,0.0,0.0,0.0,0.0,0.0,0.0,0.0,0.0,0.0,0.0,0.0,0.5,0.0,1.0,1.0,1.0,1.0,0.0,0.0,0.0,0.0,0.0,1.0
sentence-transformers/LaBSE,LaBSE,EP-4630123-A1_de_q_de,de,de,original,EP-4630123-A1,2,1,1,0.0,0.0,404.0,inf,0.0,0.9,1.1567796494470395,0.0,0.0,0.0,0.0,0.0,0.0,0.0,0.0,0.0,0.0,0.0,0.0,0.0,0.0,0.0,0.0,0.0,0.0,0.0,0.0,0.0,0.0,0.0,0.0
sentence-transformers/LaBSE,LaBSE,EP-4634646-A1_en_q_en,en,en,original,EP-4634646-A1,2,1,1,1.0,1.0,1.0,1.0,1.0,0.9,0.9219280948873623,0.5,1.0,0.0,1.0,1.0,1.0,1.0,1.0,1.0,1.0,1.0,1.0,1.0,1.0,1.0,1.0,1.0,1.0,1.0,1.0,1.0,1.0,1.0,1.0
sentence-transformers/LaBSE,LaBSE,EP-4634294-A1_en_q_en,en,en,original,EP-4634294-A1,2,1,1,0.0,0.0,119.0,119.0,0.008403361344537815,0.7,1.8464393446710154,0.0,0.0,0.0,0.0,0.0,0.0,0.0,0.0,0.0,0.0,0.0,0.0,0.0,0.0,0.0,0.0,0.0,0.0,0.0,0.0,0.0,0.0,0.0,0.0
sentence-transformers/LaBSE,LaBSE,EP-4634436-A1_fr_q_fr,fr,fr,original,EP-4634436-A1,2,1,1,0.5,0.38685280723454163,2.0,761.0,0.001314060446780552,0.4,1.3709505944546687,0.0,0.0,0.0,0.5,0.0,1.0,0.5,0.0,1.0,0.5,0.0,1.0,0.5,0.0,1.0,0.5,0.0,1.0,0.0,0.0,0.0,0.0,0.0,0.0
sentence-transformers/LaBSE,LaBSE,EP-4633761-A1_en_q_en,en,en,original,EP-4633761-A1,2,1,1,0.0,0.0,360.0,360.0,0.002777777777777778,0.9,1.7609640474436812,0.0,0.0,0.0,0.0,0.0,0.0,0.0,0.0,0.0,0.0,0.0,0.0,0.0,0.0,0.0,0.0,0.0,0.0,0.0,0.0,0.0,0.0,0.0,0.0
sentence-transformers/LaBSE,LaBSE,WO-2025215167-A1_de_q_de,de,de,original,WO-2025215167-A1,2,1,1,0.0,0.0,34.0,89.0,0.011235955056179775,0.6,0.9709505944546686,0.0,0.0,0.0,0.0,0.0,0.0,0.0,0.0,0.0,0.0,0.0,0.0,0.5,0.0,1.0,1.0,1.0,1.0,0.0,0.0,0.0,0.0,0.0,1.0
sentence-transformers/LaBSE,LaBSE,EP-4626962-A1_de_q_en,en,de,synthetic,EP-4626962-A1,2,0,2,1.0,1.0,1.0,1.0,1.0,0.9,1.721928094887362,0.5,0.5,,1.0,1.0,,1.0,1.0,,1.0,1.0,,1.0,1.0,,1.0,1.0,,1.0,1.0,1.0,1.0,1.0,1.0
sentence-transformers/LaBSE,LaBSE,EP-4626962-A1_de_q_de,de,de,original,EP-4626962-A1,2,1,1,0.5,0.5912352048230277,2.0,2.0,0.5,0.4,0.9709505944546686,0.0,0.0,0.0,0.5,1.0,0.0,1.0,1.0,1.0,1.0,1.0,1.0,1.0,1.0,1.0,1.0,1.0,1.0,0.0,1.0,1.0,1.0,1.0,1.0
sentence-transformers/LaBSE,LaBSE,EP-4626962-A1_fr_q_fr,fr,fr,original,EP-4626962-A1,2,1,1,0.0,0.0,100.0,218.0,0.0045871559633027525,0.8,1.1567796494470395,0.0,0.0,0.0,0.0,0.0,0.0,0.0,0.0,0.0,0.0,0.0,0.0,0.0,0.0,0.0,0.5,0.0,1.0,0.0,0.0,0.0,0.0,0.0,0.0
sentence-transformers/LaBSE,LaBSE,EP-4626962-A1_de_q_es,es,de,synthetic,EP-4626962-A1,2,0,2,0.2,0.23719771276929622,5.0,5.0,0.2,1.0,0.9709505944546686,0.0,0.0,,0.5,0.5,,0.5,0.5,,1.0,1.0,,1.0,1.0,,1.0,1.0,,0.0,1.0,1.0,1.0,1.0,1.0
sentence-transformers/LaBSE,LaBSE,WO-2025201936-A1_de_q_en,en,de,synthetic,WO-2025201936-A1,2,0,2,0.0,0.0,inf,inf,0.0,0.8,1.4854752972273344,0.0,0.0,,0.0,0.0,,0.0,0.0,,0.0,0.0,,0.0,0.0,,0.0,0.0,,0.0,0.0,0.0,0.0,0.0,0.0
sentence-transformers/LaBSE,LaBSE,WO-2025201936-A1_fr_q_fr,fr,fr,original,WO-2025201936-A1,2,1,1,0.1,0.17723928678404774,10.0,32.0,0.03125,0.4,0.9709505944546686,0.0,0.0,0.0,0.0,0.0,0.0,0.5,0.0,1.0,0.5,0.0,1.0,1.0,1.0,1.0,1.0,1.0,1.0,0.0,0.0,0.0,0.0,1.0,1.0
sentence-transformers/LaBSE,LaBSE,WO-2025201936-A1_de_q_es,es,de,synthetic,WO-2025201936-A1,2,0,2,0.0,0.0,127.0,127.0,0.007874015748031496,0.9,1.721928094887362,0.0,0.0,,0.0,0.0,,0.0,0.0,,0.0,0.0,,0.0,0.0,,0.0,0.0,,0.0,0.0,0.0,0.0,0.0,0.0
sentence-transformers/LaBSE,LaBSE,EP-4634597-A1_en_q_en,en,en,original,EP-4634597-A1,2,1,1,0.0,0.0,663.0,663.0,0.0015082956259426848,0.7,1.295461844238322,0.0,0.0,0.0,0.0,0.0,0.0,0.0,0.0,0.0,0.0,0.0,0.0,0.0,0.0,0.0,0.0,0.0,0.0,0.0,0.0,0.0,0.0,0.0,0.0
sentence-transformers/LaBSE,LaBSE,EP-4634597-A1_en_q_de,de,en,synthetic,EP-4634597-A1,2,0,2,0.125,0.19342640361727081,8.0,8.0,0.125,0.3,1.1567796494470395,0.0,0.0,,0.0,0.0,,0.5,0.5,,0.5,0.5,,0.5,0.5,,0.5,0.5,,0.0,0.0,1.0,1.0,1.0,1.0
sentence-transformers/LaBSE,LaBSE,EP-4634597-A1_fr_q_fr,fr,fr,original,EP-4634597-A1,2,1,1,0.3333333333333333,0.3065735963827292,3.0,inf,0.0,0.7,0.8812908992306927,0.0,0.0,0.0,0.5,0.0,1.0,0.5,0.0,1.0,0.5,0.0,1.0,0.5,0.0,1.0,0.5,0.0,1.0,0.0,0.0,0.0,0.0,0.0,0.0
sentence-transformers/LaBSE,LaBSE,EP-4634597-A1_en_q_es,es,en,synthetic,EP-4634597-A1,2,0,2,0.0,0.0,546.0,546.0,0.0018315018315018315,0.8,1.1567796494470395,0.0,0.0,,0.0,0.0,,0.0,0.0,,0.0,0.0,,0.0,0.0,,0.0,0.0,,0.0,0.0,0.0,0.0,0.0,0.0
sentence-transformers/LaBSE,LaBSE,EP-4634381-A1_en_q_zh,zh,en,synthetic,EP-4634381-A1,2,0,2,0.0,0.0,15.0,15.0,0.06666666666666667,1.0,1.4854752972273344,0.0,0.0,,0.0,0.0,,0.0,0.0,,0.5,0.5,,0.5,0.5,,1.0,1.0,,0.0,0.0,0.0,1.0,1.0,1.0
sentence-transformers/LaBSE,LaBSE,EP-4633589-A1_en_q_zh,zh,en,synthetic,EP-4633589-A1,2,0,2,0.0,0.0,653.0,653.0,0.0015313935681470138,1.0,1.1567796494470395,0.0,0.0,,0.0,0.0,,0.0,0.0,,0.0,0.0,,0.0,0.0,,0.0,0.0,,0.0,0.0,0.0,0.0,0.0,0.0
sentence-transformers/LaBSE,LaBSE,EP-4627024-A1_de_q_zh,zh,de,synthetic,EP-4627024-A1,2,0,2,0.0,0.0,745.0,745.0,0.0013422818791946308,0.9,1.8464393446710154,0.0,0.0,,0.0,0.0,,0.0,0.0,,0.0,0.0,,0.0,0.0,,0.0,0.0,,0.0,0.0,0.0,0.0,0.0,0.0
sentence-transformers/LaBSE,LaBSE,EP-4634926-A1_en_q_zh,zh,en,synthetic,EP-4634926-A1,2,0,2,0.0,0.0,105.0,105.0,0.009523809523809525,1.0,1.295461844238322,0.0,0.0,,0.0,0.0,,0.0,0.0,,0.0,0.0,,0.0,0.0,,0.0,0.0,,0.0,0.0,0.0,0.0,0.0,0.0
sentence-transformers/LaBSE,LaBSE,EP-4633863-A2_en_q_zh,zh,en,synthetic,EP-4633863-A2,3,0,3,0.14285714285714285,0.15642624200758548,7.0,7.0,0.14285714285714285,1.0,1.8954618442383218,0.0,0.0,,0.0,0.0,,0.3333333333333333,0.3333333333333333,,0.3333333333333333,0.3333333333333333,,0.3333333333333333,0.3333333333333333,,0.3333333333333333,0.3333333333333333,,0.0,0.0,1.0,1.0,1.0,1.0
sentence-transformers/LaBSE,LaBSE,EP-4633797-A1_en_q_zh,zh,en,synthetic,EP-4633797-A1,2,0,2,1.0,1.0,1.0,1.0,1.0,1.0,1.295461844238322,0.5,0.5,,1.0,1.0,,1.0,1.0,,1.0,1.0,,1.0,1.0,,1.0,1.0,,1.0,1.0,1.0,1.0,1.0,1.0
sentence-transformers/LaBSE,LaBSE,EP-4633777-A1_en_q_zh,zh,en,synthetic,EP-4633777-A1,2,0,2,1.0,0.9197207891481876,1.0,1.0,1.0,1.0,1.8464393446710154,0.5,0.5,,1.0,1.0,,1.0,1.0,,1.0,1.0,,1.0,1.0,,1.0,1.0,,1.0,1.0,1.0,1.0,1.0,1.0
sentence-transformers/LaBSE,LaBSE,EP-4633621-A1_en_q_zh,zh,en,synthetic,EP-4633621-A1,2,0,2,0.0,0.0,60.0,60.0,0.016666666666666666,1.0,0.9709505944546686,0.0,0.0,,0.0,0.0,,0.0,0.0,,0.0,0.0,,0.0,0.0,,0.5,0.5,,0.0,0.0,0.0,0.0,0.0,1.0
sentence-transformers/LaBSE,LaBSE,EP-4634723-A1_en_q_zh,zh,en,synthetic,EP-4634723-A1,2,0,2,0.0,0.0,351.0,351.0,0.002849002849002849,1.0,-0.0,0.0,0.0,,0.0,0.0,,0.0,0.0,,0.0,0.0,,0.0,0.0,,0.0,0.0,,0.0,0.0,0.0,0.0,0.0,0.0
sentence-transformers/LaBSE,LaBSE,EP-4633581-A1_en_q_zh,zh,en,synthetic,EP-4633581-A1,2,0,2,0.0,0.0,inf,inf,0.0,1.0,1.1567796494470395,0.0,0.0,,0.0,0.0,,0.0,0.0,,0.0,0.0,,0.0,0.0,,0.0,0.0,,0.0,0.0,0.0,0.0,0.0,0.0
sentence-transformers/LaBSE,LaBSE,EP-4634416-A1_en_q_zh,zh,en,synthetic,EP-4634416-A1,2,0,2,1.0,0.6131471927654584,1.0,1.0,1.0,1.0,1.5219280948873621,0.5,0.5,,0.5,0.5,,0.5,0.5,,0.5,0.5,,0.5,0.5,,1.0,1.0,,1.0,1.0,1.0,1.0,1.0,1.0
sentence-transformers/LaBSE,LaBSE,EP-4634305-A1_en_q_zh,zh,en,synthetic,EP-4634305-A1,2,0,2,1.0,1.0,1.0,1.0,1.0,1.0,1.5709505944546687,0.5,0.5,,1.0,1.0,,1.0,1.0,,1.0,1.0,,1.0,1.0,,1.0,1.0,,1.0,1.0,1.0,1.0,1.0,1.0
sentence-transformers/LaBSE,LaBSE,EP-4633531-A1_en_q_zh,zh,en,synthetic,EP-4633531-A1,2,0,2,0.3333333333333333,0.5109559939712153,3.0,3.0,0.3333333333333333,1.0,1.5709505944546687,0.0,0.0,,0.5,0.5,,1.0,1.0,,1.0,1.0,,1.0,1.0,,1.0,1.0,,0.0,1.0,1.0,1.0,1.0,1.0
sentence-transformers/LaBSE,LaBSE,EP-4634333-A1_en_q_zh,zh,en,synthetic,EP-4634333-A1,2,0,2,0.0,0.0,719.0,719.0,0.0013908205841446453,1.0,1.5219280948873621,0.0,0.0,,0.0,0.0,,0.0,0.0,,0.0,0.0,,0.0,0.0,,0.0,0.0,,0.0,0.0,0.0,0.0,0.0,0.0
sentence-transformers/LaBSE,LaBSE,EP-4634212-A1_en_q_zh,zh,en,synthetic,EP-4634212-A1,2,0,2,1.0,0.9197207891481876,1.0,1.0,1.0,1.0,1.360964047443681,0.5,0.5,,1.0,1.0,,1.0,1.0,,1.0,1.0,,1.0,1.0,,1.0,1.0,,1.0,1.0,1.0,1.0,1.0,1.0
sentence-transformers/LaBSE,LaBSE,EP-4629959-A1_de_q_zh,zh,de,synthetic,EP-4629959-A1,2,0,2,0.0,0.0,162.0,162.0,0.006172839506172839,0.8,1.8464393446710154,0.0,0.0,,0.0,0.0,,0.0,0.0,,0.0,0.0,,0.0,0.0,,0.0,0.0,,0.0,0.0,0.0,0.0,0.0,0.0
sentence-transformers/LaBSE,LaBSE,EP-4627881-A1_de_q_zh,zh,de,synthetic,EP-4627881-A1,2,0,2,0.0,0.0,27.0,27.0,0.037037037037037035,1.0,1.360964047443681,0.0,0.0,,0.0,0.0,,0.0,0.0,,0.0,0.0,,1.0,1.0,,1.0,1.0,,0.0,0.0,0.0,0.0,1.0,1.0
sentence-transformers/LaBSE,LaBSE,EP-4633576-A1_en_q_zh,zh,en,synthetic,EP-4633576-A1,2,0,2,0.0,0.0,inf,inf,0.0,1.0,0.9709505944546686,0.0,0.0,,0.0,0.0,,0.0,0.0,,0.0,0.0,,0.0,0.0,,0.0,0.0,,0.0,0.0,0.0,0.0,0.0,0.0
sentence-transformers/LaBSE,LaBSE,EP-4633742-A2_en_q_zh,zh,en,synthetic,EP-4633742-A2,2,0,2,0.5,0.5912352048230277,2.0,2.0,0.5,1.0,1.1567796494470395,0.0,0.0,,0.5,0.5,,1.0,1.0,,1.0,1.0,,1.0,1.0,,1.0,1.0,,0.0,1.0,1.0,1.0,1.0,1.0
sentence-transformers/LaBSE,LaBSE,EP-4633791-A1_en_q_zh,zh,en,synthetic,EP-4633791-A1,2,0,2,1.0,0.8065735963827293,1.0,1.0,1.0,1.0,1.5219280948873621,0.5,0.5,,0.5,0.5,,1.0,1.0,,1.0,1.0,,1.0,1.0,,1.0,1.0,,1.0,1.0,1.0,1.0,1.0,1.0
sentence-transformers/LaBSE,LaBSE,EP-4630574-A1_fr_q_fr,fr,fr,original,EP-4630574-A1,3,1,2,0.0,0.0,inf,inf,0.0,0.4,0.9709505944546686,0.0,0.0,0.0,0.0,0.0,0.0,0.0,0.0,0.0,0.0,0.0,0.0,0.0,0.0,0.0,0.0,0.0,0.0,0.0,0.0,0.0,0.0,0.0,0.0
sentence-transformers/LaBSE,LaBSE,EP-4634111-A1_fr_q_fr,fr,fr,original,EP-4634111-A1,3,1,2,0.3333333333333333,0.23463936301137822,3.0,64.0,0.015625,0.2,0.9219280948873623,0.0,0.0,0.0,0.3333333333333333,0.0,1.0,0.3333333333333333,0.0,1.0,0.3333333333333333,0.0,1.0,0.3333333333333333,0.0,1.0,0.6666666666666666,0.5,1.0,0.0,0.0,0.0,0.0,0.0,1.0
sentence-transformers/LaBSE,LaBSE,EP-4633622-A2_en_q_es,es,en,synthetic,EP-4633622-A2,3,0,3,1.0,0.6049306994552042,1.0,1.0,1.0,0.8,1.1567796494470395,0.3333333333333333,0.3333333333333333,,0.3333333333333333,0.3333333333333333,,0.6666666666666666,0.6666666666666666,,0.6666666666666666,0.6666666666666666,,0.6666666666666666,0.6666666666666666,,0.6666666666666666,0.6666666666666666,,1.0,1.0,1.0,1.0,1.0,1.0
sentence-transformers/LaBSE,LaBSE,EP-4634187-A1_en_q_es_120,es,en,synthetic,EP-4634187-A1,3,0,3,0.5,0.2960819109658652,2.0,2.0,0.5,1.0,1.1567796494470395,0.0,0.0,,0.3333333333333333,0.3333333333333333,,0.3333333333333333,0.3333333333333333,,1.0,1.0,,1.0,1.0,,1.0,1.0,,0.0,1.0,1.0,1.0,1.0,1.0
sentence-transformers/LaBSE,LaBSE,EP-4634139-A1_fr_q_fr,fr,fr,original,EP-4634139-A1,3,1,2,0.2,0.18154179253735267,5.0,62.0,0.016129032258064516,0.1,0.4689955935892812,0.0,0.0,0.0,0.3333333333333333,0.0,1.0,0.3333333333333333,0.0,1.0,0.3333333333333333,0.0,1.0,0.3333333333333333,0.0,1.0,0.6666666666666666,0.5,1.0,0.0,0.0,0.0,0.0,0.0,1.0
sentence-transformers/LaBSE,LaBSE,EP-4634136-A1_en_q_en,en,en,original,EP-4634136-A1,3,1,2,0.0,0.0,14.0,14.0,0.07142857142857142,0.8,0.7219280948873623,0.0,0.0,0.0,0.0,0.0,0.0,0.0,0.0,0.0,1.0,1.0,1.0,1.0,1.0,1.0,1.0,1.0,1.0,0.0,0.0,0.0,1.0,1.0,1.0
sentence-transformers/LaBSE,LaBSE,EP-4634136-A1_en_q_de,de,en,synthetic,EP-4634136-A1,3,0,3,0.2,0.18154179253735267,5.0,5.0,0.2,0.7,1.6854752972273344,0.0,0.0,,0.3333333333333333,0.3333333333333333,,0.3333333333333333,0.3333333333333333,,0.3333333333333333,0.3333333333333333,,0.6666666666666666,0.6666666666666666,,0.6666666666666666,0.6666666666666666,,0.0,1.0,1.0,1.0,1.0,1.0
sentence-transformers/LaBSE,LaBSE,EP-4634136-A1_fr_q_fr,fr,fr,original,EP-4634136-A1,3,1,2,0.0,0.0,15.0,67.0,0.014925373134328358,0.5,1.4854752972273344,0.0,0.0,0.0,0.0,0.0,0.0,0.0,0.0,0.0,0.3333333333333333,0.0,1.0,0.3333333333333333,0.0,1.0,0.6666666666666666,0.5,1.0,0.0,0.0,0.0,0.0,0.0,1.0
sentence-transformers/LaBSE,LaBSE,EP-4634136-A1_en_q_es_125,es,en,synthetic,EP-4634136-A1,3,0,3,0.0,0.0,174.0,174.0,0.005747126436781609,0.7,1.5709505944546684,0.0,0.0,,0.0,0.0,,0.0,0.0,,0.0,0.0,,0.0,0.0,,0.0,0.0,,0.0,0.0,0.0,0.0,0.0,0.0
sentence-transformers/LaBSE,LaBSE,EP-4634136-A1_zh_q_zh,zh,zh,original,EP-4634136-A1,3,1,2,0.0,0.0,34.0,297.0,0.003367003367003367,1.0,1.5709505944546684,0.0,0.0,0.0,0.0,0.0,0.0,0.0,0.0,0.0,0.0,0.0,0.0,0.3333333333333333,0.0,1.0,0.3333333333333333,0.0,1.0,0.0,0.0,0.0,0.0,0.0,0.0
sentence-transformers/LaBSE,LaBSE,EP-4634248-A1_en_q_en,en,en,original,EP-4634248-A1,3,1,2,0.0,0.0,747.0,747.0,0.0013386880856760374,0.6,1.360964047443681,0.0,0.0,0.0,0.0,0.0,0.0,0.0,0.0,0.0,0.0,0.0,0.0,0.0,0.0,0.0,0.0,0.0,0.0,0.0,0.0,0.0,0.0,0.0,0.0
sentence-transformers/LaBSE,LaBSE,EP-4634142-A1_en_q_es,es,en,synthetic,EP-4634142-A1,3,0,3,0.125,0.1480409554829326,8.0,8.0,0.125,0.9,1.3567796494470397,0.0,0.0,,0.0,0.0,,0.3333333333333333,0.3333333333333333,,0.3333333333333333,0.3333333333333333,,0.3333333333333333,0.3333333333333333,,0.3333333333333333,0.3333333333333333,,0.0,0.0,1.0,1.0,1.0,1.0
sentence-transformers/LaBSE,LaBSE,WO-2025214812-A1_de_q_es,es,de,synthetic,WO-2025214812-A1,3,0,3,0.0,0.0,34.0,34.0,0.029411764705882353,1.0,0.8812908992306927,0.0,0.0,,0.0,0.0,,0.0,0.0,,0.0,0.0,,0.3333333333333333,0.3333333333333333,,0.3333333333333333,0.3333333333333333,,0.0,0.0,0.0,0.0,1.0,1.0
sentence-transformers/LaBSE,LaBSE,EP-4633662-A1_en_q_de,de,en,synthetic,EP-4633662-A1,3,0,3,0.0,0.0,176.0,176.0,0.005681818181818182,1.0,0.4689955935892812,0.0,0.0,,0.0,0.0,,0.0,0.0,,0.0,0.0,,0.0,0.0,,0.0,0.0,,0.0,0.0,0.0,0.0,0.0,0.0
sentence-transformers/LaBSE,LaBSE,WO-2025153617-A3_de_q_de,de,de,original,WO-2025153617-A3,3,1,2,0.25,0.20210734650054757,4.0,26.0,0.038461538461538464,0.3,0.8812908992306927,0.0,0.0,0.0,0.3333333333333333,0.0,1.0,0.3333333333333333,0.0,1.0,0.3333333333333333,0.0,1.0,0.6666666666666666,0.5,1.0,0.6666666666666666,0.5,1.0,0.0,0.0,0.0,0.0,1.0,1.0
sentence-transformers/LaBSE,LaBSE,EP-4634596-A1_en_q_en,en,en,original,EP-4634596-A1,3,1,2,1.0,0.46927872602275644,1.0,1.0,1.0,1.0,-0.0,0.3333333333333333,0.5,0.0,0.3333333333333333,0.5,0.0,0.3333333333333333,0.5,0.0,0.3333333333333333,0.5,0.0,1.0,1.0,1.0,1.0,1.0,1.0,1.0,1.0,1.0,1.0,1.0,1.0
sentence-transformers/LaBSE,LaBSE,EP-4634596-A1_en_q_de,de,en,synthetic,EP-4634596-A1,3,0,3,0.5,0.2960819109658652,2.0,2.0,0.5,0.6,0.9709505944546686,0.0,0.0,,0.3333333333333333,0.3333333333333333,,0.3333333333333333,0.3333333333333333,,0.3333333333333333,0.3333333333333333,,0.3333333333333333,0.3333333333333333,,0.3333333333333333,0.3333333333333333,,0.0,1.0,1.0,1.0,1.0,1.0
sentence-transformers/LaBSE,LaBSE,EP-4634596-A1_fr_q_fr,fr,fr,original,EP-4634596-A1,3,1,2,0.3333333333333333,0.23463936301137822,3.0,133.0,0.007518796992481203,0.6,1.360964047443681,0.0,0.0,0.0,0.3333333333333333,0.0,1.0,0.3333333333333333,0.0,1.0,0.3333333333333333,0.0,1.0,0.3333333333333333,0.0,1.0,0.3333333333333333,0.0,1.0,0.0,0.0,0.0,0.0,0.0,0.0
sentence-transformers/LaBSE,LaBSE,EP-4634596-A1_en_q_es_135,es,en,synthetic,EP-4634596-A1,3,0,3,0.0,0.0,27.0,27.0,0.037037037037037035,1.0,0.7219280948873623,0.0,0.0,,0.0,0.0,,0.0,0.0,,0.0,0.0,,0.3333333333333333,0.3333333333333333,,0.6666666666666666,0.6666666666666666,,0.0,0.0,0.0,0.0,1.0,1.0
sentence-transformers/LaBSE,LaBSE,EP-4634596-A1_zh_q_zh,zh,zh,original,EP-4634596-A1,3,1,2,0.16666666666666666,0.3235866969737877,6.0,7.0,0.14285714285714285,0.9,1.9609640474436811,0.0,0.0,0.0,0.0,0.0,0.0,0.6666666666666666,0.5,1.0,0.6666666666666666,0.5,1.0,0.6666666666666666,0.5,1.0,1.0,1.0,1.0,0.0,0.0,1.0,1.0,1.0,1.0
cambridgeltl/SapBERT-UMLS-2020AB-all-lang-from-XLMR,SapBERT,EP-4633662-A1_en_q_en,en,en,original,EP-4633662-A1,3,1,2,0.0,0.0,inf,inf,0.0,0.3,0.8812908992306927,0.0,0.0,0.0,0.0,0.0,0.0,0.0,0.0,0.0,0.0,0.0,0.0,0.0,0.0,0.0,0.0,0.0,0.0,0.0,0.0,0.0,0.0,0.0,0.0
cambridgeltl/SapBERT-UMLS-2020AB-all-lang-from-XLMR,SapBERT,EP-4630509-A1_fr_q_fr,fr,fr,original,EP-4630509-A1,3,1,2,0.14285714285714285,0.15642624200758548,7.0,inf,0.0,0.3,0.8812908992306927,0.0,0.0,0.0,0.0,0.0,0.0,0.3333333333333333,0.0,1.0,0.3333333333333333,0.0,1.0,0.3333333333333333,0.0,1.0,0.3333333333333333,0.0,1.0,0.0,0.0,0.0,0.0,0.0,0.0
cambridgeltl/SapBERT-UMLS-2020AB-all-lang-from-XLMR,SapBERT,EP-4634248-A1_en_q_es,es,en,synthetic,EP-4634248-A1,3,0,3,0.0,0.0,69.0,69.0,0.014492753623188406,0.9,1.5709505944546687,0.0,0.0,,0.0,0.0,,0.0,0.0,,0.0,0.0,,0.0,0.0,,0.3333333333333333,0.3333333333333333,,0.0,0.0,0.0,0.0,0.0,1.0
cambridgeltl/SapBERT-UMLS-2020AB-all-lang-from-XLMR,SapBERT,EP-4634187-A1_en_q_es,es,en,synthetic,EP-4634187-A1,3,0,3,0.0,0.0,28.0,28.0,0.03571428571428571,0.7,1.4854752972273344,0.0,0.0,,0.0,0.0,,0.0,0.0,,0.0,0.0,,0.3333333333333333,0.3333333333333333,,0.3333333333333333,0.3333333333333333,,0.0,0.0,0.0,0.0,1.0,1.0
cambridgeltl/SapBERT-UMLS-2020AB-all-lang-from-XLMR,SapBERT,EP-4634142-A1_fr_q_fr,fr,fr,original,EP-4634142-A1,3,1,2,0.0,0.0,889.0,889.0,0.0011248593925759281,0.6,1.360964047443681,0.0,0.0,0.0,0.0,0.0,0.0,0.0,0.0,0.0,0.0,0.0,0.0,0.0,0.0,0.0,0.0,0.0,0.0,0.0,0.0,0.0,0.0,0.0,0.0
cambridgeltl/SapBERT-UMLS-2020AB-all-lang-from-XLMR,SapBERT,EP-4633768-A2_en_q_es,es,en,synthetic,EP-4633768-A2,3,0,3,0.0,0.0,126.0,126.0,0.007936507936507936,0.9,1.6854752972273344,0.0,0.0,,0.0,0.0,,0.0,0.0,,0.0,0.0,,0.0,0.0,,0.0,0.0,,0.0,0.0,0.0,0.0,0.0,0.0
cambridgeltl/SapBERT-UMLS-2020AB-all-lang-from-XLMR,SapBERT,EP-4633645-A1_fr_q_fr,fr,fr,original,EP-4633645-A1,3,1,2,0.0,0.0,128.0,241.0,0.004149377593360996,0.2,0.7219280948873623,0.0,0.0,0.0,0.0,0.0,0.0,0.0,0.0,0.0,0.0,0.0,0.0,0.0,0.0,0.0,0.0,0.0,0.0,0.0,0.0,0.0,0.0,0.0,0.0
cambridgeltl/SapBERT-UMLS-2020AB-all-lang-from-XLMR,SapBERT,EP-4633622-A2_en_q_de,de,en,synthetic,EP-4633622-A2,3,0,3,0.14285714285714285,0.15642624200758548,7.0,7.0,0.14285714285714285,1.0,1.295461844238322,0.0,0.0,,0.0,0.0,,0.3333333333333333,0.3333333333333333,,0.6666666666666666,0.6666666666666666,,0.6666666666666666,0.6666666666666666,,1.0,1.0,,0.0,0.0,1.0,1.0,1.0,1.0
cambridgeltl/SapBERT-UMLS-2020AB-all-lang-from-XLMR,SapBERT,EP-4634601-A1_en_q_en,en,en,original,EP-4634601-A1,3,1,2,0.0,0.0,407.0,407.0,0.002457002457002457,0.2,0.9219280948873623,0.0,0.0,0.0,0.0,0.0,0.0,0.0,0.0,0.0,0.0,0.0,0.0,0.0,0.0,0.0,0.0,0.0,0.0,0.0,0.0,0.0,0.0,0.0,0.0
cambridgeltl/SapBERT-UMLS-2020AB-all-lang-from-XLMR,SapBERT,EP-4630626-A1_de_q_de,de,de,original,EP-4630626-A1,3,1,2,1.0,0.8070380459557518,1.0,4.0,0.25,0.9,2.1709505944546685,0.3333333333333333,0.0,1.0,0.6666666666666666,0.5,1.0,1.0,1.0,1.0,1.0,1.0,1.0,1.0,1.0,1.0,1.0,1.0,1.0,0.0,1.0,1.0,1.0,1.0,1.0
cambridgeltl/SapBERT-UMLS-2020AB-all-lang-from-XLMR,SapBERT,EP-4630600-A1_de_q_en,en,de,synthetic,EP-4630600-A1,3,0,3,0.0,0.0,212.0,212.0,0.0047169811320754715,0.1,0.4689955935892812,0.0,0.0,,0.0,0.0,,0.0,0.0,,0.0,0.0,,0.0,0.0,,0.0,0.0,,0.0,0.0,0.0,0.0,0.0,0.0
cambridgeltl/SapBERT-UMLS-2020AB-all-lang-from-XLMR,SapBERT,EP-4633632-A1_en_q_es,es,en,synthetic,EP-4633632-A1,3,0,3,0.0,0.0,497.0,497.0,0.002012072434607646,0.8,1.1567796494470395,0.0,0.0,,0.0,0.0,,0.0,0.0,,0.0,0.0,,0.0,0.0,,0.0,0.0,,0.0,0.0,0.0,0.0,0.0,0.0
cambridgeltl/SapBERT-UMLS-2020AB-all-lang-from-XLMR,SapBERT,EP-4634136-A1_en_q_es,es,en,synthetic,EP-4634136-A1,3,0,3,0.0,0.0,400.0,400.0,0.0025,0.9,1.7609640474436812,0.0,0.0,,0.0,0.0,,0.0,0.0,,0.0,0.0,,0.0,0.0,,0.0,0.0,,0.0,0.0,0.0,0.0,0.0,0.0
cambridgeltl/SapBERT-UMLS-2020AB-all-lang-from-XLMR,SapBERT,EP-4634157-A1_en_q_de,de,en,synthetic,EP-4634157-A1,3,0,3,0.0,0.0,819.0,819.0,0.001221001221001221,0.9,0.9219280948873623,0.0,0.0,,0.0,0.0,,0.0,0.0,,0.0,0.0,,0.0,0.0,,0.0,0.0,,0.0,0.0,0.0,0.0,0.0,0.0
cambridgeltl/SapBERT-UMLS-2020AB-all-lang-from-XLMR,SapBERT,EP-4630574-A1_de_q_en,en,de,synthetic,EP-4630574-A1,3,0,3,0.0,0.0,inf,inf,0.0,0.0,-0.0,0.0,0.0,,0.0,0.0,,0.0,0.0,,0.0,0.0,,0.0,0.0,,0.0,0.0,,0.0,0.0,0.0,0.0,0.0,0.0
cambridgeltl/SapBERT-UMLS-2020AB-all-lang-from-XLMR,SapBERT,EP-4634111-A1_en_q_de,de,en,synthetic,EP-4634111-A1,3,0,3,0.0,0.0,219.0,219.0,0.0045662100456621,0.2,0.9219280948873623,0.0,0.0,,0.0,0.0,,0.0,0.0,,0.0,0.0,,0.0,0.0,,0.0,0.0,,0.0,0.0,0.0,0.0,0.0,0.0
cambridgeltl/SapBERT-UMLS-2020AB-all-lang-from-XLMR,SapBERT,EP-4634596-A1_en_q_es,es,en,synthetic,EP-4634596-A1,3,0,3,0.0,0.0,487.0,487.0,0.002053388090349076,0.9,1.6854752972273344,0.0,0.0,,0.0,0.0,,0.0,0.0,,0.0,0.0,,0.0,0.0,,0.0,0.0,,0.0,0.0,0.0,0.0,0.0,0.0
cambridgeltl/SapBERT-UMLS-2020AB-all-lang-from-XLMR,SapBERT,EP-4634139-A1_en_q_es,es,en,synthetic,EP-4634139-A1,3,0,3,1.0,0.9134015924715543,1.0,1.0,1.0,0.8,1.8464393446710154,0.3333333333333333,0.3333333333333333,,0.6666666666666666,0.6666666666666666,,1.0,1.0,,1.0,1.0,,1.0,1.0,,1.0,1.0,,1.0,1.0,1.0,1.0,1.0,1.0
cambridgeltl/SapBERT-UMLS-2020AB-all-lang-from-XLMR,SapBERT,WO-2025153617-A3_de_q_en,en,de,synthetic,WO-2025153617-A3,3,0,3,0.0,0.0,204.0,204.0,0.004901960784313725,0.2,0.7219280948873623,0.0,0.0,,0.0,0.0,,0.0,0.0,,0.0,0.0,,0.0,0.0,,0.0,0.0,,0.0,0.0,0.0,0.0,0.0,0.0
cambridgeltl/SapBERT-UMLS-2020AB-all-lang-from-XLMR,SapBERT,EP-4634251-A1_en_q_es,es,en,synthetic,EP-4634251-A1,3,0,3,0.0,0.0,536.0,536.0,0.0018656716417910447,0.9,1.1567796494470395,0.0,0.0,,0.0,0.0,,0.0,0.0,,0.0,0.0,,0.0,0.0,,0.0,0.0,,0.0,0.0,0.0,0.0,0.0,0.0
cambridgeltl/SapBERT-UMLS-2020AB-all-lang-from-XLMR,SapBERT,EP-4634426-A1_en_q_es,es,en,synthetic,EP-4634426-A1,3,0,3,0.0,0.0,37.0,37.0,0.02702702702702703,1.0,1.360964047443681,0.0,0.0,,0.0,0.0,,0.0,0.0,,0.0,0.0,,0.3333333333333333,0.3333333333333333,,0.6666666666666666,0.6666666666666666,,0.0,0.0,0.0,0.0,1.0,1.0
cambridgeltl/SapBERT-UMLS-2020AB-all-lang-from-XLMR,SapBERT,EP-4634729-A1_en_q_de,de,en,synthetic,EP-4634729-A1,2,0,2,1.0,1.0,1.0,1.0,1.0,0.5,1.7609640474436812,0.5,0.5,,1.0,1.0,,1.0,1.0,,1.0,1.0,,1.0,1.0,,1.0,1.0,,1.0,1.0,1.0,1.0,1.0,1.0
cambridgeltl/SapBERT-UMLS-2020AB-all-lang-from-XLMR,SapBERT,EP-4626569-A1_de_q_en,en,de,synthetic,EP-4626569-A1,2,0,2,0.0,0.0,446.0,446.0,0.002242152466367713,0.5,1.4854752972273344,0.0,0.0,,0.0,0.0,,0.0,0.0,,0.0,0.0,,0.0,0.0,,0.0,0.0,,0.0,0.0,0.0,0.0,0.0,0.0
cambridgeltl/SapBERT-UMLS-2020AB-all-lang-from-XLMR,SapBERT,EP-4634394-A2_en_q_es,es,en,synthetic,EP-4634394-A2,2,0,2,0.0,0.0,13.0,13.0,0.07692307692307693,0.7,1.5709505944546684,0.0,0.0,,0.0,0.0,,0.0,0.0,,0.5,0.5,,1.0,1.0,,1.0,1.0,,0.0,0.0,0.0,1.0,1.0,1.0
cambridgeltl/SapBERT-UMLS-2020AB-all-lang-from-XLMR,SapBERT,EP-4634424-A1_en_q_es,es,en,synthetic,EP-4634424-A1,2,0,2,0.0,0.0,inf,inf,0.0,1.0,0.8812908992306927,0.0,0.0,,0.0,0.0,,0.0,0.0,,0.0,0.0,,0.0,0.0,,0.0,0.0,,0.0,0.0,0.0,0.0,0.0,0.0
cambridgeltl/SapBERT-UMLS-2020AB-all-lang-from-XLMR,SapBERT,EP-4633602-A1_en_q_de,de,en,synthetic,EP-4633602-A1,2,0,2,0.0,0.0,inf,inf,0.0,0.9,0.9219280948873623,0.0,0.0,,0.0,0.0,,0.0,0.0,,0.0,0.0,,0.0,0.0,,0.0,0.0,,0.0,0.0,0.0,0.0,0.0,0.0
cambridgeltl/SapBERT-UMLS-2020AB-all-lang-from-XLMR,SapBERT,EP-4634337-A1_en_q_en,en,en,original,EP-4634337-A1,2,1,1,0.0,0.0,171.0,inf,0.0,0.1,0.4689955935892812,0.0,0.0,0.0,0.0,0.0,0.0,0.0,0.0,0.0,0.0,0.0,0.0,0.0,0.0,0.0,0.0,0.0,0.0,0.0,0.0,0.0,0.0,0.0,0.0
cambridgeltl/SapBERT-UMLS-2020AB-all-lang-from-XLMR,SapBERT,EP-4634128-A1_en_q_en,en,en,original,EP-4634128-A1,2,1,1,0.0,0.0,971.0,inf,0.0,0.3,0.8812908992306927,0.0,0.0,0.0,0.0,0.0,0.0,0.0,0.0,0.0,0.0,0.0,0.0,0.0,0.0,0.0,0.0,0.0,0.0,0.0,0.0,0.0,0.0,0.0,0.0
cambridgeltl/SapBERT-UMLS-2020AB-all-lang-from-XLMR,SapBERT,EP-4633896-A1_en_q_en,en,en,original,EP-4633896-A1,2,1,1,0.5,0.38685280723454163,2.0,471.0,0.0021231422505307855,0.3,1.3567796494470397,0.0,0.0,0.0,0.5,0.0,1.0,0.5,0.0,1.0,0.5,0.0,1.0,0.5,0.0,1.0,0.5,0.0,1.0,0.0,0.0,0.0,0.0,0.0,0.0
cambridgeltl/SapBERT-UMLS-2020AB-all-lang-from-XLMR,SapBERT,WO-2025215091-A1_fr_q_fr,fr,fr,original,WO-2025215091-A1,2,1,1,0.0,0.0,36.0,92.0,0.010869565217391304,0.4,0.9709505944546686,0.0,0.0,0.0,0.0,0.0,0.0,0.0,0.0,0.0,0.0,0.0,0.0,0.5,0.0,1.0,1.0,1.0,1.0,0.0,0.0,0.0,0.0,0.0,1.0
cambridgeltl/SapBERT-UMLS-2020AB-all-lang-from-XLMR,SapBERT,EP-4633599-A1_fr_q_fr,fr,fr,original,EP-4633599-A1,2,1,1,0.0,0.0,inf,inf,0.0,0.7,0.8812908992306927,0.0,0.0,0.0,0.0,0.0,0.0,0.0,0.0,0.0,0.0,0.0,0.0,0.0,0.0,0.0,0.0,0.0,0.0,0.0,0.0,0.0,0.0,0.0,0.0
cambridgeltl/SapBERT-UMLS-2020AB-all-lang-from-XLMR,SapBERT,EP-4633656-A1_fr_q_fr,fr,fr,original,EP-4633656-A1,2,1,1,0.16666666666666666,0.21840743681816419,6.0,14.0,0.07142857142857142,0.5,1.360964047443681,0.0,0.0,0.0,0.0,0.0,0.0,0.5,0.0,1.0,1.0,1.0,1.0,1.0,1.0,1.0,1.0,1.0,1.0,0.0,0.0,0.0,1.0,1.0,1.0
cambridgeltl/SapBERT-UMLS-2020AB-all-lang-from-XLMR,SapBERT,WO-2025208167-A1_de_q_de,de,de,original,WO-2025208167-A1,2,1,1,0.0,0.0,135.0,158.0,0.006329113924050633,0.7,1.4854752972273344,0.0,0.0,0.0,0.0,0.0,0.0,0.0,0.0,0.0,0.0,0.0,0.0,0.0,0.0,0.0,0.0,0.0,0.0,0.0,0.0,0.0,0.0,0.0,0.0
cambridgeltl/SapBERT-UMLS-2020AB-all-lang-from-XLMR,SapBERT,EP-4634396-A1_fr_q_fr,fr,fr,original,EP-4634396-A1,2,1,1,1.0,1.0,1.0,1.0,1.0,0.6,1.360964047443681,0.5,1.0,0.0,1.0,1.0,1.0,1.0,1.0,1.0,1.0,1.0,1.0,1.0,1.0,1.0,1.0,1.0,1.0,1.0,1.0,1.0,1.0,1.0,1.0
cambridgeltl/SapBERT-UMLS-2020AB-all-lang-from-XLMR,SapBERT,EP-4633893-A1_fr_q_fr,fr,fr,original,EP-4633893-A1,2,1,1,0.0,0.0,24.0,100.0,0.01,1.0,1.360964047443681,0.0,0.0,0.0,0.0,0.0,0.0,0.0,0.0,0.0,0.0,0.0,0.0,0.5,0.0,1.0,1.0,1.0,1.0,0.0,0.0,0.0,0.0,0.0,1.0
cambridgeltl/SapBERT-UMLS-2020AB-all-lang-from-XLMR,SapBERT,EP-4633462-A1_en_q_en,en,en,original,EP-4633462-A1,2,1,1,1.0,0.6131471927654584,1.0,703.0,0.001422475106685633,0.1,0.4689955935892812,0.5,0.0,1.0,0.5,0.0,1.0,0.5,0.0,1.0,0.5,0.0,1.0,0.5,0.0,1.0,0.5,0.0,1.0,0.0,0.0,0.0,0.0,0.0,0.0
cambridgeltl/SapBERT-UMLS-2020AB-all-lang-from-XLMR,SapBERT,EP-4633386-A1_en_q_en,en,en,original,EP-4633386-A1,2,1,1,0.0,0.0,550.0,592.0,0.0016891891891891893,0.4,1.5709505944546687,0.0,0.0,0.0,0.0,0.0,0.0,0.0,0.0,0.0,0.0,0.0,0.0,0.0,0.0,0.0,0.0,0.0,0.0,0.0,0.0,0.0,0.0,0.0,0.0
cambridgeltl/SapBERT-UMLS-2020AB-all-lang-from-XLMR,SapBERT,EP-4633970-A1_fr_q_fr,fr,fr,original,EP-4633970-A1,2,1,1,0.0,0.0,32.0,inf,0.0,0.4,0.9709505944546686,0.0,0.0,0.0,0.0,0.0,0.0,0.0,0.0,0.0,0.0,0.0,0.0,0.5,0.0,1.0,0.5,0.0,1.0,0.0,0.0,0.0,0.0,0.0,0.0
cambridgeltl/SapBERT-UMLS-2020AB-all-lang-from-XLMR,SapBERT,EP-4633415-A1_en_q_en,en,en,original,EP-4633415-A1,2,1,1,0.14285714285714285,0.20438239758848611,7.0,66.0,0.015151515151515152,0.0,-0.0,0.0,0.0,0.0,0.0,0.0,0.0,0.5,0.0,1.0,0.5,0.0,1.0,0.5,0.0,1.0,1.0,1.0,1.0,0.0,0.0,0.0,0.0,0.0,1.0
cambridgeltl/SapBERT-UMLS-2020AB-all-lang-from-XLMR,SapBERT,EP-4633415-A1_en_q_de,de,en,synthetic,EP-4633415-A1,2,0,2,0.0,0.0,162.0,162.0,0.006172839506172839,0.2,0.9219280948873623,0.0,0.0,,0.0,0.0,,0.0,0.0,,0.0,0.0,,0.0,0.0,,0.0,0.0,,0.0,0.0,0.0,0.0,0.0,0.0
cambridgeltl/SapBERT-UMLS-2020AB-all-lang-from-XLMR,SapBERT,EP-4633415-A1_fr_q_fr,fr,fr,original,EP-4633415-A1,2,1,1,0.0,0.0,inf,inf,0.0,0.9,0.9219280948873623,0.0,0.0,0.0,0.0,0.0,0.0,0.0,0.0,0.0,0.0,0.0,0.0,0.0,0.0,0.0,0.0,0.0,0.0,0.0,0.0,0.0,0.0,0.0,0.0
cambridgeltl/SapBERT-UMLS-2020AB-all-lang-from-XLMR,SapBERT,EP-4633415-A1_en_q_es,es,en,synthetic,EP-4633415-A1,2,0,2,0.0,0.0,68.0,68.0,0.014705882352941176,0.7,1.8464393446710154,0.0,0.0,,0.0,0.0,,0.0,0.0,,0.0,0.0,,0.0,0.0,,0.5,0.5,,0.0,0.0,0.0,0.0,0.0,1.0
cambridgeltl/SapBERT-UMLS-2020AB-all-lang-from-XLMR,SapBERT,EP-4633950-A1_en_q_en,en,en,original,EP-4633950-A1,2,1,1,0.0,0.0,173.0,173.0,0.005780346820809248,0.1,0.4689955935892812,0.0,0.0,0.0,0.0,0.0,0.0,0.0,0.0,0.0,0.0,0.0,0.0,0.0,0.0,0.0,0.0,0.0,0.0,0.0,0.0,0.0,0.0,0.0,0.0
cambridgeltl/SapBERT-UMLS-2020AB-all-lang-from-XLMR,SapBERT,EP-4633950-A1_en_q_de,de,en,synthetic,EP-4633950-A1,2,0,2,0.0,0.0,inf,inf,0.0,0.3,1.1567796494470395,0.0,0.0,,0.0,0.0,,0.0,0.0,,0.0,0.0,,0.0,0.0,,0.0,0.0,,0.0,0.0,0.0,0.0,0.0,0.0
cambridgeltl/SapBERT-UMLS-2020AB-all-lang-from-XLMR,SapBERT,EP-4633950-A1_fr_q_fr,fr,fr,original,EP-4633950-A1,2,1,1,0.0,0.0,inf,inf,0.0,1.0,0.8812908992306927,0.0,0.0,0.0,0.0,0.0,0.0,0.0,0.0,0.0,0.0,0.0,0.0,0.0,0.0,0.0,0.0,0.0,0.0,0.0,0.0,0.0,0.0,0.0,0.0
cambridgeltl/SapBERT-UMLS-2020AB-all-lang-from-XLMR,SapBERT,EP-4633950-A1_en_q_es,es,en,synthetic,EP-4633950-A1,2,0,2,0.0,0.0,inf,inf,0.0,0.9,0.4689955935892812,0.0,0.0,,0.0,0.0,,0.0,0.0,,0.0,0.0,,0.0,0.0,,0.0,0.0,,0.0,0.0,0.0,0.0,0.0,0.0
cambridgeltl/SapBERT-UMLS-2020AB-all-lang-from-XLMR,SapBERT,EP-4634629-A1_en_q_en,en,en,original,EP-4634629-A1,3,1,2,0.0,0.0,231.0,269.0,0.0037174721189591076,0.3,0.8812908992306927,0.0,0.0,0.0,0.0,0.0,0.0,0.0,0.0,0.0,0.0,0.0,0.0,0.0,0.0,0.0,0.0,0.0,0.0,0.0,0.0,0.0,0.0,0.0,0.0
cambridgeltl/SapBERT-UMLS-2020AB-all-lang-from-XLMR,SapBERT,EP-4634629-A1_de_q_de,de,de,original,EP-4634629-A1,3,1,2,0.0,0.0,15.0,276.0,0.0036231884057971015,0.3,0.8812908992306927,0.0,0.0,0.0,0.0,0.0,0.0,0.0,0.0,0.0,0.3333333333333333,0.0,1.0,0.3333333333333333,0.0,1.0,0.3333333333333333,0.0,1.0,0.0,0.0,0.0,0.0,0.0,0.0
cambridgeltl/SapBERT-UMLS-2020AB-all-lang-from-XLMR,SapBERT,EP-4634629-A1_fr_q_fr,fr,fr,original,EP-4634629-A1,3,1,2,0.14285714285714285,0.15642624200758548,7.0,7.0,0.14285714285714285,0.7,1.8464393446710154,0.0,0.0,0.0,0.0,0.0,0.0,0.3333333333333333,0.5,0.0,0.3333333333333333,0.5,0.0,0.3333333333333333,0.5,0.0,1.0,1.0,1.0,0.0,0.0,1.0,1.0,1.0,1.0
cambridgeltl/SapBERT-UMLS-2020AB-all-lang-from-XLMR,SapBERT,EP-4634629-A1_en_q_es,es,en,synthetic,EP-4634629-A1,3,0,3,0.0,0.0,667.0,667.0,0.0014992503748125937,0.9,1.7609640474436812,0.0,0.0,,0.0,0.0,,0.0,0.0,,0.0,0.0,,0.0,0.0,,0.0,0.0,,0.0,0.0,0.0,0.0,0.0,0.0
cambridgeltl/SapBERT-UMLS-2020AB-all-lang-from-XLMR,SapBERT,EP-4633582-A1_en_q_es,es,en,synthetic,EP-4633582-A1,2,0,2,0.0,0.0,282.0,282.0,0.0035460992907801418,0.7,1.5709505944546684,0.0,0.0,,0.0,0.0,,0.0,0.0,,0.0,0.0,,0.0,0.0,,0.0,0.0,,0.0,0.0,0.0,0.0,0.0,0.0
cambridgeltl/SapBERT-UMLS-2020AB-all-lang-from-XLMR,SapBERT,EP-4634165-A1_en_q_es,es,en,synthetic,EP-4634165-A1,2,0,2,0.14285714285714285,0.20438239758848611,7.0,7.0,0.14285714285714285,0.8,0.7219280948873623,0.0,0.0,,0.0,0.0,,0.5,0.5,,0.5,0.5,,0.5,0.5,,1.0,1.0,,0.0,0.0,1.0,1.0,1.0,1.0
cambridgeltl/SapBERT-UMLS-2020AB-all-lang-from-XLMR,SapBERT,EP-4633677-A1_en_q_de,de,en,synthetic,EP-4633677-A1,2,0,2,0.0,0.0,32.0,32.0,0.03125,1.0,0.9219280948873623,0.0,0.0,,0.0,0.0,,0.0,0.0,,0.0,0.0,,0.5,0.5,,0.5,0.5,,0.0,0.0,0.0,0.0,1.0,1.0
cambridgeltl/SapBERT-UMLS-2020AB-all-lang-from-XLMR,SapBERT,EP-4634246-A1_en_q_en,en,en,original,EP-4634246-A1,2,1,1,0.0,0.0,inf,inf,0.0,0.5,1.360964047443681,0.0,0.0,0.0,0.0,0.0,0.0,0.0,0.0,0.0,0.0,0.0,0.0,0.0,0.0,0.0,0.0,0.0,0.0,0.0,0.0,0.0,0.0,0.0,0.0
cambridgeltl/SapBERT-UMLS-2020AB-all-lang-from-XLMR,SapBERT,EP-4634120-A1_en_q_de,de,en,synthetic,EP-4634120-A1,2,0,2,0.0,0.0,321.0,321.0,0.003115264797507788,0.7,0.8812908992306927,0.0,0.0,,0.0,0.0,,0.0,0.0,,0.0,0.0,,0.0,0.0,,0.0,0.0,,0.0,0.0,0.0,0.0,0.0,0.0
cambridgeltl/SapBERT-UMLS-2020AB-all-lang-from-XLMR,SapBERT,EP-4633638-A1_en_q_en,en,en,original,EP-4633638-A1,2,1,1,1.0,1.0,1.0,1.0,1.0,0.5,1.4854752972273344,0.5,1.0,0.0,1.0,1.0,1.0,1.0,1.0,1.0,1.0,1.0,1.0,1.0,1.0,1.0,1.0,1.0,1.0,1.0,1.0,1.0,1.0,1.0,1.0
cambridgeltl/SapBERT-UMLS-2020AB-all-lang-from-XLMR,SapBERT,EP-4633389-A1_en_q_en,en,en,original,EP-4633389-A1,2,1,1,1.0,0.6131471927654584,1.0,11.0,0.09090909090909091,0.4,1.295461844238322,0.5,0.0,1.0,0.5,0.0,1.0,0.5,0.0,1.0,1.0,1.0,1.0,1.0,1.0,1.0,1.0,1.0,1.0,0.0,0.0,0.0,1.0,1.0,1.0
cambridgeltl/SapBERT-UMLS-2020AB-all-lang-from-XLMR,SapBERT,WO-2025209629-A1_de_q_es,es,de,synthetic,WO-2025209629-A1,2,0,2,0.0,0.0,127.0,127.0,0.007874015748031496,0.8,1.5219280948873621,0.0,0.0,,0.0,0.0,,0.0,0.0,,0.0,0.0,,0.0,0.0,,0.0,0.0,,0.0,0.0,0.0,0.0,0.0,0.0
cambridgeltl/SapBERT-UMLS-2020AB-all-lang-from-XLMR,SapBERT,EP-4634132-A2_en_q_en,en,en,original,EP-4634132-A2,2,1,1,0.0,0.0,inf,inf,0.0,0.2,0.7219280948873623,0.0,0.0,0.0,0.0,0.0,0.0,0.0,0.0,0.0,0.0,0.0,0.0,0.0,0.0,0.0,0.0,0.0,0.0,0.0,0.0,0.0,0.0,0.0,0.0
cambridgeltl/SapBERT-UMLS-2020AB-all-lang-from-XLMR,SapBERT,EP-4634914-A1_en_q_es,es,en,synthetic,EP-4634914-A1,2,0,2,0.0,0.0,inf,inf,0.0,0.9,1.5709505944546687,0.0,0.0,,0.0,0.0,,0.0,0.0,,0.0,0.0,,0.0,0.0,,0.0,0.0,,0.0,0.0,0.0,0.0,0.0,0.0
cambridgeltl/SapBERT-UMLS-2020AB-all-lang-from-XLMR,SapBERT,EP-4634285-A1_en_q_de,de,en,synthetic,EP-4634285-A1,2,0,2,0.0,0.0,23.0,23.0,0.043478260869565216,0.7,1.5709505944546684,0.0,0.0,,0.0,0.0,,0.0,0.0,,0.0,0.0,,1.0,1.0,,1.0,1.0,,0.0,0.0,0.0,0.0,1.0,1.0
cambridgeltl/SapBERT-UMLS-2020AB-all-lang-from-XLMR,SapBERT,EP-4634122-A1_fr_q_fr,fr,fr,original,EP-4634122-A1,2,1,1,0.0,0.0,47.0,912.0,0.0010964912280701754,0.4,0.9709505944546686,0.0,0.0,0.0,0.0,0.0,0.0,0.0,0.0,0.0,0.0,0.0,0.0,0.5,0.0,1.0,0.5,0.0,1.0,0.0,0.0,0.0,0.0,0.0,0.0
cambridgeltl/SapBERT-UMLS-2020AB-all-lang-from-XLMR,SapBERT,EP-4634365-A1_fr_q_fr,fr,fr,original,EP-4634365-A1,2,1,1,1.0,0.6131471927654584,1.0,16.0,0.0625,0.1,0.4689955935892812,0.5,0.0,1.0,0.5,0.0,1.0,0.5,0.0,1.0,1.0,1.0,1.0,1.0,1.0,1.0,1.0,1.0,1.0,0.0,0.0,0.0,1.0,1.0,1.0
cambridgeltl/SapBERT-UMLS-2020AB-all-lang-from-XLMR,SapBERT,WO-2025214709-A1_de_q_es,es,de,synthetic,WO-2025214709-A1,2,0,2,0.0,0.0,730.0,730.0,0.0013698630136986301,0.4,1.3709505944546687,0.0,0.0,,0.0,0.0,,0.0,0.0,,0.0,0.0,,0.0,0.0,,0.0,0.0,,0.0,0.0,0.0,0.0,0.0,0.0
cambridgeltl/SapBERT-UMLS-2020AB-all-lang-from-XLMR,SapBERT,EP-4633426-A2_en_q_es,es,en,synthetic,EP-4633426-A2,3,0,3,1.0,0.7653606369886217,1.0,1.0,1.0,1.0,0.8812908992306927,0.3333333333333333,0.3333333333333333,,0.6666666666666666,0.6666666666666666,,0.6666666666666666,0.6666666666666666,,0.6666666666666666,0.6666666666666666,,0.6666666666666666,0.6666666666666666,,1.0,1.0,,1.0,1.0,1.0,1.0,1.0,1.0
cambridgeltl/SapBERT-UMLS-2020AB-all-lang-from-XLMR,SapBERT,EP-4630604-A1_de_q_es,es,de,synthetic,EP-4630604-A1,2,0,2,0.0,0.0,12.0,12.0,0.08333333333333333,1.0,1.295461844238322,0.0,0.0,,0.0,0.0,,0.0,0.0,,0.5,0.5,,1.0,1.0,,1.0,1.0,,0.0,0.0,0.0,1.0,1.0,1.0
cambridgeltl/SapBERT-UMLS-2020AB-all-lang-from-XLMR,SapBERT,EP-4634118-A1_en_q_es,es,en,synthetic,EP-4634118-A1,2,0,2,0.0,0.0,56.0,56.0,0.017857142857142856,0.6,0.9709505944546686,0.0,0.0,,0.0,0.0,,0.0,0.0,,0.0,0.0,,0.0,0.0,,0.5,0.5,,0.0,0.0,0.0,0.0,0.0,1.0
cambridgeltl/SapBERT-UMLS-2020AB-all-lang-from-XLMR,SapBERT,EP-4634404-A1_en_q_de,de,en,synthetic,EP-4634404-A1,2,0,2,1.0,0.9197207891481876,1.0,1.0,1.0,0.9,1.5709505944546687,0.5,0.5,,1.0,1.0,,1.0,1.0,,1.0,1.0,,1.0,1.0,,1.0,1.0,,1.0,1.0,1.0,1.0,1.0,1.0
cambridgeltl/SapBERT-UMLS-2020AB-all-lang-from-XLMR,SapBERT,EP-4633465-A1_en_q_de,de,en,synthetic,EP-4633465-A1,2,0,2,1.0,0.9197207891481876,1.0,1.0,1.0,1.0,0.9709505944546686,0.5,0.5,,1.0,1.0,,1.0,1.0,,1.0,1.0,,1.0,1.0,,1.0,1.0,,1.0,1.0,1.0,1.0,1.0,1.0
cambridgeltl/SapBERT-UMLS-2020AB-all-lang-from-XLMR,SapBERT,EP-4633680-A1_en_q_es,es,en,synthetic,EP-4633680-A1,2,0,2,1.0,0.8175295903539445,1.0,1.0,1.0,0.5,1.360964047443681,0.5,0.5,,0.5,0.5,,1.0,1.0,,1.0,1.0,,1.0,1.0,,1.0,1.0,,1.0,1.0,1.0,1.0,1.0,1.0
cambridgeltl/SapBERT-UMLS-2020AB-all-lang-from-XLMR,SapBERT,WO-2025201606-A1_de_q_es,es,de,synthetic,WO-2025201606-A1,2,0,2,0.14285714285714285,0.20438239758848611,7.0,7.0,0.14285714285714285,0.7,1.295461844238322,0.0,0.0,,0.0,0.0,,0.5,0.5,,1.0,1.0,,1.0,1.0,,1.0,1.0,,0.0,0.0,1.0,1.0,1.0,1.0
cambridgeltl/SapBERT-UMLS-2020AB-all-lang-from-XLMR,SapBERT,EP-4634435-A1_en_q_de,de,en,synthetic,EP-4634435-A1,2,0,2,0.0,0.0,635.0,635.0,0.0015748031496062992,0.6,1.8464393446710154,0.0,0.0,,0.0,0.0,,0.0,0.0,,0.0,0.0,,0.0,0.0,,0.0,0.0,,0.0,0.0,0.0,0.0,0.0,0.0
cambridgeltl/SapBERT-UMLS-2020AB-all-lang-from-XLMR,SapBERT,EP-4634143-A1_en_q_de,de,en,synthetic,EP-4634143-A1,2,0,2,0.0,0.0,222.0,222.0,0.0045045045045045045,0.2,0.7219280948873623,0.0,0.0,,0.0,0.0,,0.0,0.0,,0.0,0.0,,0.0,0.0,,0.0,0.0,,0.0,0.0,0.0,0.0,0.0,0.0
cambridgeltl/SapBERT-UMLS-2020AB-all-lang-from-XLMR,SapBERT,EP-4634411-A1_en_q_de,de,en,synthetic,EP-4634411-A1,2,0,2,0.0,0.0,inf,inf,0.0,0.3,1.1567796494470395,0.0,0.0,,0.0,0.0,,0.0,0.0,,0.0,0.0,,0.0,0.0,,0.0,0.0,,0.0,0.0,0.0,0.0,0.0,0.0
cambridgeltl/SapBERT-UMLS-2020AB-all-lang-from-XLMR,SapBERT,EP-4634287-A1_en_q_es,es,en,synthetic,EP-4634287-A1,3,0,3,0.0,0.0,inf,inf,0.0,0.9,1.8464393446710154,0.0,0.0,,0.0,0.0,,0.0,0.0,,0.0,0.0,,0.0,0.0,,0.0,0.0,,0.0,0.0,0.0,0.0,0.0,0.0
cambridgeltl/SapBERT-UMLS-2020AB-all-lang-from-XLMR,SapBERT,EP-4633627-A1_en_q_de,de,en,synthetic,EP-4633627-A1,2,0,2,1.0,0.8065735963827293,1.0,1.0,1.0,0.9,1.360964047443681,0.5,0.5,,0.5,0.5,,1.0,1.0,,1.0,1.0,,1.0,1.0,,1.0,1.0,,1.0,1.0,1.0,1.0,1.0,1.0
cambridgeltl/SapBERT-UMLS-2020AB-all-lang-from-XLMR,SapBERT,EP-4633670-A1_fr_q_fr,fr,fr,original,EP-4633670-A1,2,1,1,0.25,0.2640681225725909,4.0,229.0,0.004366812227074236,0.4,1.3709505944546687,0.0,0.0,0.0,0.5,0.0,1.0,0.5,0.0,1.0,0.5,0.0,1.0,0.5,0.0,1.0,0.5,0.0,1.0,0.0,0.0,0.0,0.0,0.0,0.0
cambridgeltl/SapBERT-UMLS-2020AB-all-lang-from-XLMR,SapBERT,WO-2025202163-A1_fr_q_fr,fr,fr,original,WO-2025202163-A1,2,1,1,0.3333333333333333,0.3065735963827292,3.0,3.0,0.3333333333333333,0.4,1.295461844238322,0.0,0.0,0.0,0.5,1.0,0.0,0.5,1.0,0.0,0.5,1.0,0.0,0.5,1.0,0.0,1.0,1.0,1.0,0.0,1.0,1.0,1.0,1.0,1.0
cambridgeltl/SapBERT-UMLS-2020AB-all-lang-from-XLMR,SapBERT,WO-2025214852-A1_fr_q_fr,fr,fr,original,WO-2025214852-A1,2,1,1,0.0,0.0,284.0,284.0,0.0035211267605633804,0.7,1.8464393446710154,0.0,0.0,0.0,0.0,0.0,0.0,0.0,0.0,0.0,0.0,0.0,0.0,0.0,0.0,0.0,0.0,0.0,0.0,0.0,0.0,0.0,0.0,0.0,0.0
cambridgeltl/SapBERT-UMLS-2020AB-all-lang-from-XLMR,SapBERT,WO-2025214996-A1_fr_q_fr,fr,fr,original,WO-2025214996-A1,2,1,1,0.0,0.0,603.0,inf,0.0,0.4,0.9709505944546686,0.0,0.0,0.0,0.0,0.0,0.0,0.0,0.0,0.0,0.0,0.0,0.0,0.0,0.0,0.0,0.0,0.0,0.0,0.0,0.0,0.0,0.0,0.0,0.0
cambridgeltl/SapBERT-UMLS-2020AB-all-lang-from-XLMR,SapBERT,EP-4630123-A1_de_q_de,de,de,original,EP-4630123-A1,2,1,1,0.0,0.0,82.0,839.0,0.0011918951132300357,1.0,1.295461844238322,0.0,0.0,0.0,0.0,0.0,0.0,0.0,0.0,0.0,0.0,0.0,0.0,0.0,0.0,0.0,0.5,0.0,1.0,0.0,0.0,0.0,0.0,0.0,0.0
cambridgeltl/SapBERT-UMLS-2020AB-all-lang-from-XLMR,SapBERT,EP-4634646-A1_en_q_en,en,en,original,EP-4634646-A1,2,1,1,0.16666666666666666,0.21840743681816419,6.0,14.0,0.07142857142857142,0.3,0.8812908992306927,0.0,0.0,0.0,0.0,0.0,0.0,0.5,0.0,1.0,1.0,1.0,1.0,1.0,1.0,1.0,1.0,1.0,1.0,0.0,0.0,0.0,1.0,1.0,1.0
cambridgeltl/SapBERT-UMLS-2020AB-all-lang-from-XLMR,SapBERT,EP-4634294-A1_en_q_en,en,en,original,EP-4634294-A1,2,1,1,0.0,0.0,inf,inf,0.0,0.2,0.9219280948873623,0.0,0.0,0.0,0.0,0.0,0.0,0.0,0.0,0.0,0.0,0.0,0.0,0.0,0.0,0.0,0.0,0.0,0.0,0.0,0.0,0.0,0.0,0.0,0.0
cambridgeltl/SapBERT-UMLS-2020AB-all-lang-from-XLMR,SapBERT,EP-4634436-A1_fr_q_fr,fr,fr,original,EP-4634436-A1,2,1,1,0.0,0.0,25.0,25.0,0.04,0.5,1.6854752972273344,0.0,0.0,0.0,0.0,0.0,0.0,0.0,0.0,0.0,0.0,0.0,0.0,1.0,1.0,1.0,1.0,1.0,1.0,0.0,0.0,0.0,0.0,1.0,1.0
cambridgeltl/SapBERT-UMLS-2020AB-all-lang-from-XLMR,SapBERT,EP-4633761-A1_en_q_en,en,en,original,EP-4633761-A1,2,1,1,0.0,0.0,997.0,inf,0.0,0.2,0.7219280948873623,0.0,0.0,0.0,0.0,0.0,0.0,0.0,0.0,0.0,0.0,0.0,0.0,0.0,0.0,0.0,0.0,0.0,0.0,0.0,0.0,0.0,0.0,0.0,0.0
cambridgeltl/SapBERT-UMLS-2020AB-all-lang-from-XLMR,SapBERT,WO-2025215167-A1_de_q_de,de,de,original,WO-2025215167-A1,2,1,1,1.0,1.0,1.0,2.0,0.5,0.6,0.9709505944546686,0.5,0.0,1.0,1.0,1.0,1.0,1.0,1.0,1.0,1.0,1.0,1.0,1.0,1.0,1.0,1.0,1.0,1.0,0.0,1.0,1.0,1.0,1.0,1.0
cambridgeltl/SapBERT-UMLS-2020AB-all-lang-from-XLMR,SapBERT,EP-4626962-A1_de_q_en,en,de,synthetic,EP-4626962-A1,2,0,2,1.0,0.9197207891481876,1.0,1.0,1.0,0.5,1.360964047443681,0.5,0.5,,1.0,1.0,,1.0,1.0,,1.0,1.0,,1.0,1.0,,1.0,1.0,,1.0,1.0,1.0,1.0,1.0,1.0
cambridgeltl/SapBERT-UMLS-2020AB-all-lang-from-XLMR,SapBERT,EP-4626962-A1_de_q_de,de,de,original,EP-4626962-A1,2,1,1,1.0,0.6131471927654584,1.0,24.0,0.041666666666666664,0.1,0.4689955935892812,0.5,0.0,1.0,0.5,0.0,1.0,0.5,0.0,1.0,0.5,0.0,1.0,1.0,1.0,1.0,1.0,1.0,1.0,0.0,0.0,0.0,0.0,1.0,1.0
cambridgeltl/SapBERT-UMLS-2020AB-all-lang-from-XLMR,SapBERT,EP-4626962-A1_fr_q_fr,fr,fr,original,EP-4626962-A1,2,1,1,0.0,0.0,39.0,80.0,0.0125,0.6,1.5219280948873621,0.0,0.0,0.0,0.0,0.0,0.0,0.0,0.0,0.0,0.0,0.0,0.0,0.5,0.0,1.0,1.0,1.0,1.0,0.0,0.0,0.0,0.0,0.0,1.0
cambridgeltl/SapBERT-UMLS-2020AB-all-lang-from-XLMR,SapBERT,EP-4626962-A1_de_q_es,es,de,synthetic,EP-4626962-A1,2,0,2,1.0,0.6131471927654584,1.0,1.0,1.0,1.0,1.5709505944546684,0.5,0.5,,0.5,0.5,,0.5,0.5,,1.0,1.0,,1.0,1.0,,1.0,1.0,,1.0,1.0,1.0,1.0,1.0,1.0
cambridgeltl/SapBERT-UMLS-2020AB-all-lang-from-XLMR,SapBERT,WO-2025201936-A1_de_q_en,en,de,synthetic,WO-2025201936-A1,2,0,2,0.0,0.0,inf,inf,0.0,0.1,0.4689955935892812,0.0,0.0,,0.0,0.0,,0.0,0.0,,0.0,0.0,,0.0,0.0,,0.0,0.0,,0.0,0.0,0.0,0.0,0.0,0.0
cambridgeltl/SapBERT-UMLS-2020AB-all-lang-from-XLMR,SapBERT,WO-2025201936-A1_fr_q_fr,fr,fr,original,WO-2025201936-A1,2,1,1,0.0,0.0,172.0,267.0,0.003745318352059925,0.1,0.4689955935892812,0.0,0.0,0.0,0.0,0.0,0.0,0.0,0.0,0.0,0.0,0.0,0.0,0.0,0.0,0.0,0.0,0.0,0.0,0.0,0.0,0.0,0.0,0.0,0.0
cambridgeltl/SapBERT-UMLS-2020AB-all-lang-from-XLMR,SapBERT,WO-2025201936-A1_de_q_es,es,de,synthetic,WO-2025201936-A1,2,0,2,0.0,0.0,inf,inf,0.0,0.9,0.4689955935892812,0.0,0.0,,0.0,0.0,,0.0,0.0,,0.0,0.0,,0.0,0.0,,0.0,0.0,,0.0,0.0,0.0,0.0,0.0,0.0
cambridgeltl/SapBERT-UMLS-2020AB-all-lang-from-XLMR,SapBERT,EP-4634597-A1_en_q_en,en,en,original,EP-4634597-A1,2,1,1,0.0,0.0,22.0,22.0,0.045454545454545456,0.2,0.7219280948873623,0.0,0.0,0.0,0.0,0.0,0.0,0.0,0.0,0.0,0.0,0.0,0.0,1.0,1.0,1.0,1.0,1.0,1.0,0.0,0.0,0.0,0.0,1.0,1.0
cambridgeltl/SapBERT-UMLS-2020AB-all-lang-from-XLMR,SapBERT,EP-4634597-A1_en_q_de,de,en,synthetic,EP-4634597-A1,2,0,2,0.14285714285714285,0.20438239758848611,7.0,7.0,0.14285714285714285,0.6,1.5219280948873621,0.0,0.0,,0.0,0.0,,0.5,0.5,,1.0,1.0,,1.0,1.0,,1.0,1.0,,0.0,0.0,1.0,1.0,1.0,1.0
cambridgeltl/SapBERT-UMLS-2020AB-all-lang-from-XLMR,SapBERT,EP-4634597-A1_fr_q_fr,fr,fr,original,EP-4634597-A1,2,1,1,0.1,0.17723928678404774,10.0,10.0,0.1,1.0,1.1567796494470395,0.0,0.0,0.0,0.0,0.0,0.0,0.5,1.0,0.0,0.5,1.0,0.0,0.5,1.0,0.0,1.0,1.0,1.0,0.0,0.0,1.0,1.0,1.0,1.0
cambridgeltl/SapBERT-UMLS-2020AB-all-lang-from-XLMR,SapBERT,EP-4634597-A1_en_q_es,es,en,synthetic,EP-4634597-A1,2,0,2,0.0,0.0,21.0,21.0,0.047619047619047616,0.8,1.7609640474436812,0.0,0.0,,0.0,0.0,,0.0,0.0,,0.0,0.0,,0.5,0.5,,0.5,0.5,,0.0,0.0,0.0,0.0,1.0,1.0
cambridgeltl/SapBERT-UMLS-2020AB-all-lang-from-XLMR,SapBERT,EP-4634381-A1_en_q_zh,zh,en,synthetic,EP-4634381-A1,2,0,2,0.0,0.0,75.0,75.0,0.013333333333333334,1.0,1.1567796494470395,0.0,0.0,,0.0,0.0,,0.0,0.0,,0.0,0.0,,0.0,0.0,,0.5,0.5,,0.0,0.0,0.0,0.0,0.0,1.0
cambridgeltl/SapBERT-UMLS-2020AB-all-lang-from-XLMR,SapBERT,EP-4633589-A1_en_q_zh,zh,en,synthetic,EP-4633589-A1,2,0,2,0.0,0.0,inf,inf,0.0,1.0,0.8812908992306927,0.0,0.0,,0.0,0.0,,0.0,0.0,,0.0,0.0,,0.0,0.0,,0.0,0.0,,0.0,0.0,0.0,0.0,0.0,0.0
cambridgeltl/SapBERT-UMLS-2020AB-all-lang-from-XLMR,SapBERT,EP-4627024-A1_de_q_zh,zh,de,synthetic,EP-4627024-A1,2,0,2,0.0,0.0,inf,inf,0.0,1.0,1.4854752972273344,0.0,0.0,,0.0,0.0,,0.0,0.0,,0.0,0.0,,0.0,0.0,,0.0,0.0,,0.0,0.0,0.0,0.0,0.0,0.0
cambridgeltl/SapBERT-UMLS-2020AB-all-lang-from-XLMR,SapBERT,EP-4634926-A1_en_q_zh,zh,en,synthetic,EP-4634926-A1,2,0,2,0.0,0.0,425.0,425.0,0.002352941176470588,1.0,-0.0,0.0,0.0,,0.0,0.0,,0.0,0.0,,0.0,0.0,,0.0,0.0,,0.0,0.0,,0.0,0.0,0.0,0.0,0.0,0.0
cambridgeltl/SapBERT-UMLS-2020AB-all-lang-from-XLMR,SapBERT,EP-4633863-A2_en_q_zh,zh,en,synthetic,EP-4633863-A2,3,0,3,0.0,0.0,161.0,161.0,0.006211180124223602,1.0,1.3709505944546687,0.0,0.0,,0.0,0.0,,0.0,0.0,,0.0,0.0,,0.0,0.0,,0.0,0.0,,0.0,0.0,0.0,0.0,0.0,0.0
cambridgeltl/SapBERT-UMLS-2020AB-all-lang-from-XLMR,SapBERT,EP-4633797-A1_en_q_zh,zh,en,synthetic,EP-4633797-A1,2,0,2,0.0,0.0,137.0,137.0,0.0072992700729927005,0.9,1.5709505944546687,0.0,0.0,,0.0,0.0,,0.0,0.0,,0.0,0.0,,0.0,0.0,,0.0,0.0,,0.0,0.0,0.0,0.0,0.0,0.0
cambridgeltl/SapBERT-UMLS-2020AB-all-lang-from-XLMR,SapBERT,EP-4633777-A1_en_q_zh,zh,en,synthetic,EP-4633777-A1,2,0,2,0.2,0.23719771276929622,5.0,5.0,0.2,0.8,2.1219280948873624,0.0,0.0,,0.5,0.5,,0.5,0.5,,0.5,0.5,,1.0,1.0,,1.0,1.0,,0.0,1.0,1.0,1.0,1.0,1.0
cambridgeltl/SapBERT-UMLS-2020AB-all-lang-from-XLMR,SapBERT,EP-4633621-A1_en_q_zh,zh,en,synthetic,EP-4633621-A1,2,0,2,0.0,0.0,23.0,23.0,0.043478260869565216,1.0,1.5219280948873621,0.0,0.0,,0.0,0.0,,0.0,0.0,,0.0,0.0,,0.5,0.5,,0.5,0.5,,0.0,0.0,0.0,0.0,1.0,1.0
cambridgeltl/SapBERT-UMLS-2020AB-all-lang-from-XLMR,SapBERT,EP-4634723-A1_en_q_zh,zh,en,synthetic,EP-4634723-A1,2,0,2,0.0,0.0,84.0,84.0,0.011904761904761904,1.0,1.4854752972273344,0.0,0.0,,0.0,0.0,,0.0,0.0,,0.0,0.0,,0.0,0.0,,0.5,0.5,,0.0,0.0,0.0,0.0,0.0,1.0
cambridgeltl/SapBERT-UMLS-2020AB-all-lang-from-XLMR,SapBERT,EP-4633581-A1_en_q_zh,zh,en,synthetic,EP-4633581-A1,2,0,2,0.0,0.0,inf,inf,0.0,1.0,1.6854752972273344,0.0,0.0,,0.0,0.0,,0.0,0.0,,0.0,0.0,,0.0,0.0,,0.0,0.0,,0.0,0.0,0.0,0.0,0.0,0.0
cambridgeltl/SapBERT-UMLS-2020AB-all-lang-from-XLMR,SapBERT,EP-4634416-A1_en_q_zh,zh,en,synthetic,EP-4634416-A1,2,0,2,0.0,0.0,27.0,27.0,0.037037037037037035,1.0,1.7609640474436812,0.0,0.0,,0.0,0.0,,0.0,0.0,,0.0,0.0,,0.5,0.5,,1.0,1.0,,0.0,0.0,0.0,0.0,1.0,1.0
cambridgeltl/SapBERT-UMLS-2020AB-all-lang-from-XLMR,SapBERT,EP-4634305-A1_en_q_zh,zh,en,synthetic,EP-4634305-A1,2,0,2,1.0,1.0,1.0,1.0,1.0,1.0,1.4854752972273344,0.5,0.5,,1.0,1.0,,1.0,1.0,,1.0,1.0,,1.0,1.0,,1.0,1.0,,1.0,1.0,1.0,1.0,1.0,1.0
cambridgeltl/SapBERT-UMLS-2020AB-all-lang-from-XLMR,SapBERT,EP-4633531-A1_en_q_zh,zh,en,synthetic,EP-4633531-A1,2,0,2,1.0,0.9197207891481876,1.0,1.0,1.0,1.0,1.9709505944546686,0.5,0.5,,1.0,1.0,,1.0,1.0,,1.0,1.0,,1.0,1.0,,1.0,1.0,,1.0,1.0,1.0,1.0,1.0,1.0
cambridgeltl/SapBERT-UMLS-2020AB-all-lang-from-XLMR,SapBERT,EP-4634333-A1_en_q_zh,zh,en,synthetic,EP-4634333-A1,2,0,2,0.0,0.0,inf,inf,0.0,1.0,0.4689955935892812,0.0,0.0,,0.0,0.0,,0.0,0.0,,0.0,0.0,,0.0,0.0,,0.0,0.0,,0.0,0.0,0.0,0.0,0.0,0.0
cambridgeltl/SapBERT-UMLS-2020AB-all-lang-from-XLMR,SapBERT,EP-4634212-A1_en_q_zh,zh,en,synthetic,EP-4634212-A1,2,0,2,1.0,0.9197207891481876,1.0,1.0,1.0,1.0,1.295461844238322,0.5,0.5,,1.0,1.0,,1.0,1.0,,1.0,1.0,,1.0,1.0,,1.0,1.0,,1.0,1.0,1.0,1.0,1.0,1.0
cambridgeltl/SapBERT-UMLS-2020AB-all-lang-from-XLMR,SapBERT,EP-4629959-A1_de_q_zh,zh,de,synthetic,EP-4629959-A1,2,0,2,0.0,0.0,inf,inf,0.0,0.8,1.3709505944546687,0.0,0.0,,0.0,0.0,,0.0,0.0,,0.0,0.0,,0.0,0.0,,0.0,0.0,,0.0,0.0,0.0,0.0,0.0,0.0
cambridgeltl/SapBERT-UMLS-2020AB-all-lang-from-XLMR,SapBERT,EP-4627881-A1_de_q_zh,zh,de,synthetic,EP-4627881-A1,2,0,2,0.0,0.0,27.0,27.0,0.037037037037037035,0.9,1.8464393446710154,0.0,0.0,,0.0,0.0,,0.0,0.0,,0.0,0.0,,0.5,0.5,,0.5,0.5,,0.0,0.0,0.0,0.0,1.0,1.0
cambridgeltl/SapBERT-UMLS-2020AB-all-lang-from-XLMR,SapBERT,EP-4633576-A1_en_q_zh,zh,en,synthetic,EP-4633576-A1,2,0,2,0.0,0.0,inf,inf,0.0,0.9,1.5709505944546687,0.0,0.0,,0.0,0.0,,0.0,0.0,,0.0,0.0,,0.0,0.0,,0.0,0.0,,0.0,0.0,0.0,0.0,0.0,0.0
cambridgeltl/SapBERT-UMLS-2020AB-all-lang-from-XLMR,SapBERT,EP-4633742-A2_en_q_zh,zh,en,synthetic,EP-4633742-A2,2,0,2,0.0,0.0,59.0,59.0,0.01694915254237288,1.0,1.1567796494470395,0.0,0.0,,0.0,0.0,,0.0,0.0,,0.0,0.0,,0.0,0.0,,0.5,0.5,,0.0,0.0,0.0,0.0,0.0,1.0
cambridgeltl/SapBERT-UMLS-2020AB-all-lang-from-XLMR,SapBERT,EP-4633791-A1_en_q_zh,zh,en,synthetic,EP-4633791-A1,2,0,2,1.0,1.0,1.0,1.0,1.0,1.0,1.295461844238322,0.5,0.5,,1.0,1.0,,1.0,1.0,,1.0,1.0,,1.0,1.0,,1.0,1.0,,1.0,1.0,1.0,1.0,1.0,1.0
cambridgeltl/SapBERT-UMLS-2020AB-all-lang-from-XLMR,SapBERT,EP-4630574-A1_fr_q_fr,fr,fr,original,EP-4630574-A1,3,1,2,0.0,0.0,308.0,358.0,0.002793296089385475,0.4,1.7709505944546686,0.0,0.0,0.0,0.0,0.0,0.0,0.0,0.0,0.0,0.0,0.0,0.0,0.0,0.0,0.0,0.0,0.0,0.0,0.0,0.0,0.0,0.0,0.0,0.0
cambridgeltl/SapBERT-UMLS-2020AB-all-lang-from-XLMR,SapBERT,EP-4634111-A1_fr_q_fr,fr,fr,original,EP-4634111-A1,3,1,2,0.0,0.0,39.0,148.0,0.006756756756756757,0.6,1.721928094887362,0.0,0.0,0.0,0.0,0.0,0.0,0.0,0.0,0.0,0.0,0.0,0.0,0.3333333333333333,0.0,1.0,0.3333333333333333,0.0,1.0,0.0,0.0,0.0,0.0,0.0,0.0
cambridgeltl/SapBERT-UMLS-2020AB-all-lang-from-XLMR,SapBERT,EP-4633622-A2_en_q_es,es,en,synthetic,EP-4633622-A2,3,0,3,0.125,0.1480409554829326,8.0,8.0,0.125,0.6,1.360964047443681,0.0,0.0,,0.0,0.0,,0.3333333333333333,0.3333333333333333,,0.3333333333333333,0.3333333333333333,,0.6666666666666666,0.6666666666666666,,1.0,1.0,,0.0,0.0,1.0,1.0,1.0,1.0
cambridgeltl/SapBERT-UMLS-2020AB-all-lang-from-XLMR,SapBERT,EP-4634187-A1_en_q_es_120,es,en,synthetic,EP-4634187-A1,3,0,3,0.125,0.1480409554829326,8.0,8.0,0.125,0.8,1.7609640474436812,0.0,0.0,,0.0,0.0,,0.3333333333333333,0.3333333333333333,,0.6666666666666666,0.6666666666666666,,0.6666666666666666,0.6666666666666666,,0.6666666666666666,0.6666666666666666,,0.0,0.0,1.0,1.0,1.0,1.0
cambridgeltl/SapBERT-UMLS-2020AB-all-lang-from-XLMR,SapBERT,EP-4634139-A1_fr_q_fr,fr,fr,original,EP-4634139-A1,3,1,2,1.0,0.9674679834891693,1.0,1.0,1.0,0.3,1.1567796494470395,0.3333333333333333,0.5,0.0,1.0,1.0,1.0,1.0,1.0,1.0,1.0,1.0,1.0,1.0,1.0,1.0,1.0,1.0,1.0,1.0,1.0,1.0,1.0,1.0,1.0
cambridgeltl/SapBERT-UMLS-2020AB-all-lang-from-XLMR,SapBERT,EP-4634136-A1_en_q_en,en,en,original,EP-4634136-A1,3,1,2,0.0,0.0,161.0,inf,0.0,0.1,0.4689955935892812,0.0,0.0,0.0,0.0,0.0,0.0,0.0,0.0,0.0,0.0,0.0,0.0,0.0,0.0,0.0,0.0,0.0,0.0,0.0,0.0,0.0,0.0,0.0,0.0
cambridgeltl/SapBERT-UMLS-2020AB-all-lang-from-XLMR,SapBERT,EP-4634136-A1_en_q_de,de,en,synthetic,EP-4634136-A1,3,0,3,0.0,0.0,30.0,30.0,0.03333333333333333,0.6,1.5709505944546684,0.0,0.0,,0.0,0.0,,0.0,0.0,,0.0,0.0,,0.3333333333333333,0.3333333333333333,,0.3333333333333333,0.3333333333333333,,0.0,0.0,0.0,0.0,1.0,1.0
cambridgeltl/SapBERT-UMLS-2020AB-all-lang-from-XLMR,SapBERT,EP-4634136-A1_fr_q_fr,fr,fr,original,EP-4634136-A1,3,1,2,0.0,0.0,inf,inf,0.0,0.8,1.3709505944546687,0.0,0.0,0.0,0.0,0.0,0.0,0.0,0.0,0.0,0.0,0.0,0.0,0.0,0.0,0.0,0.0,0.0,0.0,0.0,0.0,0.0,0.0,0.0,0.0
cambridgeltl/SapBERT-UMLS-2020AB-all-lang-from-XLMR,SapBERT,EP-4634136-A1_en_q_es_125,es,en,synthetic,EP-4634136-A1,3,0,3,0.0,0.0,422.0,422.0,0.002369668246445498,0.9,0.9219280948873623,0.0,0.0,,0.0,0.0,,0.0,0.0,,0.0,0.0,,0.0,0.0,,0.0,0.0,,0.0,0.0,0.0,0.0,0.0,0.0
cambridgeltl/SapBERT-UMLS-2020AB-all-lang-from-XLMR,SapBERT,EP-4634136-A1_zh_q_zh,zh,zh,original,EP-4634136-A1,3,1,2,0.0,0.0,69.0,402.0,0.0024875621890547263,1.0,1.7609640474436812,0.0,0.0,0.0,0.0,0.0,0.0,0.0,0.0,0.0,0.0,0.0,0.0,0.0,0.0,0.0,0.3333333333333333,0.0,1.0,0.0,0.0,0.0,0.0,0.0,0.0
cambridgeltl/SapBERT-UMLS-2020AB-all-lang-from-XLMR,SapBERT,EP-4634248-A1_en_q_en,en,en,original,EP-4634248-A1,3,1,2,0.5,0.2960819109658652,2.0,17.0,0.058823529411764705,0.4,0.9709505944546686,0.0,0.0,0.0,0.3333333333333333,0.0,1.0,0.3333333333333333,0.0,1.0,0.6666666666666666,0.5,1.0,0.6666666666666666,0.5,1.0,0.6666666666666666,0.5,1.0,0.0,0.0,0.0,1.0,1.0,1.0
cambridgeltl/SapBERT-UMLS-2020AB-all-lang-from-XLMR,SapBERT,EP-4634142-A1_en_q_es,es,en,synthetic,EP-4634142-A1,3,0,3,0.0,0.0,318.0,318.0,0.0031446540880503146,0.9,1.721928094887362,0.0,0.0,,0.0,0.0,,0.0,0.0,,0.0,0.0,,0.0,0.0,,0.0,0.0,,0.0,0.0,0.0,0.0,0.0,0.0
cambridgeltl/SapBERT-UMLS-2020AB-all-lang-from-XLMR,SapBERT,WO-2025214812-A1_de_q_es,es,de,synthetic,WO-2025214812-A1,3,0,3,0.25,0.35853358850813305,4.0,4.0,0.25,0.9,1.7609640474436812,0.0,0.0,,0.3333333333333333,0.3333333333333333,,0.6666666666666666,0.6666666666666666,,0.6666666666666666,0.6666666666666666,,0.6666666666666666,0.6666666666666666,,1.0,1.0,,0.0,1.0,1.0,1.0,1.0,1.0
cambridgeltl/SapBERT-UMLS-2020AB-all-lang-from-XLMR,SapBERT,EP-4633662-A1_en_q_de,de,en,synthetic,EP-4633662-A1,3,0,3,0.0,0.0,119.0,119.0,0.008403361344537815,1.0,1.5219280948873621,0.0,0.0,,0.0,0.0,,0.0,0.0,,0.0,0.0,,0.0,0.0,,0.0,0.0,,0.0,0.0,0.0,0.0,0.0,0.0
cambridgeltl/SapBERT-UMLS-2020AB-all-lang-from-XLMR,SapBERT,WO-2025153617-A3_de_q_de,de,de,original,WO-2025153617-A3,3,1,2,0.0,0.0,104.0,159.0,0.006289308176100629,0.3,0.8812908992306927,0.0,0.0,0.0,0.0,0.0,0.0,0.0,0.0,0.0,0.0,0.0,0.0,0.0,0.0,0.0,0.0,0.0,0.0,0.0,0.0,0.0,0.0,0.0,0.0
cambridgeltl/SapBERT-UMLS-2020AB-all-lang-from-XLMR,SapBERT,EP-4634596-A1_en_q_en,en,en,original,EP-4634596-A1,3,1,2,0.0,0.0,13.0,13.0,0.07692307692307693,0.5,1.4854752972273344,0.0,0.0,0.0,0.0,0.0,0.0,0.0,0.0,0.0,0.6666666666666666,1.0,0.0,1.0,1.0,1.0,1.0,1.0,1.0,0.0,0.0,0.0,1.0,1.0,1.0
cambridgeltl/SapBERT-UMLS-2020AB-all-lang-from-XLMR,SapBERT,EP-4634596-A1_en_q_de,de,en,synthetic,EP-4634596-A1,3,0,3,0.16666666666666666,0.30281242839865,6.0,6.0,0.16666666666666666,0.5,1.360964047443681,0.0,0.0,,0.0,0.0,,0.6666666666666666,0.6666666666666666,,0.6666666666666666,0.6666666666666666,,0.6666666666666666,0.6666666666666666,,0.6666666666666666,0.6666666666666666,,0.0,0.0,1.0,1.0,1.0,1.0
cambridgeltl/SapBERT-UMLS-2020AB-all-lang-from-XLMR,SapBERT,EP-4634596-A1_fr_q_fr,fr,fr,original,EP-4634596-A1,3,1,2,1.0,0.46927872602275644,1.0,15.0,0.06666666666666667,0.5,1.0,0.3333333333333333,0.0,1.0,0.3333333333333333,0.0,1.0,0.3333333333333333,0.0,1.0,0.6666666666666666,0.5,1.0,0.6666666666666666,0.5,1.0,0.6666666666666666,0.5,1.0,0.0,0.0,0.0,1.0,1.0,1.0
cambridgeltl/SapBERT-UMLS-2020AB-all-lang-from-XLMR,SapBERT,EP-4634596-A1_en_q_es_135,es,en,synthetic,EP-4634596-A1,3,0,3,0.0,0.0,24.0,24.0,0.041666666666666664,1.0,1.3709505944546687,0.0,0.0,,0.0,0.0,,0.0,0.0,,0.0,0.0,,0.3333333333333333,0.3333333333333333,,0.3333333333333333,0.3333333333333333,,0.0,0.0,0.0,0.0,1.0,1.0
cambridgeltl/SapBERT-UMLS-2020AB-all-lang-from-XLMR,SapBERT,EP-4634596-A1_zh_q_zh,zh,zh,original,EP-4634596-A1,3,1,2,0.5,0.5307212739772434,2.0,2.0,0.5,0.9,2.1709505944546685,0.0,0.0,0.0,0.6666666666666666,0.5,1.0,0.6666666666666666,0.5,1.0,0.6666666666666666,0.5,1.0,0.6666666666666666,0.5,1.0,0.6666666666666666,0.5,1.0,0.0,1.0,1.0,1.0,1.0,1.0
intfloat/multilingual-e5-large-instruct,e5-large-instruct,EP-4633662-A1_en_q_en,en,en,original,EP-4633662-A1,3,1,2,0.0,0.0,268.0,inf,0.0,0.0,-0.0,0.0,0.0,0.0,0.0,0.0,0.0,0.0,0.0,0.0,0.0,0.0,0.0,0.0,0.0,0.0,0.0,0.0,0.0,0.0,0.0,0.0,0.0,0.0,0.0
intfloat/multilingual-e5-large-instruct,e5-large-instruct,EP-4630509-A1_fr_q_fr,fr,fr,original,EP-4630509-A1,3,1,2,1.0,0.46927872602275644,1.0,inf,0.0,0.0,-0.0,0.3333333333333333,0.0,1.0,0.3333333333333333,0.0,1.0,0.3333333333333333,0.0,1.0,0.3333333333333333,0.0,1.0,0.3333333333333333,0.0,1.0,0.3333333333333333,0.0,1.0,0.0,0.0,0.0,0.0,0.0,0.0
intfloat/multilingual-e5-large-instruct,e5-large-instruct,EP-4634248-A1_en_q_es,es,en,synthetic,EP-4634248-A1,3,0,3,0.0,0.0,inf,inf,0.0,0.0,-0.0,0.0,0.0,,0.0,0.0,,0.0,0.0,,0.0,0.0,,0.0,0.0,,0.0,0.0,,0.0,0.0,0.0,0.0,0.0,0.0
intfloat/multilingual-e5-large-instruct,e5-large-instruct,EP-4634187-A1_en_q_es,es,en,synthetic,EP-4634187-A1,3,0,3,0.0,0.0,933.0,933.0,0.0010718113612004287,0.0,-0.0,0.0,0.0,,0.0,0.0,,0.0,0.0,,0.0,0.0,,0.0,0.0,,0.0,0.0,,0.0,0.0,0.0,0.0,0.0,0.0
intfloat/multilingual-e5-large-instruct,e5-large-instruct,EP-4634142-A1_fr_q_fr,fr,fr,original,EP-4634142-A1,3,1,2,0.0,0.0,210.0,inf,0.0,0.0,-0.0,0.0,0.0,0.0,0.0,0.0,0.0,0.0,0.0,0.0,0.0,0.0,0.0,0.0,0.0,0.0,0.0,0.0,0.0,0.0,0.0,0.0,0.0,0.0,0.0
intfloat/multilingual-e5-large-instruct,e5-large-instruct,EP-4633768-A2_en_q_es,es,en,synthetic,EP-4633768-A2,3,0,3,0.0,0.0,inf,inf,0.0,0.0,-0.0,0.0,0.0,,0.0,0.0,,0.0,0.0,,0.0,0.0,,0.0,0.0,,0.0,0.0,,0.0,0.0,0.0,0.0,0.0,0.0
intfloat/multilingual-e5-large-instruct,e5-large-instruct,EP-4633645-A1_fr_q_fr,fr,fr,original,EP-4633645-A1,3,1,2,0.1111111111111111,0.14126697285982898,9.0,726.0,0.0013774104683195593,0.0,-0.0,0.0,0.0,0.0,0.0,0.0,0.0,0.3333333333333333,0.0,1.0,0.3333333333333333,0.0,1.0,0.3333333333333333,0.0,1.0,0.3333333333333333,0.0,1.0,0.0,0.0,0.0,0.0,0.0,0.0
intfloat/multilingual-e5-large-instruct,e5-large-instruct,EP-4633622-A2_en_q_de,de,en,synthetic,EP-4633622-A2,3,0,3,0.0,0.0,20.0,20.0,0.05,0.1,0.4689955935892812,0.0,0.0,,0.0,0.0,,0.0,0.0,,0.3333333333333333,0.3333333333333333,,1.0,1.0,,1.0,1.0,,0.0,0.0,0.0,1.0,1.0,1.0
intfloat/multilingual-e5-large-instruct,e5-large-instruct,EP-4634601-A1_en_q_en,en,en,original,EP-4634601-A1,3,1,2,0.1111111111111111,0.14126697285982898,9.0,297.0,0.003367003367003367,0.0,-0.0,0.0,0.0,0.0,0.0,0.0,0.0,0.3333333333333333,0.0,1.0,0.3333333333333333,0.0,1.0,0.3333333333333333,0.0,1.0,0.3333333333333333,0.0,1.0,0.0,0.0,0.0,0.0,0.0,0.0
intfloat/multilingual-e5-large-instruct,e5-large-instruct,EP-4630626-A1_de_q_de,de,de,original,EP-4630626-A1,3,1,2,1.0,0.46927872602275644,1.0,295.0,0.003389830508474576,0.0,-0.0,0.3333333333333333,0.0,1.0,0.3333333333333333,0.0,1.0,0.3333333333333333,0.0,1.0,0.3333333333333333,0.0,1.0,0.3333333333333333,0.0,1.0,0.3333333333333333,0.0,1.0,0.0,0.0,0.0,0.0,0.0,0.0
intfloat/multilingual-e5-large-instruct,e5-large-instruct,EP-4630600-A1_de_q_en,en,de,synthetic,EP-4630600-A1,3,0,3,0.0,0.0,inf,inf,0.0,0.0,-0.0,0.0,0.0,,0.0,0.0,,0.0,0.0,,0.0,0.0,,0.0,0.0,,0.0,0.0,,0.0,0.0,0.0,0.0,0.0,0.0
intfloat/multilingual-e5-large-instruct,e5-large-instruct,EP-4633632-A1_en_q_es,es,en,synthetic,EP-4633632-A1,3,0,3,0.0,0.0,42.0,42.0,0.023809523809523808,0.0,-0.0,0.0,0.0,,0.0,0.0,,0.0,0.0,,0.0,0.0,,0.3333333333333333,0.3333333333333333,,0.3333333333333333,0.3333333333333333,,0.0,0.0,0.0,0.0,1.0,1.0
intfloat/multilingual-e5-large-instruct,e5-large-instruct,EP-4634136-A1_en_q_es,es,en,synthetic,EP-4634136-A1,3,0,3,0.0,0.0,inf,inf,0.0,0.0,-0.0,0.0,0.0,,0.0,0.0,,0.0,0.0,,0.0,0.0,,0.0,0.0,,0.0,0.0,,0.0,0.0,0.0,0.0,0.0,0.0
intfloat/multilingual-e5-large-instruct,e5-large-instruct,EP-4634157-A1_en_q_de,de,en,synthetic,EP-4634157-A1,3,0,3,0.0,0.0,inf,inf,0.0,0.0,-0.0,0.0,0.0,,0.0,0.0,,0.0,0.0,,0.0,0.0,,0.0,0.0,,0.0,0.0,,0.0,0.0,0.0,0.0,0.0,0.0
intfloat/multilingual-e5-large-instruct,e5-large-instruct,EP-4630574-A1_de_q_en,en,de,synthetic,EP-4630574-A1,3,0,3,0.0,0.0,inf,inf,0.0,0.0,-0.0,0.0,0.0,,0.0,0.0,,0.0,0.0,,0.0,0.0,,0.0,0.0,,0.0,0.0,,0.0,0.0,0.0,0.0,0.0,0.0
intfloat/multilingual-e5-large-instruct,e5-large-instruct,EP-4634111-A1_en_q_de,de,en,synthetic,EP-4634111-A1,3,0,3,0.0,0.0,inf,inf,0.0,0.0,-0.0,0.0,0.0,,0.0,0.0,,0.0,0.0,,0.0,0.0,,0.0,0.0,,0.0,0.0,,0.0,0.0,0.0,0.0,0.0,0.0
intfloat/multilingual-e5-large-instruct,e5-large-instruct,EP-4634596-A1_en_q_es,es,en,synthetic,EP-4634596-A1,3,0,3,0.0,0.0,inf,inf,0.0,0.0,-0.0,0.0,0.0,,0.0,0.0,,0.0,0.0,,0.0,0.0,,0.0,0.0,,0.0,0.0,,0.0,0.0,0.0,0.0,0.0,0.0
intfloat/multilingual-e5-large-instruct,e5-large-instruct,EP-4634139-A1_en_q_es,es,en,synthetic,EP-4634139-A1,3,0,3,0.0,0.0,25.0,25.0,0.04,0.0,-0.0,0.0,0.0,,0.0,0.0,,0.0,0.0,,0.0,0.0,,0.6666666666666666,0.6666666666666666,,0.6666666666666666,0.6666666666666666,,0.0,0.0,0.0,0.0,1.0,1.0
intfloat/multilingual-e5-large-instruct,e5-large-instruct,WO-2025153617-A3_de_q_en,en,de,synthetic,WO-2025153617-A3,3,0,3,0.0,0.0,inf,inf,0.0,0.0,-0.0,0.0,0.0,,0.0,0.0,,0.0,0.0,,0.0,0.0,,0.0,0.0,,0.0,0.0,,0.0,0.0,0.0,0.0,0.0,0.0
intfloat/multilingual-e5-large-instruct,e5-large-instruct,EP-4634251-A1_en_q_es,es,en,synthetic,EP-4634251-A1,3,0,3,0.0,0.0,inf,inf,0.0,0.0,-0.0,0.0,0.0,,0.0,0.0,,0.0,0.0,,0.0,0.0,,0.0,0.0,,0.0,0.0,,0.0,0.0,0.0,0.0,0.0,0.0
intfloat/multilingual-e5-large-instruct,e5-large-instruct,EP-4634426-A1_en_q_es,es,en,synthetic,EP-4634426-A1,3,0,3,0.0,0.0,inf,inf,0.0,0.0,-0.0,0.0,0.0,,0.0,0.0,,0.0,0.0,,0.0,0.0,,0.0,0.0,,0.0,0.0,,0.0,0.0,0.0,0.0,0.0,0.0
intfloat/multilingual-e5-large-instruct,e5-large-instruct,EP-4634729-A1_en_q_de,de,en,synthetic,EP-4634729-A1,2,0,2,0.0,0.0,287.0,287.0,0.003484320557491289,0.0,-0.0,0.0,0.0,,0.0,0.0,,0.0,0.0,,0.0,0.0,,0.0,0.0,,0.0,0.0,,0.0,0.0,0.0,0.0,0.0,0.0
intfloat/multilingual-e5-large-instruct,e5-large-instruct,EP-4626569-A1_de_q_en,en,de,synthetic,EP-4626569-A1,2,0,2,0.0,0.0,inf,inf,0.0,0.0,-0.0,0.0,0.0,,0.0,0.0,,0.0,0.0,,0.0,0.0,,0.0,0.0,,0.0,0.0,,0.0,0.0,0.0,0.0,0.0,0.0
intfloat/multilingual-e5-large-instruct,e5-large-instruct,EP-4634394-A2_en_q_es,es,en,synthetic,EP-4634394-A2,2,0,2,0.0,0.0,112.0,112.0,0.008928571428571428,0.0,-0.0,0.0,0.0,,0.0,0.0,,0.0,0.0,,0.0,0.0,,0.0,0.0,,0.0,0.0,,0.0,0.0,0.0,0.0,0.0,0.0
intfloat/multilingual-e5-large-instruct,e5-large-instruct,EP-4634424-A1_en_q_es,es,en,synthetic,EP-4634424-A1,2,0,2,0.0,0.0,inf,inf,0.0,0.0,-0.0,0.0,0.0,,0.0,0.0,,0.0,0.0,,0.0,0.0,,0.0,0.0,,0.0,0.0,,0.0,0.0,0.0,0.0,0.0,0.0
intfloat/multilingual-e5-large-instruct,e5-large-instruct,EP-4633602-A1_en_q_de,de,en,synthetic,EP-4633602-A1,2,0,2,0.0,0.0,inf,inf,0.0,0.0,-0.0,0.0,0.0,,0.0,0.0,,0.0,0.0,,0.0,0.0,,0.0,0.0,,0.0,0.0,,0.0,0.0,0.0,0.0,0.0,0.0
intfloat/multilingual-e5-large-instruct,e5-large-instruct,EP-4634337-A1_en_q_en,en,en,original,EP-4634337-A1,2,1,1,0.0,0.0,17.0,801.0,0.0012484394506866417,0.0,-0.0,0.0,0.0,0.0,0.0,0.0,0.0,0.0,0.0,0.0,0.5,0.0,1.0,0.5,0.0,1.0,0.5,0.0,1.0,0.0,0.0,0.0,0.0,0.0,0.0
intfloat/multilingual-e5-large-instruct,e5-large-instruct,EP-4634128-A1_en_q_en,en,en,original,EP-4634128-A1,2,1,1,0.5,0.38685280723454163,2.0,inf,0.0,0.0,-0.0,0.0,0.0,0.0,0.5,0.0,1.0,0.5,0.0,1.0,0.5,0.0,1.0,0.5,0.0,1.0,0.5,0.0,1.0,0.0,0.0,0.0,0.0,0.0,0.0
intfloat/multilingual-e5-large-instruct,e5-large-instruct,EP-4633896-A1_en_q_en,en,en,original,EP-4633896-A1,2,1,1,0.0,0.0,14.0,inf,0.0,0.0,-0.0,0.0,0.0,0.0,0.0,0.0,0.0,0.0,0.0,0.0,0.5,0.0,1.0,0.5,0.0,1.0,0.5,0.0,1.0,0.0,0.0,0.0,0.0,0.0,0.0
intfloat/multilingual-e5-large-instruct,e5-large-instruct,WO-2025215091-A1_fr_q_fr,fr,fr,original,WO-2025215091-A1,2,1,1,0.125,0.19342640361727081,8.0,inf,0.0,0.0,-0.0,0.0,0.0,0.0,0.0,0.0,0.0,0.5,0.0,1.0,0.5,0.0,1.0,0.5,0.0,1.0,0.5,0.0,1.0,0.0,0.0,0.0,0.0,0.0,0.0
intfloat/multilingual-e5-large-instruct,e5-large-instruct,EP-4633599-A1_fr_q_fr,fr,fr,original,EP-4633599-A1,2,1,1,0.5,0.38685280723454163,2.0,264.0,0.003787878787878788,0.0,-0.0,0.0,0.0,0.0,0.5,0.0,1.0,0.5,0.0,1.0,0.5,0.0,1.0,0.5,0.0,1.0,0.5,0.0,1.0,0.0,0.0,0.0,0.0,0.0,0.0
intfloat/multilingual-e5-large-instruct,e5-large-instruct,EP-4633656-A1_fr_q_fr,fr,fr,original,EP-4633656-A1,2,1,1,0.0,0.0,191.0,inf,0.0,0.0,-0.0,0.0,0.0,0.0,0.0,0.0,0.0,0.0,0.0,0.0,0.0,0.0,0.0,0.0,0.0,0.0,0.0,0.0,0.0,0.0,0.0,0.0,0.0,0.0,0.0
intfloat/multilingual-e5-large-instruct,e5-large-instruct,WO-2025208167-A1_de_q_de,de,de,original,WO-2025208167-A1,2,1,1,0.0,0.0,165.0,inf,0.0,0.0,-0.0,0.0,0.0,0.0,0.0,0.0,0.0,0.0,0.0,0.0,0.0,0.0,0.0,0.0,0.0,0.0,0.0,0.0,0.0,0.0,0.0,0.0,0.0,0.0,0.0
intfloat/multilingual-e5-large-instruct,e5-large-instruct,EP-4634396-A1_fr_q_fr,fr,fr,original,EP-4634396-A1,2,1,1,1.0,0.6131471927654584,1.0,32.0,0.03125,0.0,-0.0,0.5,0.0,1.0,0.5,0.0,1.0,0.5,0.0,1.0,0.5,0.0,1.0,1.0,1.0,1.0,1.0,1.0,1.0,0.0,0.0,0.0,0.0,1.0,1.0
intfloat/multilingual-e5-large-instruct,e5-large-instruct,EP-4633893-A1_fr_q_fr,fr,fr,original,EP-4633893-A1,2,1,1,0.0,0.0,26.0,inf,0.0,0.0,-0.0,0.0,0.0,0.0,0.0,0.0,0.0,0.0,0.0,0.0,0.0,0.0,0.0,0.5,0.0,1.0,0.5,0.0,1.0,0.0,0.0,0.0,0.0,0.0,0.0
intfloat/multilingual-e5-large-instruct,e5-large-instruct,EP-4633462-A1_en_q_en,en,en,original,EP-4633462-A1,2,1,1,0.5,0.38685280723454163,2.0,33.0,0.030303030303030304,0.1,0.4689955935892812,0.0,0.0,0.0,0.5,0.0,1.0,0.5,0.0,1.0,0.5,0.0,1.0,1.0,1.0,1.0,1.0,1.0,1.0,0.0,0.0,0.0,0.0,1.0,1.0
intfloat/multilingual-e5-large-instruct,e5-large-instruct,EP-4633386-A1_en_q_en,en,en,original,EP-4633386-A1,2,1,1,0.1,0.17723928678404774,10.0,inf,0.0,0.0,-0.0,0.0,0.0,0.0,0.0,0.0,0.0,0.5,0.0,1.0,0.5,0.0,1.0,0.5,0.0,1.0,0.5,0.0,1.0,0.0,0.0,0.0,0.0,0.0,0.0
intfloat/multilingual-e5-large-instruct,e5-large-instruct,EP-4633970-A1_fr_q_fr,fr,fr,original,EP-4633970-A1,2,1,1,0.16666666666666666,0.21840743681816419,6.0,inf,0.0,0.0,-0.0,0.0,0.0,0.0,0.0,0.0,0.0,0.5,0.0,1.0,0.5,0.0,1.0,0.5,0.0,1.0,0.5,0.0,1.0,0.0,0.0,0.0,0.0,0.0,0.0
intfloat/multilingual-e5-large-instruct,e5-large-instruct,EP-4633415-A1_en_q_en,en,en,original,EP-4633415-A1,2,1,1,0.5,0.38685280723454163,2.0,429.0,0.002331002331002331,0.0,-0.0,0.0,0.0,0.0,0.5,0.0,1.0,0.5,0.0,1.0,0.5,0.0,1.0,0.5,0.0,1.0,0.5,0.0,1.0,0.0,0.0,0.0,0.0,0.0,0.0
intfloat/multilingual-e5-large-instruct,e5-large-instruct,EP-4633415-A1_en_q_de,de,en,synthetic,EP-4633415-A1,2,0,2,0.0,0.0,183.0,183.0,0.00546448087431694,0.0,-0.0,0.0,0.0,,0.0,0.0,,0.0,0.0,,0.0,0.0,,0.0,0.0,,0.0,0.0,,0.0,0.0,0.0,0.0,0.0,0.0
intfloat/multilingual-e5-large-instruct,e5-large-instruct,EP-4633415-A1_fr_q_fr,fr,fr,original,EP-4633415-A1,2,1,1,0.0,0.0,29.0,inf,0.0,0.0,-0.0,0.0,0.0,0.0,0.0,0.0,0.0,0.0,0.0,0.0,0.0,0.0,0.0,0.5,0.0,1.0,0.5,0.0,1.0,0.0,0.0,0.0,0.0,0.0,0.0
intfloat/multilingual-e5-large-instruct,e5-large-instruct,EP-4633415-A1_en_q_es,es,en,synthetic,EP-4633415-A1,2,0,2,0.0,0.0,119.0,119.0,0.008403361344537815,0.0,-0.0,0.0,0.0,,0.0,0.0,,0.0,0.0,,0.0,0.0,,0.0,0.0,,0.0,0.0,,0.0,0.0,0.0,0.0,0.0,0.0
intfloat/multilingual-e5-large-instruct,e5-large-instruct,EP-4633950-A1_en_q_en,en,en,original,EP-4633950-A1,2,1,1,0.0,0.0,21.0,388.0,0.002577319587628866,0.0,-0.0,0.0,0.0,0.0,0.0,0.0,0.0,0.0,0.0,0.0,0.0,0.0,0.0,0.5,0.0,1.0,0.5,0.0,1.0,0.0,0.0,0.0,0.0,0.0,0.0
intfloat/multilingual-e5-large-instruct,e5-large-instruct,EP-4633950-A1_en_q_de,de,en,synthetic,EP-4633950-A1,2,0,2,0.0,0.0,inf,inf,0.0,0.0,-0.0,0.0,0.0,,0.0,0.0,,0.0,0.0,,0.0,0.0,,0.0,0.0,,0.0,0.0,,0.0,0.0,0.0,0.0,0.0,0.0
intfloat/multilingual-e5-large-instruct,e5-large-instruct,EP-4633950-A1_fr_q_fr,fr,fr,original,EP-4633950-A1,2,1,1,0.0,0.0,23.0,inf,0.0,0.0,-0.0,0.0,0.0,0.0,0.0,0.0,0.0,0.0,0.0,0.0,0.0,0.0,0.0,0.5,0.0,1.0,0.5,0.0,1.0,0.0,0.0,0.0,0.0,0.0,0.0
intfloat/multilingual-e5-large-instruct,e5-large-instruct,EP-4633950-A1_en_q_es,es,en,synthetic,EP-4633950-A1,2,0,2,0.0,0.0,inf,inf,0.0,0.0,-0.0,0.0,0.0,,0.0,0.0,,0.0,0.0,,0.0,0.0,,0.0,0.0,,0.0,0.0,,0.0,0.0,0.0,0.0,0.0,0.0
intfloat/multilingual-e5-large-instruct,e5-large-instruct,EP-4634629-A1_en_q_en,en,en,original,EP-4634629-A1,3,1,2,0.0,0.0,57.0,inf,0.0,0.0,-0.0,0.0,0.0,0.0,0.0,0.0,0.0,0.0,0.0,0.0,0.0,0.0,0.0,0.0,0.0,0.0,0.3333333333333333,0.0,1.0,0.0,0.0,0.0,0.0,0.0,0.0
intfloat/multilingual-e5-large-instruct,e5-large-instruct,EP-4634629-A1_de_q_de,de,de,original,EP-4634629-A1,3,1,2,0.0,0.0,11.0,inf,0.0,0.0,-0.0,0.0,0.0,0.0,0.0,0.0,0.0,0.0,0.0,0.0,0.3333333333333333,0.0,1.0,0.3333333333333333,0.0,1.0,0.3333333333333333,0.0,1.0,0.0,0.0,0.0,0.0,0.0,0.0
intfloat/multilingual-e5-large-instruct,e5-large-instruct,EP-4634629-A1_fr_q_fr,fr,fr,original,EP-4634629-A1,3,1,2,0.0,0.0,197.0,inf,0.0,0.0,-0.0,0.0,0.0,0.0,0.0,0.0,0.0,0.0,0.0,0.0,0.0,0.0,0.0,0.0,0.0,0.0,0.0,0.0,0.0,0.0,0.0,0.0,0.0,0.0,0.0
intfloat/multilingual-e5-large-instruct,e5-large-instruct,EP-4634629-A1_en_q_es,es,en,synthetic,EP-4634629-A1,3,0,3,0.0,0.0,inf,inf,0.0,0.0,-0.0,0.0,0.0,,0.0,0.0,,0.0,0.0,,0.0,0.0,,0.0,0.0,,0.0,0.0,,0.0,0.0,0.0,0.0,0.0,0.0
intfloat/multilingual-e5-large-instruct,e5-large-instruct,EP-4633582-A1_en_q_es,es,en,synthetic,EP-4633582-A1,2,0,2,0.0,0.0,128.0,128.0,0.0078125,0.0,-0.0,0.0,0.0,,0.0,0.0,,0.0,0.0,,0.0,0.0,,0.0,0.0,,0.0,0.0,,0.0,0.0,0.0,0.0,0.0,0.0
intfloat/multilingual-e5-large-instruct,e5-large-instruct,EP-4634165-A1_en_q_es,es,en,synthetic,EP-4634165-A1,2,0,2,1.0,0.8772153153380493,1.0,1.0,1.0,0.2,0.9219280948873623,0.5,0.5,,1.0,1.0,,1.0,1.0,,1.0,1.0,,1.0,1.0,,1.0,1.0,,1.0,1.0,1.0,1.0,1.0,1.0
intfloat/multilingual-e5-large-instruct,e5-large-instruct,EP-4633677-A1_en_q_de,de,en,synthetic,EP-4633677-A1,2,0,2,0.0,0.0,278.0,278.0,0.0035971223021582736,0.1,0.4689955935892812,0.0,0.0,,0.0,0.0,,0.0,0.0,,0.0,0.0,,0.0,0.0,,0.0,0.0,,0.0,0.0,0.0,0.0,0.0,0.0
intfloat/multilingual-e5-large-instruct,e5-large-instruct,EP-4634246-A1_en_q_en,en,en,original,EP-4634246-A1,2,1,1,0.25,0.2640681225725909,4.0,249.0,0.004016064257028112,0.0,-0.0,0.0,0.0,0.0,0.5,0.0,1.0,0.5,0.0,1.0,0.5,0.0,1.0,0.5,0.0,1.0,0.5,0.0,1.0,0.0,0.0,0.0,0.0,0.0,0.0
intfloat/multilingual-e5-large-instruct,e5-large-instruct,EP-4634120-A1_en_q_de,de,en,synthetic,EP-4634120-A1,2,0,2,0.0,0.0,555.0,555.0,0.0018018018018018018,0.0,-0.0,0.0,0.0,,0.0,0.0,,0.0,0.0,,0.0,0.0,,0.0,0.0,,0.0,0.0,,0.0,0.0,0.0,0.0,0.0,0.0
intfloat/multilingual-e5-large-instruct,e5-large-instruct,EP-4633638-A1_en_q_en,en,en,original,EP-4633638-A1,2,1,1,1.0,1.0,1.0,2.0,0.5,0.1,0.4689955935892812,0.5,0.0,1.0,1.0,1.0,1.0,1.0,1.0,1.0,1.0,1.0,1.0,1.0,1.0,1.0,1.0,1.0,1.0,0.0,1.0,1.0,1.0,1.0,1.0
intfloat/multilingual-e5-large-instruct,e5-large-instruct,EP-4633389-A1_en_q_en,en,en,original,EP-4633389-A1,2,1,1,1.0,0.8315546295836225,1.0,6.0,0.16666666666666666,0.1,0.4689955935892812,0.5,0.0,1.0,0.5,0.0,1.0,1.0,1.0,1.0,1.0,1.0,1.0,1.0,1.0,1.0,1.0,1.0,1.0,0.0,0.0,1.0,1.0,1.0,1.0
intfloat/multilingual-e5-large-instruct,e5-large-instruct,WO-2025209629-A1_de_q_es,es,de,synthetic,WO-2025209629-A1,2,0,2,0.0,0.0,13.0,13.0,0.07692307692307693,0.1,0.4689955935892812,0.0,0.0,,0.0,0.0,,0.0,0.0,,1.0,1.0,,1.0,1.0,,1.0,1.0,,0.0,0.0,0.0,1.0,1.0,1.0
intfloat/multilingual-e5-large-instruct,e5-large-instruct,EP-4634132-A2_en_q_en,en,en,original,EP-4634132-A2,2,1,1,0.5,0.38685280723454163,2.0,77.0,0.012987012987012988,0.0,-0.0,0.0,0.0,0.0,0.5,0.0,1.0,0.5,0.0,1.0,0.5,0.0,1.0,0.5,0.0,1.0,1.0,1.0,1.0,0.0,0.0,0.0,0.0,0.0,1.0
intfloat/multilingual-e5-large-instruct,e5-large-instruct,EP-4634914-A1_en_q_es,es,en,synthetic,EP-4634914-A1,2,0,2,0.0,0.0,949.0,949.0,0.001053740779768177,0.0,-0.0,0.0,0.0,,0.0,0.0,,0.0,0.0,,0.0,0.0,,0.0,0.0,,0.0,0.0,,0.0,0.0,0.0,0.0,0.0,0.0
intfloat/multilingual-e5-large-instruct,e5-large-instruct,EP-4634285-A1_en_q_de,de,en,synthetic,EP-4634285-A1,2,0,2,0.0,0.0,75.0,75.0,0.013333333333333334,0.0,-0.0,0.0,0.0,,0.0,0.0,,0.0,0.0,,0.0,0.0,,0.0,0.0,,0.5,0.5,,0.0,0.0,0.0,0.0,0.0,1.0
intfloat/multilingual-e5-large-instruct,e5-large-instruct,EP-4634122-A1_fr_q_fr,fr,fr,original,EP-4634122-A1,2,1,1,0.0,0.0,21.0,549.0,0.0018214936247723133,0.0,-0.0,0.0,0.0,0.0,0.0,0.0,0.0,0.0,0.0,0.0,0.0,0.0,0.0,0.5,0.0,1.0,0.5,0.0,1.0,0.0,0.0,0.0,0.0,0.0,0.0
intfloat/multilingual-e5-large-instruct,e5-large-instruct,EP-4634365-A1_fr_q_fr,fr,fr,original,EP-4634365-A1,2,1,1,1.0,1.0,1.0,2.0,0.5,0.1,0.4689955935892812,0.5,0.0,1.0,1.0,1.0,1.0,1.0,1.0,1.0,1.0,1.0,1.0,1.0,1.0,1.0,1.0,1.0,1.0,0.0,1.0,1.0,1.0,1.0,1.0
intfloat/multilingual-e5-large-instruct,e5-large-instruct,WO-2025214709-A1_de_q_es,es,de,synthetic,WO-2025214709-A1,2,0,2,0.0,0.0,540.0,540.0,0.001851851851851852,0.0,-0.0,0.0,0.0,,0.0,0.0,,0.0,0.0,,0.0,0.0,,0.0,0.0,,0.0,0.0,,0.0,0.0,0.0,0.0,0.0,0.0
intfloat/multilingual-e5-large-instruct,e5-large-instruct,EP-4633426-A2_en_q_es,es,en,synthetic,EP-4633426-A2,3,0,3,0.0,0.0,194.0,194.0,0.005154639175257732,0.0,-0.0,0.0,0.0,,0.0,0.0,,0.0,0.0,,0.0,0.0,,0.0,0.0,,0.0,0.0,,0.0,0.0,0.0,0.0,0.0,0.0
intfloat/multilingual-e5-large-instruct,e5-large-instruct,EP-4630604-A1_de_q_es,es,de,synthetic,EP-4630604-A1,2,0,2,0.0,0.0,552.0,552.0,0.0018115942028985507,0.0,-0.0,0.0,0.0,,0.0,0.0,,0.0,0.0,,0.0,0.0,,0.0,0.0,,0.0,0.0,,0.0,0.0,0.0,0.0,0.0,0.0
intfloat/multilingual-e5-large-instruct,e5-large-instruct,EP-4634118-A1_en_q_es,es,en,synthetic,EP-4634118-A1,2,0,2,0.0,0.0,695.0,695.0,0.0014388489208633094,0.0,-0.0,0.0,0.0,,0.0,0.0,,0.0,0.0,,0.0,0.0,,0.0,0.0,,0.0,0.0,,0.0,0.0,0.0,0.0,0.0,0.0
intfloat/multilingual-e5-large-instruct,e5-large-instruct,EP-4634404-A1_en_q_de,de,en,synthetic,EP-4634404-A1,2,0,2,0.0,0.0,15.0,15.0,0.06666666666666667,0.0,-0.0,0.0,0.0,,0.0,0.0,,0.0,0.0,,0.5,0.5,,0.5,0.5,,1.0,1.0,,0.0,0.0,0.0,1.0,1.0,1.0
intfloat/multilingual-e5-large-instruct,e5-large-instruct,EP-4633465-A1_en_q_de,de,en,synthetic,EP-4633465-A1,2,0,2,0.3333333333333333,0.5706417189553201,3.0,3.0,0.3333333333333333,0.3,1.1567796494470395,0.0,0.0,,1.0,1.0,,1.0,1.0,,1.0,1.0,,1.0,1.0,,1.0,1.0,,0.0,1.0,1.0,1.0,1.0,1.0
intfloat/multilingual-e5-large-instruct,e5-large-instruct,EP-4633680-A1_en_q_es,es,en,synthetic,EP-4633680-A1,2,0,2,0.0,0.0,82.0,82.0,0.012195121951219513,0.0,-0.0,0.0,0.0,,0.0,0.0,,0.0,0.0,,0.0,0.0,,0.0,0.0,,0.5,0.5,,0.0,0.0,0.0,0.0,0.0,1.0
intfloat/multilingual-e5-large-instruct,e5-large-instruct,WO-2025201606-A1_de_q_es,es,de,synthetic,WO-2025201606-A1,2,0,2,0.0,0.0,142.0,142.0,0.007042253521126761,0.0,-0.0,0.0,0.0,,0.0,0.0,,0.0,0.0,,0.0,0.0,,0.0,0.0,,0.0,0.0,,0.0,0.0,0.0,0.0,0.0,0.0
intfloat/multilingual-e5-large-instruct,e5-large-instruct,EP-4634435-A1_en_q_de,de,en,synthetic,EP-4634435-A1,2,0,2,0.0,0.0,80.0,80.0,0.0125,0.0,-0.0,0.0,0.0,,0.0,0.0,,0.0,0.0,,0.0,0.0,,0.0,0.0,,0.5,0.5,,0.0,0.0,0.0,0.0,0.0,1.0
intfloat/multilingual-e5-large-instruct,e5-large-instruct,EP-4634143-A1_en_q_de,de,en,synthetic,EP-4634143-A1,2,0,2,0.0,0.0,202.0,202.0,0.0049504950495049506,0.0,-0.0,0.0,0.0,,0.0,0.0,,0.0,0.0,,0.0,0.0,,0.0,0.0,,0.0,0.0,,0.0,0.0,0.0,0.0,0.0,0.0
intfloat/multilingual-e5-large-instruct,e5-large-instruct,EP-4634411-A1_en_q_de,de,en,synthetic,EP-4634411-A1,2,0,2,0.0,0.0,inf,inf,0.0,0.0,-0.0,0.0,0.0,,0.0,0.0,,0.0,0.0,,0.0,0.0,,0.0,0.0,,0.0,0.0,,0.0,0.0,0.0,0.0,0.0,0.0
intfloat/multilingual-e5-large-instruct,e5-large-instruct,EP-4634287-A1_en_q_es,es,en,synthetic,EP-4634287-A1,3,0,3,0.0,0.0,978.0,978.0,0.0010224948875255625,0.0,-0.0,0.0,0.0,,0.0,0.0,,0.0,0.0,,0.0,0.0,,0.0,0.0,,0.0,0.0,,0.0,0.0,0.0,0.0,0.0,0.0
intfloat/multilingual-e5-large-instruct,e5-large-instruct,EP-4633627-A1_en_q_de,de,en,synthetic,EP-4633627-A1,2,0,2,0.5,0.6934264036172708,2.0,2.0,0.5,0.2,0.9219280948873623,0.0,0.0,,1.0,1.0,,1.0,1.0,,1.0,1.0,,1.0,1.0,,1.0,1.0,,0.0,1.0,1.0,1.0,1.0,1.0
intfloat/multilingual-e5-large-instruct,e5-large-instruct,EP-4633670-A1_fr_q_fr,fr,fr,original,EP-4633670-A1,2,1,1,1.0,0.6131471927654584,1.0,71.0,0.014084507042253521,0.0,-0.0,0.5,0.0,1.0,0.5,0.0,1.0,0.5,0.0,1.0,0.5,0.0,1.0,0.5,0.0,1.0,1.0,1.0,1.0,0.0,0.0,0.0,0.0,0.0,1.0
intfloat/multilingual-e5-large-instruct,e5-large-instruct,WO-2025202163-A1_fr_q_fr,fr,fr,original,WO-2025202163-A1,2,1,1,1.0,0.6131471927654584,1.0,inf,0.0,0.0,-0.0,0.5,0.0,1.0,0.5,0.0,1.0,0.5,0.0,1.0,0.5,0.0,1.0,0.5,0.0,1.0,0.5,0.0,1.0,0.0,0.0,0.0,0.0,0.0,0.0
intfloat/multilingual-e5-large-instruct,e5-large-instruct,WO-2025214852-A1_fr_q_fr,fr,fr,original,WO-2025214852-A1,2,1,1,0.0,0.0,15.0,473.0,0.0021141649048625794,0.0,-0.0,0.0,0.0,0.0,0.0,0.0,0.0,0.0,0.0,0.0,0.5,0.0,1.0,0.5,0.0,1.0,0.5,0.0,1.0,0.0,0.0,0.0,0.0,0.0,0.0
intfloat/multilingual-e5-large-instruct,e5-large-instruct,WO-2025214996-A1_fr_q_fr,fr,fr,original,WO-2025214996-A1,2,1,1,0.0,0.0,107.0,inf,0.0,0.0,-0.0,0.0,0.0,0.0,0.0,0.0,0.0,0.0,0.0,0.0,0.0,0.0,0.0,0.0,0.0,0.0,0.0,0.0,0.0,0.0,0.0,0.0,0.0,0.0,0.0
intfloat/multilingual-e5-large-instruct,e5-large-instruct,EP-4630123-A1_de_q_de,de,de,original,EP-4630123-A1,2,1,1,1.0,0.6131471927654584,1.0,139.0,0.007194244604316547,0.0,-0.0,0.5,0.0,1.0,0.5,0.0,1.0,0.5,0.0,1.0,0.5,0.0,1.0,0.5,0.0,1.0,0.5,0.0,1.0,0.0,0.0,0.0,0.0,0.0,0.0
intfloat/multilingual-e5-large-instruct,e5-large-instruct,EP-4634646-A1_en_q_en,en,en,original,EP-4634646-A1,2,1,1,1.0,1.0,1.0,2.0,0.5,0.1,0.4689955935892812,0.5,0.0,1.0,1.0,1.0,1.0,1.0,1.0,1.0,1.0,1.0,1.0,1.0,1.0,1.0,1.0,1.0,1.0,0.0,1.0,1.0,1.0,1.0,1.0
intfloat/multilingual-e5-large-instruct,e5-large-instruct,EP-4634294-A1_en_q_en,en,en,original,EP-4634294-A1,2,1,1,0.3333333333333333,0.3065735963827292,3.0,19.0,0.05263157894736842,0.1,0.4689955935892812,0.0,0.0,0.0,0.5,0.0,1.0,0.5,0.0,1.0,1.0,1.0,1.0,1.0,1.0,1.0,1.0,1.0,1.0,0.0,0.0,0.0,1.0,1.0,1.0
intfloat/multilingual-e5-large-instruct,e5-large-instruct,EP-4634436-A1_fr_q_fr,fr,fr,original,EP-4634436-A1,2,1,1,0.1111111111111111,0.18457569677956817,9.0,391.0,0.0025575447570332483,0.0,-0.0,0.0,0.0,0.0,0.0,0.0,0.0,0.5,0.0,1.0,0.5,0.0,1.0,0.5,0.0,1.0,0.5,0.0,1.0,0.0,0.0,0.0,0.0,0.0,0.0
intfloat/multilingual-e5-large-instruct,e5-large-instruct,EP-4633761-A1_en_q_en,en,en,original,EP-4633761-A1,2,1,1,0.0,0.0,150.0,inf,0.0,0.0,-0.0,0.0,0.0,0.0,0.0,0.0,0.0,0.0,0.0,0.0,0.0,0.0,0.0,0.0,0.0,0.0,0.0,0.0,0.0,0.0,0.0,0.0,0.0,0.0,0.0
intfloat/multilingual-e5-large-instruct,e5-large-instruct,WO-2025215167-A1_de_q_de,de,de,original,WO-2025215167-A1,2,1,1,1.0,0.6131471927654584,1.0,507.0,0.0019723865877712033,0.0,-0.0,0.5,0.0,1.0,0.5,0.0,1.0,0.5,0.0,1.0,0.5,0.0,1.0,0.5,0.0,1.0,0.5,0.0,1.0,0.0,0.0,0.0,0.0,0.0,0.0
intfloat/multilingual-e5-large-instruct,e5-large-instruct,EP-4626962-A1_de_q_en,en,de,synthetic,EP-4626962-A1,2,0,2,0.0,0.0,85.0,85.0,0.011764705882352941,0.0,-0.0,0.0,0.0,,0.0,0.0,,0.0,0.0,,0.0,0.0,,0.0,0.0,,0.5,0.5,,0.0,0.0,0.0,0.0,0.0,1.0
intfloat/multilingual-e5-large-instruct,e5-large-instruct,EP-4626962-A1_de_q_de,de,de,original,EP-4626962-A1,2,1,1,1.0,0.6131471927654584,1.0,135.0,0.007407407407407408,0.0,-0.0,0.5,0.0,1.0,0.5,0.0,1.0,0.5,0.0,1.0,0.5,0.0,1.0,0.5,0.0,1.0,0.5,0.0,1.0,0.0,0.0,0.0,0.0,0.0,0.0
intfloat/multilingual-e5-large-instruct,e5-large-instruct,EP-4626962-A1_fr_q_fr,fr,fr,original,EP-4626962-A1,2,1,1,0.5,0.38685280723454163,2.0,inf,0.0,0.0,-0.0,0.0,0.0,0.0,0.5,0.0,1.0,0.5,0.0,1.0,0.5,0.0,1.0,0.5,0.0,1.0,0.5,0.0,1.0,0.0,0.0,0.0,0.0,0.0,0.0
intfloat/multilingual-e5-large-instruct,e5-large-instruct,EP-4626962-A1_de_q_es,es,de,synthetic,EP-4626962-A1,2,0,2,0.0,0.0,291.0,291.0,0.003436426116838488,0.0,-0.0,0.0,0.0,,0.0,0.0,,0.0,0.0,,0.0,0.0,,0.0,0.0,,0.0,0.0,,0.0,0.0,0.0,0.0,0.0,0.0
intfloat/multilingual-e5-large-instruct,e5-large-instruct,WO-2025201936-A1_de_q_en,en,de,synthetic,WO-2025201936-A1,2,0,2,0.0,0.0,inf,inf,0.0,0.0,-0.0,0.0,0.0,,0.0,0.0,,0.0,0.0,,0.0,0.0,,0.0,0.0,,0.0,0.0,,0.0,0.0,0.0,0.0,0.0,0.0
intfloat/multilingual-e5-large-instruct,e5-large-instruct,WO-2025201936-A1_fr_q_fr,fr,fr,original,WO-2025201936-A1,2,1,1,1.0,0.6131471927654584,1.0,inf,0.0,0.0,-0.0,0.5,0.0,1.0,0.5,0.0,1.0,0.5,0.0,1.0,0.5,0.0,1.0,0.5,0.0,1.0,0.5,0.0,1.0,0.0,0.0,0.0,0.0,0.0,0.0
intfloat/multilingual-e5-large-instruct,e5-large-instruct,WO-2025201936-A1_de_q_es,es,de,synthetic,WO-2025201936-A1,2,0,2,0.0,0.0,inf,inf,0.0,0.0,-0.0,0.0,0.0,,0.0,0.0,,0.0,0.0,,0.0,0.0,,0.0,0.0,,0.0,0.0,,0.0,0.0,0.0,0.0,0.0,0.0
intfloat/multilingual-e5-large-instruct,e5-large-instruct,EP-4634597-A1_en_q_en,en,en,original,EP-4634597-A1,2,1,1,0.0,0.0,43.0,inf,0.0,0.0,-0.0,0.0,0.0,0.0,0.0,0.0,0.0,0.0,0.0,0.0,0.0,0.0,0.0,0.5,0.0,1.0,0.5,0.0,1.0,0.0,0.0,0.0,0.0,0.0,0.0
intfloat/multilingual-e5-large-instruct,e5-large-instruct,EP-4634597-A1_en_q_de,de,en,synthetic,EP-4634597-A1,2,0,2,0.0,0.0,211.0,211.0,0.004739336492890996,0.0,-0.0,0.0,0.0,,0.0,0.0,,0.0,0.0,,0.0,0.0,,0.0,0.0,,0.0,0.0,,0.0,0.0,0.0,0.0,0.0,0.0
intfloat/multilingual-e5-large-instruct,e5-large-instruct,EP-4634597-A1_fr_q_fr,fr,fr,original,EP-4634597-A1,2,1,1,1.0,0.6131471927654584,1.0,461.0,0.0021691973969631237,0.0,-0.0,0.5,0.0,1.0,0.5,0.0,1.0,0.5,0.0,1.0,0.5,0.0,1.0,0.5,0.0,1.0,0.5,0.0,1.0,0.0,0.0,0.0,0.0,0.0,0.0
intfloat/multilingual-e5-large-instruct,e5-large-instruct,EP-4634597-A1_en_q_es,es,en,synthetic,EP-4634597-A1,2,0,2,0.0,0.0,437.0,437.0,0.002288329519450801,0.0,-0.0,0.0,0.0,,0.0,0.0,,0.0,0.0,,0.0,0.0,,0.0,0.0,,0.0,0.0,,0.0,0.0,0.0,0.0,0.0,0.0
intfloat/multilingual-e5-large-instruct,e5-large-instruct,EP-4634381-A1_en_q_zh,zh,en,synthetic,EP-4634381-A1,2,0,2,0.0,0.0,211.0,211.0,0.004739336492890996,0.1,0.4689955935892812,0.0,0.0,,0.0,0.0,,0.0,0.0,,0.0,0.0,,0.0,0.0,,0.0,0.0,,0.0,0.0,0.0,0.0,0.0,0.0
intfloat/multilingual-e5-large-instruct,e5-large-instruct,EP-4633589-A1_en_q_zh,zh,en,synthetic,EP-4633589-A1,2,0,2,0.0,0.0,inf,inf,0.0,0.0,-0.0,0.0,0.0,,0.0,0.0,,0.0,0.0,,0.0,0.0,,0.0,0.0,,0.0,0.0,,0.0,0.0,0.0,0.0,0.0,0.0
intfloat/multilingual-e5-large-instruct,e5-large-instruct,EP-4627024-A1_de_q_zh,zh,de,synthetic,EP-4627024-A1,2,0,2,0.0,0.0,inf,inf,0.0,0.0,-0.0,0.0,0.0,,0.0,0.0,,0.0,0.0,,0.0,0.0,,0.0,0.0,,0.0,0.0,,0.0,0.0,0.0,0.0,0.0,0.0
intfloat/multilingual-e5-large-instruct,e5-large-instruct,EP-4634926-A1_en_q_zh,zh,en,synthetic,EP-4634926-A1,2,0,2,0.0,0.0,165.0,165.0,0.006060606060606061,0.3,0.8812908992306927,0.0,0.0,,0.0,0.0,,0.0,0.0,,0.0,0.0,,0.0,0.0,,0.0,0.0,,0.0,0.0,0.0,0.0,0.0,0.0
intfloat/multilingual-e5-large-instruct,e5-large-instruct,EP-4633863-A2_en_q_zh,zh,en,synthetic,EP-4633863-A2,3,0,3,0.0,0.0,53.0,53.0,0.018867924528301886,0.0,-0.0,0.0,0.0,,0.0,0.0,,0.0,0.0,,0.0,0.0,,0.0,0.0,,0.3333333333333333,0.3333333333333333,,0.0,0.0,0.0,0.0,0.0,1.0
intfloat/multilingual-e5-large-instruct,e5-large-instruct,EP-4633797-A1_en_q_zh,zh,en,synthetic,EP-4633797-A1,2,0,2,0.0,0.0,45.0,45.0,0.022222222222222223,0.0,-0.0,0.0,0.0,,0.0,0.0,,0.0,0.0,,0.0,0.0,,0.5,0.5,,1.0,1.0,,0.0,0.0,0.0,0.0,1.0,1.0
intfloat/multilingual-e5-large-instruct,e5-large-instruct,EP-4633777-A1_en_q_zh,zh,en,synthetic,EP-4633777-A1,2,0,2,0.2,0.23719771276929622,5.0,5.0,0.2,0.2,0.7219280948873623,0.0,0.0,,0.5,0.5,,0.5,0.5,,0.5,0.5,,0.5,0.5,,1.0,1.0,,0.0,1.0,1.0,1.0,1.0,1.0
intfloat/multilingual-e5-large-instruct,e5-large-instruct,EP-4633621-A1_en_q_zh,zh,en,synthetic,EP-4633621-A1,2,0,2,0.0,0.0,41.0,41.0,0.024390243902439025,0.2,0.7219280948873623,0.0,0.0,,0.0,0.0,,0.0,0.0,,0.0,0.0,,0.5,0.5,,0.5,0.5,,0.0,0.0,0.0,0.0,1.0,1.0
intfloat/multilingual-e5-large-instruct,e5-large-instruct,EP-4634723-A1_en_q_zh,zh,en,synthetic,EP-4634723-A1,2,0,2,0.0,0.0,890.0,890.0,0.0011235955056179776,0.0,-0.0,0.0,0.0,,0.0,0.0,,0.0,0.0,,0.0,0.0,,0.0,0.0,,0.0,0.0,,0.0,0.0,0.0,0.0,0.0,0.0
intfloat/multilingual-e5-large-instruct,e5-large-instruct,EP-4633581-A1_en_q_zh,zh,en,synthetic,EP-4633581-A1,2,0,2,0.0,0.0,inf,inf,0.0,0.0,-0.0,0.0,0.0,,0.0,0.0,,0.0,0.0,,0.0,0.0,,0.0,0.0,,0.0,0.0,,0.0,0.0,0.0,0.0,0.0,0.0
intfloat/multilingual-e5-large-instruct,e5-large-instruct,EP-4634416-A1_en_q_zh,zh,en,synthetic,EP-4634416-A1,2,0,2,0.0,0.0,85.0,85.0,0.011764705882352941,0.0,-0.0,0.0,0.0,,0.0,0.0,,0.0,0.0,,0.0,0.0,,0.0,0.0,,0.5,0.5,,0.0,0.0,0.0,0.0,0.0,1.0
intfloat/multilingual-e5-large-instruct,e5-large-instruct,EP-4634305-A1_en_q_zh,zh,en,synthetic,EP-4634305-A1,2,0,2,0.5,0.38685280723454163,2.0,2.0,0.5,0.1,0.4689955935892812,0.0,0.0,,0.5,0.5,,0.5,0.5,,0.5,0.5,,0.5,0.5,,1.0,1.0,,0.0,1.0,1.0,1.0,1.0,1.0
intfloat/multilingual-e5-large-instruct,e5-large-instruct,EP-4633531-A1_en_q_zh,zh,en,synthetic,EP-4633531-A1,2,0,2,0.0,0.0,46.0,46.0,0.021739130434782608,0.0,-0.0,0.0,0.0,,0.0,0.0,,0.0,0.0,,0.0,0.0,,0.5,0.5,,0.5,0.5,,0.0,0.0,0.0,0.0,1.0,1.0
intfloat/multilingual-e5-large-instruct,e5-large-instruct,EP-4634333-A1_en_q_zh,zh,en,synthetic,EP-4634333-A1,2,0,2,0.0,0.0,67.0,67.0,0.014925373134328358,0.0,-0.0,0.0,0.0,,0.0,0.0,,0.0,0.0,,0.0,0.0,,0.0,0.0,,0.5,0.5,,0.0,0.0,0.0,0.0,0.0,1.0
intfloat/multilingual-e5-large-instruct,e5-large-instruct,EP-4634212-A1_en_q_zh,zh,en,synthetic,EP-4634212-A1,2,0,2,0.5,0.5714285040141098,2.0,2.0,0.5,0.3,1.1567796494470395,0.0,0.0,,0.5,0.5,,1.0,1.0,,1.0,1.0,,1.0,1.0,,1.0,1.0,,0.0,1.0,1.0,1.0,1.0,1.0
intfloat/multilingual-e5-large-instruct,e5-large-instruct,EP-4629959-A1_de_q_zh,zh,de,synthetic,EP-4629959-A1,2,0,2,0.0,0.0,126.0,126.0,0.007936507936507936,0.0,-0.0,0.0,0.0,,0.0,0.0,,0.0,0.0,,0.0,0.0,,0.0,0.0,,0.0,0.0,,0.0,0.0,0.0,0.0,0.0,0.0
intfloat/multilingual-e5-large-instruct,e5-large-instruct,EP-4627881-A1_de_q_zh,zh,de,synthetic,EP-4627881-A1,2,0,2,0.0,0.0,211.0,211.0,0.004739336492890996,0.0,-0.0,0.0,0.0,,0.0,0.0,,0.0,0.0,,0.0,0.0,,0.0,0.0,,0.0,0.0,,0.0,0.0,0.0,0.0,0.0,0.0
intfloat/multilingual-e5-large-instruct,e5-large-instruct,EP-4633576-A1_en_q_zh,zh,en,synthetic,EP-4633576-A1,2,0,2,0.0,0.0,178.0,178.0,0.0056179775280898875,0.0,-0.0,0.0,0.0,,0.0,0.0,,0.0,0.0,,0.0,0.0,,0.0,0.0,,0.0,0.0,,0.0,0.0,0.0,0.0,0.0,0.0
intfloat/multilingual-e5-large-instruct,e5-large-instruct,EP-4633742-A2_en_q_zh,zh,en,synthetic,EP-4633742-A2,2,0,2,0.125,0.19342640361727081,8.0,8.0,0.125,0.1,0.4689955935892812,0.0,0.0,,0.0,0.0,,0.5,0.5,,0.5,0.5,,1.0,1.0,,1.0,1.0,,0.0,0.0,1.0,1.0,1.0,1.0
intfloat/multilingual-e5-large-instruct,e5-large-instruct,EP-4633791-A1_en_q_zh,zh,en,synthetic,EP-4633791-A1,2,0,2,0.2,0.23719771276929622,5.0,5.0,0.2,0.2,0.7219280948873623,0.0,0.0,,0.5,0.5,,0.5,0.5,,0.5,0.5,,1.0,1.0,,1.0,1.0,,0.0,1.0,1.0,1.0,1.0,1.0
intfloat/multilingual-e5-large-instruct,e5-large-instruct,EP-4630574-A1_fr_q_fr,fr,fr,original,EP-4630574-A1,3,1,2,0.0,0.0,inf,inf,0.0,0.0,-0.0,0.0,0.0,0.0,0.0,0.0,0.0,0.0,0.0,0.0,0.0,0.0,0.0,0.0,0.0,0.0,0.0,0.0,0.0,0.0,0.0,0.0,0.0,0.0,0.0
intfloat/multilingual-e5-large-instruct,e5-large-instruct,EP-4634111-A1_fr_q_fr,fr,fr,original,EP-4634111-A1,3,1,2,0.0,0.0,118.0,inf,0.0,0.0,-0.0,0.0,0.0,0.0,0.0,0.0,0.0,0.0,0.0,0.0,0.0,0.0,0.0,0.0,0.0,0.0,0.0,0.0,0.0,0.0,0.0,0.0,0.0,0.0,0.0
intfloat/multilingual-e5-large-instruct,e5-large-instruct,EP-4633622-A2_en_q_es,es,en,synthetic,EP-4633622-A2,3,0,3,0.0,0.0,378.0,378.0,0.0026455026455026454,0.0,-0.0,0.0,0.0,,0.0,0.0,,0.0,0.0,,0.0,0.0,,0.0,0.0,,0.0,0.0,,0.0,0.0,0.0,0.0,0.0,0.0
intfloat/multilingual-e5-large-instruct,e5-large-instruct,EP-4634187-A1_en_q_es_120,es,en,synthetic,EP-4634187-A1,3,0,3,0.0,0.0,66.0,66.0,0.015151515151515152,0.0,-0.0,0.0,0.0,,0.0,0.0,,0.0,0.0,,0.0,0.0,,0.0,0.0,,0.6666666666666666,0.6666666666666666,,0.0,0.0,0.0,0.0,0.0,1.0
intfloat/multilingual-e5-large-instruct,e5-large-instruct,EP-4634139-A1_fr_q_fr,fr,fr,original,EP-4634139-A1,3,1,2,1.0,0.46927872602275644,1.0,48.0,0.020833333333333332,0.0,-0.0,0.3333333333333333,0.0,1.0,0.3333333333333333,0.0,1.0,0.3333333333333333,0.0,1.0,0.3333333333333333,0.0,1.0,0.6666666666666666,0.5,1.0,0.6666666666666666,0.5,1.0,0.0,0.0,0.0,0.0,1.0,1.0
intfloat/multilingual-e5-large-instruct,e5-large-instruct,EP-4634136-A1_en_q_en,en,en,original,EP-4634136-A1,3,1,2,0.0,0.0,179.0,inf,0.0,0.1,0.4689955935892812,0.0,0.0,0.0,0.0,0.0,0.0,0.0,0.0,0.0,0.0,0.0,0.0,0.0,0.0,0.0,0.0,0.0,0.0,0.0,0.0,0.0,0.0,0.0,0.0
intfloat/multilingual-e5-large-instruct,e5-large-instruct,EP-4634136-A1_en_q_de,de,en,synthetic,EP-4634136-A1,3,0,3,0.0,0.0,inf,inf,0.0,0.0,-0.0,0.0,0.0,,0.0,0.0,,0.0,0.0,,0.0,0.0,,0.0,0.0,,0.0,0.0,,0.0,0.0,0.0,0.0,0.0,0.0
intfloat/multilingual-e5-large-instruct,e5-large-instruct,EP-4634136-A1_fr_q_fr,fr,fr,original,EP-4634136-A1,3,1,2,0.14285714285714285,0.15642624200758548,7.0,inf,0.0,0.0,-0.0,0.0,0.0,0.0,0.0,0.0,0.0,0.3333333333333333,0.0,1.0,0.3333333333333333,0.0,1.0,0.3333333333333333,0.0,1.0,0.3333333333333333,0.0,1.0,0.0,0.0,0.0,0.0,0.0,0.0
intfloat/multilingual-e5-large-instruct,e5-large-instruct,EP-4634136-A1_en_q_es_125,es,en,synthetic,EP-4634136-A1,3,0,3,0.0,0.0,inf,inf,0.0,0.0,-0.0,0.0,0.0,,0.0,0.0,,0.0,0.0,,0.0,0.0,,0.0,0.0,,0.0,0.0,,0.0,0.0,0.0,0.0,0.0,0.0
intfloat/multilingual-e5-large-instruct,e5-large-instruct,EP-4634136-A1_zh_q_zh,zh,zh,original,EP-4634136-A1,3,1,2,0.5,0.2960819109658652,2.0,338.0,0.0029585798816568047,0.0,-0.0,0.0,0.0,0.0,0.3333333333333333,0.0,1.0,0.3333333333333333,0.0,1.0,0.3333333333333333,0.0,1.0,0.3333333333333333,0.0,1.0,0.3333333333333333,0.0,1.0,0.0,0.0,0.0,0.0,0.0,0.0
intfloat/multilingual-e5-large-instruct,e5-large-instruct,EP-4634248-A1_en_q_en,en,en,original,EP-4634248-A1,3,1,2,1.0,0.46927872602275644,1.0,47.0,0.02127659574468085,0.0,-0.0,0.3333333333333333,0.0,1.0,0.3333333333333333,0.0,1.0,0.3333333333333333,0.0,1.0,0.3333333333333333,0.0,1.0,0.6666666666666666,0.5,1.0,1.0,1.0,1.0,0.0,0.0,0.0,0.0,1.0,1.0
intfloat/multilingual-e5-large-instruct,e5-large-instruct,EP-4634142-A1_en_q_es,es,en,synthetic,EP-4634142-A1,3,0,3,0.0,0.0,189.0,189.0,0.005291005291005291,0.0,-0.0,0.0,0.0,,0.0,0.0,,0.0,0.0,,0.0,0.0,,0.0,0.0,,0.0,0.0,,0.0,0.0,0.0,0.0,0.0,0.0
intfloat/multilingual-e5-large-instruct,e5-large-instruct,WO-2025214812-A1_de_q_es,es,de,synthetic,WO-2025214812-A1,3,0,3,0.0,0.0,225.0,225.0,0.0044444444444444444,0.0,-0.0,0.0,0.0,,0.0,0.0,,0.0,0.0,,0.0,0.0,,0.0,0.0,,0.0,0.0,,0.0,0.0,0.0,0.0,0.0,0.0
intfloat/multilingual-e5-large-instruct,e5-large-instruct,EP-4633662-A1_en_q_de,de,en,synthetic,EP-4633662-A1,3,0,3,0.0,0.0,158.0,158.0,0.006329113924050633,0.0,-0.0,0.0,0.0,,0.0,0.0,,0.0,0.0,,0.0,0.0,,0.0,0.0,,0.0,0.0,,0.0,0.0,0.0,0.0,0.0,0.0
intfloat/multilingual-e5-large-instruct,e5-large-instruct,WO-2025153617-A3_de_q_de,de,de,original,WO-2025153617-A3,3,1,2,1.0,0.46927872602275644,1.0,32.0,0.03125,0.0,-0.0,0.3333333333333333,0.0,1.0,0.3333333333333333,0.0,1.0,0.3333333333333333,0.0,1.0,0.3333333333333333,0.0,1.0,0.6666666666666666,0.5,1.0,0.6666666666666666,0.5,1.0,0.0,0.0,0.0,0.0,1.0,1.0
intfloat/multilingual-e5-large-instruct,e5-large-instruct,EP-4634596-A1_en_q_en,en,en,original,EP-4634596-A1,3,1,2,1.0,0.617319681505689,1.0,8.0,0.125,0.1,0.4689955935892812,0.3333333333333333,0.0,1.0,0.3333333333333333,0.0,1.0,0.6666666666666666,0.5,1.0,0.6666666666666666,0.5,1.0,1.0,1.0,1.0,1.0,1.0,1.0,0.0,0.0,1.0,1.0,1.0,1.0
intfloat/multilingual-e5-large-instruct,e5-large-instruct,EP-4634596-A1_en_q_de,de,en,synthetic,EP-4634596-A1,3,0,3,0.0,0.0,304.0,304.0,0.003289473684210526,0.0,-0.0,0.0,0.0,,0.0,0.0,,0.0,0.0,,0.0,0.0,,0.0,0.0,,0.0,0.0,,0.0,0.0,0.0,0.0,0.0,0.0
intfloat/multilingual-e5-large-instruct,e5-large-instruct,EP-4634596-A1_fr_q_fr,fr,fr,original,EP-4634596-A1,3,1,2,1.0,0.46927872602275644,1.0,525.0,0.0019047619047619048,0.0,-0.0,0.3333333333333333,0.0,1.0,0.3333333333333333,0.0,1.0,0.3333333333333333,0.0,1.0,0.3333333333333333,0.0,1.0,0.3333333333333333,0.0,1.0,0.3333333333333333,0.0,1.0,0.0,0.0,0.0,0.0,0.0,0.0
intfloat/multilingual-e5-large-instruct,e5-large-instruct,EP-4634596-A1_en_q_es_135,es,en,synthetic,EP-4634596-A1,3,0,3,0.0,0.0,14.0,14.0,0.07142857142857142,0.0,-0.0,0.0,0.0,,0.0,0.0,,0.0,0.0,,0.3333333333333333,0.3333333333333333,,0.3333333333333333,0.3333333333333333,,1.0,1.0,,0.0,0.0,0.0,1.0,1.0,1.0
intfloat/multilingual-e5-large-instruct,e5-large-instruct,EP-4634596-A1_zh_q_zh,zh,zh,original,EP-4634596-A1,3,1,2,1.0,0.46927872602275644,1.0,97.0,0.010309278350515464,0.0,-0.0,0.3333333333333333,0.0,1.0,0.3333333333333333,0.0,1.0,0.3333333333333333,0.0,1.0,0.3333333333333333,0.0,1.0,0.3333333333333333,0.0,1.0,0.6666666666666666,0.5,1.0,0.0,0.0,0.0,0.0,0.0,1.0
Alibaba-NLP/gte-multilingual-base,gte-base,EP-4633662-A1_en_q_en,en,en,original,EP-4633662-A1,3,1,2,0.0,0.0,inf,inf,0.0,0.0,-0.0,0.0,0.0,0.0,0.0,0.0,0.0,0.0,0.0,0.0,0.0,0.0,0.0,0.0,0.0,0.0,0.0,0.0,0.0,0.0,0.0,0.0,0.0,0.0,0.0
Alibaba-NLP/gte-multilingual-base,gte-base,EP-4630509-A1_fr_q_fr,fr,fr,original,EP-4630509-A1,3,1,2,0.0,0.0,714.0,inf,0.0,0.0,-0.0,0.0,0.0,0.0,0.0,0.0,0.0,0.0,0.0,0.0,0.0,0.0,0.0,0.0,0.0,0.0,0.0,0.0,0.0,0.0,0.0,0.0,0.0,0.0,0.0
Alibaba-NLP/gte-multilingual-base,gte-base,EP-4634248-A1_en_q_es,es,en,synthetic,EP-4634248-A1,3,0,3,0.0,0.0,inf,inf,0.0,0.0,-0.0,0.0,0.0,,0.0,0.0,,0.0,0.0,,0.0,0.0,,0.0,0.0,,0.0,0.0,,0.0,0.0,0.0,0.0,0.0,0.0
Alibaba-NLP/gte-multilingual-base,gte-base,EP-4634187-A1_en_q_es,es,en,synthetic,EP-4634187-A1,3,0,3,0.0,0.0,647.0,647.0,0.0015455950540958269,0.7,0.8812908992306927,0.0,0.0,,0.0,0.0,,0.0,0.0,,0.0,0.0,,0.0,0.0,,0.0,0.0,,0.0,0.0,0.0,0.0,0.0,0.0
Alibaba-NLP/gte-multilingual-base,gte-base,EP-4634142-A1_fr_q_fr,fr,fr,original,EP-4634142-A1,3,1,2,0.0,0.0,47.0,inf,0.0,0.0,-0.0,0.0,0.0,0.0,0.0,0.0,0.0,0.0,0.0,0.0,0.0,0.0,0.0,0.3333333333333333,0.0,1.0,0.3333333333333333,0.0,1.0,0.0,0.0,0.0,0.0,0.0,0.0
Alibaba-NLP/gte-multilingual-base,gte-base,EP-4633768-A2_en_q_es,es,en,synthetic,EP-4633768-A2,3,0,3,0.0,0.0,inf,inf,0.0,0.9,1.295461844238322,0.0,0.0,,0.0,0.0,,0.0,0.0,,0.0,0.0,,0.0,0.0,,0.0,0.0,,0.0,0.0,0.0,0.0,0.0,0.0
Alibaba-NLP/gte-multilingual-base,gte-base,EP-4633645-A1_fr_q_fr,fr,fr,original,EP-4633645-A1,3,1,2,0.0,0.0,inf,inf,0.0,0.0,-0.0,0.0,0.0,0.0,0.0,0.0,0.0,0.0,0.0,0.0,0.0,0.0,0.0,0.0,0.0,0.0,0.0,0.0,0.0,0.0,0.0,0.0,0.0,0.0,0.0
Alibaba-NLP/gte-multilingual-base,gte-base,EP-4633622-A2_en_q_de,de,en,synthetic,EP-4633622-A2,3,0,3,0.0,0.0,inf,inf,0.0,0.2,0.7219280948873623,0.0,0.0,,0.0,0.0,,0.0,0.0,,0.0,0.0,,0.0,0.0,,0.0,0.0,,0.0,0.0,0.0,0.0,0.0,0.0
Alibaba-NLP/gte-multilingual-base,gte-base,EP-4634601-A1_en_q_en,en,en,original,EP-4634601-A1,3,1,2,0.0,0.0,inf,inf,0.0,0.0,-0.0,0.0,0.0,0.0,0.0,0.0,0.0,0.0,0.0,0.0,0.0,0.0,0.0,0.0,0.0,0.0,0.0,0.0,0.0,0.0,0.0,0.0,0.0,0.0,0.0
Alibaba-NLP/gte-multilingual-base,gte-base,EP-4630626-A1_de_q_de,de,de,original,EP-4630626-A1,3,1,2,0.0,0.0,inf,inf,0.0,0.2,0.9219280948873623,0.0,0.0,0.0,0.0,0.0,0.0,0.0,0.0,0.0,0.0,0.0,0.0,0.0,0.0,0.0,0.0,0.0,0.0,0.0,0.0,0.0,0.0,0.0,0.0
Alibaba-NLP/gte-multilingual-base,gte-base,EP-4630600-A1_de_q_en,en,de,synthetic,EP-4630600-A1,3,0,3,0.0,0.0,inf,inf,0.0,0.0,-0.0,0.0,0.0,,0.0,0.0,,0.0,0.0,,0.0,0.0,,0.0,0.0,,0.0,0.0,,0.0,0.0,0.0,0.0,0.0,0.0
Alibaba-NLP/gte-multilingual-base,gte-base,EP-4633632-A1_en_q_es,es,en,synthetic,EP-4633632-A1,3,0,3,0.0,0.0,inf,inf,0.0,0.9,1.1567796494470395,0.0,0.0,,0.0,0.0,,0.0,0.0,,0.0,0.0,,0.0,0.0,,0.0,0.0,,0.0,0.0,0.0,0.0,0.0,0.0
Alibaba-NLP/gte-multilingual-base,gte-base,EP-4634136-A1_en_q_es,es,en,synthetic,EP-4634136-A1,3,0,3,0.0,0.0,inf,inf,0.0,0.4,1.295461844238322,0.0,0.0,,0.0,0.0,,0.0,0.0,,0.0,0.0,,0.0,0.0,,0.0,0.0,,0.0,0.0,0.0,0.0,0.0,0.0
Alibaba-NLP/gte-multilingual-base,gte-base,EP-4634157-A1_en_q_de,de,en,synthetic,EP-4634157-A1,3,0,3,0.0,0.0,430.0,430.0,0.002325581395348837,1.0,1.4854752972273344,0.0,0.0,,0.0,0.0,,0.0,0.0,,0.0,0.0,,0.0,0.0,,0.0,0.0,,0.0,0.0,0.0,0.0,0.0,0.0
Alibaba-NLP/gte-multilingual-base,gte-base,EP-4630574-A1_de_q_en,en,de,synthetic,EP-4630574-A1,3,0,3,0.0,0.0,inf,inf,0.0,0.0,-0.0,0.0,0.0,,0.0,0.0,,0.0,0.0,,0.0,0.0,,0.0,0.0,,0.0,0.0,,0.0,0.0,0.0,0.0,0.0,0.0
Alibaba-NLP/gte-multilingual-base,gte-base,EP-4634111-A1_en_q_de,de,en,synthetic,EP-4634111-A1,3,0,3,0.0,0.0,inf,inf,0.0,0.0,-0.0,0.0,0.0,,0.0,0.0,,0.0,0.0,,0.0,0.0,,0.0,0.0,,0.0,0.0,,0.0,0.0,0.0,0.0,0.0,0.0
Alibaba-NLP/gte-multilingual-base,gte-base,EP-4634596-A1_en_q_es,es,en,synthetic,EP-4634596-A1,3,0,3,0.0,0.0,123.0,123.0,0.008130081300813009,0.7,1.295461844238322,0.0,0.0,,0.0,0.0,,0.0,0.0,,0.0,0.0,,0.0,0.0,,0.0,0.0,,0.0,0.0,0.0,0.0,0.0,0.0
Alibaba-NLP/gte-multilingual-base,gte-base,EP-4634139-A1_en_q_es,es,en,synthetic,EP-4634139-A1,3,0,3,0.0,0.0,inf,inf,0.0,1.0,0.4689955935892812,0.0,0.0,,0.0,0.0,,0.0,0.0,,0.0,0.0,,0.0,0.0,,0.0,0.0,,0.0,0.0,0.0,0.0,0.0,0.0
Alibaba-NLP/gte-multilingual-base,gte-base,WO-2025153617-A3_de_q_en,en,de,synthetic,WO-2025153617-A3,3,0,3,0.0,0.0,inf,inf,0.0,0.0,-0.0,0.0,0.0,,0.0,0.0,,0.0,0.0,,0.0,0.0,,0.0,0.0,,0.0,0.0,,0.0,0.0,0.0,0.0,0.0,0.0
Alibaba-NLP/gte-multilingual-base,gte-base,EP-4634251-A1_en_q_es,es,en,synthetic,EP-4634251-A1,3,0,3,0.0,0.0,565.0,565.0,0.0017699115044247787,1.0,0.4689955935892812,0.0,0.0,,0.0,0.0,,0.0,0.0,,0.0,0.0,,0.0,0.0,,0.0,0.0,,0.0,0.0,0.0,0.0,0.0,0.0
Alibaba-NLP/gte-multilingual-base,gte-base,EP-4634426-A1_en_q_es,es,en,synthetic,EP-4634426-A1,3,0,3,0.0,0.0,inf,inf,0.0,0.0,-0.0,0.0,0.0,,0.0,0.0,,0.0,0.0,,0.0,0.0,,0.0,0.0,,0.0,0.0,,0.0,0.0,0.0,0.0,0.0,0.0
Alibaba-NLP/gte-multilingual-base,gte-base,EP-4634729-A1_en_q_de,de,en,synthetic,EP-4634729-A1,2,0,2,0.0,0.0,inf,inf,0.0,0.0,-0.0,0.0,0.0,,0.0,0.0,,0.0,0.0,,0.0,0.0,,0.0,0.0,,0.0,0.0,,0.0,0.0,0.0,0.0,0.0,0.0
Alibaba-NLP/gte-multilingual-base,gte-base,EP-4626569-A1_de_q_en,en,de,synthetic,EP-4626569-A1,2,0,2,0.0,0.0,inf,inf,0.0,0.0,-0.0,0.0,0.0,,0.0,0.0,,0.0,0.0,,0.0,0.0,,0.0,0.0,,0.0,0.0,,0.0,0.0,0.0,0.0,0.0,0.0
Alibaba-NLP/gte-multilingual-base,gte-base,EP-4634394-A2_en_q_es,es,en,synthetic,EP-4634394-A2,2,0,2,0.0,0.0,inf,inf,0.0,1.0,0.9709505944546686,0.0,0.0,,0.0,0.0,,0.0,0.0,,0.0,0.0,,0.0,0.0,,0.0,0.0,,0.0,0.0,0.0,0.0,0.0,0.0
Alibaba-NLP/gte-multilingual-base,gte-base,EP-4634424-A1_en_q_es,es,en,synthetic,EP-4634424-A1,2,0,2,0.0,0.0,inf,inf,0.0,0.1,0.4689955935892812,0.0,0.0,,0.0,0.0,,0.0,0.0,,0.0,0.0,,0.0,0.0,,0.0,0.0,,0.0,0.0,0.0,0.0,0.0,0.0
Alibaba-NLP/gte-multilingual-base,gte-base,EP-4633602-A1_en_q_de,de,en,synthetic,EP-4633602-A1,2,0,2,0.0,0.0,inf,inf,0.0,0.2,0.7219280948873623,0.0,0.0,,0.0,0.0,,0.0,0.0,,0.0,0.0,,0.0,0.0,,0.0,0.0,,0.0,0.0,0.0,0.0,0.0,0.0
Alibaba-NLP/gte-multilingual-base,gte-base,EP-4634337-A1_en_q_en,en,en,original,EP-4634337-A1,2,1,1,0.0,0.0,inf,inf,0.0,0.0,-0.0,0.0,0.0,0.0,0.0,0.0,0.0,0.0,0.0,0.0,0.0,0.0,0.0,0.0,0.0,0.0,0.0,0.0,0.0,0.0,0.0,0.0,0.0,0.0,0.0
Alibaba-NLP/gte-multilingual-base,gte-base,EP-4634128-A1_en_q_en,en,en,original,EP-4634128-A1,2,1,1,0.0,0.0,inf,inf,0.0,0.0,-0.0,0.0,0.0,0.0,0.0,0.0,0.0,0.0,0.0,0.0,0.0,0.0,0.0,0.0,0.0,0.0,0.0,0.0,0.0,0.0,0.0,0.0,0.0,0.0,0.0
Alibaba-NLP/gte-multilingual-base,gte-base,EP-4633896-A1_en_q_en,en,en,original,EP-4633896-A1,2,1,1,0.0,0.0,inf,inf,0.0,0.0,-0.0,0.0,0.0,0.0,0.0,0.0,0.0,0.0,0.0,0.0,0.0,0.0,0.0,0.0,0.0,0.0,0.0,0.0,0.0,0.0,0.0,0.0,0.0,0.0,0.0
Alibaba-NLP/gte-multilingual-base,gte-base,WO-2025215091-A1_fr_q_fr,fr,fr,original,WO-2025215091-A1,2,1,1,0.0,0.0,inf,inf,0.0,0.0,-0.0,0.0,0.0,0.0,0.0,0.0,0.0,0.0,0.0,0.0,0.0,0.0,0.0,0.0,0.0,0.0,0.0,0.0,0.0,0.0,0.0,0.0,0.0,0.0,0.0
Alibaba-NLP/gte-multilingual-base,gte-base,EP-4633599-A1_fr_q_fr,fr,fr,original,EP-4633599-A1,2,1,1,0.0,0.0,759.0,inf,0.0,0.0,-0.0,0.0,0.0,0.0,0.0,0.0,0.0,0.0,0.0,0.0,0.0,0.0,0.0,0.0,0.0,0.0,0.0,0.0,0.0,0.0,0.0,0.0,0.0,0.0,0.0
Alibaba-NLP/gte-multilingual-base,gte-base,EP-4633656-A1_fr_q_fr,fr,fr,original,EP-4633656-A1,2,1,1,0.0,0.0,inf,inf,0.0,0.5,1.360964047443681,0.0,0.0,0.0,0.0,0.0,0.0,0.0,0.0,0.0,0.0,0.0,0.0,0.0,0.0,0.0,0.0,0.0,0.0,0.0,0.0,0.0,0.0,0.0,0.0
Alibaba-NLP/gte-multilingual-base,gte-base,WO-2025208167-A1_de_q_de,de,de,original,WO-2025208167-A1,2,1,1,0.0,0.0,818.0,inf,0.0,0.8,1.1567796494470395,0.0,0.0,0.0,0.0,0.0,0.0,0.0,0.0,0.0,0.0,0.0,0.0,0.0,0.0,0.0,0.0,0.0,0.0,0.0,0.0,0.0,0.0,0.0,0.0
Alibaba-NLP/gte-multilingual-base,gte-base,EP-4634396-A1_fr_q_fr,fr,fr,original,EP-4634396-A1,2,1,1,0.0,0.0,inf,inf,0.0,0.5,1.4854752972273344,0.0,0.0,0.0,0.0,0.0,0.0,0.0,0.0,0.0,0.0,0.0,0.0,0.0,0.0,0.0,0.0,0.0,0.0,0.0,0.0,0.0,0.0,0.0,0.0
Alibaba-NLP/gte-multilingual-base,gte-base,EP-4633893-A1_fr_q_fr,fr,fr,original,EP-4633893-A1,2,1,1,0.0,0.0,inf,inf,0.0,0.9,0.9219280948873623,0.0,0.0,0.0,0.0,0.0,0.0,0.0,0.0,0.0,0.0,0.0,0.0,0.0,0.0,0.0,0.0,0.0,0.0,0.0,0.0,0.0,0.0,0.0,0.0
Alibaba-NLP/gte-multilingual-base,gte-base,EP-4633462-A1_en_q_en,en,en,original,EP-4633462-A1,2,1,1,0.0,0.0,inf,inf,0.0,0.0,-0.0,0.0,0.0,0.0,0.0,0.0,0.0,0.0,0.0,0.0,0.0,0.0,0.0,0.0,0.0,0.0,0.0,0.0,0.0,0.0,0.0,0.0,0.0,0.0,0.0
Alibaba-NLP/gte-multilingual-base,gte-base,EP-4633386-A1_en_q_en,en,en,original,EP-4633386-A1,2,1,1,0.0,0.0,inf,inf,0.0,0.1,0.4689955935892812,0.0,0.0,0.0,0.0,0.0,0.0,0.0,0.0,0.0,0.0,0.0,0.0,0.0,0.0,0.0,0.0,0.0,0.0,0.0,0.0,0.0,0.0,0.0,0.0
Alibaba-NLP/gte-multilingual-base,gte-base,EP-4633970-A1_fr_q_fr,fr,fr,original,EP-4633970-A1,2,1,1,0.0,0.0,inf,inf,0.0,0.2,0.7219280948873623,0.0,0.0,0.0,0.0,0.0,0.0,0.0,0.0,0.0,0.0,0.0,0.0,0.0,0.0,0.0,0.0,0.0,0.0,0.0,0.0,0.0,0.0,0.0,0.0
Alibaba-NLP/gte-multilingual-base,gte-base,EP-4633415-A1_en_q_en,en,en,original,EP-4633415-A1,2,1,1,0.0,0.0,inf,inf,0.0,0.0,-0.0,0.0,0.0,0.0,0.0,0.0,0.0,0.0,0.0,0.0,0.0,0.0,0.0,0.0,0.0,0.0,0.0,0.0,0.0,0.0,0.0,0.0,0.0,0.0,0.0
Alibaba-NLP/gte-multilingual-base,gte-base,EP-4633415-A1_en_q_de,de,en,synthetic,EP-4633415-A1,2,0,2,0.0,0.0,inf,inf,0.0,0.3,0.8812908992306927,0.0,0.0,,0.0,0.0,,0.0,0.0,,0.0,0.0,,0.0,0.0,,0.0,0.0,,0.0,0.0,0.0,0.0,0.0,0.0
Alibaba-NLP/gte-multilingual-base,gte-base,EP-4633415-A1_fr_q_fr,fr,fr,original,EP-4633415-A1,2,1,1,0.0,0.0,inf,inf,0.0,0.1,0.4689955935892812,0.0,0.0,0.0,0.0,0.0,0.0,0.0,0.0,0.0,0.0,0.0,0.0,0.0,0.0,0.0,0.0,0.0,0.0,0.0,0.0,0.0,0.0,0.0,0.0
Alibaba-NLP/gte-multilingual-base,gte-base,EP-4633415-A1_en_q_es,es,en,synthetic,EP-4633415-A1,2,0,2,0.0,0.0,inf,inf,0.0,0.0,-0.0,0.0,0.0,,0.0,0.0,,0.0,0.0,,0.0,0.0,,0.0,0.0,,0.0,0.0,,0.0,0.0,0.0,0.0,0.0,0.0
Alibaba-NLP/gte-multilingual-base,gte-base,EP-4633950-A1_en_q_en,en,en,original,EP-4633950-A1,2,1,1,0.0,0.0,253.0,inf,0.0,0.0,-0.0,0.0,0.0,0.0,0.0,0.0,0.0,0.0,0.0,0.0,0.0,0.0,0.0,0.0,0.0,0.0,0.0,0.0,0.0,0.0,0.0,0.0,0.0,0.0,0.0
Alibaba-NLP/gte-multilingual-base,gte-base,EP-4633950-A1_en_q_de,de,en,synthetic,EP-4633950-A1,2,0,2,0.0,0.0,inf,inf,0.0,0.9,0.4689955935892812,0.0,0.0,,0.0,0.0,,0.0,0.0,,0.0,0.0,,0.0,0.0,,0.0,0.0,,0.0,0.0,0.0,0.0,0.0,0.0
Alibaba-NLP/gte-multilingual-base,gte-base,EP-4633950-A1_fr_q_fr,fr,fr,original,EP-4633950-A1,2,1,1,0.0,0.0,inf,inf,0.0,0.2,0.7219280948873623,0.0,0.0,0.0,0.0,0.0,0.0,0.0,0.0,0.0,0.0,0.0,0.0,0.0,0.0,0.0,0.0,0.0,0.0,0.0,0.0,0.0,0.0,0.0,0.0
Alibaba-NLP/gte-multilingual-base,gte-base,EP-4633950-A1_en_q_es,es,en,synthetic,EP-4633950-A1,2,0,2,0.0,0.0,inf,inf,0.0,0.9,0.9219280948873623,0.0,0.0,,0.0,0.0,,0.0,0.0,,0.0,0.0,,0.0,0.0,,0.0,0.0,,0.0,0.0,0.0,0.0,0.0,0.0
Alibaba-NLP/gte-multilingual-base,gte-base,EP-4634629-A1_en_q_en,en,en,original,EP-4634629-A1,3,1,2,0.0,0.0,inf,inf,0.0,0.0,-0.0,0.0,0.0,0.0,0.0,0.0,0.0,0.0,0.0,0.0,0.0,0.0,0.0,0.0,0.0,0.0,0.0,0.0,0.0,0.0,0.0,0.0,0.0,0.0,0.0
Alibaba-NLP/gte-multilingual-base,gte-base,EP-4634629-A1_de_q_de,de,de,original,EP-4634629-A1,3,1,2,0.0,0.0,inf,inf,0.0,0.6,0.9709505944546686,0.0,0.0,0.0,0.0,0.0,0.0,0.0,0.0,0.0,0.0,0.0,0.0,0.0,0.0,0.0,0.0,0.0,0.0,0.0,0.0,0.0,0.0,0.0,0.0
Alibaba-NLP/gte-multilingual-base,gte-base,EP-4634629-A1_fr_q_fr,fr,fr,original,EP-4634629-A1,3,1,2,0.0,0.0,inf,inf,0.0,0.0,-0.0,0.0,0.0,0.0,0.0,0.0,0.0,0.0,0.0,0.0,0.0,0.0,0.0,0.0,0.0,0.0,0.0,0.0,0.0,0.0,0.0,0.0,0.0,0.0,0.0
Alibaba-NLP/gte-multilingual-base,gte-base,EP-4634629-A1_en_q_es,es,en,synthetic,EP-4634629-A1,3,0,3,0.0,0.0,inf,inf,0.0,0.9,1.5709505944546687,0.0,0.0,,0.0,0.0,,0.0,0.0,,0.0,0.0,,0.0,0.0,,0.0,0.0,,0.0,0.0,0.0,0.0,0.0,0.0
Alibaba-NLP/gte-multilingual-base,gte-base,EP-4633582-A1_en_q_es,es,en,synthetic,EP-4633582-A1,2,0,2,0.0,0.0,inf,inf,0.0,1.0,-0.0,0.0,0.0,,0.0,0.0,,0.0,0.0,,0.0,0.0,,0.0,0.0,,0.0,0.0,,0.0,0.0,0.0,0.0,0.0,0.0
Alibaba-NLP/gte-multilingual-base,gte-base,EP-4634165-A1_en_q_es,es,en,synthetic,EP-4634165-A1,2,0,2,0.0,0.0,inf,inf,0.0,0.0,-0.0,0.0,0.0,,0.0,0.0,,0.0,0.0,,0.0,0.0,,0.0,0.0,,0.0,0.0,,0.0,0.0,0.0,0.0,0.0,0.0
Alibaba-NLP/gte-multilingual-base,gte-base,EP-4633677-A1_en_q_de,de,en,synthetic,EP-4633677-A1,2,0,2,0.0,0.0,inf,inf,0.0,0.0,-0.0,0.0,0.0,,0.0,0.0,,0.0,0.0,,0.0,0.0,,0.0,0.0,,0.0,0.0,,0.0,0.0,0.0,0.0,0.0,0.0
Alibaba-NLP/gte-multilingual-base,gte-base,EP-4634246-A1_en_q_en,en,en,original,EP-4634246-A1,2,1,1,0.0,0.0,inf,inf,0.0,0.0,-0.0,0.0,0.0,0.0,0.0,0.0,0.0,0.0,0.0,0.0,0.0,0.0,0.0,0.0,0.0,0.0,0.0,0.0,0.0,0.0,0.0,0.0,0.0,0.0,0.0
Alibaba-NLP/gte-multilingual-base,gte-base,EP-4634120-A1_en_q_de,de,en,synthetic,EP-4634120-A1,2,0,2,0.0,0.0,inf,inf,0.0,0.0,-0.0,0.0,0.0,,0.0,0.0,,0.0,0.0,,0.0,0.0,,0.0,0.0,,0.0,0.0,,0.0,0.0,0.0,0.0,0.0,0.0
Alibaba-NLP/gte-multilingual-base,gte-base,EP-4633638-A1_en_q_en,en,en,original,EP-4633638-A1,2,1,1,0.0,0.0,inf,inf,0.0,0.0,-0.0,0.0,0.0,0.0,0.0,0.0,0.0,0.0,0.0,0.0,0.0,0.0,0.0,0.0,0.0,0.0,0.0,0.0,0.0,0.0,0.0,0.0,0.0,0.0,0.0
Alibaba-NLP/gte-multilingual-base,gte-base,EP-4633389-A1_en_q_en,en,en,original,EP-4633389-A1,2,1,1,0.0,0.0,56.0,inf,0.0,0.0,-0.0,0.0,0.0,0.0,0.0,0.0,0.0,0.0,0.0,0.0,0.0,0.0,0.0,0.0,0.0,0.0,0.5,0.0,1.0,0.0,0.0,0.0,0.0,0.0,0.0
Alibaba-NLP/gte-multilingual-base,gte-base,WO-2025209629-A1_de_q_es,es,de,synthetic,WO-2025209629-A1,2,0,2,0.0,0.0,inf,inf,0.0,0.9,2.1709505944546685,0.0,0.0,,0.0,0.0,,0.0,0.0,,0.0,0.0,,0.0,0.0,,0.0,0.0,,0.0,0.0,0.0,0.0,0.0,0.0
Alibaba-NLP/gte-multilingual-base,gte-base,EP-4634132-A2_en_q_en,en,en,original,EP-4634132-A2,2,1,1,0.0,0.0,inf,inf,0.0,0.0,-0.0,0.0,0.0,0.0,0.0,0.0,0.0,0.0,0.0,0.0,0.0,0.0,0.0,0.0,0.0,0.0,0.0,0.0,0.0,0.0,0.0,0.0,0.0,0.0,0.0
Alibaba-NLP/gte-multilingual-base,gte-base,EP-4634914-A1_en_q_es,es,en,synthetic,EP-4634914-A1,2,0,2,0.0,0.0,inf,inf,0.0,0.0,-0.0,0.0,0.0,,0.0,0.0,,0.0,0.0,,0.0,0.0,,0.0,0.0,,0.0,0.0,,0.0,0.0,0.0,0.0,0.0,0.0
Alibaba-NLP/gte-multilingual-base,gte-base,EP-4634285-A1_en_q_de,de,en,synthetic,EP-4634285-A1,2,0,2,0.0,0.0,inf,inf,0.0,0.0,-0.0,0.0,0.0,,0.0,0.0,,0.0,0.0,,0.0,0.0,,0.0,0.0,,0.0,0.0,,0.0,0.0,0.0,0.0,0.0,0.0
Alibaba-NLP/gte-multilingual-base,gte-base,EP-4634122-A1_fr_q_fr,fr,fr,original,EP-4634122-A1,2,1,1,0.0,0.0,inf,inf,0.0,0.1,0.4689955935892812,0.0,0.0,0.0,0.0,0.0,0.0,0.0,0.0,0.0,0.0,0.0,0.0,0.0,0.0,0.0,0.0,0.0,0.0,0.0,0.0,0.0,0.0,0.0,0.0
Alibaba-NLP/gte-multilingual-base,gte-base,EP-4634365-A1_fr_q_fr,fr,fr,original,EP-4634365-A1,2,1,1,0.5,0.38685280723454163,2.0,inf,0.0,0.0,-0.0,0.0,0.0,0.0,0.5,0.0,1.0,0.5,0.0,1.0,0.5,0.0,1.0,0.5,0.0,1.0,0.5,0.0,1.0,0.0,0.0,0.0,0.0,0.0,0.0
Alibaba-NLP/gte-multilingual-base,gte-base,WO-2025214709-A1_de_q_es,es,de,synthetic,WO-2025214709-A1,2,0,2,0.0,0.0,810.0,810.0,0.0012345679012345679,0.4,0.9709505944546686,0.0,0.0,,0.0,0.0,,0.0,0.0,,0.0,0.0,,0.0,0.0,,0.0,0.0,,0.0,0.0,0.0,0.0,0.0,0.0
Alibaba-NLP/gte-multilingual-base,gte-base,EP-4633426-A2_en_q_es,es,en,synthetic,EP-4633426-A2,3,0,3,0.0,0.0,554.0,554.0,0.0018050541516245488,0.5,1.0,0.0,0.0,,0.0,0.0,,0.0,0.0,,0.0,0.0,,0.0,0.0,,0.0,0.0,,0.0,0.0,0.0,0.0,0.0,0.0
Alibaba-NLP/gte-multilingual-base,gte-base,EP-4630604-A1_de_q_es,es,de,synthetic,EP-4630604-A1,2,0,2,0.0,0.0,inf,inf,0.0,0.5,1.0,0.0,0.0,,0.0,0.0,,0.0,0.0,,0.0,0.0,,0.0,0.0,,0.0,0.0,,0.0,0.0,0.0,0.0,0.0,0.0
Alibaba-NLP/gte-multilingual-base,gte-base,EP-4634118-A1_en_q_es,es,en,synthetic,EP-4634118-A1,2,0,2,0.0,0.0,inf,inf,0.0,1.0,-0.0,0.0,0.0,,0.0,0.0,,0.0,0.0,,0.0,0.0,,0.0,0.0,,0.0,0.0,,0.0,0.0,0.0,0.0,0.0,0.0
Alibaba-NLP/gte-multilingual-base,gte-base,EP-4634404-A1_en_q_de,de,en,synthetic,EP-4634404-A1,2,0,2,0.0,0.0,inf,inf,0.0,0.0,-0.0,0.0,0.0,,0.0,0.0,,0.0,0.0,,0.0,0.0,,0.0,0.0,,0.0,0.0,,0.0,0.0,0.0,0.0,0.0,0.0
Alibaba-NLP/gte-multilingual-base,gte-base,EP-4633465-A1_en_q_de,de,en,synthetic,EP-4633465-A1,2,0,2,0.0,0.0,inf,inf,0.0,0.0,-0.0,0.0,0.0,,0.0,0.0,,0.0,0.0,,0.0,0.0,,0.0,0.0,,0.0,0.0,,0.0,0.0,0.0,0.0,0.0,0.0
Alibaba-NLP/gte-multilingual-base,gte-base,EP-4633680-A1_en_q_es,es,en,synthetic,EP-4633680-A1,2,0,2,0.0,0.0,627.0,627.0,0.001594896331738437,1.0,-0.0,0.0,0.0,,0.0,0.0,,0.0,0.0,,0.0,0.0,,0.0,0.0,,0.0,0.0,,0.0,0.0,0.0,0.0,0.0,0.0
Alibaba-NLP/gte-multilingual-base,gte-base,WO-2025201606-A1_de_q_es,es,de,synthetic,WO-2025201606-A1,2,0,2,0.0,0.0,inf,inf,0.0,0.0,-0.0,0.0,0.0,,0.0,0.0,,0.0,0.0,,0.0,0.0,,0.0,0.0,,0.0,0.0,,0.0,0.0,0.0,0.0,0.0,0.0
Alibaba-NLP/gte-multilingual-base,gte-base,EP-4634435-A1_en_q_de,de,en,synthetic,EP-4634435-A1,2,0,2,0.0,0.0,inf,inf,0.0,0.1,0.4689955935892812,0.0,0.0,,0.0,0.0,,0.0,0.0,,0.0,0.0,,0.0,0.0,,0.0,0.0,,0.0,0.0,0.0,0.0,0.0,0.0
Alibaba-NLP/gte-multilingual-base,gte-base,EP-4634143-A1_en_q_de,de,en,synthetic,EP-4634143-A1,2,0,2,0.0,0.0,inf,inf,0.0,0.0,-0.0,0.0,0.0,,0.0,0.0,,0.0,0.0,,0.0,0.0,,0.0,0.0,,0.0,0.0,,0.0,0.0,0.0,0.0,0.0,0.0
Alibaba-NLP/gte-multilingual-base,gte-base,EP-4634411-A1_en_q_de,de,en,synthetic,EP-4634411-A1,2,0,2,0.0,0.0,inf,inf,0.0,0.0,-0.0,0.0,0.0,,0.0,0.0,,0.0,0.0,,0.0,0.0,,0.0,0.0,,0.0,0.0,,0.0,0.0,0.0,0.0,0.0,0.0
Alibaba-NLP/gte-multilingual-base,gte-base,EP-4634287-A1_en_q_es,es,en,synthetic,EP-4634287-A1,3,0,3,0.0,0.0,inf,inf,0.0,0.2,0.7219280948873623,0.0,0.0,,0.0,0.0,,0.0,0.0,,0.0,0.0,,0.0,0.0,,0.0,0.0,,0.0,0.0,0.0,0.0,0.0,0.0
Alibaba-NLP/gte-multilingual-base,gte-base,EP-4633627-A1_en_q_de,de,en,synthetic,EP-4633627-A1,2,0,2,0.0,0.0,inf,inf,0.0,0.0,-0.0,0.0,0.0,,0.0,0.0,,0.0,0.0,,0.0,0.0,,0.0,0.0,,0.0,0.0,,0.0,0.0,0.0,0.0,0.0,0.0
Alibaba-NLP/gte-multilingual-base,gte-base,EP-4633670-A1_fr_q_fr,fr,fr,original,EP-4633670-A1,2,1,1,0.0,0.0,inf,inf,0.0,0.1,0.4689955935892812,0.0,0.0,0.0,0.0,0.0,0.0,0.0,0.0,0.0,0.0,0.0,0.0,0.0,0.0,0.0,0.0,0.0,0.0,0.0,0.0,0.0,0.0,0.0,0.0
Alibaba-NLP/gte-multilingual-base,gte-base,WO-2025202163-A1_fr_q_fr,fr,fr,original,WO-2025202163-A1,2,1,1,0.0,0.0,inf,inf,0.0,0.0,-0.0,0.0,0.0,0.0,0.0,0.0,0.0,0.0,0.0,0.0,0.0,0.0,0.0,0.0,0.0,0.0,0.0,0.0,0.0,0.0,0.0,0.0,0.0,0.0,0.0
Alibaba-NLP/gte-multilingual-base,gte-base,WO-2025214852-A1_fr_q_fr,fr,fr,original,WO-2025214852-A1,2,1,1,0.0,0.0,inf,inf,0.0,0.0,-0.0,0.0,0.0,0.0,0.0,0.0,0.0,0.0,0.0,0.0,0.0,0.0,0.0,0.0,0.0,0.0,0.0,0.0,0.0,0.0,0.0,0.0,0.0,0.0,0.0
Alibaba-NLP/gte-multilingual-base,gte-base,WO-2025214996-A1_fr_q_fr,fr,fr,original,WO-2025214996-A1,2,1,1,0.0,0.0,inf,inf,0.0,0.0,-0.0,0.0,0.0,0.0,0.0,0.0,0.0,0.0,0.0,0.0,0.0,0.0,0.0,0.0,0.0,0.0,0.0,0.0,0.0,0.0,0.0,0.0,0.0,0.0,0.0
Alibaba-NLP/gte-multilingual-base,gte-base,EP-4630123-A1_de_q_de,de,de,original,EP-4630123-A1,2,1,1,0.0,0.0,289.0,inf,0.0,0.0,-0.0,0.0,0.0,0.0,0.0,0.0,0.0,0.0,0.0,0.0,0.0,0.0,0.0,0.0,0.0,0.0,0.0,0.0,0.0,0.0,0.0,0.0,0.0,0.0,0.0
Alibaba-NLP/gte-multilingual-base,gte-base,EP-4634646-A1_en_q_en,en,en,original,EP-4634646-A1,2,1,1,0.0,0.0,702.0,829.0,0.0012062726176115801,0.0,-0.0,0.0,0.0,0.0,0.0,0.0,0.0,0.0,0.0,0.0,0.0,0.0,0.0,0.0,0.0,0.0,0.0,0.0,0.0,0.0,0.0,0.0,0.0,0.0,0.0
Alibaba-NLP/gte-multilingual-base,gte-base,EP-4634294-A1_en_q_en,en,en,original,EP-4634294-A1,2,1,1,0.0,0.0,610.0,inf,0.0,0.0,-0.0,0.0,0.0,0.0,0.0,0.0,0.0,0.0,0.0,0.0,0.0,0.0,0.0,0.0,0.0,0.0,0.0,0.0,0.0,0.0,0.0,0.0,0.0,0.0,0.0
Alibaba-NLP/gte-multilingual-base,gte-base,EP-4634436-A1_fr_q_fr,fr,fr,original,EP-4634436-A1,2,1,1,0.0,0.0,945.0,inf,0.0,0.0,-0.0,0.0,0.0,0.0,0.0,0.0,0.0,0.0,0.0,0.0,0.0,0.0,0.0,0.0,0.0,0.0,0.0,0.0,0.0,0.0,0.0,0.0,0.0,0.0,0.0
Alibaba-NLP/gte-multilingual-base,gte-base,EP-4633761-A1_en_q_en,en,en,original,EP-4633761-A1,2,1,1,0.0,0.0,inf,inf,0.0,0.0,-0.0,0.0,0.0,0.0,0.0,0.0,0.0,0.0,0.0,0.0,0.0,0.0,0.0,0.0,0.0,0.0,0.0,0.0,0.0,0.0,0.0,0.0,0.0,0.0,0.0
Alibaba-NLP/gte-multilingual-base,gte-base,WO-2025215167-A1_de_q_de,de,de,original,WO-2025215167-A1,2,1,1,0.0,0.0,inf,inf,0.0,0.0,-0.0,0.0,0.0,0.0,0.0,0.0,0.0,0.0,0.0,0.0,0.0,0.0,0.0,0.0,0.0,0.0,0.0,0.0,0.0,0.0,0.0,0.0,0.0,0.0,0.0
Alibaba-NLP/gte-multilingual-base,gte-base,EP-4626962-A1_de_q_en,en,de,synthetic,EP-4626962-A1,2,0,2,0.0,0.0,inf,inf,0.0,0.0,-0.0,0.0,0.0,,0.0,0.0,,0.0,0.0,,0.0,0.0,,0.0,0.0,,0.0,0.0,,0.0,0.0,0.0,0.0,0.0,0.0
Alibaba-NLP/gte-multilingual-base,gte-base,EP-4626962-A1_de_q_de,de,de,original,EP-4626962-A1,2,1,1,0.0,0.0,629.0,inf,0.0,0.0,-0.0,0.0,0.0,0.0,0.0,0.0,0.0,0.0,0.0,0.0,0.0,0.0,0.0,0.0,0.0,0.0,0.0,0.0,0.0,0.0,0.0,0.0,0.0,0.0,0.0
Alibaba-NLP/gte-multilingual-base,gte-base,EP-4626962-A1_fr_q_fr,fr,fr,original,EP-4626962-A1,2,1,1,0.0,0.0,inf,inf,0.0,0.0,-0.0,0.0,0.0,0.0,0.0,0.0,0.0,0.0,0.0,0.0,0.0,0.0,0.0,0.0,0.0,0.0,0.0,0.0,0.0,0.0,0.0,0.0,0.0,0.0,0.0
Alibaba-NLP/gte-multilingual-base,gte-base,EP-4626962-A1_de_q_es,es,de,synthetic,EP-4626962-A1,2,0,2,0.0,0.0,inf,inf,0.0,0.0,-0.0,0.0,0.0,,0.0,0.0,,0.0,0.0,,0.0,0.0,,0.0,0.0,,0.0,0.0,,0.0,0.0,0.0,0.0,0.0,0.0
Alibaba-NLP/gte-multilingual-base,gte-base,WO-2025201936-A1_de_q_en,en,de,synthetic,WO-2025201936-A1,2,0,2,0.0,0.0,inf,inf,0.0,0.0,-0.0,0.0,0.0,,0.0,0.0,,0.0,0.0,,0.0,0.0,,0.0,0.0,,0.0,0.0,,0.0,0.0,0.0,0.0,0.0,0.0
Alibaba-NLP/gte-multilingual-base,gte-base,WO-2025201936-A1_fr_q_fr,fr,fr,original,WO-2025201936-A1,2,1,1,0.0,0.0,455.0,inf,0.0,0.0,-0.0,0.0,0.0,0.0,0.0,0.0,0.0,0.0,0.0,0.0,0.0,0.0,0.0,0.0,0.0,0.0,0.0,0.0,0.0,0.0,0.0,0.0,0.0,0.0,0.0
Alibaba-NLP/gte-multilingual-base,gte-base,WO-2025201936-A1_de_q_es,es,de,synthetic,WO-2025201936-A1,2,0,2,0.0,0.0,471.0,471.0,0.0021231422505307855,0.9,0.4689955935892812,0.0,0.0,,0.0,0.0,,0.0,0.0,,0.0,0.0,,0.0,0.0,,0.0,0.0,,0.0,0.0,0.0,0.0,0.0,0.0
Alibaba-NLP/gte-multilingual-base,gte-base,EP-4634597-A1_en_q_en,en,en,original,EP-4634597-A1,2,1,1,0.0,0.0,inf,inf,0.0,0.0,-0.0,0.0,0.0,0.0,0.0,0.0,0.0,0.0,0.0,0.0,0.0,0.0,0.0,0.0,0.0,0.0,0.0,0.0,0.0,0.0,0.0,0.0,0.0,0.0,0.0
Alibaba-NLP/gte-multilingual-base,gte-base,EP-4634597-A1_en_q_de,de,en,synthetic,EP-4634597-A1,2,0,2,0.0,0.0,inf,inf,0.0,0.2,0.7219280948873623,0.0,0.0,,0.0,0.0,,0.0,0.0,,0.0,0.0,,0.0,0.0,,0.0,0.0,,0.0,0.0,0.0,0.0,0.0,0.0
Alibaba-NLP/gte-multilingual-base,gte-base,EP-4634597-A1_fr_q_fr,fr,fr,original,EP-4634597-A1,2,1,1,0.0,0.0,66.0,inf,0.0,0.0,-0.0,0.0,0.0,0.0,0.0,0.0,0.0,0.0,0.0,0.0,0.0,0.0,0.0,0.0,0.0,0.0,0.5,0.0,1.0,0.0,0.0,0.0,0.0,0.0,0.0
Alibaba-NLP/gte-multilingual-base,gte-base,EP-4634597-A1_en_q_es,es,en,synthetic,EP-4634597-A1,2,0,2,0.0,0.0,inf,inf,0.0,0.2,0.9219280948873623,0.0,0.0,,0.0,0.0,,0.0,0.0,,0.0,0.0,,0.0,0.0,,0.0,0.0,,0.0,0.0,0.0,0.0,0.0,0.0
Alibaba-NLP/gte-multilingual-base,gte-base,EP-4634381-A1_en_q_zh,zh,en,synthetic,EP-4634381-A1,2,0,2,0.0,0.0,inf,inf,0.0,1.0,-0.0,0.0,0.0,,0.0,0.0,,0.0,0.0,,0.0,0.0,,0.0,0.0,,0.0,0.0,,0.0,0.0,0.0,0.0,0.0,0.0
Alibaba-NLP/gte-multilingual-base,gte-base,EP-4633589-A1_en_q_zh,zh,en,synthetic,EP-4633589-A1,2,0,2,0.0,0.0,inf,inf,0.0,1.0,0.4689955935892812,0.0,0.0,,0.0,0.0,,0.0,0.0,,0.0,0.0,,0.0,0.0,,0.0,0.0,,0.0,0.0,0.0,0.0,0.0,0.0
Alibaba-NLP/gte-multilingual-base,gte-base,EP-4627024-A1_de_q_zh,zh,de,synthetic,EP-4627024-A1,2,0,2,0.0,0.0,inf,inf,0.0,0.8,0.7219280948873623,0.0,0.0,,0.0,0.0,,0.0,0.0,,0.0,0.0,,0.0,0.0,,0.0,0.0,,0.0,0.0,0.0,0.0,0.0,0.0
Alibaba-NLP/gte-multilingual-base,gte-base,EP-4634926-A1_en_q_zh,zh,en,synthetic,EP-4634926-A1,2,0,2,0.0,0.0,inf,inf,0.0,1.0,1.8954618442383218,0.0,0.0,,0.0,0.0,,0.0,0.0,,0.0,0.0,,0.0,0.0,,0.0,0.0,,0.0,0.0,0.0,0.0,0.0,0.0
Alibaba-NLP/gte-multilingual-base,gte-base,EP-4633863-A2_en_q_zh,zh,en,synthetic,EP-4633863-A2,3,0,3,0.0,0.0,713.0,713.0,0.001402524544179523,0.8,0.7219280948873623,0.0,0.0,,0.0,0.0,,0.0,0.0,,0.0,0.0,,0.0,0.0,,0.0,0.0,,0.0,0.0,0.0,0.0,0.0,0.0
Alibaba-NLP/gte-multilingual-base,gte-base,EP-4633797-A1_en_q_zh,zh,en,synthetic,EP-4633797-A1,2,0,2,0.0,0.0,inf,inf,0.0,0.8,1.1567796494470395,0.0,0.0,,0.0,0.0,,0.0,0.0,,0.0,0.0,,0.0,0.0,,0.0,0.0,,0.0,0.0,0.0,0.0,0.0,0.0
Alibaba-NLP/gte-multilingual-base,gte-base,EP-4633777-A1_en_q_zh,zh,en,synthetic,EP-4633777-A1,2,0,2,0.0,0.0,inf,inf,0.0,0.0,-0.0,0.0,0.0,,0.0,0.0,,0.0,0.0,,0.0,0.0,,0.0,0.0,,0.0,0.0,,0.0,0.0,0.0,0.0,0.0,0.0
Alibaba-NLP/gte-multilingual-base,gte-base,EP-4633621-A1_en_q_zh,zh,en,synthetic,EP-4633621-A1,2,0,2,0.0,0.0,inf,inf,0.0,0.9,0.4689955935892812,0.0,0.0,,0.0,0.0,,0.0,0.0,,0.0,0.0,,0.0,0.0,,0.0,0.0,,0.0,0.0,0.0,0.0,0.0,0.0
Alibaba-NLP/gte-multilingual-base,gte-base,EP-4634723-A1_en_q_zh,zh,en,synthetic,EP-4634723-A1,2,0,2,0.0,0.0,inf,inf,0.0,1.0,1.0,0.0,0.0,,0.0,0.0,,0.0,0.0,,0.0,0.0,,0.0,0.0,,0.0,0.0,,0.0,0.0,0.0,0.0,0.0,0.0
Alibaba-NLP/gte-multilingual-base,gte-base,EP-4633581-A1_en_q_zh,zh,en,synthetic,EP-4633581-A1,2,0,2,0.0,0.0,inf,inf,0.0,1.0,1.1567796494470395,0.0,0.0,,0.0,0.0,,0.0,0.0,,0.0,0.0,,0.0,0.0,,0.0,0.0,,0.0,0.0,0.0,0.0,0.0,0.0
Alibaba-NLP/gte-multilingual-base,gte-base,EP-4634416-A1_en_q_zh,zh,en,synthetic,EP-4634416-A1,2,0,2,0.0,0.0,inf,inf,0.0,0.0,-0.0,0.0,0.0,,0.0,0.0,,0.0,0.0,,0.0,0.0,,0.0,0.0,,0.0,0.0,,0.0,0.0,0.0,0.0,0.0,0.0
Alibaba-NLP/gte-multilingual-base,gte-base,EP-4634305-A1_en_q_zh,zh,en,synthetic,EP-4634305-A1,2,0,2,0.0,0.0,inf,inf,0.0,0.0,-0.0,0.0,0.0,,0.0,0.0,,0.0,0.0,,0.0,0.0,,0.0,0.0,,0.0,0.0,,0.0,0.0,0.0,0.0,0.0,0.0
Alibaba-NLP/gte-multilingual-base,gte-base,EP-4633531-A1_en_q_zh,zh,en,synthetic,EP-4633531-A1,2,0,2,0.0,0.0,inf,inf,0.0,1.0,-0.0,0.0,0.0,,0.0,0.0,,0.0,0.0,,0.0,0.0,,0.0,0.0,,0.0,0.0,,0.0,0.0,0.0,0.0,0.0,0.0
Alibaba-NLP/gte-multilingual-base,gte-base,EP-4634333-A1_en_q_zh,zh,en,synthetic,EP-4634333-A1,2,0,2,0.0,0.0,inf,inf,0.0,0.0,-0.0,0.0,0.0,,0.0,0.0,,0.0,0.0,,0.0,0.0,,0.0,0.0,,0.0,0.0,,0.0,0.0,0.0,0.0,0.0,0.0
Alibaba-NLP/gte-multilingual-base,gte-base,EP-4634212-A1_en_q_zh,zh,en,synthetic,EP-4634212-A1,2,0,2,0.0,0.0,202.0,202.0,0.0049504950495049506,0.0,-0.0,0.0,0.0,,0.0,0.0,,0.0,0.0,,0.0,0.0,,0.0,0.0,,0.0,0.0,,0.0,0.0,0.0,0.0,0.0,0.0
Alibaba-NLP/gte-multilingual-base,gte-base,EP-4629959-A1_de_q_zh,zh,de,synthetic,EP-4629959-A1,2,0,2,0.0,0.0,inf,inf,0.0,0.0,-0.0,0.0,0.0,,0.0,0.0,,0.0,0.0,,0.0,0.0,,0.0,0.0,,0.0,0.0,,0.0,0.0,0.0,0.0,0.0,0.0
Alibaba-NLP/gte-multilingual-base,gte-base,EP-4627881-A1_de_q_zh,zh,de,synthetic,EP-4627881-A1,2,0,2,0.0,0.0,inf,inf,0.0,0.3,0.8812908992306927,0.0,0.0,,0.0,0.0,,0.0,0.0,,0.0,0.0,,0.0,0.0,,0.0,0.0,,0.0,0.0,0.0,0.0,0.0,0.0
Alibaba-NLP/gte-multilingual-base,gte-base,EP-4633576-A1_en_q_zh,zh,en,synthetic,EP-4633576-A1,2,0,2,0.0,0.0,inf,inf,0.0,0.8,1.3709505944546687,0.0,0.0,,0.0,0.0,,0.0,0.0,,0.0,0.0,,0.0,0.0,,0.0,0.0,,0.0,0.0,0.0,0.0,0.0,0.0
Alibaba-NLP/gte-multilingual-base,gte-base,EP-4633742-A2_en_q_zh,zh,en,synthetic,EP-4633742-A2,2,0,2,0.0,0.0,inf,inf,0.0,0.8,0.7219280948873623,0.0,0.0,,0.0,0.0,,0.0,0.0,,0.0,0.0,,0.0,0.0,,0.0,0.0,,0.0,0.0,0.0,0.0,0.0,0.0
Alibaba-NLP/gte-multilingual-base,gte-base,EP-4633791-A1_en_q_zh,zh,en,synthetic,EP-4633791-A1,2,0,2,0.0,0.0,inf,inf,0.0,0.8,1.1567796494470395,0.0,0.0,,0.0,0.0,,0.0,0.0,,0.0,0.0,,0.0,0.0,,0.0,0.0,,0.0,0.0,0.0,0.0,0.0,0.0
Alibaba-NLP/gte-multilingual-base,gte-base,EP-4630574-A1_fr_q_fr,fr,fr,original,EP-4630574-A1,3,1,2,0.0,0.0,inf,inf,0.0,0.1,0.4689955935892812,0.0,0.0,0.0,0.0,0.0,0.0,0.0,0.0,0.0,0.0,0.0,0.0,0.0,0.0,0.0,0.0,0.0,0.0,0.0,0.0,0.0,0.0,0.0,0.0
Alibaba-NLP/gte-multilingual-base,gte-base,EP-4634111-A1_fr_q_fr,fr,fr,original,EP-4634111-A1,3,1,2,0.0,0.0,762.0,inf,0.0,0.0,-0.0,0.0,0.0,0.0,0.0,0.0,0.0,0.0,0.0,0.0,0.0,0.0,0.0,0.0,0.0,0.0,0.0,0.0,0.0,0.0,0.0,0.0,0.0,0.0,0.0
Alibaba-NLP/gte-multilingual-base,gte-base,EP-4633622-A2_en_q_es,es,en,synthetic,EP-4633622-A2,3,0,3,0.0,0.0,inf,inf,0.0,0.9,0.9219280948873623,0.0,0.0,,0.0,0.0,,0.0,0.0,,0.0,0.0,,0.0,0.0,,0.0,0.0,,0.0,0.0,0.0,0.0,0.0,0.0
Alibaba-NLP/gte-multilingual-base,gte-base,EP-4634187-A1_en_q_es_120,es,en,synthetic,EP-4634187-A1,3,0,3,0.0,0.0,176.0,176.0,0.005681818181818182,0.2,0.9219280948873623,0.0,0.0,,0.0,0.0,,0.0,0.0,,0.0,0.0,,0.0,0.0,,0.0,0.0,,0.0,0.0,0.0,0.0,0.0,0.0
Alibaba-NLP/gte-multilingual-base,gte-base,EP-4634139-A1_fr_q_fr,fr,fr,original,EP-4634139-A1,3,1,2,0.0,0.0,inf,inf,0.0,0.8,0.7219280948873623,0.0,0.0,0.0,0.0,0.0,0.0,0.0,0.0,0.0,0.0,0.0,0.0,0.0,0.0,0.0,0.0,0.0,0.0,0.0,0.0,0.0,0.0,0.0,0.0
Alibaba-NLP/gte-multilingual-base,gte-base,EP-4634136-A1_en_q_en,en,en,original,EP-4634136-A1,3,1,2,0.0,0.0,inf,inf,0.0,0.0,-0.0,0.0,0.0,0.0,0.0,0.0,0.0,0.0,0.0,0.0,0.0,0.0,0.0,0.0,0.0,0.0,0.0,0.0,0.0,0.0,0.0,0.0,0.0,0.0,0.0
Alibaba-NLP/gte-multilingual-base,gte-base,EP-4634136-A1_en_q_de,de,en,synthetic,EP-4634136-A1,3,0,3,0.0,0.0,inf,inf,0.0,0.0,-0.0,0.0,0.0,,0.0,0.0,,0.0,0.0,,0.0,0.0,,0.0,0.0,,0.0,0.0,,0.0,0.0,0.0,0.0,0.0,0.0
Alibaba-NLP/gte-multilingual-base,gte-base,EP-4634136-A1_fr_q_fr,fr,fr,original,EP-4634136-A1,3,1,2,0.0,0.0,inf,inf,0.0,0.8,1.4854752972273344,0.0,0.0,0.0,0.0,0.0,0.0,0.0,0.0,0.0,0.0,0.0,0.0,0.0,0.0,0.0,0.0,0.0,0.0,0.0,0.0,0.0,0.0,0.0,0.0
Alibaba-NLP/gte-multilingual-base,gte-base,EP-4634136-A1_en_q_es_125,es,en,synthetic,EP-4634136-A1,3,0,3,0.0,0.0,inf,inf,0.0,1.0,1.4854752972273344,0.0,0.0,,0.0,0.0,,0.0,0.0,,0.0,0.0,,0.0,0.0,,0.0,0.0,,0.0,0.0,0.0,0.0,0.0,0.0
Alibaba-NLP/gte-multilingual-base,gte-base,EP-4634136-A1_zh_q_zh,zh,zh,original,EP-4634136-A1,3,1,2,0.0,0.0,inf,inf,0.0,1.0,-0.0,0.0,0.0,0.0,0.0,0.0,0.0,0.0,0.0,0.0,0.0,0.0,0.0,0.0,0.0,0.0,0.0,0.0,0.0,0.0,0.0,0.0,0.0,0.0,0.0
Alibaba-NLP/gte-multilingual-base,gte-base,EP-4634248-A1_en_q_en,en,en,original,EP-4634248-A1,3,1,2,0.0,0.0,41.0,inf,0.0,0.0,-0.0,0.0,0.0,0.0,0.0,0.0,0.0,0.0,0.0,0.0,0.0,0.0,0.0,0.3333333333333333,0.0,1.0,0.3333333333333333,0.0,1.0,0.0,0.0,0.0,0.0,0.0,0.0
Alibaba-NLP/gte-multilingual-base,gte-base,EP-4634142-A1_en_q_es,es,en,synthetic,EP-4634142-A1,3,0,3,0.0,0.0,inf,inf,0.0,0.4,0.9709505944546686,0.0,0.0,,0.0,0.0,,0.0,0.0,,0.0,0.0,,0.0,0.0,,0.0,0.0,,0.0,0.0,0.0,0.0,0.0,0.0
Alibaba-NLP/gte-multilingual-base,gte-base,WO-2025214812-A1_de_q_es,es,de,synthetic,WO-2025214812-A1,3,0,3,0.0,0.0,inf,inf,0.0,0.2,0.7219280948873623,0.0,0.0,,0.0,0.0,,0.0,0.0,,0.0,0.0,,0.0,0.0,,0.0,0.0,,0.0,0.0,0.0,0.0,0.0,0.0
Alibaba-NLP/gte-multilingual-base,gte-base,EP-4633662-A1_en_q_de,de,en,synthetic,EP-4633662-A1,3,0,3,0.0,0.0,inf,inf,0.0,0.0,-0.0,0.0,0.0,,0.0,0.0,,0.0,0.0,,0.0,0.0,,0.0,0.0,,0.0,0.0,,0.0,0.0,0.0,0.0,0.0,0.0
Alibaba-NLP/gte-multilingual-base,gte-base,WO-2025153617-A3_de_q_de,de,de,original,WO-2025153617-A3,3,1,2,0.0,0.0,inf,inf,0.0,0.0,-0.0,0.0,0.0,0.0,0.0,0.0,0.0,0.0,0.0,0.0,0.0,0.0,0.0,0.0,0.0,0.0,0.0,0.0,0.0,0.0,0.0,0.0,0.0,0.0,0.0
Alibaba-NLP/gte-multilingual-base,gte-base,EP-4634596-A1_en_q_en,en,en,original,EP-4634596-A1,3,1,2,0.0,0.0,inf,inf,0.0,0.0,-0.0,0.0,0.0,0.0,0.0,0.0,0.0,0.0,0.0,0.0,0.0,0.0,0.0,0.0,0.0,0.0,0.0,0.0,0.0,0.0,0.0,0.0,0.0,0.0,0.0
Alibaba-NLP/gte-multilingual-base,gte-base,EP-4634596-A1_en_q_de,de,en,synthetic,EP-4634596-A1,3,0,3,0.0,0.0,inf,inf,0.0,0.0,-0.0,0.0,0.0,,0.0,0.0,,0.0,0.0,,0.0,0.0,,0.0,0.0,,0.0,0.0,,0.0,0.0,0.0,0.0,0.0,0.0
Alibaba-NLP/gte-multilingual-base,gte-base,EP-4634596-A1_fr_q_fr,fr,fr,original,EP-4634596-A1,3,1,2,0.0,0.0,inf,inf,0.0,0.0,-0.0,0.0,0.0,0.0,0.0,0.0,0.0,0.0,0.0,0.0,0.0,0.0,0.0,0.0,0.0,0.0,0.0,0.0,0.0,0.0,0.0,0.0,0.0,0.0,0.0
Alibaba-NLP/gte-multilingual-base,gte-base,EP-4634596-A1_en_q_es_135,es,en,synthetic,EP-4634596-A1,3,0,3,0.0,0.0,inf,inf,0.0,0.0,-0.0,0.0,0.0,,0.0,0.0,,0.0,0.0,,0.0,0.0,,0.0,0.0,,0.0,0.0,,0.0,0.0,0.0,0.0,0.0,0.0
Alibaba-NLP/gte-multilingual-base,gte-base,EP-4634596-A1_zh_q_zh,zh,zh,original,EP-4634596-A1,3,1,2,0.0,0.0,27.0,inf,0.0,0.0,-0.0,0.0,0.0,0.0,0.0,0.0,0.0,0.0,0.0,0.0,0.0,0.0,0.0,0.3333333333333333,0.0,1.0,0.3333333333333333,0.0,1.0,0.0,0.0,0.0,0.0,0.0,0.0
