model,short,query_id,qlang,first_gold_idx,n_blockers,same_lang_blockers,sl_blocker_share,sl_confusion,rank1
google/embeddinggemma-300m,embeddinggemma,EP-4633662-A1_en_q_en,en,100,100,52,0.52,1.0,foreign
google/embeddinggemma-300m,embeddinggemma,EP-4630509-A1_fr_q_fr,fr,0,0,0,,0.0,gold
google/embeddinggemma-300m,embeddinggemma,EP-4634248-A1_en_q_es,es,100,100,38,0.38,1.0,foreign
google/embeddinggemma-300m,embeddinggemma,EP-4634187-A1_en_q_es,es,25,25,21,0.84,1.0,same
google/embeddinggemma-300m,embeddinggemma,EP-4634142-A1_fr_q_fr,fr,100,100,64,0.64,1.0,same
google/embeddinggemma-300m,embeddinggemma,EP-4633768-A2_en_q_es,es,100,100,38,0.38,1.0,same
google/embeddinggemma-300m,embeddinggemma,EP-4633645-A1_fr_q_fr,fr,24,24,10,0.4166666666666667,1.0,foreign
google/embeddinggemma-300m,embeddinggemma,EP-4633622-A2_en_q_de,de,0,0,0,,0.0,gold
google/embeddinggemma-300m,embeddinggemma,EP-4634601-A1_en_q_en,en,3,3,2,0.6666666666666666,1.0,same
google/embeddinggemma-300m,embeddinggemma,EP-4630626-A1_de_q_de,de,0,0,0,,0.0,gold
google/embeddinggemma-300m,embeddinggemma,EP-4630600-A1_de_q_en,en,61,61,34,0.5573770491803278,1.0,same
google/embeddinggemma-300m,embeddinggemma,EP-4633632-A1_en_q_es,es,5,5,3,0.6,1.0,same
google/embeddinggemma-300m,embeddinggemma,EP-4634136-A1_en_q_es,es,100,100,22,0.22,1.0,same
google/embeddinggemma-300m,embeddinggemma,EP-4634157-A1_en_q_de,de,100,100,11,0.11,1.0,same
google/embeddinggemma-300m,embeddinggemma,EP-4630574-A1_de_q_en,en,100,100,81,0.81,1.0,same
google/embeddinggemma-300m,embeddinggemma,EP-4634111-A1_en_q_de,de,100,100,28,0.28,1.0,same
google/embeddinggemma-300m,embeddinggemma,EP-4634596-A1_en_q_es,es,100,100,10,0.1,1.0,foreign
google/embeddinggemma-300m,embeddinggemma,EP-4634139-A1_en_q_es,es,1,1,1,1.0,1.0,same
google/embeddinggemma-300m,embeddinggemma,WO-2025153617-A3_de_q_en,en,36,36,29,0.8055555555555556,1.0,same
google/embeddinggemma-300m,embeddinggemma,EP-4634251-A1_en_q_es,es,100,100,10,0.1,1.0,same
google/embeddinggemma-300m,embeddinggemma,EP-4634426-A1_en_q_es,es,100,100,35,0.35,1.0,same
google/embeddinggemma-300m,embeddinggemma,EP-4634729-A1_en_q_de,de,0,0,0,,0.0,gold
google/embeddinggemma-300m,embeddinggemma,EP-4626569-A1_de_q_en,en,0,0,0,,0.0,gold
google/embeddinggemma-300m,embeddinggemma,EP-4634394-A2_en_q_es,es,0,0,0,,0.0,gold
google/embeddinggemma-300m,embeddinggemma,EP-4634424-A1_en_q_es,es,62,62,20,0.3225806451612903,1.0,same
google/embeddinggemma-300m,embeddinggemma,EP-4633602-A1_en_q_de,de,100,100,23,0.23,1.0,foreign
google/embeddinggemma-300m,embeddinggemma,EP-4634337-A1_en_q_en,en,5,5,4,0.8,1.0,same
google/embeddinggemma-300m,embeddinggemma,EP-4634128-A1_en_q_en,en,0,0,0,,0.0,gold
google/embeddinggemma-300m,embeddinggemma,EP-4633896-A1_en_q_en,en,1,1,1,1.0,1.0,same
google/embeddinggemma-300m,embeddinggemma,WO-2025215091-A1_fr_q_fr,fr,0,0,0,,0.0,gold
google/embeddinggemma-300m,embeddinggemma,EP-4633599-A1_fr_q_fr,fr,1,1,1,1.0,1.0,same
google/embeddinggemma-300m,embeddinggemma,EP-4633656-A1_fr_q_fr,fr,100,100,88,0.88,1.0,same
google/embeddinggemma-300m,embeddinggemma,WO-2025208167-A1_de_q_de,de,100,100,12,0.12,1.0,foreign
google/embeddinggemma-300m,embeddinggemma,EP-4634396-A1_fr_q_fr,fr,0,0,0,,0.0,gold
google/embeddinggemma-300m,embeddinggemma,EP-4633893-A1_fr_q_fr,fr,2,2,2,1.0,1.0,same
google/embeddinggemma-300m,embeddinggemma,EP-4633462-A1_en_q_en,en,0,0,0,,0.0,gold
google/embeddinggemma-300m,embeddinggemma,EP-4633386-A1_en_q_en,en,100,100,64,0.64,1.0,same
google/embeddinggemma-300m,embeddinggemma,EP-4633970-A1_fr_q_fr,fr,3,3,3,1.0,1.0,same
google/embeddinggemma-300m,embeddinggemma,EP-4633415-A1_en_q_en,en,0,0,0,,0.0,gold
google/embeddinggemma-300m,embeddinggemma,EP-4633415-A1_en_q_de,de,0,0,0,,0.0,gold
google/embeddinggemma-300m,embeddinggemma,EP-4633415-A1_fr_q_fr,fr,100,100,63,0.63,1.0,same
google/embeddinggemma-300m,embeddinggemma,EP-4633415-A1_en_q_es,es,0,0,0,,0.0,gold
google/embeddinggemma-300m,embeddinggemma,EP-4633950-A1_en_q_en,en,14,14,12,0.8571428571428571,1.0,same
google/embeddinggemma-300m,embeddinggemma,EP-4633950-A1_en_q_de,de,69,69,2,0.028985507246376812,1.0,foreign
google/embeddinggemma-300m,embeddinggemma,EP-4633950-A1_fr_q_fr,fr,11,11,9,0.8181818181818182,1.0,same
google/embeddinggemma-300m,embeddinggemma,EP-4633950-A1_en_q_es,es,93,93,20,0.21505376344086022,1.0,foreign
google/embeddinggemma-300m,embeddinggemma,EP-4634629-A1_en_q_en,en,69,69,39,0.5652173913043478,1.0,same
google/embeddinggemma-300m,embeddinggemma,EP-4634629-A1_de_q_de,de,100,100,18,0.18,1.0,same
google/embeddinggemma-300m,embeddinggemma,EP-4634629-A1_fr_q_fr,fr,44,44,32,0.7272727272727273,1.0,same
google/embeddinggemma-300m,embeddinggemma,EP-4634629-A1_en_q_es,es,100,100,24,0.24,1.0,foreign
google/embeddinggemma-300m,embeddinggemma,EP-4633582-A1_en_q_es,es,1,1,1,1.0,1.0,same
google/embeddinggemma-300m,embeddinggemma,EP-4634165-A1_en_q_es,es,0,0,0,,0.0,gold
google/embeddinggemma-300m,embeddinggemma,EP-4633677-A1_en_q_de,de,53,53,0,0.0,0.0,foreign
google/embeddinggemma-300m,embeddinggemma,EP-4634246-A1_en_q_en,en,0,0,0,,0.0,gold
google/embeddinggemma-300m,embeddinggemma,EP-4634120-A1_en_q_de,de,5,5,0,0.0,0.0,foreign
google/embeddinggemma-300m,embeddinggemma,EP-4633638-A1_en_q_en,en,0,0,0,,0.0,gold
google/embeddinggemma-300m,embeddinggemma,EP-4633389-A1_en_q_en,en,0,0,0,,0.0,gold
google/embeddinggemma-300m,embeddinggemma,WO-2025209629-A1_de_q_es,es,0,0,0,,0.0,gold
google/embeddinggemma-300m,embeddinggemma,EP-4634132-A2_en_q_en,en,8,8,6,0.75,1.0,same
google/embeddinggemma-300m,embeddinggemma,EP-4634914-A1_en_q_es,es,0,0,0,,0.0,gold
google/embeddinggemma-300m,embeddinggemma,EP-4634285-A1_en_q_de,de,0,0,0,,0.0,gold
google/embeddinggemma-300m,embeddinggemma,EP-4634122-A1_fr_q_fr,fr,31,31,23,0.7419354838709677,1.0,same
google/embeddinggemma-300m,embeddinggemma,EP-4634365-A1_fr_q_fr,fr,0,0,0,,0.0,gold
google/embeddinggemma-300m,embeddinggemma,WO-2025214709-A1_de_q_es,es,0,0,0,,0.0,gold
google/embeddinggemma-300m,embeddinggemma,EP-4633426-A2_en_q_es,es,0,0,0,,0.0,gold
google/embeddinggemma-300m,embeddinggemma,EP-4630604-A1_de_q_es,es,3,3,0,0.0,0.0,foreign
google/embeddinggemma-300m,embeddinggemma,EP-4634118-A1_en_q_es,es,0,0,0,,0.0,gold
google/embeddinggemma-300m,embeddinggemma,EP-4634404-A1_en_q_de,de,1,1,0,0.0,0.0,foreign
google/embeddinggemma-300m,embeddinggemma,EP-4633465-A1_en_q_de,de,0,0,0,,0.0,gold
google/embeddinggemma-300m,embeddinggemma,EP-4633680-A1_en_q_es,es,0,0,0,,0.0,gold
google/embeddinggemma-300m,embeddinggemma,WO-2025201606-A1_de_q_es,es,0,0,0,,0.0,gold
google/embeddinggemma-300m,embeddinggemma,EP-4634435-A1_en_q_de,de,0,0,0,,0.0,gold
google/embeddinggemma-300m,embeddinggemma,EP-4634143-A1_en_q_de,de,1,1,0,0.0,0.0,foreign
google/embeddinggemma-300m,embeddinggemma,EP-4634411-A1_en_q_de,de,100,100,35,0.35,1.0,foreign
google/embeddinggemma-300m,embeddinggemma,EP-4634287-A1_en_q_es,es,42,42,2,0.047619047619047616,1.0,foreign
google/embeddinggemma-300m,embeddinggemma,EP-4633627-A1_en_q_de,de,0,0,0,,0.0,gold
google/embeddinggemma-300m,embeddinggemma,EP-4633670-A1_fr_q_fr,fr,0,0,0,,0.0,gold
google/embeddinggemma-300m,embeddinggemma,WO-2025202163-A1_fr_q_fr,fr,0,0,0,,0.0,gold
google/embeddinggemma-300m,embeddinggemma,WO-2025214852-A1_fr_q_fr,fr,35,35,19,0.5428571428571428,1.0,same
google/embeddinggemma-300m,embeddinggemma,WO-2025214996-A1_fr_q_fr,fr,2,2,2,1.0,1.0,same
google/embeddinggemma-300m,embeddinggemma,EP-4630123-A1_de_q_de,de,0,0,0,,0.0,gold
google/embeddinggemma-300m,embeddinggemma,EP-4634646-A1_en_q_en,en,0,0,0,,0.0,gold
google/embeddinggemma-300m,embeddinggemma,EP-4634294-A1_en_q_en,en,0,0,0,,0.0,gold
google/embeddinggemma-300m,embeddinggemma,EP-4634436-A1_fr_q_fr,fr,1,1,1,1.0,1.0,same
google/embeddinggemma-300m,embeddinggemma,EP-4633761-A1_en_q_en,en,100,100,65,0.65,1.0,same
google/embeddinggemma-300m,embeddinggemma,WO-2025215167-A1_de_q_de,de,0,0,0,,0.0,gold
google/embeddinggemma-300m,embeddinggemma,EP-4626962-A1_de_q_en,en,0,0,0,,0.0,gold
google/embeddinggemma-300m,embeddinggemma,EP-4626962-A1_de_q_de,de,1,1,0,0.0,0.0,foreign
google/embeddinggemma-300m,embeddinggemma,EP-4626962-A1_fr_q_fr,fr,0,0,0,,0.0,gold
google/embeddinggemma-300m,embeddinggemma,EP-4626962-A1_de_q_es,es,2,2,0,0.0,0.0,foreign
google/embeddinggemma-300m,embeddinggemma,WO-2025201936-A1_de_q_en,en,100,100,77,0.77,1.0,same
google/embeddinggemma-300m,embeddinggemma,WO-2025201936-A1_fr_q_fr,fr,0,0,0,,0.0,gold
google/embeddinggemma-300m,embeddinggemma,WO-2025201936-A1_de_q_es,es,10,10,10,1.0,1.0,same
google/embeddinggemma-300m,embeddinggemma,EP-4634597-A1_en_q_en,en,10,10,7,0.7,1.0,foreign
google/embeddinggemma-300m,embeddinggemma,EP-4634597-A1_en_q_de,de,0,0,0,,0.0,gold
google/embeddinggemma-300m,embeddinggemma,EP-4634597-A1_fr_q_fr,fr,0,0,0,,0.0,gold
google/embeddinggemma-300m,embeddinggemma,EP-4634597-A1_en_q_es,es,11,11,3,0.2727272727272727,1.0,foreign
google/embeddinggemma-300m,embeddinggemma,EP-4634381-A1_en_q_zh,zh,100,100,10,0.1,1.0,same
google/embeddinggemma-300m,embeddinggemma,EP-4633589-A1_en_q_zh,zh,100,100,11,0.11,1.0,foreign
google/embeddinggemma-300m,embeddinggemma,EP-4627024-A1_de_q_zh,zh,100,100,7,0.07,1.0,foreign
google/embeddinggemma-300m,embeddinggemma,EP-4634926-A1_en_q_zh,zh,36,36,3,0.08333333333333333,1.0,foreign
google/embeddinggemma-300m,embeddinggemma,EP-4633863-A2_en_q_zh,zh,1,1,0,0.0,0.0,foreign
google/embeddinggemma-300m,embeddinggemma,EP-4633797-A1_en_q_zh,zh,0,0,0,,0.0,gold
google/embeddinggemma-300m,embeddinggemma,EP-4633777-A1_en_q_zh,zh,1,1,0,0.0,0.0,foreign
google/embeddinggemma-300m,embeddinggemma,EP-4633621-A1_en_q_zh,zh,10,10,1,0.1,1.0,foreign
google/embeddinggemma-300m,embeddinggemma,EP-4634723-A1_en_q_zh,zh,100,100,0,0.0,0.0,foreign
google/embeddinggemma-300m,embeddinggemma,EP-4633581-A1_en_q_zh,zh,67,67,30,0.44776119402985076,1.0,same
google/embeddinggemma-300m,embeddinggemma,EP-4634416-A1_en_q_zh,zh,14,14,3,0.21428571428571427,1.0,foreign
google/embeddinggemma-300m,embeddinggemma,EP-4634305-A1_en_q_zh,zh,0,0,0,,0.0,gold
google/embeddinggemma-300m,embeddinggemma,EP-4633531-A1_en_q_zh,zh,0,0,0,,0.0,gold
google/embeddinggemma-300m,embeddinggemma,EP-4634333-A1_en_q_zh,zh,1,1,1,1.0,1.0,same
google/embeddinggemma-300m,embeddinggemma,EP-4634212-A1_en_q_zh,zh,0,0,0,,0.0,gold
google/embeddinggemma-300m,embeddinggemma,EP-4629959-A1_de_q_zh,zh,0,0,0,,0.0,gold
google/embeddinggemma-300m,embeddinggemma,EP-4627881-A1_de_q_zh,zh,0,0,0,,0.0,gold
google/embeddinggemma-300m,embeddinggemma,EP-4633576-A1_en_q_zh,zh,14,14,5,0.35714285714285715,1.0,same
google/embeddinggemma-300m,embeddinggemma,EP-4633742-A2_en_q_zh,zh,1,1,0,0.0,0.0,foreign
google/embeddinggemma-300m,embeddinggemma,EP-4633791-A1_en_q_zh,zh,1,1,0,0.0,0.0,foreign
google/embeddinggemma-300m,embeddinggemma,EP-4630574-A1_fr_q_fr,fr,100,100,57,0.57,1.0,foreign
google/embeddinggemma-300m,embeddinggemma,EP-4634111-A1_fr_q_fr,fr,45,45,35,0.7777777777777778,1.0,same
google/embeddinggemma-300m,embeddinggemma,EP-4633622-A2_en_q_es,es,0,0,0,,0.0,gold
google/embeddinggemma-300m,embeddinggemma,EP-4634187-A1_en_q_es_120,es,2,2,0,0.0,0.0,foreign
google/embeddinggemma-300m,embeddinggemma,EP-4634139-A1_fr_q_fr,fr,0,0,0,,0.0,gold
google/embeddinggemma-300m,embeddinggemma,EP-4634136-A1_en_q_en,en,100,100,54,0.54,1.0,same
google/embeddinggemma-300m,embeddinggemma,EP-4634136-A1_en_q_de,de,57,57,8,0.14035087719298245,1.0,same
google/embeddinggemma-300m,embeddinggemma,EP-4634136-A1_fr_q_fr,fr,8,8,7,0.875,1.0,same
google/embeddinggemma-300m,embeddinggemma,EP-4634136-A1_en_q_es_125,es,100,100,30,0.3,1.0,same
google/embeddinggemma-300m,embeddinggemma,q_126_zh,zh,65,65,11,0.16923076923076924,1.0,foreign
google/embeddinggemma-300m,embeddinggemma,EP-4634248-A1_en_q_en,en,0,0,0,,0.0,gold
google/embeddinggemma-300m,embeddinggemma,EP-4634142-A1_en_q_es,es,0,0,0,,0.0,gold
google/embeddinggemma-300m,embeddinggemma,WO-2025214812-A1_de_q_es,es,1,1,0,0.0,0.0,foreign
google/embeddinggemma-300m,embeddinggemma,EP-4633662-A1_en_q_de,de,0,0,0,,0.0,gold
google/embeddinggemma-300m,embeddinggemma,WO-2025153617-A3_de_q_de,de,0,0,0,,0.0,gold
google/embeddinggemma-300m,embeddinggemma,EP-4634596-A1_en_q_en,en,0,0,0,,0.0,gold
google/embeddinggemma-300m,embeddinggemma,EP-4634596-A1_en_q_de,de,0,0,0,,0.0,gold
google/embeddinggemma-300m,embeddinggemma,EP-4634596-A1_fr_q_fr,fr,0,0,0,,0.0,gold
google/embeddinggemma-300m,embeddinggemma,EP-4634596-A1_en_q_es_135,es,0,0,0,,0.0,gold
google/embeddinggemma-300m,embeddinggemma,q_136_zh,zh,1,1,1,1.0,1.0,same
google/embeddinggemma-300m,embeddinggemma,EP-4626887-A1_en_q_en,en,0,0,0,,0.0,gold
google/embeddinggemma-300m,embeddinggemma,EP-4630033-A1_en_q_en,en,0,0,0,,0.0,gold
google/embeddinggemma-300m,embeddinggemma,EP-4532639-A1_fr_q_fr,fr,100,100,62,0.62,1.0,same
google/embeddinggemma-300m,embeddinggemma,EP-4627010-A1_en_q_de,de,100,100,25,0.25,1.0,same
google/embeddinggemma-300m,embeddinggemma,EP-4626937-A1_en_q_de,de,1,1,0,0.0,0.0,foreign
google/embeddinggemma-300m,embeddinggemma,WO-2022119476-A1_en_q_de,de,100,100,6,0.06,1.0,foreign
google/embeddinggemma-300m,embeddinggemma,WO-2025131900-A1_en_q_en,en,0,0,0,,0.0,gold
google/embeddinggemma-300m,embeddinggemma,WO-2025200741-A1_en_q_zh,zh,100,100,4,0.04,1.0,same
google/embeddinggemma-300m,embeddinggemma,MX-2025009603-A_en_q_en,en,26,26,16,0.6153846153846154,1.0,same
google/embeddinggemma-300m,embeddinggemma,MX-2025009952-A_en_q_zh,zh,0,0,0,,0.0,gold
google/embeddinggemma-300m,embeddinggemma,WO-2025150253-A1_en_q_es,es,29,29,6,0.20689655172413793,1.0,foreign
google/embeddinggemma-300m,embeddinggemma,WO-2025186929-A8_en_q_en,en,0,0,0,,0.0,gold
google/embeddinggemma-300m,embeddinggemma,WO-2025211042-A1_en_q_en,en,0,0,0,,0.0,gold
google/embeddinggemma-300m,embeddinggemma,WO-2025209205-A1_en_q_en,en,100,100,68,0.68,1.0,same
google/embeddinggemma-300m,embeddinggemma,WO-2025207982-A1_en_q_de,de,0,0,0,,0.0,gold
google/embeddinggemma-300m,embeddinggemma,WO-2025210325-A1_en_q_de,de,26,26,11,0.4230769230769231,1.0,foreign
google/embeddinggemma-300m,embeddinggemma,WO-2025216427-A1_zh_q_zh,zh,100,100,5,0.05,1.0,foreign
google/embeddinggemma-300m,embeddinggemma,WO-2025197823-A1_zh_q_zh,zh,0,0,0,,0.0,gold
google/embeddinggemma-300m,embeddinggemma,MX-2025002756-A_en_q_en,en,0,0,0,,0.0,gold
google/embeddinggemma-300m,embeddinggemma,WO-2025202632-A1_en_q_en,en,0,0,0,,0.0,gold
google/embeddinggemma-300m,embeddinggemma,EP-4627608-A1_en_q_en,en,19,19,18,0.9473684210526315,1.0,same
google/embeddinggemma-300m,embeddinggemma,EP-4634668-A1_fr_q_fr,fr,0,0,0,,0.0,gold
google/embeddinggemma-300m,embeddinggemma,MX-2025009965-A_en_q_de,de,100,100,19,0.19,1.0,same
google/embeddinggemma-300m,embeddinggemma,WO-2025164300-A1_en_q_de,de,67,67,20,0.29850746268656714,1.0,foreign
google/embeddinggemma-300m,embeddinggemma,MX-2025009189-A_en_q_de,de,1,1,1,1.0,1.0,same
google/embeddinggemma-300m,embeddinggemma,WO-2024253632-A1_en_q_en,en,6,6,4,0.6666666666666666,1.0,same
google/embeddinggemma-300m,embeddinggemma,WO-2025216023-A1_zh_q_zh,zh,0,0,0,,0.0,gold
google/embeddinggemma-300m,embeddinggemma,WO-2025211128-A1_en_q_en,en,0,0,0,,0.0,gold
google/embeddinggemma-300m,embeddinggemma,MX-2025010237-A_en_q_zh,zh,30,30,7,0.23333333333333334,1.0,same
google/embeddinggemma-300m,embeddinggemma,EP-4633785-A2_en_q_es,es,8,8,1,0.125,1.0,same
google/embeddinggemma-300m,embeddinggemma,MX-2025005737-A_en_q_en,en,32,32,13,0.40625,1.0,foreign
google/embeddinggemma-300m,embeddinggemma,MX-2025010606-A_en_q_en,en,1,1,1,1.0,1.0,same
google/embeddinggemma-300m,embeddinggemma,MX-2025010877-A_en_q_en,en,8,8,5,0.625,1.0,same
google/embeddinggemma-300m,embeddinggemma,EP-4584035-A1_de_q_de,de,7,7,1,0.14285714285714285,1.0,foreign
google/embeddinggemma-300m,embeddinggemma,WO-2025170306-A1_en_q_de,de,0,0,0,,0.0,gold
google/embeddinggemma-300m,embeddinggemma,WO-2025210569-A1_zh_q_zh,zh,100,100,5,0.05,1.0,foreign
google/embeddinggemma-300m,embeddinggemma,MX-2025010084-A_en_q_zh,zh,100,100,5,0.05,1.0,same
google/embeddinggemma-300m,embeddinggemma,WO-2025186542-A8_en_q_en,en,8,8,5,0.625,1.0,same
google/embeddinggemma-300m,embeddinggemma,WO-2025206130-A1_zh_q_zh,zh,4,4,1,0.25,1.0,foreign
google/embeddinggemma-300m,embeddinggemma,WO-2025208054-A1_en_q_de,de,8,8,0,0.0,0.0,foreign
google/embeddinggemma-300m,embeddinggemma,WO-2025201708-A1_en_q_zh,zh,100,100,16,0.16,1.0,same
google/embeddinggemma-300m,embeddinggemma,WO-2025141238-A1_es_q_es,es,5,5,2,0.4,1.0,foreign
google/embeddinggemma-300m,embeddinggemma,MX-2025004351-A_en_q_en,en,0,0,0,,0.0,gold
google/embeddinggemma-300m,embeddinggemma,WO-2025200809-A1_en_q_en,en,0,0,0,,0.0,gold
google/embeddinggemma-300m,embeddinggemma,WO-2025201644-A1_fr_q_fr,fr,0,0,0,,0.0,gold
google/embeddinggemma-300m,embeddinggemma,MX-2025003633-A_en_q_de,de,100,100,23,0.23,1.0,foreign
google/embeddinggemma-300m,embeddinggemma,WO-2025170482-A1_en_q_de,de,0,0,0,,0.0,gold
google/embeddinggemma-300m,embeddinggemma,MX-2025002762-A_en_q_en,en,100,100,56,0.56,1.0,same
google/embeddinggemma-300m,embeddinggemma,MX-2025009196-A_en_q_de,de,100,100,32,0.32,1.0,same
google/embeddinggemma-300m,embeddinggemma,EP-4584246-A1_en_q_zh,zh,0,0,0,,0.0,gold
google/embeddinggemma-300m,embeddinggemma,WO-2022031256-A1_en_q_zh,zh,100,100,17,0.17,1.0,same
google/embeddinggemma-300m,embeddinggemma,ES-3035119-A1_en_q_fr,fr,100,100,90,0.9,1.0,same
google/embeddinggemma-300m,embeddinggemma,WO-2022231470-A1_en_q_de,de,100,100,19,0.19,1.0,foreign
google/embeddinggemma-300m,embeddinggemma,EP-4627127-A1_en_q_de,de,25,25,6,0.24,1.0,foreign
google/embeddinggemma-300m,embeddinggemma,WO-2025185983-A1_en_q_es,es,100,100,25,0.25,1.0,same
google/embeddinggemma-300m,embeddinggemma,EP-4627015-A1_en_q_de,de,0,0,0,,0.0,gold
google/embeddinggemma-300m,embeddinggemma,WO-2025212979-A1_en_q_de,de,28,28,0,0.0,0.0,foreign
google/embeddinggemma-300m,embeddinggemma,MX-2025010953-A_en_q_zh,zh,0,0,0,,0.0,gold
google/embeddinggemma-300m,embeddinggemma,WO-2025207427-A1_en_q_de,de,10,10,0,0.0,0.0,foreign
google/embeddinggemma-300m,embeddinggemma,MX-2025007532-A_en_q_de,de,22,22,0,0.0,0.0,foreign
google/embeddinggemma-300m,embeddinggemma,EP-4627092-A1_en_q_zh,zh,11,11,0,0.0,0.0,foreign
google/embeddinggemma-300m,embeddinggemma,EP-4584229-A1_en_q_es,es,79,79,32,0.4050632911392405,1.0,same
google/embeddinggemma-300m,embeddinggemma,WO-2024054196-A1_en_q_zh,zh,11,11,1,0.09090909090909091,1.0,same
google/embeddinggemma-300m,embeddinggemma,WO-2025164618-A1_en_q_es,es,100,100,27,0.27,1.0,foreign
google/embeddinggemma-300m,embeddinggemma,EP-4626889-A1_en_q_es,es,19,19,6,0.3157894736842105,1.0,foreign
google/embeddinggemma-300m,embeddinggemma,MX-2025004761-A_en_q_zh,zh,25,25,2,0.08,1.0,foreign
google/embeddinggemma-300m,embeddinggemma,MX-2025009867-A_en_q_de,de,83,83,0,0.0,0.0,foreign
google/embeddinggemma-300m,embeddinggemma,WO-03042409-A3_en_q_es,es,1,1,0,0.0,0.0,foreign
google/embeddinggemma-300m,embeddinggemma,WO-2025212474-A1_en_q_de,de,7,7,1,0.14285714285714285,1.0,same
google/embeddinggemma-300m,embeddinggemma,ES-3028671-A1_en_q_zh,zh,100,100,12,0.12,1.0,foreign
google/embeddinggemma-300m,embeddinggemma,WO-2025212467-A1_en_q_de,de,0,0,0,,0.0,gold
google/embeddinggemma-300m,embeddinggemma,MX-2025009862-A_en_q_fr,fr,0,0,0,,0.0,gold
google/embeddinggemma-300m,embeddinggemma,EP-4566167-A1_en_q_es,es,0,0,0,,0.0,gold
google/embeddinggemma-300m,embeddinggemma,WO-2025216937-A1_en_q_es,es,0,0,0,,0.0,gold
google/embeddinggemma-300m,embeddinggemma,EP-4630021-A1_en_q_de,de,6,6,0,0.0,0.0,foreign
google/embeddinggemma-300m,embeddinggemma,MX-2025007206-A_en_q_de,de,100,100,6,0.06,1.0,same
google/embeddinggemma-300m,embeddinggemma,EP-4504821-A1_en_q_es,es,100,100,46,0.46,1.0,foreign
google/embeddinggemma-300m,embeddinggemma,WO-2025205793-A1_en_q_de,de,40,40,10,0.25,1.0,same
google/embeddinggemma-300m,embeddinggemma,WO-2025206825-A1_en_q_de,de,2,2,0,0.0,0.0,foreign
google/embeddinggemma-300m,embeddinggemma,EP-4568770-A1_en_q_es,es,54,54,22,0.4074074074074074,1.0,same
google/embeddinggemma-300m,embeddinggemma,WO-2025188827-A8_en_q_es,es,100,100,35,0.35,1.0,foreign
google/embeddinggemma-300m,embeddinggemma,MX-2025008259-A_en_q_fr,fr,100,100,80,0.8,1.0,same
google/embeddinggemma-300m,embeddinggemma,WO-2025132504-A1_en_q_es,es,100,100,38,0.38,1.0,same
google/embeddinggemma-300m,embeddinggemma,MX-2025007237-A_en_q_fr,fr,0,0,0,,0.0,gold
google/embeddinggemma-300m,embeddinggemma,MX-2025005647-A_en_q_zh,zh,100,100,3,0.03,1.0,foreign
google/embeddinggemma-300m,embeddinggemma,WO-2025214411-A1_en_q_de,de,25,25,0,0.0,0.0,foreign
google/embeddinggemma-300m,embeddinggemma,EP-4623093-A2_en_q_es,es,0,0,0,,0.0,gold
google/embeddinggemma-300m,embeddinggemma,EP-4634148-A1_en_q_de,de,0,0,0,,0.0,gold
google/embeddinggemma-300m,embeddinggemma,WO-2025202170-A1_en_q_es,es,100,100,21,0.21,1.0,same
google/embeddinggemma-300m,embeddinggemma,EP-4507673-A1_en_q_de,de,100,100,9,0.09,1.0,same
google/embeddinggemma-300m,embeddinggemma,MX-2025007577-A_en_q_fr,fr,9,9,7,0.7777777777777778,1.0,same
google/embeddinggemma-300m,embeddinggemma,MX-2025009131-A_en_q_zh,zh,100,100,14,0.14,1.0,same
google/embeddinggemma-300m,embeddinggemma,MX-2025009990-A_en_q_zh,zh,33,33,3,0.09090909090909091,1.0,foreign
google/embeddinggemma-300m,embeddinggemma,WO-2023153953-A1_en_q_es,es,2,2,2,1.0,1.0,same
google/embeddinggemma-300m,embeddinggemma,WO-2025183548-A1_en_q_de,de,100,100,3,0.03,1.0,foreign
google/embeddinggemma-300m,embeddinggemma,WO-2025007163-A1_en_q_de,de,100,100,34,0.34,1.0,same
google/embeddinggemma-300m,embeddinggemma,WO-2025206959-A1_en_q_de,de,0,0,0,,0.0,gold
google/embeddinggemma-300m,embeddinggemma,WO-2025207810-A1_en_q_zh,zh,1,1,0,0.0,0.0,foreign
google/embeddinggemma-300m,embeddinggemma,WO-2025215476-A1_en_q_de,de,100,100,14,0.14,1.0,same
google/embeddinggemma-300m,embeddinggemma,WO-2023149795-A1_en_q_en,en,100,100,56,0.56,1.0,same
google/embeddinggemma-300m,embeddinggemma,WO-2022124934-A1_en_q_es,es,0,0,0,,0.0,gold
google/embeddinggemma-300m,embeddinggemma,WO-2025187134-A8_en_q_en,en,76,76,65,0.8552631578947368,1.0,same
google/embeddinggemma-300m,embeddinggemma,WO-2023200358-A1_en_q_en,en,78,78,54,0.6923076923076923,1.0,same
google/embeddinggemma-300m,embeddinggemma,WO-2025216105-A1_fr_q_fr,fr,100,100,75,0.75,1.0,same
google/embeddinggemma-300m,embeddinggemma,MX-2025005014-A_es_q_es,es,1,1,1,1.0,1.0,same
google/embeddinggemma-300m,embeddinggemma,WO-2025216873-A1_fr_q_fr,fr,0,0,0,,0.0,gold
google/embeddinggemma-300m,embeddinggemma,WO-2025205780-A1_zh_q_zh,zh,6,6,4,0.6666666666666666,1.0,same
google/embeddinggemma-300m,embeddinggemma,MX-2025009666-A_en_q_en,en,100,100,48,0.48,1.0,same
google/embeddinggemma-300m,embeddinggemma,WO-2025212049-A1_fr_q_fr,fr,38,38,17,0.4473684210526316,1.0,same
google/embeddinggemma-300m,embeddinggemma,EP-4627347-A1_fr_q_fr,fr,0,0,0,,0.0,gold
google/embeddinggemma-300m,embeddinggemma,MX-2025004786-A_es_q_es,es,0,0,0,,0.0,gold
google/embeddinggemma-300m,embeddinggemma,WO-2024063632-A1_en_q_en,en,10,10,6,0.6,1.0,foreign
google/embeddinggemma-300m,embeddinggemma,WO-2025206783-A1_fr_q_fr,fr,0,0,0,,0.0,gold
google/embeddinggemma-300m,embeddinggemma,MX-2025010991-A_en_q_en,en,100,100,78,0.78,1.0,same
google/embeddinggemma-300m,embeddinggemma,MX-2025006977-A_en_q_en,en,0,0,0,,0.0,gold
google/embeddinggemma-300m,embeddinggemma,MX-2025008400-A_en_q_en,en,0,0,0,,0.0,gold
google/embeddinggemma-300m,embeddinggemma,WO-2025132390-A1_de_q_de,de,2,2,0,0.0,0.0,foreign
google/embeddinggemma-300m,embeddinggemma,WO-2025204766-A1_fr_q_fr,fr,0,0,0,,0.0,gold
google/embeddinggemma-300m,embeddinggemma,WO-2025098664-A1_de_q_de,de,0,0,0,,0.0,gold
google/embeddinggemma-300m,embeddinggemma,EP-4627583-A1_en_q_en,en,0,0,0,,0.0,gold
google/embeddinggemma-300m,embeddinggemma,EP-4630558-A2_zh_q_zh,zh,100,100,11,0.11,1.0,foreign
google/embeddinggemma-300m,embeddinggemma,MX-2025010573-A_es_q_es,es,14,14,5,0.35714285714285715,1.0,same
google/embeddinggemma-300m,embeddinggemma,WO-2025210917-A1_fr_q_fr,fr,4,4,2,0.5,1.0,same
google/embeddinggemma-300m,embeddinggemma,WO-2025150394-A1_en_q_en,en,0,0,0,,0.0,gold
google/embeddinggemma-300m,embeddinggemma,MX-2025005728-A_en_q_en,en,100,100,69,0.69,1.0,same
google/embeddinggemma-300m,embeddinggemma,WO-2025177605-A1_fr_q_fr,fr,0,0,0,,0.0,gold
google/embeddinggemma-300m,embeddinggemma,MX-2025006958-A_en_q_en,en,0,0,0,,0.0,gold
google/embeddinggemma-300m,embeddinggemma,EP-4551675-A1_de_q_de,de,43,43,12,0.27906976744186046,1.0,foreign
google/embeddinggemma-300m,embeddinggemma,EP-4627325-A1_fr_q_fr,fr,0,0,0,,0.0,gold
google/embeddinggemma-300m,embeddinggemma,WO-2025208050-A2_en_q_en,en,0,0,0,,0.0,gold
google/embeddinggemma-300m,embeddinggemma,WO-2025202994-A1_fr_q_fr,fr,2,2,1,0.5,1.0,same
google/embeddinggemma-300m,embeddinggemma,MX-2025006551-A_en_q_en,en,3,3,3,1.0,1.0,same
google/embeddinggemma-300m,embeddinggemma,WO-2005069422-A1_en_q_en,en,0,0,0,,0.0,gold
google/embeddinggemma-300m,embeddinggemma,WO-2025194610-A1_fr_q_fr,fr,0,0,0,,0.0,gold
google/embeddinggemma-300m,embeddinggemma,MX-2025001644-A_zh_q_zh,zh,0,0,0,,0.0,gold
google/embeddinggemma-300m,embeddinggemma,WO-2025216492-A1_fr_q_fr,fr,0,0,0,,0.0,gold
google/embeddinggemma-300m,embeddinggemma,WO-2025216629-A1_fr_q_fr,fr,100,100,85,0.85,1.0,same
google/embeddinggemma-300m,embeddinggemma,MX-2025005081-A_en_q_en,en,2,2,2,1.0,1.0,same
google/embeddinggemma-300m,embeddinggemma,WO-2025205506-A1_fr_q_fr,fr,0,0,0,,0.0,gold
google/embeddinggemma-300m,embeddinggemma,WO-2025132391-A1_de_q_de,de,0,0,0,,0.0,gold
google/embeddinggemma-300m,embeddinggemma,WO-2025205634-A1_en_q_en,en,1,1,1,1.0,1.0,same
google/embeddinggemma-300m,embeddinggemma,WO-2025120243-A1_es_q_es,es,0,0,0,,0.0,gold
google/embeddinggemma-300m,embeddinggemma,WO-2025201672-A1_fr_q_fr,fr,0,0,0,,0.0,gold
google/embeddinggemma-300m,embeddinggemma,MX-2025008970-A_es_q_es,es,0,0,0,,0.0,gold
google/embeddinggemma-300m,embeddinggemma,MX-2025009075-A_zh_q_zh,zh,0,0,0,,0.0,gold
google/embeddinggemma-300m,embeddinggemma,WO-2025210445-A1_fr_q_fr,fr,100,100,85,0.85,1.0,same
google/embeddinggemma-300m,embeddinggemma,WO-2025206090-A1_fr_q_fr,fr,0,0,0,,0.0,gold
google/embeddinggemma-300m,embeddinggemma,MX-2025006643-A_en_q_en,en,0,0,0,,0.0,gold
google/embeddinggemma-300m,embeddinggemma,MX-2025010190-A_en_q_en,en,0,0,0,,0.0,gold
google/embeddinggemma-300m,embeddinggemma,EP-4577789-A1_zh_q_zh,zh,37,37,0,0.0,0.0,foreign
google/embeddinggemma-300m,embeddinggemma,WO-2025204469-A1_en_q_en,en,3,3,2,0.6666666666666666,1.0,same
google/embeddinggemma-300m,embeddinggemma,WO-2025204469-A1_en_q_de,de,2,2,0,0.0,0.0,foreign
google/embeddinggemma-300m,embeddinggemma,WO-2025204469-A1_fr_q_fr,fr,100,100,56,0.56,1.0,same
google/embeddinggemma-300m,embeddinggemma,WO-2025204469-A1_en_q_es,es,100,100,26,0.26,1.0,same
google/embeddinggemma-300m,embeddinggemma,WO-2025204469-A1_zh_q_zh,zh,57,57,2,0.03508771929824561,1.0,foreign
google/embeddinggemma-300m,embeddinggemma,MX-2025010085-A_en_q_en,en,0,0,0,,0.0,gold
google/embeddinggemma-300m,embeddinggemma,MX-2025010085-A_en_q_de,de,2,2,0,0.0,0.0,foreign
google/embeddinggemma-300m,embeddinggemma,MX-2025010085-A_en_q_fr,fr,0,0,0,,0.0,gold
google/embeddinggemma-300m,embeddinggemma,MX-2025010085-A_es_q_es,es,18,18,10,0.5555555555555556,1.0,same
google/embeddinggemma-300m,embeddinggemma,MX-2025010085-A_en_q_zh,zh,0,0,0,,0.0,gold
google/embeddinggemma-300m,embeddinggemma,MX-2025005421-A_en_q_en,en,0,0,0,,0.0,gold
google/embeddinggemma-300m,embeddinggemma,MX-2025005421-A_en_q_de,de,4,4,0,0.0,0.0,foreign
google/embeddinggemma-300m,embeddinggemma,MX-2025005421-A_en_q_fr,fr,0,0,0,,0.0,gold
google/embeddinggemma-300m,embeddinggemma,MX-2025005421-A_es_q_es,es,0,0,0,,0.0,gold
google/embeddinggemma-300m,embeddinggemma,MX-2025005421-A_en_q_zh,zh,5,5,1,0.2,1.0,foreign
google/embeddinggemma-300m,embeddinggemma,MX-2025002688-A_en_q_en,en,100,100,57,0.57,1.0,same
google/embeddinggemma-300m,embeddinggemma,MX-2025002688-A_en_q_de,de,100,100,9,0.09,1.0,foreign
google/embeddinggemma-300m,embeddinggemma,MX-2025002688-A_en_q_fr,fr,100,100,79,0.79,1.0,same
google/embeddinggemma-300m,embeddinggemma,MX-2025002688-A_es_q_es,es,0,0,0,,0.0,gold
google/embeddinggemma-300m,embeddinggemma,MX-2025002688-A_en_q_zh,zh,100,100,14,0.14,1.0,same
google/embeddinggemma-300m,embeddinggemma,WO-2025211147-A1_en_q_en,en,100,100,71,0.71,1.0,same
google/embeddinggemma-300m,embeddinggemma,WO-2025211147-A1_en_q_de,de,100,100,34,0.34,1.0,same
google/embeddinggemma-300m,embeddinggemma,WO-2025211147-A1_fr_q_fr,fr,2,2,2,1.0,1.0,same
google/embeddinggemma-300m,embeddinggemma,WO-2025211147-A1_en_q_es,es,11,11,0,0.0,0.0,foreign
google/embeddinggemma-300m,embeddinggemma,WO-2025211147-A1_en_q_zh,zh,100,100,15,0.15,1.0,foreign
google/embeddinggemma-300m,embeddinggemma,WO-2025187712-A8_en_q_en,en,0,0,0,,0.0,gold
google/embeddinggemma-300m,embeddinggemma,WO-2025187712-A8_en_q_de,de,5,5,0,0.0,0.0,foreign
google/embeddinggemma-300m,embeddinggemma,WO-2025187712-A8_fr_q_fr,fr,100,100,67,0.67,1.0,same
google/embeddinggemma-300m,embeddinggemma,WO-2025187712-A8_en_q_es,es,100,100,28,0.28,1.0,foreign
google/embeddinggemma-300m,embeddinggemma,WO-2025187712-A8_en_q_zh,zh,100,100,9,0.09,1.0,foreign
google/embeddinggemma-300m,embeddinggemma,EP-4630253-A1_en_q_en,en,53,53,38,0.7169811320754716,1.0,same
google/embeddinggemma-300m,embeddinggemma,EP-4630253-A1_en_q_de,de,100,100,10,0.1,1.0,foreign
google/embeddinggemma-300m,embeddinggemma,EP-4630253-A1_fr_q_fr,fr,86,86,44,0.5116279069767442,1.0,same
google/embeddinggemma-300m,embeddinggemma,EP-4630253-A1_en_q_es,es,100,100,12,0.12,1.0,foreign
google/embeddinggemma-300m,embeddinggemma,EP-4630253-A1_zh_q_zh,zh,100,100,26,0.26,1.0,foreign
google/embeddinggemma-300m,embeddinggemma,MX-2025007798-A_en_q_en,en,0,0,0,,0.0,gold
google/embeddinggemma-300m,embeddinggemma,WO-2025206382-A1_en_q_en,en,0,0,0,,0.0,gold
google/embeddinggemma-300m,embeddinggemma,MX-2025009144-A_en_q_en,en,0,0,0,,0.0,gold
google/embeddinggemma-300m,embeddinggemma,WO-2025206195-A1_en_q_de,de,0,0,0,,0.0,gold
google/embeddinggemma-300m,embeddinggemma,WO-2024128938-A1_en_q_de,de,0,0,0,,0.0,gold
google/embeddinggemma-300m,embeddinggemma,MX-2025007510-A_es_q_es,es,2,2,2,1.0,1.0,same
google/embeddinggemma-300m,embeddinggemma,WO-2025172752-A1_en_q_en,en,0,0,0,,0.0,gold
google/embeddinggemma-300m,embeddinggemma,WO-2024245507-A9_en_q_en,en,100,100,69,0.69,1.0,same
google/embeddinggemma-300m,embeddinggemma,WO-2024245507-A9_de_q_de,de,0,0,0,,0.0,gold
google/embeddinggemma-300m,embeddinggemma,WO-2024245507-A9_fr_q_fr,fr,100,100,82,0.82,1.0,same
google/embeddinggemma-300m,embeddinggemma,WO-2024245507-A9_en_q_es,es,0,0,0,,0.0,gold
google/embeddinggemma-300m,embeddinggemma,WO-2024245507-A9_en_q_zh,zh,0,0,0,,0.0,gold
google/embeddinggemma-300m,embeddinggemma,EP-4630245-A1_zh_q_zh,zh,0,0,0,,0.0,gold
google/embeddinggemma-300m,embeddinggemma,WO-2025192625-A1_en_q_en,en,3,3,3,1.0,1.0,same
google/embeddinggemma-300m,embeddinggemma,WO-2025192625-A1_en_q_de,de,100,100,31,0.31,1.0,same
google/embeddinggemma-300m,embeddinggemma,WO-2025192625-A1_fr_q_fr,fr,8,8,6,0.75,1.0,same
google/embeddinggemma-300m,embeddinggemma,WO-2025192625-A1_en_q_es,es,100,100,34,0.34,1.0,foreign
google/embeddinggemma-300m,embeddinggemma,WO-2025192625-A1_zh_q_zh,zh,0,0,0,,0.0,gold
google/embeddinggemma-300m,embeddinggemma,MX-2025006818-A_es_q_es,es,0,0,0,,0.0,gold
google/embeddinggemma-300m,embeddinggemma,MX-2025007695-A_es_q_es,es,0,0,0,,0.0,gold
google/embeddinggemma-300m,embeddinggemma,WO-2025187736-A8_en_q_zh,zh,0,0,0,,0.0,gold
google/embeddinggemma-300m,embeddinggemma,WO-2025203012-A1_en_q_es,es,5,5,3,0.6,1.0,same
google/embeddinggemma-300m,embeddinggemma,EP-4626837-A1_en_q_zh,zh,0,0,0,,0.0,gold
google/embeddinggemma-300m,embeddinggemma,WO-2025202104-A1_zh_q_zh,zh,0,0,0,,0.0,gold
google/embeddinggemma-300m,embeddinggemma,EP-4626928-A2_fr_q_fr,fr,0,0,0,,0.0,gold
google/embeddinggemma-300m,embeddinggemma,MX-2025008327-A_en_q_en,en,100,100,75,0.75,1.0,same
google/embeddinggemma-300m,embeddinggemma,EP-4634127-A1_en_q_en,en,0,0,0,,0.0,gold
google/embeddinggemma-300m,embeddinggemma,WO-2024058685-A1_en_q_zh,zh,0,0,0,,0.0,gold
google/embeddinggemma-300m,embeddinggemma,WO-2024089298-A9_fr_q_fr,fr,1,1,1,1.0,1.0,same
google/embeddinggemma-300m,embeddinggemma,MX-2025010028-A_en_q_en,en,0,0,0,,0.0,gold
google/embeddinggemma-300m,embeddinggemma,WO-2025202253-A1_en_q_es,es,0,0,0,,0.0,gold
google/embeddinggemma-300m,embeddinggemma,MX-2025009821-A_es_q_es,es,0,0,0,,0.0,gold
google/embeddinggemma-300m,embeddinggemma,MX-2025006624-A_en_q_fr,fr,0,0,0,,0.0,gold
google/embeddinggemma-300m,embeddinggemma,MX-2025003345-A_en_q_de,de,10,10,0,0.0,0.0,foreign
google/embeddinggemma-300m,embeddinggemma,WO-2024259508-A1_en_q_en,en,0,0,0,,0.0,gold
google/embeddinggemma-300m,embeddinggemma,EP-4630051-A1_fr_q_fr,fr,0,0,0,,0.0,gold
google/embeddinggemma-300m,embeddinggemma,MX-2025010268-A_en_q_zh,zh,0,0,0,,0.0,gold
google/embeddinggemma-300m,embeddinggemma,WO-2025212655-A1_en_q_de,de,1,1,0,0.0,0.0,foreign
google/embeddinggemma-300m,embeddinggemma,WO-2025205978-A1_en_q_en,en,1,1,1,1.0,1.0,same
google/embeddinggemma-300m,embeddinggemma,WO-2025206105-A1_zh_q_zh,zh,0,0,0,,0.0,gold
google/embeddinggemma-300m,embeddinggemma,EP-4633669-A2_fr_q_fr,fr,1,1,0,0.0,0.0,foreign
google/embeddinggemma-300m,embeddinggemma,WO-2025021351-A1_en_q_zh,zh,1,1,1,1.0,1.0,same
google/embeddinggemma-300m,embeddinggemma,WO-2025187706-A8_fr_q_fr,fr,97,97,66,0.6804123711340206,1.0,same
google/embeddinggemma-300m,embeddinggemma,EP-4623104-A1_zh_q_zh,zh,0,0,0,,0.0,gold
google/embeddinggemma-300m,embeddinggemma,WO-2025164232-A1_en_q_de,de,0,0,0,,0.0,gold
google/embeddinggemma-300m,embeddinggemma,WO-2025206823-A1_en_q_de,de,4,4,1,0.25,1.0,same
google/embeddinggemma-300m,embeddinggemma,EP-4626944-A1_en_q_de,de,100,100,17,0.17,1.0,same
google/embeddinggemma-300m,embeddinggemma,EP-4626879-A1_en_q_en,en,0,0,0,,0.0,gold
google/embeddinggemma-300m,embeddinggemma,EP-4626874-A1_en_q_zh,zh,17,17,4,0.23529411764705882,1.0,same
google/embeddinggemma-300m,embeddinggemma,MX-2025008798-A_en_q_fr,fr,57,57,43,0.7543859649122807,1.0,same
google/embeddinggemma-300m,embeddinggemma,MX-2025005939-A_es_q_es,es,0,0,0,,0.0,gold
google/embeddinggemma-300m,embeddinggemma,WO-2025204745-A1_en_q_zh,zh,6,6,4,0.6666666666666666,1.0,same
google/embeddinggemma-300m,embeddinggemma,WO-2025217208-A1_en_q_en,en,0,0,0,,0.0,gold
google/embeddinggemma-300m,embeddinggemma,WO-2025205163-A1_en_q_en,en,94,94,65,0.6914893617021277,1.0,same
google/embeddinggemma-300m,embeddinggemma,WO-2025186172-A8_fr_q_fr,fr,0,0,0,,0.0,gold
google/embeddinggemma-300m,embeddinggemma,WO-2025188156-A8_en_q_de,de,33,33,3,0.09090909090909091,1.0,foreign
google/embeddinggemma-300m,embeddinggemma,MX-2025009759-A_en_q_fr,fr,1,1,0,0.0,0.0,foreign
google/embeddinggemma-300m,embeddinggemma,WO-2025189017-A8_en_q_de,de,0,0,0,,0.0,gold
google/embeddinggemma-300m,embeddinggemma,CR-20250096-A_en_q_zh,zh,0,0,0,,0.0,gold
google/embeddinggemma-300m,embeddinggemma,WO-2025169953-A1_en_q_de,de,9,9,0,0.0,0.0,foreign
google/embeddinggemma-300m,embeddinggemma,MX-2025006319-A_en_q_de,de,43,43,3,0.06976744186046512,1.0,foreign
google/embeddinggemma-300m,embeddinggemma,MX-2025004974-A_en_q_fr,fr,2,2,1,0.5,1.0,same
google/embeddinggemma-300m,embeddinggemma,WO-2025170405-A1_en_q_de,de,4,4,0,0.0,0.0,foreign
google/embeddinggemma-300m,embeddinggemma,WO-2025208198-A1_en_q_zh,zh,0,0,0,,0.0,gold
google/embeddinggemma-300m,embeddinggemma,WO-2025054647-A1_en_q_es,es,0,0,0,,0.0,gold
google/embeddinggemma-300m,embeddinggemma,WO-2025210166-A1_en_q_de,de,54,54,2,0.037037037037037035,1.0,foreign
google/embeddinggemma-300m,embeddinggemma,WO-2025211178-A1_en_q_es,es,3,3,3,1.0,1.0,same
google/embeddinggemma-300m,embeddinggemma,MX-2025004012-A_en_q_zh,zh,0,0,0,,0.0,gold
google/embeddinggemma-300m,embeddinggemma,WO-2025206949-A1_en_q_es,es,1,1,1,1.0,1.0,same
google/embeddinggemma-300m,embeddinggemma,MX-2025007614-A_en_q_zh,zh,0,0,0,,0.0,gold
google/embeddinggemma-300m,embeddinggemma,WO-2025146513-A1_en_q_de,de,0,0,0,,0.0,gold
google/embeddinggemma-300m,embeddinggemma,WO-2025211949-A1_en_q_es,es,0,0,0,,0.0,gold
google/embeddinggemma-300m,embeddinggemma,EP-4626831-A1_en_q_zh,zh,1,1,1,1.0,1.0,same
google/embeddinggemma-300m,embeddinggemma,WO-2025186644-A8_en_q_de,de,0,0,0,,0.0,gold
google/embeddinggemma-300m,embeddinggemma,WO-2025192587-A1_en_q_de,de,1,1,1,1.0,1.0,same
google/embeddinggemma-300m,embeddinggemma,EP-4633779-A1_en_q_es,es,0,0,0,,0.0,gold
google/embeddinggemma-300m,embeddinggemma,WO-2022098263-A1_en_q_es,es,0,0,0,,0.0,gold
google/embeddinggemma-300m,embeddinggemma,WO-2025215251-A1_en_q_es,es,1,1,1,1.0,1.0,same
google/embeddinggemma-300m,embeddinggemma,EP-4493405-A1_en_q_zh,zh,3,3,1,0.3333333333333333,1.0,same
google/embeddinggemma-300m,embeddinggemma,WO-2025103555-A1_en_q_zh,zh,0,0,0,,0.0,gold
google/embeddinggemma-300m,embeddinggemma,EP-4626386-A1_en_q_de,de,3,3,3,1.0,1.0,same
google/embeddinggemma-300m,embeddinggemma,MX-2025010613-A_en_q_de,de,17,17,0,0.0,0.0,foreign
google/embeddinggemma-300m,embeddinggemma,EP-4626547-A1_en_q_de,de,1,1,0,0.0,0.0,foreign
google/embeddinggemma-300m,embeddinggemma,EP-4626593-A1_en_q_de,de,0,0,0,,0.0,gold
google/embeddinggemma-300m,embeddinggemma,WO-2025207414-A1_en_q_es,es,15,15,2,0.13333333333333333,1.0,same
google/embeddinggemma-300m,embeddinggemma,MX-2025005049-A_en_q_zh,zh,14,14,2,0.14285714285714285,1.0,foreign
google/embeddinggemma-300m,embeddinggemma,WO-2024246082-A3_en_q_es,es,0,0,0,,0.0,gold
google/embeddinggemma-300m,embeddinggemma,WO-2025180718-A1_en_q_es,es,1,1,1,1.0,1.0,same
google/embeddinggemma-300m,embeddinggemma,MX-2025006336-A_en_q_de,de,0,0,0,,0.0,gold
google/embeddinggemma-300m,embeddinggemma,WO-2025202347-A1_en_q_de,de,0,0,0,,0.0,gold
google/embeddinggemma-300m,embeddinggemma,MX-2025010373-A_en_q_zh,zh,100,100,23,0.23,1.0,same
google/embeddinggemma-300m,embeddinggemma,WO-2025200075-A1_en_q_zh,zh,0,0,0,,0.0,gold
google/embeddinggemma-300m,embeddinggemma,WO-2025189151-A8_en_q_de,de,0,0,0,,0.0,gold
google/embeddinggemma-300m,embeddinggemma,MX-2025007174-A_en_q_de,de,0,0,0,,0.0,gold
google/embeddinggemma-300m,embeddinggemma,MX-2025010619-A_en_q_de,de,1,1,0,0.0,0.0,foreign
google/embeddinggemma-300m,embeddinggemma,EP-4532651-A1_en_q_es,es,0,0,0,,0.0,gold
google/embeddinggemma-300m,embeddinggemma,WO-2025173342-A1_en_q_es,es,0,0,0,,0.0,gold
google/embeddinggemma-300m,embeddinggemma,WO-2024019637-A1_en_q_de,de,2,2,0,0.0,0.0,foreign
google/embeddinggemma-300m,embeddinggemma,MX-2025008968-A_en_q_zh,zh,0,0,0,,0.0,gold
google/embeddinggemma-300m,embeddinggemma,WO-2025202625-A1_en_q_de,de,0,0,0,,0.0,gold
google/embeddinggemma-300m,embeddinggemma,WO-2025187661-A8_en_q_es,es,0,0,0,,0.0,gold
google/embeddinggemma-300m,embeddinggemma,WO-2025101062-A1_en_q_zh,zh,0,0,0,,0.0,gold
google/embeddinggemma-300m,embeddinggemma,WO-2025150711-A1_en_q_de,de,0,0,0,,0.0,gold
google/embeddinggemma-300m,embeddinggemma,WO-2025207828-A1_en_q_zh,zh,100,100,7,0.07,1.0,foreign
google/embeddinggemma-300m,embeddinggemma,WO-2025203197-A1_en_q_zh,zh,0,0,0,,0.0,gold
google/embeddinggemma-300m,embeddinggemma,EP-4634141-A2_en_q_en,en,0,0,0,,0.0,gold
google/embeddinggemma-300m,embeddinggemma,EP-4633971-A1_fr_q_fr,fr,0,0,0,,0.0,gold
google/embeddinggemma-300m,embeddinggemma,WO-2025197272-A1_en_q_en,en,0,0,0,,0.0,gold
google/embeddinggemma-300m,embeddinggemma,WO-2025189168-A8_fr_q_fr,fr,0,0,0,,0.0,gold
google/embeddinggemma-300m,embeddinggemma,MX-2025008124-A_es_q_es,es,2,2,1,0.5,1.0,foreign
google/embeddinggemma-300m,embeddinggemma,MX-2025007669-A_en_q_en,en,0,0,0,,0.0,gold
google/embeddinggemma-300m,embeddinggemma,WO-2025195675-A1_en_q_en,en,0,0,0,,0.0,gold
google/embeddinggemma-300m,embeddinggemma,WO-2022005333-A1_en_q_en,en,0,0,0,,0.0,gold
google/embeddinggemma-300m,embeddinggemma,MX-2025005748-A_es_q_es,es,0,0,0,,0.0,gold
google/embeddinggemma-300m,embeddinggemma,MX-2025002923-A_es_q_es,es,0,0,0,,0.0,gold
google/embeddinggemma-300m,embeddinggemma,MX-2025010611-A_es_q_es,es,18,18,1,0.05555555555555555,1.0,same
google/embeddinggemma-300m,embeddinggemma,WO-2025217553-A1_fr_q_fr,fr,100,100,59,0.59,1.0,same
google/embeddinggemma-300m,embeddinggemma,WO-2025186530-A8_en_q_en,en,0,0,0,,0.0,gold
google/embeddinggemma-300m,embeddinggemma,EP-4627050-A1_fr_q_fr,fr,0,0,0,,0.0,gold
google/embeddinggemma-300m,embeddinggemma,MX-2025008249-A_en_q_en,en,0,0,0,,0.0,gold
google/embeddinggemma-300m,embeddinggemma,WO-2025184858-A8_fr_q_fr,fr,2,2,2,1.0,1.0,same
google/embeddinggemma-300m,embeddinggemma,MX-2025004649-A_es_q_es,es,0,0,0,,0.0,gold
google/embeddinggemma-300m,embeddinggemma,ES-1320636-U_en_q_en,en,0,0,0,,0.0,gold
google/embeddinggemma-300m,embeddinggemma,MX-2025006800-A_en_q_en,en,0,0,0,,0.0,gold
google/embeddinggemma-300m,embeddinggemma,EP-4626866-A1_en_q_en,en,0,0,0,,0.0,gold
google/embeddinggemma-300m,embeddinggemma,MX-2025006721-A_en_q_en,en,9,9,8,0.8888888888888888,1.0,same
google/embeddinggemma-300m,embeddinggemma,WO-2024073831-A1_en_q_en,en,6,6,3,0.5,1.0,foreign
google/embeddinggemma-300m,embeddinggemma,WO-2025200966-A1_fr_q_fr,fr,0,0,0,,0.0,gold
google/embeddinggemma-300m,embeddinggemma,MX-2025005215-A_es_q_es,es,0,0,0,,0.0,gold
google/embeddinggemma-300m,embeddinggemma,WO-2025080163-A1_fr_q_fr,fr,9,9,7,0.7777777777777778,1.0,same
google/embeddinggemma-300m,embeddinggemma,WO-2025200089-A1_en_q_en,en,0,0,0,,0.0,gold
google/embeddinggemma-300m,embeddinggemma,WO-2025073021-A1_en_q_en,en,0,0,0,,0.0,gold
google/embeddinggemma-300m,embeddinggemma,WO-2025186263-A8_fr_q_fr,fr,0,0,0,,0.0,gold
google/embeddinggemma-300m,embeddinggemma,WO-2025211336-A1_en_q_en,en,20,20,18,0.9,1.0,same
google/embeddinggemma-300m,embeddinggemma,WO-2025078189-A1_en_q_en,en,0,0,0,,0.0,gold
google/embeddinggemma-300m,embeddinggemma,ES-3033921-A1_en_q_en,en,0,0,0,,0.0,gold
google/embeddinggemma-300m,embeddinggemma,WO-2025154762-A1_fr_q_fr,fr,0,0,0,,0.0,gold
google/embeddinggemma-300m,embeddinggemma,EP-4634323-A1_en_q_en,en,1,1,1,1.0,1.0,same
google/embeddinggemma-300m,embeddinggemma,WO-2025189143-A8_en_q_en,en,0,0,0,,0.0,gold
google/embeddinggemma-300m,embeddinggemma,MX-2025009632-A_en_q_en,en,1,1,1,1.0,1.0,same
google/embeddinggemma-300m,embeddinggemma,EP-4626395-A1_fr_q_fr,fr,0,0,0,,0.0,gold
google/embeddinggemma-300m,embeddinggemma,WO-2025203678-A1_fr_q_fr,fr,4,4,3,0.75,1.0,same
google/embeddinggemma-300m,embeddinggemma,WO-2025187095-A8_fr_q_fr,fr,0,0,0,,0.0,gold
google/embeddinggemma-300m,embeddinggemma,EP-4626938-A1_en_q_en,en,0,0,0,,0.0,gold
google/embeddinggemma-300m,embeddinggemma,MX-2025006010-A_en_q_en,en,14,14,9,0.6428571428571429,1.0,same
google/embeddinggemma-300m,embeddinggemma,WO-2025215647-A1_fr_q_fr,fr,0,0,0,,0.0,gold
google/embeddinggemma-300m,embeddinggemma,WO-2025207093-A1_fr_q_fr,fr,0,0,0,,0.0,gold
google/embeddinggemma-300m,embeddinggemma,MX-2025004470-A_en_q_en,en,0,0,0,,0.0,gold
google/embeddinggemma-300m,embeddinggemma,EP-4626949-A1_fr_q_fr,fr,0,0,0,,0.0,gold
google/embeddinggemma-300m,embeddinggemma,WO-2025206197-A1_fr_q_fr,fr,59,59,43,0.7288135593220338,1.0,same
google/embeddinggemma-300m,embeddinggemma,WO-2022246526-A8_fr_q_fr,fr,0,0,0,,0.0,gold
google/embeddinggemma-300m,embeddinggemma,MX-2025006489-A_es_q_es,es,4,4,2,0.5,1.0,foreign
google/embeddinggemma-300m,embeddinggemma,WO-2021255541-A1_en_q_en,en,6,6,5,0.8333333333333334,1.0,same
google/embeddinggemma-300m,embeddinggemma,WO-2021255541-A1_en_q_de,de,3,3,2,0.6666666666666666,1.0,same
google/embeddinggemma-300m,embeddinggemma,WO-2021255541-A1_fr_q_fr,fr,0,0,0,,0.0,gold
google/embeddinggemma-300m,embeddinggemma,WO-2021255541-A1_en_q_es,es,47,47,6,0.1276595744680851,1.0,foreign
google/embeddinggemma-300m,embeddinggemma,WO-2021255541-A1_zh_q_zh,zh,0,0,0,,0.0,gold
google/embeddinggemma-300m,embeddinggemma,EP-4634663-A1_en_q_en,en,0,0,0,,0.0,gold
google/embeddinggemma-300m,embeddinggemma,EP-4634663-A1_en_q_de,de,0,0,0,,0.0,gold
google/embeddinggemma-300m,embeddinggemma,EP-4634663-A1_fr_q_fr,fr,0,0,0,,0.0,gold
google/embeddinggemma-300m,embeddinggemma,EP-4634663-A1_en_q_es,es,0,0,0,,0.0,gold
google/embeddinggemma-300m,embeddinggemma,EP-4634663-A1_en_q_zh,zh,0,0,0,,0.0,gold
google/embeddinggemma-300m,embeddinggemma,MX-2025005046-A_en_q_en,en,95,95,44,0.4631578947368421,1.0,same
google/embeddinggemma-300m,embeddinggemma,MX-2025005046-A_en_q_de,de,100,100,20,0.2,1.0,foreign
google/embeddinggemma-300m,embeddinggemma,MX-2025005046-A_en_q_fr,fr,0,0,0,,0.0,gold
google/embeddinggemma-300m,embeddinggemma,MX-2025005046-A_es_q_es,es,12,12,4,0.3333333333333333,1.0,same
google/embeddinggemma-300m,embeddinggemma,MX-2025005046-A_en_q_zh,zh,0,0,0,,0.0,gold
google/embeddinggemma-300m,embeddinggemma,MX-2025007733-A_en_q_en,en,100,100,53,0.53,1.0,same
google/embeddinggemma-300m,embeddinggemma,MX-2025007733-A_en_q_de,de,0,0,0,,0.0,gold
google/embeddinggemma-300m,embeddinggemma,MX-2025007733-A_en_q_fr,fr,53,53,36,0.6792452830188679,1.0,same
google/embeddinggemma-300m,embeddinggemma,MX-2025007733-A_es_q_es,es,1,1,1,1.0,1.0,same
google/embeddinggemma-300m,embeddinggemma,MX-2025007733-A_zh_q_zh,zh,0,0,0,,0.0,gold
google/embeddinggemma-300m,embeddinggemma,MX-2025008227-A_en_q_en,en,0,0,0,,0.0,gold
google/embeddinggemma-300m,embeddinggemma,MX-2025008227-A_en_q_de,de,0,0,0,,0.0,gold
google/embeddinggemma-300m,embeddinggemma,MX-2025008227-A_en_q_fr,fr,0,0,0,,0.0,gold
google/embeddinggemma-300m,embeddinggemma,MX-2025008227-A_es_q_es,es,0,0,0,,0.0,gold
google/embeddinggemma-300m,embeddinggemma,MX-2025008227-A_en_q_zh,zh,2,2,0,0.0,0.0,foreign
google/embeddinggemma-300m,embeddinggemma,WO-2025186592-A8_en_q_en,en,0,0,0,,0.0,gold
google/embeddinggemma-300m,embeddinggemma,WO-2025186592-A8_en_q_de,de,0,0,0,,0.0,gold
google/embeddinggemma-300m,embeddinggemma,WO-2025186592-A8_fr_q_fr,fr,0,0,0,,0.0,gold
google/embeddinggemma-300m,embeddinggemma,WO-2025186592-A8_en_q_es,es,0,0,0,,0.0,gold
google/embeddinggemma-300m,embeddinggemma,WO-2025186592-A8_en_q_zh,zh,0,0,0,,0.0,gold
google/embeddinggemma-300m,embeddinggemma,MX-2025005709-A_en_q_en,en,1,1,1,1.0,1.0,same
google/embeddinggemma-300m,embeddinggemma,MX-2025005709-A_en_q_de,de,1,1,1,1.0,1.0,same
google/embeddinggemma-300m,embeddinggemma,MX-2025005709-A_en_q_fr,fr,0,0,0,,0.0,gold
google/embeddinggemma-300m,embeddinggemma,MX-2025005709-A_es_q_es,es,1,1,1,1.0,1.0,same
google/embeddinggemma-300m,embeddinggemma,MX-2025005709-A_en_q_zh,zh,7,7,5,0.7142857142857143,1.0,same
google/embeddinggemma-300m,embeddinggemma,MX-2025009739-A_en_q_en,en,2,2,2,1.0,1.0,same
google/embeddinggemma-300m,embeddinggemma,MX-2025009739-A_en_q_de,de,0,0,0,,0.0,gold
google/embeddinggemma-300m,embeddinggemma,MX-2025009739-A_en_q_fr,fr,20,20,15,0.75,1.0,same
google/embeddinggemma-300m,embeddinggemma,MX-2025009739-A_es_q_es,es,13,13,7,0.5384615384615384,1.0,foreign
google/embeddinggemma-300m,embeddinggemma,MX-2025009739-A_zh_q_zh,zh,0,0,0,,0.0,gold
google/embeddinggemma-300m,embeddinggemma,MX-2025008260-A_en_q_en,en,0,0,0,,0.0,gold
google/embeddinggemma-300m,embeddinggemma,MX-2025008260-A_en_q_de,de,100,100,35,0.35,1.0,foreign
google/embeddinggemma-300m,embeddinggemma,MX-2025008260-A_en_q_fr,fr,23,23,18,0.782608695652174,1.0,same
google/embeddinggemma-300m,embeddinggemma,MX-2025008260-A_es_q_es,es,13,13,8,0.6153846153846154,1.0,same
google/embeddinggemma-300m,embeddinggemma,MX-2025008260-A_zh_q_zh,zh,0,0,0,,0.0,gold
google/embeddinggemma-300m,embeddinggemma,WO-2025216711-A1_en_q_en,en,0,0,0,,0.0,gold
google/embeddinggemma-300m,embeddinggemma,WO-2025216711-A1_en_q_de,de,0,0,0,,0.0,gold
google/embeddinggemma-300m,embeddinggemma,WO-2025216711-A1_fr_q_fr,fr,0,0,0,,0.0,gold
google/embeddinggemma-300m,embeddinggemma,WO-2025216711-A1_en_q_es,es,0,0,0,,0.0,gold
google/embeddinggemma-300m,embeddinggemma,WO-2025216711-A1_zh_q_zh,zh,0,0,0,,0.0,gold
BAAI/bge-m3,bge-m3,EP-4633662-A1_en_q_en,en,2,2,1,0.5,1.0,foreign
BAAI/bge-m3,bge-m3,EP-4630509-A1_fr_q_fr,fr,0,0,0,,0.0,gold
BAAI/bge-m3,bge-m3,EP-4634248-A1_en_q_es,es,100,100,11,0.11,1.0,foreign
BAAI/bge-m3,bge-m3,EP-4634187-A1_en_q_es,es,5,5,5,1.0,1.0,same
BAAI/bge-m3,bge-m3,EP-4634142-A1_fr_q_fr,fr,100,100,44,0.44,1.0,same
BAAI/bge-m3,bge-m3,EP-4633768-A2_en_q_es,es,76,76,1,0.013157894736842105,1.0,foreign
BAAI/bge-m3,bge-m3,EP-4633645-A1_fr_q_fr,fr,13,13,5,0.38461538461538464,1.0,same
BAAI/bge-m3,bge-m3,EP-4633622-A2_en_q_de,de,0,0,0,,0.0,gold
BAAI/bge-m3,bge-m3,EP-4634601-A1_en_q_en,en,8,8,8,1.0,1.0,same
BAAI/bge-m3,bge-m3,EP-4630626-A1_de_q_de,de,0,0,0,,0.0,gold
BAAI/bge-m3,bge-m3,EP-4630600-A1_de_q_en,en,94,94,67,0.7127659574468085,1.0,same
BAAI/bge-m3,bge-m3,EP-4633632-A1_en_q_es,es,16,16,7,0.4375,1.0,same
BAAI/bge-m3,bge-m3,EP-4634136-A1_en_q_es,es,100,100,10,0.1,1.0,foreign
BAAI/bge-m3,bge-m3,EP-4634157-A1_en_q_de,de,58,58,1,0.017241379310344827,1.0,foreign
BAAI/bge-m3,bge-m3,EP-4630574-A1_de_q_en,en,100,100,66,0.66,1.0,same
BAAI/bge-m3,bge-m3,EP-4634111-A1_en_q_de,de,100,100,57,0.57,1.0,same
BAAI/bge-m3,bge-m3,EP-4634596-A1_en_q_es,es,100,100,6,0.06,1.0,foreign
BAAI/bge-m3,bge-m3,EP-4634139-A1_en_q_es,es,0,0,0,,0.0,gold
BAAI/bge-m3,bge-m3,WO-2025153617-A3_de_q_en,en,83,83,63,0.7590361445783133,1.0,same
BAAI/bge-m3,bge-m3,EP-4634251-A1_en_q_es,es,100,100,7,0.07,1.0,foreign
BAAI/bge-m3,bge-m3,EP-4634426-A1_en_q_es,es,8,8,0,0.0,0.0,foreign
BAAI/bge-m3,bge-m3,EP-4634729-A1_en_q_de,de,0,0,0,,0.0,gold
BAAI/bge-m3,bge-m3,EP-4626569-A1_de_q_en,en,0,0,0,,0.0,gold
BAAI/bge-m3,bge-m3,EP-4634394-A2_en_q_es,es,0,0,0,,0.0,gold
BAAI/bge-m3,bge-m3,EP-4634424-A1_en_q_es,es,2,2,0,0.0,0.0,foreign
BAAI/bge-m3,bge-m3,EP-4633602-A1_en_q_de,de,100,100,6,0.06,1.0,foreign
BAAI/bge-m3,bge-m3,EP-4634337-A1_en_q_en,en,8,8,7,0.875,1.0,same
BAAI/bge-m3,bge-m3,EP-4634128-A1_en_q_en,en,37,37,31,0.8378378378378378,1.0,same
BAAI/bge-m3,bge-m3,EP-4633896-A1_en_q_en,en,37,37,32,0.8648648648648649,1.0,same
BAAI/bge-m3,bge-m3,WO-2025215091-A1_fr_q_fr,fr,26,26,12,0.46153846153846156,1.0,same
BAAI/bge-m3,bge-m3,EP-4633599-A1_fr_q_fr,fr,3,3,2,0.6666666666666666,1.0,foreign
BAAI/bge-m3,bge-m3,EP-4633656-A1_fr_q_fr,fr,37,37,8,0.21621621621621623,1.0,foreign
BAAI/bge-m3,bge-m3,WO-2025208167-A1_de_q_de,de,100,100,6,0.06,1.0,foreign
BAAI/bge-m3,bge-m3,EP-4634396-A1_fr_q_fr,fr,0,0,0,,0.0,gold
BAAI/bge-m3,bge-m3,EP-4633893-A1_fr_q_fr,fr,23,23,17,0.7391304347826086,1.0,foreign
BAAI/bge-m3,bge-m3,EP-4633462-A1_en_q_en,en,0,0,0,,0.0,gold
BAAI/bge-m3,bge-m3,EP-4633386-A1_en_q_en,en,5,5,4,0.8,1.0,same
BAAI/bge-m3,bge-m3,EP-4633970-A1_fr_q_fr,fr,6,6,4,0.6666666666666666,1.0,same
BAAI/bge-m3,bge-m3,EP-4633415-A1_en_q_en,en,8,8,7,0.875,1.0,same
BAAI/bge-m3,bge-m3,EP-4633415-A1_en_q_de,de,8,8,3,0.375,1.0,same
BAAI/bge-m3,bge-m3,EP-4633415-A1_fr_q_fr,fr,100,100,41,0.41,1.0,foreign
BAAI/bge-m3,bge-m3,EP-4633415-A1_en_q_es,es,0,0,0,,0.0,gold
BAAI/bge-m3,bge-m3,EP-4633950-A1_en_q_en,en,16,16,16,1.0,1.0,same
BAAI/bge-m3,bge-m3,EP-4633950-A1_en_q_de,de,100,100,15,0.15,1.0,foreign
BAAI/bge-m3,bge-m3,EP-4633950-A1_fr_q_fr,fr,100,100,24,0.24,1.0,foreign
BAAI/bge-m3,bge-m3,EP-4633950-A1_en_q_es,es,83,83,3,0.03614457831325301,1.0,foreign
BAAI/bge-m3,bge-m3,EP-4634629-A1_en_q_en,en,100,100,51,0.51,1.0,same
BAAI/bge-m3,bge-m3,EP-4634629-A1_de_q_de,de,100,100,11,0.11,1.0,same
BAAI/bge-m3,bge-m3,EP-4634629-A1_fr_q_fr,fr,31,31,23,0.7419354838709677,1.0,same
BAAI/bge-m3,bge-m3,EP-4634629-A1_en_q_es,es,100,100,4,0.04,1.0,foreign
BAAI/bge-m3,bge-m3,EP-4633582-A1_en_q_es,es,20,20,5,0.25,1.0,foreign
BAAI/bge-m3,bge-m3,EP-4634165-A1_en_q_es,es,0,0,0,,0.0,gold
BAAI/bge-m3,bge-m3,EP-4633677-A1_en_q_de,de,37,37,0,0.0,0.0,foreign
BAAI/bge-m3,bge-m3,EP-4634246-A1_en_q_en,en,2,2,0,0.0,0.0,foreign
BAAI/bge-m3,bge-m3,EP-4634120-A1_en_q_de,de,14,14,0,0.0,0.0,foreign
BAAI/bge-m3,bge-m3,EP-4633638-A1_en_q_en,en,0,0,0,,0.0,gold
BAAI/bge-m3,bge-m3,EP-4633389-A1_en_q_en,en,0,0,0,,0.0,gold
BAAI/bge-m3,bge-m3,WO-2025209629-A1_de_q_es,es,0,0,0,,0.0,gold
BAAI/bge-m3,bge-m3,EP-4634132-A2_en_q_en,en,16,16,15,0.9375,1.0,same
BAAI/bge-m3,bge-m3,EP-4634914-A1_en_q_es,es,13,13,2,0.15384615384615385,1.0,foreign
BAAI/bge-m3,bge-m3,EP-4634285-A1_en_q_de,de,8,8,0,0.0,0.0,foreign
BAAI/bge-m3,bge-m3,EP-4634122-A1_fr_q_fr,fr,24,24,18,0.75,1.0,same
BAAI/bge-m3,bge-m3,EP-4634365-A1_fr_q_fr,fr,0,0,0,,0.0,gold
BAAI/bge-m3,bge-m3,WO-2025214709-A1_de_q_es,es,4,4,1,0.25,1.0,same
BAAI/bge-m3,bge-m3,EP-4633426-A2_en_q_es,es,0,0,0,,0.0,gold
BAAI/bge-m3,bge-m3,EP-4630604-A1_de_q_es,es,6,6,0,0.0,0.0,foreign
BAAI/bge-m3,bge-m3,EP-4634118-A1_en_q_es,es,0,0,0,,0.0,gold
BAAI/bge-m3,bge-m3,EP-4634404-A1_en_q_de,de,0,0,0,,0.0,gold
BAAI/bge-m3,bge-m3,EP-4633465-A1_en_q_de,de,0,0,0,,0.0,gold
BAAI/bge-m3,bge-m3,EP-4633680-A1_en_q_es,es,0,0,0,,0.0,gold
BAAI/bge-m3,bge-m3,WO-2025201606-A1_de_q_es,es,0,0,0,,0.0,gold
BAAI/bge-m3,bge-m3,EP-4634435-A1_en_q_de,de,2,2,0,0.0,0.0,foreign
BAAI/bge-m3,bge-m3,EP-4634143-A1_en_q_de,de,4,4,4,1.0,1.0,same
BAAI/bge-m3,bge-m3,EP-4634411-A1_en_q_de,de,43,43,8,0.18604651162790697,1.0,foreign
BAAI/bge-m3,bge-m3,EP-4634287-A1_en_q_es,es,100,100,5,0.05,1.0,foreign
BAAI/bge-m3,bge-m3,EP-4633627-A1_en_q_de,de,0,0,0,,0.0,gold
BAAI/bge-m3,bge-m3,EP-4633670-A1_fr_q_fr,fr,0,0,0,,0.0,gold
BAAI/bge-m3,bge-m3,WO-2025202163-A1_fr_q_fr,fr,0,0,0,,0.0,gold
BAAI/bge-m3,bge-m3,WO-2025214852-A1_fr_q_fr,fr,3,3,2,0.6666666666666666,1.0,same
BAAI/bge-m3,bge-m3,WO-2025214996-A1_fr_q_fr,fr,100,100,36,0.36,1.0,same
BAAI/bge-m3,bge-m3,EP-4630123-A1_de_q_de,de,1,1,0,0.0,0.0,foreign
BAAI/bge-m3,bge-m3,EP-4634646-A1_en_q_en,en,0,0,0,,0.0,gold
BAAI/bge-m3,bge-m3,EP-4634294-A1_en_q_en,en,1,1,1,1.0,1.0,same
BAAI/bge-m3,bge-m3,EP-4634436-A1_fr_q_fr,fr,2,2,1,0.5,1.0,foreign
BAAI/bge-m3,bge-m3,EP-4633761-A1_en_q_en,en,100,100,84,0.84,1.0,same
BAAI/bge-m3,bge-m3,WO-2025215167-A1_de_q_de,de,0,0,0,,0.0,gold
BAAI/bge-m3,bge-m3,EP-4626962-A1_de_q_en,en,0,0,0,,0.0,gold
BAAI/bge-m3,bge-m3,EP-4626962-A1_de_q_de,de,0,0,0,,0.0,gold
BAAI/bge-m3,bge-m3,EP-4626962-A1_fr_q_fr,fr,13,13,6,0.46153846153846156,1.0,foreign
BAAI/bge-m3,bge-m3,EP-4626962-A1_de_q_es,es,1,1,0,0.0,0.0,foreign
BAAI/bge-m3,bge-m3,WO-2025201936-A1_de_q_en,en,29,29,24,0.8275862068965517,1.0,same
BAAI/bge-m3,bge-m3,WO-2025201936-A1_fr_q_fr,fr,0,0,0,,0.0,gold
BAAI/bge-m3,bge-m3,WO-2025201936-A1_de_q_es,es,1,1,1,1.0,1.0,same
BAAI/bge-m3,bge-m3,EP-4634597-A1_en_q_en,en,33,33,33,1.0,1.0,same
BAAI/bge-m3,bge-m3,EP-4634597-A1_en_q_de,de,2,2,0,0.0,0.0,foreign
BAAI/bge-m3,bge-m3,EP-4634597-A1_fr_q_fr,fr,0,0,0,,0.0,gold
BAAI/bge-m3,bge-m3,EP-4634597-A1_en_q_es,es,1,1,0,0.0,0.0,foreign
BAAI/bge-m3,bge-m3,EP-4634381-A1_en_q_zh,zh,25,25,4,0.16,1.0,foreign
BAAI/bge-m3,bge-m3,EP-4633589-A1_en_q_zh,zh,100,100,0,0.0,0.0,foreign
BAAI/bge-m3,bge-m3,EP-4627024-A1_de_q_zh,zh,100,100,12,0.12,1.0,same
BAAI/bge-m3,bge-m3,EP-4634926-A1_en_q_zh,zh,97,97,2,0.020618556701030927,1.0,foreign
BAAI/bge-m3,bge-m3,EP-4633863-A2_en_q_zh,zh,1,1,1,1.0,1.0,same
BAAI/bge-m3,bge-m3,EP-4633797-A1_en_q_zh,zh,0,0,0,,0.0,gold
BAAI/bge-m3,bge-m3,EP-4633777-A1_en_q_zh,zh,1,1,0,0.0,0.0,foreign
BAAI/bge-m3,bge-m3,EP-4633621-A1_en_q_zh,zh,0,0,0,,0.0,gold
BAAI/bge-m3,bge-m3,EP-4634723-A1_en_q_zh,zh,83,83,3,0.03614457831325301,1.0,foreign
BAAI/bge-m3,bge-m3,EP-4633581-A1_en_q_zh,zh,100,100,60,0.6,1.0,same
BAAI/bge-m3,bge-m3,EP-4634416-A1_en_q_zh,zh,2,2,1,0.5,1.0,same
BAAI/bge-m3,bge-m3,EP-4634305-A1_en_q_zh,zh,0,0,0,,0.0,gold
BAAI/bge-m3,bge-m3,EP-4633531-A1_en_q_zh,zh,2,2,1,0.5,1.0,same
BAAI/bge-m3,bge-m3,EP-4634333-A1_en_q_zh,zh,13,13,5,0.38461538461538464,1.0,same
BAAI/bge-m3,bge-m3,EP-4634212-A1_en_q_zh,zh,0,0,0,,0.0,gold
BAAI/bge-m3,bge-m3,EP-4629959-A1_de_q_zh,zh,30,30,12,0.4,1.0,foreign
BAAI/bge-m3,bge-m3,EP-4627881-A1_de_q_zh,zh,9,9,3,0.3333333333333333,1.0,foreign
BAAI/bge-m3,bge-m3,EP-4633576-A1_en_q_zh,zh,100,100,16,0.16,1.0,same
BAAI/bge-m3,bge-m3,EP-4633742-A2_en_q_zh,zh,0,0,0,,0.0,gold
BAAI/bge-m3,bge-m3,EP-4633791-A1_en_q_zh,zh,1,1,0,0.0,0.0,foreign
BAAI/bge-m3,bge-m3,EP-4630574-A1_fr_q_fr,fr,100,100,29,0.29,1.0,same
BAAI/bge-m3,bge-m3,EP-4634111-A1_fr_q_fr,fr,100,100,48,0.48,1.0,same
BAAI/bge-m3,bge-m3,EP-4633622-A2_en_q_es,es,0,0,0,,0.0,gold
BAAI/bge-m3,bge-m3,EP-4634187-A1_en_q_es_120,es,0,0,0,,0.0,gold
BAAI/bge-m3,bge-m3,EP-4634139-A1_fr_q_fr,fr,0,0,0,,0.0,gold
BAAI/bge-m3,bge-m3,EP-4634136-A1_en_q_en,en,100,100,43,0.43,1.0,same
BAAI/bge-m3,bge-m3,EP-4634136-A1_en_q_de,de,100,100,11,0.11,1.0,same
BAAI/bge-m3,bge-m3,EP-4634136-A1_fr_q_fr,fr,1,1,1,1.0,1.0,same
BAAI/bge-m3,bge-m3,EP-4634136-A1_en_q_es_125,es,100,100,22,0.22,1.0,same
BAAI/bge-m3,bge-m3,q_126_zh,zh,24,24,3,0.125,1.0,foreign
BAAI/bge-m3,bge-m3,EP-4634248-A1_en_q_en,en,0,0,0,,0.0,gold
BAAI/bge-m3,bge-m3,EP-4634142-A1_en_q_es,es,0,0,0,,0.0,gold
BAAI/bge-m3,bge-m3,WO-2025214812-A1_de_q_es,es,0,0,0,,0.0,gold
BAAI/bge-m3,bge-m3,EP-4633662-A1_en_q_de,de,31,31,0,0.0,0.0,foreign
BAAI/bge-m3,bge-m3,WO-2025153617-A3_de_q_de,de,0,0,0,,0.0,gold
BAAI/bge-m3,bge-m3,EP-4634596-A1_en_q_en,en,0,0,0,,0.0,gold
BAAI/bge-m3,bge-m3,EP-4634596-A1_en_q_de,de,0,0,0,,0.0,gold
BAAI/bge-m3,bge-m3,EP-4634596-A1_fr_q_fr,fr,0,0,0,,0.0,gold
BAAI/bge-m3,bge-m3,EP-4634596-A1_en_q_es_135,es,0,0,0,,0.0,gold
BAAI/bge-m3,bge-m3,q_136_zh,zh,8,8,4,0.5,1.0,same
BAAI/bge-m3,bge-m3,EP-4626887-A1_en_q_en,en,0,0,0,,0.0,gold
BAAI/bge-m3,bge-m3,EP-4630033-A1_en_q_en,en,0,0,0,,0.0,gold
BAAI/bge-m3,bge-m3,EP-4532639-A1_fr_q_fr,fr,16,16,5,0.3125,1.0,same
BAAI/bge-m3,bge-m3,EP-4627010-A1_en_q_de,de,100,100,15,0.15,1.0,same
BAAI/bge-m3,bge-m3,EP-4626937-A1_en_q_de,de,2,2,0,0.0,0.0,foreign
BAAI/bge-m3,bge-m3,WO-2022119476-A1_en_q_de,de,100,100,2,0.02,1.0,foreign
BAAI/bge-m3,bge-m3,WO-2025131900-A1_en_q_en,en,0,0,0,,0.0,gold
BAAI/bge-m3,bge-m3,WO-2025200741-A1_en_q_zh,zh,100,100,5,0.05,1.0,foreign
BAAI/bge-m3,bge-m3,MX-2025009603-A_en_q_en,en,3,3,3,1.0,1.0,same
BAAI/bge-m3,bge-m3,MX-2025009952-A_en_q_zh,zh,0,0,0,,0.0,gold
BAAI/bge-m3,bge-m3,WO-2025150253-A1_en_q_es,es,41,41,5,0.12195121951219512,1.0,foreign
BAAI/bge-m3,bge-m3,WO-2025186929-A8_en_q_en,en,0,0,0,,0.0,gold
BAAI/bge-m3,bge-m3,WO-2025211042-A1_en_q_en,en,0,0,0,,0.0,gold
BAAI/bge-m3,bge-m3,WO-2025209205-A1_en_q_en,en,100,100,75,0.75,1.0,same
BAAI/bge-m3,bge-m3,WO-2025207982-A1_en_q_de,de,0,0,0,,0.0,gold
BAAI/bge-m3,bge-m3,WO-2025210325-A1_en_q_de,de,6,6,1,0.16666666666666666,1.0,foreign
BAAI/bge-m3,bge-m3,WO-2025216427-A1_zh_q_zh,zh,100,100,14,0.14,1.0,foreign
BAAI/bge-m3,bge-m3,WO-2025197823-A1_zh_q_zh,zh,100,100,2,0.02,1.0,foreign
BAAI/bge-m3,bge-m3,MX-2025002756-A_en_q_en,en,0,0,0,,0.0,gold
BAAI/bge-m3,bge-m3,WO-2025202632-A1_en_q_en,en,0,0,0,,0.0,gold
BAAI/bge-m3,bge-m3,EP-4627608-A1_en_q_en,en,29,29,29,1.0,1.0,same
BAAI/bge-m3,bge-m3,EP-4634668-A1_fr_q_fr,fr,0,0,0,,0.0,gold
BAAI/bge-m3,bge-m3,MX-2025009965-A_en_q_de,de,100,100,2,0.02,1.0,foreign
BAAI/bge-m3,bge-m3,WO-2025164300-A1_en_q_de,de,100,100,30,0.3,1.0,foreign
BAAI/bge-m3,bge-m3,MX-2025009189-A_en_q_de,de,2,2,0,0.0,0.0,foreign
BAAI/bge-m3,bge-m3,WO-2024253632-A1_en_q_en,en,19,19,9,0.47368421052631576,1.0,same
BAAI/bge-m3,bge-m3,WO-2025216023-A1_zh_q_zh,zh,1,1,0,0.0,0.0,foreign
BAAI/bge-m3,bge-m3,WO-2025211128-A1_en_q_en,en,0,0,0,,0.0,gold
BAAI/bge-m3,bge-m3,MX-2025010237-A_en_q_zh,zh,29,29,8,0.27586206896551724,1.0,same
BAAI/bge-m3,bge-m3,EP-4633785-A2_en_q_es,es,6,6,1,0.16666666666666666,1.0,foreign
BAAI/bge-m3,bge-m3,MX-2025005737-A_en_q_en,en,8,8,7,0.875,1.0,same
BAAI/bge-m3,bge-m3,MX-2025010606-A_en_q_en,en,0,0,0,,0.0,gold
BAAI/bge-m3,bge-m3,MX-2025010877-A_en_q_en,en,0,0,0,,0.0,gold
BAAI/bge-m3,bge-m3,EP-4584035-A1_de_q_de,de,11,11,2,0.18181818181818182,1.0,foreign
BAAI/bge-m3,bge-m3,WO-2025170306-A1_en_q_de,de,87,87,3,0.034482758620689655,1.0,foreign
BAAI/bge-m3,bge-m3,WO-2025210569-A1_zh_q_zh,zh,100,100,4,0.04,1.0,foreign
BAAI/bge-m3,bge-m3,MX-2025010084-A_en_q_zh,zh,29,29,2,0.06896551724137931,1.0,foreign
BAAI/bge-m3,bge-m3,WO-2025186542-A8_en_q_en,en,4,4,3,0.75,1.0,same
BAAI/bge-m3,bge-m3,WO-2025206130-A1_zh_q_zh,zh,0,0,0,,0.0,gold
BAAI/bge-m3,bge-m3,WO-2025208054-A1_en_q_de,de,0,0,0,,0.0,gold
BAAI/bge-m3,bge-m3,WO-2025201708-A1_en_q_zh,zh,16,16,1,0.0625,1.0,foreign
BAAI/bge-m3,bge-m3,WO-2025141238-A1_es_q_es,es,2,2,0,0.0,0.0,foreign
BAAI/bge-m3,bge-m3,MX-2025004351-A_en_q_en,en,0,0,0,,0.0,gold
BAAI/bge-m3,bge-m3,WO-2025200809-A1_en_q_en,en,0,0,0,,0.0,gold
BAAI/bge-m3,bge-m3,WO-2025201644-A1_fr_q_fr,fr,0,0,0,,0.0,gold
BAAI/bge-m3,bge-m3,MX-2025003633-A_en_q_de,de,6,6,1,0.16666666666666666,1.0,foreign
BAAI/bge-m3,bge-m3,WO-2025170482-A1_en_q_de,de,4,4,0,0.0,0.0,foreign
BAAI/bge-m3,bge-m3,MX-2025002762-A_en_q_en,en,100,100,69,0.69,1.0,same
BAAI/bge-m3,bge-m3,MX-2025009196-A_en_q_de,de,100,100,7,0.07,1.0,foreign
BAAI/bge-m3,bge-m3,EP-4584246-A1_en_q_zh,zh,0,0,0,,0.0,gold
BAAI/bge-m3,bge-m3,WO-2022031256-A1_en_q_zh,zh,100,100,12,0.12,1.0,foreign
BAAI/bge-m3,bge-m3,ES-3035119-A1_en_q_fr,fr,100,100,43,0.43,1.0,same
BAAI/bge-m3,bge-m3,WO-2022231470-A1_en_q_de,de,100,100,3,0.03,1.0,foreign
BAAI/bge-m3,bge-m3,EP-4627127-A1_en_q_de,de,100,100,20,0.2,1.0,foreign
BAAI/bge-m3,bge-m3,WO-2025185983-A1_en_q_es,es,100,100,9,0.09,1.0,foreign
BAAI/bge-m3,bge-m3,EP-4627015-A1_en_q_de,de,9,9,0,0.0,0.0,foreign
BAAI/bge-m3,bge-m3,WO-2025212979-A1_en_q_de,de,21,21,0,0.0,0.0,foreign
BAAI/bge-m3,bge-m3,MX-2025010953-A_en_q_zh,zh,0,0,0,,0.0,gold
BAAI/bge-m3,bge-m3,WO-2025207427-A1_en_q_de,de,64,64,10,0.15625,1.0,foreign
BAAI/bge-m3,bge-m3,MX-2025007532-A_en_q_de,de,3,3,0,0.0,0.0,foreign
BAAI/bge-m3,bge-m3,EP-4627092-A1_en_q_zh,zh,96,96,0,0.0,0.0,foreign
BAAI/bge-m3,bge-m3,EP-4584229-A1_en_q_es,es,100,100,8,0.08,1.0,foreign
BAAI/bge-m3,bge-m3,WO-2024054196-A1_en_q_zh,zh,67,67,5,0.07462686567164178,1.0,foreign
BAAI/bge-m3,bge-m3,WO-2025164618-A1_en_q_es,es,100,100,4,0.04,1.0,foreign
BAAI/bge-m3,bge-m3,EP-4626889-A1_en_q_es,es,2,2,0,0.0,0.0,foreign
BAAI/bge-m3,bge-m3,MX-2025004761-A_en_q_zh,zh,100,100,3,0.03,1.0,foreign
BAAI/bge-m3,bge-m3,MX-2025009867-A_en_q_de,de,100,100,0,0.0,0.0,foreign
BAAI/bge-m3,bge-m3,WO-03042409-A3_en_q_es,es,1,1,0,0.0,0.0,foreign
BAAI/bge-m3,bge-m3,WO-2025212474-A1_en_q_de,de,0,0,0,,0.0,gold
BAAI/bge-m3,bge-m3,ES-3028671-A1_en_q_zh,zh,100,100,6,0.06,1.0,foreign
BAAI/bge-m3,bge-m3,WO-2025212467-A1_en_q_de,de,1,1,0,0.0,0.0,foreign
BAAI/bge-m3,bge-m3,MX-2025009862-A_en_q_fr,fr,0,0,0,,0.0,gold
BAAI/bge-m3,bge-m3,EP-4566167-A1_en_q_es,es,0,0,0,,0.0,gold
BAAI/bge-m3,bge-m3,WO-2025216937-A1_en_q_es,es,3,3,2,0.6666666666666666,1.0,same
BAAI/bge-m3,bge-m3,EP-4630021-A1_en_q_de,de,74,74,1,0.013513513513513514,1.0,foreign
BAAI/bge-m3,bge-m3,MX-2025007206-A_en_q_de,de,100,100,2,0.02,1.0,foreign
BAAI/bge-m3,bge-m3,EP-4504821-A1_en_q_es,es,100,100,13,0.13,1.0,same
BAAI/bge-m3,bge-m3,WO-2025205793-A1_en_q_de,de,100,100,10,0.1,1.0,foreign
BAAI/bge-m3,bge-m3,WO-2025206825-A1_en_q_de,de,3,3,0,0.0,0.0,foreign
BAAI/bge-m3,bge-m3,EP-4568770-A1_en_q_es,es,1,1,0,0.0,0.0,foreign
BAAI/bge-m3,bge-m3,WO-2025188827-A8_en_q_es,es,100,100,17,0.17,1.0,same
BAAI/bge-m3,bge-m3,MX-2025008259-A_en_q_fr,fr,100,100,65,0.65,1.0,same
BAAI/bge-m3,bge-m3,WO-2025132504-A1_en_q_es,es,100,100,12,0.12,1.0,foreign
BAAI/bge-m3,bge-m3,MX-2025007237-A_en_q_fr,fr,1,1,1,1.0,1.0,same
BAAI/bge-m3,bge-m3,MX-2025005647-A_en_q_zh,zh,100,100,1,0.01,1.0,foreign
BAAI/bge-m3,bge-m3,WO-2025214411-A1_en_q_de,de,0,0,0,,0.0,gold
BAAI/bge-m3,bge-m3,EP-4623093-A2_en_q_es,es,0,0,0,,0.0,gold
BAAI/bge-m3,bge-m3,EP-4634148-A1_en_q_de,de,0,0,0,,0.0,gold
BAAI/bge-m3,bge-m3,WO-2025202170-A1_en_q_es,es,100,100,4,0.04,1.0,foreign
BAAI/bge-m3,bge-m3,EP-4507673-A1_en_q_de,de,100,100,1,0.01,1.0,foreign
BAAI/bge-m3,bge-m3,MX-2025007577-A_en_q_fr,fr,0,0,0,,0.0,gold
BAAI/bge-m3,bge-m3,MX-2025009131-A_en_q_zh,zh,100,100,10,0.1,1.0,foreign
BAAI/bge-m3,bge-m3,MX-2025009990-A_en_q_zh,zh,56,56,8,0.14285714285714285,1.0,same
BAAI/bge-m3,bge-m3,WO-2023153953-A1_en_q_es,es,6,6,2,0.3333333333333333,1.0,same
BAAI/bge-m3,bge-m3,WO-2025183548-A1_en_q_de,de,100,100,2,0.02,1.0,foreign
BAAI/bge-m3,bge-m3,WO-2025007163-A1_en_q_de,de,100,100,15,0.15,1.0,same
BAAI/bge-m3,bge-m3,WO-2025206959-A1_en_q_de,de,0,0,0,,0.0,gold
BAAI/bge-m3,bge-m3,WO-2025207810-A1_en_q_zh,zh,4,4,0,0.0,0.0,foreign
BAAI/bge-m3,bge-m3,WO-2025215476-A1_en_q_de,de,100,100,14,0.14,1.0,foreign
BAAI/bge-m3,bge-m3,WO-2023149795-A1_en_q_en,en,100,100,62,0.62,1.0,same
BAAI/bge-m3,bge-m3,WO-2022124934-A1_en_q_es,es,0,0,0,,0.0,gold
BAAI/bge-m3,bge-m3,WO-2025187134-A8_en_q_en,en,100,100,76,0.76,1.0,same
BAAI/bge-m3,bge-m3,WO-2023200358-A1_en_q_en,en,12,12,12,1.0,1.0,same
BAAI/bge-m3,bge-m3,WO-2025216105-A1_fr_q_fr,fr,100,100,19,0.19,1.0,same
BAAI/bge-m3,bge-m3,MX-2025005014-A_es_q_es,es,1,1,1,1.0,1.0,same
BAAI/bge-m3,bge-m3,WO-2025216873-A1_fr_q_fr,fr,0,0,0,,0.0,gold
BAAI/bge-m3,bge-m3,WO-2025205780-A1_zh_q_zh,zh,0,0,0,,0.0,gold
BAAI/bge-m3,bge-m3,MX-2025009666-A_en_q_en,en,100,100,80,0.8,1.0,same
BAAI/bge-m3,bge-m3,WO-2025212049-A1_fr_q_fr,fr,65,65,21,0.3230769230769231,1.0,foreign
BAAI/bge-m3,bge-m3,EP-4627347-A1_fr_q_fr,fr,0,0,0,,0.0,gold
BAAI/bge-m3,bge-m3,MX-2025004786-A_es_q_es,es,0,0,0,,0.0,gold
BAAI/bge-m3,bge-m3,WO-2024063632-A1_en_q_en,en,31,31,18,0.5806451612903226,1.0,same
BAAI/bge-m3,bge-m3,WO-2025206783-A1_fr_q_fr,fr,0,0,0,,0.0,gold
BAAI/bge-m3,bge-m3,MX-2025010991-A_en_q_en,en,71,71,71,1.0,1.0,same
BAAI/bge-m3,bge-m3,MX-2025006977-A_en_q_en,en,0,0,0,,0.0,gold
BAAI/bge-m3,bge-m3,MX-2025008400-A_en_q_en,en,0,0,0,,0.0,gold
BAAI/bge-m3,bge-m3,WO-2025132390-A1_de_q_de,de,0,0,0,,0.0,gold
BAAI/bge-m3,bge-m3,WO-2025204766-A1_fr_q_fr,fr,0,0,0,,0.0,gold
BAAI/bge-m3,bge-m3,WO-2025098664-A1_de_q_de,de,0,0,0,,0.0,gold
BAAI/bge-m3,bge-m3,EP-4627583-A1_en_q_en,en,0,0,0,,0.0,gold
BAAI/bge-m3,bge-m3,EP-4630558-A2_zh_q_zh,zh,100,100,7,0.07,1.0,foreign
BAAI/bge-m3,bge-m3,MX-2025010573-A_es_q_es,es,100,100,11,0.11,1.0,foreign
BAAI/bge-m3,bge-m3,WO-2025210917-A1_fr_q_fr,fr,2,2,2,1.0,1.0,same
BAAI/bge-m3,bge-m3,WO-2025150394-A1_en_q_en,en,4,4,4,1.0,1.0,same
BAAI/bge-m3,bge-m3,MX-2025005728-A_en_q_en,en,100,100,71,0.71,1.0,same
BAAI/bge-m3,bge-m3,WO-2025177605-A1_fr_q_fr,fr,0,0,0,,0.0,gold
BAAI/bge-m3,bge-m3,MX-2025006958-A_en_q_en,en,0,0,0,,0.0,gold
BAAI/bge-m3,bge-m3,EP-4551675-A1_de_q_de,de,100,100,11,0.11,1.0,foreign
BAAI/bge-m3,bge-m3,EP-4627325-A1_fr_q_fr,fr,23,23,14,0.6086956521739131,1.0,foreign
BAAI/bge-m3,bge-m3,WO-2025208050-A2_en_q_en,en,0,0,0,,0.0,gold
BAAI/bge-m3,bge-m3,WO-2025202994-A1_fr_q_fr,fr,3,3,2,0.6666666666666666,1.0,same
BAAI/bge-m3,bge-m3,MX-2025006551-A_en_q_en,en,5,5,2,0.4,1.0,foreign
BAAI/bge-m3,bge-m3,WO-2005069422-A1_en_q_en,en,0,0,0,,0.0,gold
BAAI/bge-m3,bge-m3,WO-2025194610-A1_fr_q_fr,fr,0,0,0,,0.0,gold
BAAI/bge-m3,bge-m3,MX-2025001644-A_zh_q_zh,zh,0,0,0,,0.0,gold
BAAI/bge-m3,bge-m3,WO-2025216492-A1_fr_q_fr,fr,0,0,0,,0.0,gold
BAAI/bge-m3,bge-m3,WO-2025216629-A1_fr_q_fr,fr,100,100,25,0.25,1.0,foreign
BAAI/bge-m3,bge-m3,MX-2025005081-A_en_q_en,en,0,0,0,,0.0,gold
BAAI/bge-m3,bge-m3,WO-2025205506-A1_fr_q_fr,fr,0,0,0,,0.0,gold
BAAI/bge-m3,bge-m3,WO-2025132391-A1_de_q_de,de,15,15,3,0.2,1.0,foreign
BAAI/bge-m3,bge-m3,WO-2025205634-A1_en_q_en,en,0,0,0,,0.0,gold
BAAI/bge-m3,bge-m3,WO-2025120243-A1_es_q_es,es,0,0,0,,0.0,gold
BAAI/bge-m3,bge-m3,WO-2025201672-A1_fr_q_fr,fr,0,0,0,,0.0,gold
BAAI/bge-m3,bge-m3,MX-2025008970-A_es_q_es,es,0,0,0,,0.0,gold
BAAI/bge-m3,bge-m3,MX-2025009075-A_zh_q_zh,zh,0,0,0,,0.0,gold
BAAI/bge-m3,bge-m3,WO-2025210445-A1_fr_q_fr,fr,100,100,42,0.42,1.0,same
BAAI/bge-m3,bge-m3,WO-2025206090-A1_fr_q_fr,fr,0,0,0,,0.0,gold
BAAI/bge-m3,bge-m3,MX-2025006643-A_en_q_en,en,0,0,0,,0.0,gold
BAAI/bge-m3,bge-m3,MX-2025010190-A_en_q_en,en,0,0,0,,0.0,gold
BAAI/bge-m3,bge-m3,EP-4577789-A1_zh_q_zh,zh,100,100,5,0.05,1.0,foreign
BAAI/bge-m3,bge-m3,WO-2025204469-A1_en_q_en,en,0,0,0,,0.0,gold
BAAI/bge-m3,bge-m3,WO-2025204469-A1_en_q_de,de,0,0,0,,0.0,gold
BAAI/bge-m3,bge-m3,WO-2025204469-A1_fr_q_fr,fr,100,100,62,0.62,1.0,same
BAAI/bge-m3,bge-m3,WO-2025204469-A1_en_q_es,es,15,15,4,0.26666666666666666,1.0,foreign
BAAI/bge-m3,bge-m3,WO-2025204469-A1_zh_q_zh,zh,0,0,0,,0.0,gold
BAAI/bge-m3,bge-m3,MX-2025010085-A_en_q_en,en,0,0,0,,0.0,gold
BAAI/bge-m3,bge-m3,MX-2025010085-A_en_q_de,de,0,0,0,,0.0,gold
BAAI/bge-m3,bge-m3,MX-2025010085-A_en_q_fr,fr,0,0,0,,0.0,gold
BAAI/bge-m3,bge-m3,MX-2025010085-A_es_q_es,es,75,75,7,0.09333333333333334,1.0,foreign
BAAI/bge-m3,bge-m3,MX-2025010085-A_en_q_zh,zh,1,1,0,0.0,0.0,foreign
BAAI/bge-m3,bge-m3,MX-2025005421-A_en_q_en,en,26,26,16,0.6153846153846154,1.0,foreign
BAAI/bge-m3,bge-m3,MX-2025005421-A_en_q_de,de,13,13,0,0.0,0.0,foreign
BAAI/bge-m3,bge-m3,MX-2025005421-A_en_q_fr,fr,10,10,2,0.2,1.0,same
BAAI/bge-m3,bge-m3,MX-2025005421-A_es_q_es,es,8,8,4,0.5,1.0,same
BAAI/bge-m3,bge-m3,MX-2025005421-A_en_q_zh,zh,67,67,7,0.1044776119402985,1.0,same
BAAI/bge-m3,bge-m3,MX-2025002688-A_en_q_en,en,100,100,78,0.78,1.0,same
BAAI/bge-m3,bge-m3,MX-2025002688-A_en_q_de,de,100,100,16,0.16,1.0,same
BAAI/bge-m3,bge-m3,MX-2025002688-A_en_q_fr,fr,100,100,81,0.81,1.0,same
BAAI/bge-m3,bge-m3,MX-2025002688-A_es_q_es,es,15,15,2,0.13333333333333333,1.0,foreign
BAAI/bge-m3,bge-m3,MX-2025002688-A_en_q_zh,zh,100,100,24,0.24,1.0,same
BAAI/bge-m3,bge-m3,WO-2025211147-A1_en_q_en,en,100,100,70,0.7,1.0,same
BAAI/bge-m3,bge-m3,WO-2025211147-A1_en_q_de,de,100,100,33,0.33,1.0,same
BAAI/bge-m3,bge-m3,WO-2025211147-A1_fr_q_fr,fr,0,0,0,,0.0,gold
BAAI/bge-m3,bge-m3,WO-2025211147-A1_en_q_es,es,13,13,0,0.0,0.0,foreign
BAAI/bge-m3,bge-m3,WO-2025211147-A1_en_q_zh,zh,100,100,22,0.22,1.0,same
BAAI/bge-m3,bge-m3,WO-2025187712-A8_en_q_en,en,6,6,6,1.0,1.0,same
BAAI/bge-m3,bge-m3,WO-2025187712-A8_en_q_de,de,100,100,4,0.04,1.0,foreign
BAAI/bge-m3,bge-m3,WO-2025187712-A8_fr_q_fr,fr,100,100,46,0.46,1.0,same
BAAI/bge-m3,bge-m3,WO-2025187712-A8_en_q_es,es,100,100,4,0.04,1.0,foreign
BAAI/bge-m3,bge-m3,WO-2025187712-A8_en_q_zh,zh,100,100,12,0.12,1.0,same
BAAI/bge-m3,bge-m3,EP-4630253-A1_en_q_en,en,23,23,23,1.0,1.0,same
BAAI/bge-m3,bge-m3,EP-4630253-A1_en_q_de,de,100,100,9,0.09,1.0,foreign
BAAI/bge-m3,bge-m3,EP-4630253-A1_fr_q_fr,fr,100,100,46,0.46,1.0,same
BAAI/bge-m3,bge-m3,EP-4630253-A1_en_q_es,es,100,100,4,0.04,1.0,foreign
BAAI/bge-m3,bge-m3,EP-4630253-A1_zh_q_zh,zh,100,100,17,0.17,1.0,foreign
BAAI/bge-m3,bge-m3,MX-2025007798-A_en_q_en,en,0,0,0,,0.0,gold
BAAI/bge-m3,bge-m3,WO-2025206382-A1_en_q_en,en,0,0,0,,0.0,gold
BAAI/bge-m3,bge-m3,MX-2025009144-A_en_q_en,en,5,5,5,1.0,1.0,same
BAAI/bge-m3,bge-m3,WO-2025206195-A1_en_q_de,de,0,0,0,,0.0,gold
BAAI/bge-m3,bge-m3,WO-2024128938-A1_en_q_de,de,0,0,0,,0.0,gold
BAAI/bge-m3,bge-m3,MX-2025007510-A_es_q_es,es,33,33,4,0.12121212121212122,1.0,foreign
BAAI/bge-m3,bge-m3,WO-2025172752-A1_en_q_en,en,0,0,0,,0.0,gold
BAAI/bge-m3,bge-m3,WO-2024245507-A9_en_q_en,en,52,52,42,0.8076923076923077,1.0,same
BAAI/bge-m3,bge-m3,WO-2024245507-A9_de_q_de,de,0,0,0,,0.0,gold
BAAI/bge-m3,bge-m3,WO-2024245507-A9_fr_q_fr,fr,48,48,29,0.6041666666666666,1.0,same
BAAI/bge-m3,bge-m3,WO-2024245507-A9_en_q_es,es,0,0,0,,0.0,gold
BAAI/bge-m3,bge-m3,WO-2024245507-A9_en_q_zh,zh,1,1,1,1.0,1.0,same
BAAI/bge-m3,bge-m3,EP-4630245-A1_zh_q_zh,zh,0,0,0,,0.0,gold
BAAI/bge-m3,bge-m3,WO-2025192625-A1_en_q_en,en,1,1,1,1.0,1.0,same
BAAI/bge-m3,bge-m3,WO-2025192625-A1_en_q_de,de,58,58,19,0.3275862068965517,1.0,same
BAAI/bge-m3,bge-m3,WO-2025192625-A1_fr_q_fr,fr,6,6,4,0.6666666666666666,1.0,same
BAAI/bge-m3,bge-m3,WO-2025192625-A1_en_q_es,es,8,8,0,0.0,0.0,foreign
BAAI/bge-m3,bge-m3,WO-2025192625-A1_zh_q_zh,zh,0,0,0,,0.0,gold
BAAI/bge-m3,bge-m3,MX-2025006818-A_es_q_es,es,0,0,0,,0.0,gold
BAAI/bge-m3,bge-m3,MX-2025007695-A_es_q_es,es,0,0,0,,0.0,gold
BAAI/bge-m3,bge-m3,WO-2025187736-A8_en_q_zh,zh,0,0,0,,0.0,gold
BAAI/bge-m3,bge-m3,WO-2025203012-A1_en_q_es,es,7,7,3,0.42857142857142855,1.0,foreign
BAAI/bge-m3,bge-m3,EP-4626837-A1_en_q_zh,zh,0,0,0,,0.0,gold
BAAI/bge-m3,bge-m3,WO-2025202104-A1_zh_q_zh,zh,0,0,0,,0.0,gold
BAAI/bge-m3,bge-m3,EP-4626928-A2_fr_q_fr,fr,7,7,2,0.2857142857142857,1.0,same
BAAI/bge-m3,bge-m3,MX-2025008327-A_en_q_en,en,100,100,62,0.62,1.0,same
BAAI/bge-m3,bge-m3,EP-4634127-A1_en_q_en,en,0,0,0,,0.0,gold
BAAI/bge-m3,bge-m3,WO-2024058685-A1_en_q_zh,zh,1,1,1,1.0,1.0,same
BAAI/bge-m3,bge-m3,WO-2024089298-A9_fr_q_fr,fr,0,0,0,,0.0,gold
BAAI/bge-m3,bge-m3,MX-2025010028-A_en_q_en,en,0,0,0,,0.0,gold
BAAI/bge-m3,bge-m3,WO-2025202253-A1_en_q_es,es,0,0,0,,0.0,gold
BAAI/bge-m3,bge-m3,MX-2025009821-A_es_q_es,es,2,2,0,0.0,0.0,foreign
BAAI/bge-m3,bge-m3,MX-2025006624-A_en_q_fr,fr,0,0,0,,0.0,gold
BAAI/bge-m3,bge-m3,MX-2025003345-A_en_q_de,de,1,1,0,0.0,0.0,foreign
BAAI/bge-m3,bge-m3,WO-2024259508-A1_en_q_en,en,0,0,0,,0.0,gold
BAAI/bge-m3,bge-m3,EP-4630051-A1_fr_q_fr,fr,1,1,0,0.0,0.0,foreign
BAAI/bge-m3,bge-m3,MX-2025010268-A_en_q_zh,zh,0,0,0,,0.0,gold
BAAI/bge-m3,bge-m3,WO-2025212655-A1_en_q_de,de,0,0,0,,0.0,gold
BAAI/bge-m3,bge-m3,WO-2025205978-A1_en_q_en,en,2,2,2,1.0,1.0,same
BAAI/bge-m3,bge-m3,WO-2025206105-A1_zh_q_zh,zh,0,0,0,,0.0,gold
BAAI/bge-m3,bge-m3,EP-4633669-A2_fr_q_fr,fr,1,1,0,0.0,0.0,foreign
BAAI/bge-m3,bge-m3,WO-2025021351-A1_en_q_zh,zh,1,1,1,1.0,1.0,same
BAAI/bge-m3,bge-m3,WO-2025187706-A8_fr_q_fr,fr,62,62,34,0.5483870967741935,1.0,same
BAAI/bge-m3,bge-m3,EP-4623104-A1_zh_q_zh,zh,0,0,0,,0.0,gold
BAAI/bge-m3,bge-m3,WO-2025164232-A1_en_q_de,de,0,0,0,,0.0,gold
BAAI/bge-m3,bge-m3,WO-2025206823-A1_en_q_de,de,50,50,10,0.2,1.0,same
BAAI/bge-m3,bge-m3,EP-4626944-A1_en_q_de,de,100,100,16,0.16,1.0,foreign
BAAI/bge-m3,bge-m3,EP-4626879-A1_en_q_en,en,1,1,1,1.0,1.0,same
BAAI/bge-m3,bge-m3,EP-4626874-A1_en_q_zh,zh,1,1,0,0.0,0.0,foreign
BAAI/bge-m3,bge-m3,MX-2025008798-A_en_q_fr,fr,5,5,2,0.4,1.0,same
BAAI/bge-m3,bge-m3,MX-2025005939-A_es_q_es,es,0,0,0,,0.0,gold
BAAI/bge-m3,bge-m3,WO-2025204745-A1_en_q_zh,zh,100,100,27,0.27,1.0,same
BAAI/bge-m3,bge-m3,WO-2025217208-A1_en_q_en,en,0,0,0,,0.0,gold
BAAI/bge-m3,bge-m3,WO-2025205163-A1_en_q_en,en,34,34,26,0.7647058823529411,1.0,foreign
BAAI/bge-m3,bge-m3,WO-2025186172-A8_fr_q_fr,fr,0,0,0,,0.0,gold
BAAI/bge-m3,bge-m3,WO-2025188156-A8_en_q_de,de,4,4,1,0.25,1.0,same
BAAI/bge-m3,bge-m3,MX-2025009759-A_en_q_fr,fr,0,0,0,,0.0,gold
BAAI/bge-m3,bge-m3,WO-2025189017-A8_en_q_de,de,0,0,0,,0.0,gold
BAAI/bge-m3,bge-m3,CR-20250096-A_en_q_zh,zh,0,0,0,,0.0,gold
BAAI/bge-m3,bge-m3,WO-2025169953-A1_en_q_de,de,36,36,7,0.19444444444444445,1.0,foreign
BAAI/bge-m3,bge-m3,MX-2025006319-A_en_q_de,de,100,100,31,0.31,1.0,same
BAAI/bge-m3,bge-m3,MX-2025004974-A_en_q_fr,fr,0,0,0,,0.0,gold
BAAI/bge-m3,bge-m3,WO-2025170405-A1_en_q_de,de,0,0,0,,0.0,gold
BAAI/bge-m3,bge-m3,WO-2025208198-A1_en_q_zh,zh,0,0,0,,0.0,gold
BAAI/bge-m3,bge-m3,WO-2025054647-A1_en_q_es,es,0,0,0,,0.0,gold
BAAI/bge-m3,bge-m3,WO-2025210166-A1_en_q_de,de,2,2,0,0.0,0.0,foreign
BAAI/bge-m3,bge-m3,WO-2025211178-A1_en_q_es,es,0,0,0,,0.0,gold
BAAI/bge-m3,bge-m3,MX-2025004012-A_en_q_zh,zh,0,0,0,,0.0,gold
BAAI/bge-m3,bge-m3,WO-2025206949-A1_en_q_es,es,4,4,0,0.0,0.0,foreign
BAAI/bge-m3,bge-m3,MX-2025007614-A_en_q_zh,zh,0,0,0,,0.0,gold
BAAI/bge-m3,bge-m3,WO-2025146513-A1_en_q_de,de,0,0,0,,0.0,gold
BAAI/bge-m3,bge-m3,WO-2025211949-A1_en_q_es,es,2,2,0,0.0,0.0,foreign
BAAI/bge-m3,bge-m3,EP-4626831-A1_en_q_zh,zh,0,0,0,,0.0,gold
BAAI/bge-m3,bge-m3,WO-2025186644-A8_en_q_de,de,0,0,0,,0.0,gold
BAAI/bge-m3,bge-m3,WO-2025192587-A1_en_q_de,de,100,100,17,0.17,1.0,same
BAAI/bge-m3,bge-m3,EP-4633779-A1_en_q_es,es,0,0,0,,0.0,gold
BAAI/bge-m3,bge-m3,WO-2022098263-A1_en_q_es,es,0,0,0,,0.0,gold
BAAI/bge-m3,bge-m3,WO-2025215251-A1_en_q_es,es,0,0,0,,0.0,gold
BAAI/bge-m3,bge-m3,EP-4493405-A1_en_q_zh,zh,6,6,1,0.16666666666666666,1.0,same
BAAI/bge-m3,bge-m3,WO-2025103555-A1_en_q_zh,zh,0,0,0,,0.0,gold
BAAI/bge-m3,bge-m3,EP-4626386-A1_en_q_de,de,100,100,6,0.06,1.0,foreign
BAAI/bge-m3,bge-m3,MX-2025010613-A_en_q_de,de,6,6,2,0.3333333333333333,1.0,same
BAAI/bge-m3,bge-m3,EP-4626547-A1_en_q_de,de,1,1,0,0.0,0.0,foreign
BAAI/bge-m3,bge-m3,EP-4626593-A1_en_q_de,de,0,0,0,,0.0,gold
BAAI/bge-m3,bge-m3,WO-2025207414-A1_en_q_es,es,2,2,1,0.5,1.0,same
BAAI/bge-m3,bge-m3,MX-2025005049-A_en_q_zh,zh,6,6,2,0.3333333333333333,1.0,foreign
BAAI/bge-m3,bge-m3,WO-2024246082-A3_en_q_es,es,0,0,0,,0.0,gold
BAAI/bge-m3,bge-m3,WO-2025180718-A1_en_q_es,es,0,0,0,,0.0,gold
BAAI/bge-m3,bge-m3,MX-2025006336-A_en_q_de,de,0,0,0,,0.0,gold
BAAI/bge-m3,bge-m3,WO-2025202347-A1_en_q_de,de,0,0,0,,0.0,gold
BAAI/bge-m3,bge-m3,MX-2025010373-A_en_q_zh,zh,100,100,13,0.13,1.0,same
BAAI/bge-m3,bge-m3,WO-2025200075-A1_en_q_zh,zh,0,0,0,,0.0,gold
BAAI/bge-m3,bge-m3,WO-2025189151-A8_en_q_de,de,0,0,0,,0.0,gold
BAAI/bge-m3,bge-m3,MX-2025007174-A_en_q_de,de,1,1,0,0.0,0.0,foreign
BAAI/bge-m3,bge-m3,MX-2025010619-A_en_q_de,de,0,0,0,,0.0,gold
BAAI/bge-m3,bge-m3,EP-4532651-A1_en_q_es,es,26,26,4,0.15384615384615385,1.0,foreign
BAAI/bge-m3,bge-m3,WO-2025173342-A1_en_q_es,es,0,0,0,,0.0,gold
BAAI/bge-m3,bge-m3,WO-2024019637-A1_en_q_de,de,2,2,0,0.0,0.0,foreign
BAAI/bge-m3,bge-m3,MX-2025008968-A_en_q_zh,zh,0,0,0,,0.0,gold
BAAI/bge-m3,bge-m3,WO-2025202625-A1_en_q_de,de,10,10,4,0.4,1.0,same
BAAI/bge-m3,bge-m3,WO-2025187661-A8_en_q_es,es,1,1,0,0.0,0.0,foreign
BAAI/bge-m3,bge-m3,WO-2025101062-A1_en_q_zh,zh,0,0,0,,0.0,gold
BAAI/bge-m3,bge-m3,WO-2025150711-A1_en_q_de,de,0,0,0,,0.0,gold
BAAI/bge-m3,bge-m3,WO-2025207828-A1_en_q_zh,zh,100,100,6,0.06,1.0,foreign
BAAI/bge-m3,bge-m3,WO-2025203197-A1_en_q_zh,zh,0,0,0,,0.0,gold
BAAI/bge-m3,bge-m3,EP-4634141-A2_en_q_en,en,0,0,0,,0.0,gold
BAAI/bge-m3,bge-m3,EP-4633971-A1_fr_q_fr,fr,0,0,0,,0.0,gold
BAAI/bge-m3,bge-m3,WO-2025197272-A1_en_q_en,en,5,5,1,0.2,1.0,same
BAAI/bge-m3,bge-m3,WO-2025189168-A8_fr_q_fr,fr,0,0,0,,0.0,gold
BAAI/bge-m3,bge-m3,MX-2025008124-A_es_q_es,es,65,65,4,0.06153846153846154,1.0,foreign
BAAI/bge-m3,bge-m3,MX-2025007669-A_en_q_en,en,0,0,0,,0.0,gold
BAAI/bge-m3,bge-m3,WO-2025195675-A1_en_q_en,en,0,0,0,,0.0,gold
BAAI/bge-m3,bge-m3,WO-2022005333-A1_en_q_en,en,6,6,6,1.0,1.0,same
BAAI/bge-m3,bge-m3,MX-2025005748-A_es_q_es,es,0,0,0,,0.0,gold
BAAI/bge-m3,bge-m3,MX-2025002923-A_es_q_es,es,0,0,0,,0.0,gold
BAAI/bge-m3,bge-m3,MX-2025010611-A_es_q_es,es,100,100,8,0.08,1.0,foreign
BAAI/bge-m3,bge-m3,WO-2025217553-A1_fr_q_fr,fr,100,100,38,0.38,1.0,foreign
BAAI/bge-m3,bge-m3,WO-2025186530-A8_en_q_en,en,0,0,0,,0.0,gold
BAAI/bge-m3,bge-m3,EP-4627050-A1_fr_q_fr,fr,0,0,0,,0.0,gold
BAAI/bge-m3,bge-m3,MX-2025008249-A_en_q_en,en,0,0,0,,0.0,gold
BAAI/bge-m3,bge-m3,WO-2025184858-A8_fr_q_fr,fr,2,2,2,1.0,1.0,same
BAAI/bge-m3,bge-m3,MX-2025004649-A_es_q_es,es,0,0,0,,0.0,gold
BAAI/bge-m3,bge-m3,ES-1320636-U_en_q_en,en,0,0,0,,0.0,gold
BAAI/bge-m3,bge-m3,MX-2025006800-A_en_q_en,en,0,0,0,,0.0,gold
BAAI/bge-m3,bge-m3,EP-4626866-A1_en_q_en,en,0,0,0,,0.0,gold
BAAI/bge-m3,bge-m3,MX-2025006721-A_en_q_en,en,21,21,19,0.9047619047619048,1.0,same
BAAI/bge-m3,bge-m3,WO-2024073831-A1_en_q_en,en,6,6,5,0.8333333333333334,1.0,foreign
BAAI/bge-m3,bge-m3,WO-2025200966-A1_fr_q_fr,fr,0,0,0,,0.0,gold
BAAI/bge-m3,bge-m3,MX-2025005215-A_es_q_es,es,0,0,0,,0.0,gold
BAAI/bge-m3,bge-m3,WO-2025080163-A1_fr_q_fr,fr,12,12,9,0.75,1.0,same
BAAI/bge-m3,bge-m3,WO-2025200089-A1_en_q_en,en,1,1,1,1.0,1.0,same
BAAI/bge-m3,bge-m3,WO-2025073021-A1_en_q_en,en,0,0,0,,0.0,gold
BAAI/bge-m3,bge-m3,WO-2025186263-A8_fr_q_fr,fr,0,0,0,,0.0,gold
BAAI/bge-m3,bge-m3,WO-2025211336-A1_en_q_en,en,72,72,64,0.8888888888888888,1.0,same
BAAI/bge-m3,bge-m3,WO-2025078189-A1_en_q_en,en,1,1,1,1.0,1.0,same
BAAI/bge-m3,bge-m3,ES-3033921-A1_en_q_en,en,0,0,0,,0.0,gold
BAAI/bge-m3,bge-m3,WO-2025154762-A1_fr_q_fr,fr,0,0,0,,0.0,gold
BAAI/bge-m3,bge-m3,EP-4634323-A1_en_q_en,en,11,11,7,0.6363636363636364,1.0,same
BAAI/bge-m3,bge-m3,WO-2025189143-A8_en_q_en,en,0,0,0,,0.0,gold
BAAI/bge-m3,bge-m3,MX-2025009632-A_en_q_en,en,1,1,1,1.0,1.0,same
BAAI/bge-m3,bge-m3,EP-4626395-A1_fr_q_fr,fr,0,0,0,,0.0,gold
BAAI/bge-m3,bge-m3,WO-2025203678-A1_fr_q_fr,fr,3,3,1,0.3333333333333333,1.0,foreign
BAAI/bge-m3,bge-m3,WO-2025187095-A8_fr_q_fr,fr,0,0,0,,0.0,gold
BAAI/bge-m3,bge-m3,EP-4626938-A1_en_q_en,en,0,0,0,,0.0,gold
BAAI/bge-m3,bge-m3,MX-2025006010-A_en_q_en,en,66,66,36,0.5454545454545454,1.0,same
BAAI/bge-m3,bge-m3,WO-2025215647-A1_fr_q_fr,fr,0,0,0,,0.0,gold
BAAI/bge-m3,bge-m3,WO-2025207093-A1_fr_q_fr,fr,0,0,0,,0.0,gold
BAAI/bge-m3,bge-m3,MX-2025004470-A_en_q_en,en,0,0,0,,0.0,gold
BAAI/bge-m3,bge-m3,EP-4626949-A1_fr_q_fr,fr,0,0,0,,0.0,gold
BAAI/bge-m3,bge-m3,WO-2025206197-A1_fr_q_fr,fr,1,1,1,1.0,1.0,same
BAAI/bge-m3,bge-m3,WO-2022246526-A8_fr_q_fr,fr,0,0,0,,0.0,gold
BAAI/bge-m3,bge-m3,MX-2025006489-A_es_q_es,es,10,10,5,0.5,1.0,same
BAAI/bge-m3,bge-m3,WO-2021255541-A1_en_q_en,en,7,7,6,0.8571428571428571,1.0,same
BAAI/bge-m3,bge-m3,WO-2021255541-A1_en_q_de,de,15,15,5,0.3333333333333333,1.0,same
BAAI/bge-m3,bge-m3,WO-2021255541-A1_fr_q_fr,fr,0,0,0,,0.0,gold
BAAI/bge-m3,bge-m3,WO-2021255541-A1_en_q_es,es,40,40,1,0.025,1.0,foreign
BAAI/bge-m3,bge-m3,WO-2021255541-A1_zh_q_zh,zh,0,0,0,,0.0,gold
BAAI/bge-m3,bge-m3,EP-4634663-A1_en_q_en,en,0,0,0,,0.0,gold
BAAI/bge-m3,bge-m3,EP-4634663-A1_en_q_de,de,0,0,0,,0.0,gold
BAAI/bge-m3,bge-m3,EP-4634663-A1_fr_q_fr,fr,0,0,0,,0.0,gold
BAAI/bge-m3,bge-m3,EP-4634663-A1_en_q_es,es,0,0,0,,0.0,gold
BAAI/bge-m3,bge-m3,EP-4634663-A1_en_q_zh,zh,0,0,0,,0.0,gold
BAAI/bge-m3,bge-m3,MX-2025005046-A_en_q_en,en,100,100,65,0.65,1.0,same
BAAI/bge-m3,bge-m3,MX-2025005046-A_en_q_de,de,100,100,10,0.1,1.0,foreign
BAAI/bge-m3,bge-m3,MX-2025005046-A_en_q_fr,fr,8,8,1,0.125,1.0,foreign
BAAI/bge-m3,bge-m3,MX-2025005046-A_es_q_es,es,96,96,8,0.08333333333333333,1.0,foreign
BAAI/bge-m3,bge-m3,MX-2025005046-A_en_q_zh,zh,0,0,0,,0.0,gold
BAAI/bge-m3,bge-m3,MX-2025007733-A_en_q_en,en,100,100,96,0.96,1.0,same
BAAI/bge-m3,bge-m3,MX-2025007733-A_en_q_de,de,2,2,0,0.0,0.0,foreign
BAAI/bge-m3,bge-m3,MX-2025007733-A_en_q_fr,fr,100,100,74,0.74,1.0,same
BAAI/bge-m3,bge-m3,MX-2025007733-A_es_q_es,es,100,100,45,0.45,1.0,same
BAAI/bge-m3,bge-m3,MX-2025007733-A_zh_q_zh,zh,0,0,0,,0.0,gold
BAAI/bge-m3,bge-m3,MX-2025008227-A_en_q_en,en,0,0,0,,0.0,gold
BAAI/bge-m3,bge-m3,MX-2025008227-A_en_q_de,de,0,0,0,,0.0,gold
BAAI/bge-m3,bge-m3,MX-2025008227-A_en_q_fr,fr,0,0,0,,0.0,gold
BAAI/bge-m3,bge-m3,MX-2025008227-A_es_q_es,es,15,15,0,0.0,0.0,foreign
BAAI/bge-m3,bge-m3,MX-2025008227-A_en_q_zh,zh,68,68,8,0.11764705882352941,1.0,same
BAAI/bge-m3,bge-m3,WO-2025186592-A8_en_q_en,en,0,0,0,,0.0,gold
BAAI/bge-m3,bge-m3,WO-2025186592-A8_en_q_de,de,0,0,0,,0.0,gold
BAAI/bge-m3,bge-m3,WO-2025186592-A8_fr_q_fr,fr,0,0,0,,0.0,gold
BAAI/bge-m3,bge-m3,WO-2025186592-A8_en_q_es,es,0,0,0,,0.0,gold
BAAI/bge-m3,bge-m3,WO-2025186592-A8_en_q_zh,zh,0,0,0,,0.0,gold
BAAI/bge-m3,bge-m3,MX-2025005709-A_en_q_en,en,25,25,17,0.68,1.0,same
BAAI/bge-m3,bge-m3,MX-2025005709-A_en_q_de,de,2,2,0,0.0,0.0,foreign
BAAI/bge-m3,bge-m3,MX-2025005709-A_en_q_fr,fr,2,2,1,0.5,1.0,same
BAAI/bge-m3,bge-m3,MX-2025005709-A_es_q_es,es,0,0,0,,0.0,gold
BAAI/bge-m3,bge-m3,MX-2025005709-A_en_q_zh,zh,41,41,11,0.2682926829268293,1.0,same
BAAI/bge-m3,bge-m3,MX-2025009739-A_en_q_en,en,1,1,1,1.0,1.0,same
BAAI/bge-m3,bge-m3,MX-2025009739-A_en_q_de,de,67,67,2,0.029850746268656716,1.0,foreign
BAAI/bge-m3,bge-m3,MX-2025009739-A_en_q_fr,fr,13,13,2,0.15384615384615385,1.0,foreign
BAAI/bge-m3,bge-m3,MX-2025009739-A_es_q_es,es,26,26,5,0.19230769230769232,1.0,foreign
BAAI/bge-m3,bge-m3,MX-2025009739-A_zh_q_zh,zh,0,0,0,,0.0,gold
BAAI/bge-m3,bge-m3,MX-2025008260-A_en_q_en,en,1,1,0,0.0,0.0,foreign
BAAI/bge-m3,bge-m3,MX-2025008260-A_en_q_de,de,100,100,11,0.11,1.0,foreign
BAAI/bge-m3,bge-m3,MX-2025008260-A_en_q_fr,fr,100,100,51,0.51,1.0,same
BAAI/bge-m3,bge-m3,MX-2025008260-A_es_q_es,es,100,100,37,0.37,1.0,same
BAAI/bge-m3,bge-m3,MX-2025008260-A_zh_q_zh,zh,0,0,0,,0.0,gold
BAAI/bge-m3,bge-m3,WO-2025216711-A1_en_q_en,en,0,0,0,,0.0,gold
BAAI/bge-m3,bge-m3,WO-2025216711-A1_en_q_de,de,0,0,0,,0.0,gold
BAAI/bge-m3,bge-m3,WO-2025216711-A1_fr_q_fr,fr,0,0,0,,0.0,gold
BAAI/bge-m3,bge-m3,WO-2025216711-A1_en_q_es,es,0,0,0,,0.0,gold
BAAI/bge-m3,bge-m3,WO-2025216711-A1_zh_q_zh,zh,0,0,0,,0.0,gold
Qwen/Qwen3-Embedding-0.6B,qwen3-0.6B,EP-4633662-A1_en_q_en,en,23,23,5,0.21739130434782608,1.0,foreign
Qwen/Qwen3-Embedding-0.6B,qwen3-0.6B,EP-4630509-A1_fr_q_fr,fr,0,0,0,,0.0,gold
Qwen/Qwen3-Embedding-0.6B,qwen3-0.6B,EP-4634248-A1_en_q_es,es,100,100,18,0.18,1.0,same
Qwen/Qwen3-Embedding-0.6B,qwen3-0.6B,EP-4634187-A1_en_q_es,es,2,2,0,0.0,0.0,foreign
Qwen/Qwen3-Embedding-0.6B,qwen3-0.6B,EP-4634142-A1_fr_q_fr,fr,100,100,75,0.75,1.0,same
Qwen/Qwen3-Embedding-0.6B,qwen3-0.6B,EP-4633768-A2_en_q_es,es,35,35,7,0.2,1.0,foreign
Qwen/Qwen3-Embedding-0.6B,qwen3-0.6B,EP-4633645-A1_fr_q_fr,fr,28,28,23,0.8214285714285714,1.0,same
Qwen/Qwen3-Embedding-0.6B,qwen3-0.6B,EP-4633622-A2_en_q_de,de,0,0,0,,0.0,gold
Qwen/Qwen3-Embedding-0.6B,qwen3-0.6B,EP-4634601-A1_en_q_en,en,2,2,2,1.0,1.0,same
Qwen/Qwen3-Embedding-0.6B,qwen3-0.6B,EP-4630626-A1_de_q_de,de,0,0,0,,0.0,gold
Qwen/Qwen3-Embedding-0.6B,qwen3-0.6B,EP-4630600-A1_de_q_en,en,45,45,7,0.15555555555555556,1.0,foreign
Qwen/Qwen3-Embedding-0.6B,qwen3-0.6B,EP-4633632-A1_en_q_es,es,35,35,14,0.4,1.0,same
Qwen/Qwen3-Embedding-0.6B,qwen3-0.6B,EP-4634136-A1_en_q_es,es,100,100,12,0.12,1.0,foreign
Qwen/Qwen3-Embedding-0.6B,qwen3-0.6B,EP-4634157-A1_en_q_de,de,100,100,11,0.11,1.0,foreign
Qwen/Qwen3-Embedding-0.6B,qwen3-0.6B,EP-4630574-A1_de_q_en,en,62,62,5,0.08064516129032258,1.0,foreign
Qwen/Qwen3-Embedding-0.6B,qwen3-0.6B,EP-4634111-A1_en_q_de,de,100,100,43,0.43,1.0,same
Qwen/Qwen3-Embedding-0.6B,qwen3-0.6B,EP-4634596-A1_en_q_es,es,100,100,10,0.1,1.0,foreign
Qwen/Qwen3-Embedding-0.6B,qwen3-0.6B,EP-4634139-A1_en_q_es,es,0,0,0,,0.0,gold
Qwen/Qwen3-Embedding-0.6B,qwen3-0.6B,WO-2025153617-A3_de_q_en,en,100,100,17,0.17,1.0,foreign
Qwen/Qwen3-Embedding-0.6B,qwen3-0.6B,EP-4634251-A1_en_q_es,es,100,100,9,0.09,1.0,foreign
Qwen/Qwen3-Embedding-0.6B,qwen3-0.6B,EP-4634426-A1_en_q_es,es,9,9,0,0.0,0.0,foreign
Qwen/Qwen3-Embedding-0.6B,qwen3-0.6B,EP-4634729-A1_en_q_de,de,0,0,0,,0.0,gold
Qwen/Qwen3-Embedding-0.6B,qwen3-0.6B,EP-4626569-A1_de_q_en,en,8,8,1,0.125,1.0,foreign
Qwen/Qwen3-Embedding-0.6B,qwen3-0.6B,EP-4634394-A2_en_q_es,es,0,0,0,,0.0,gold
Qwen/Qwen3-Embedding-0.6B,qwen3-0.6B,EP-4634424-A1_en_q_es,es,38,38,8,0.21052631578947367,1.0,foreign
Qwen/Qwen3-Embedding-0.6B,qwen3-0.6B,EP-4633602-A1_en_q_de,de,100,100,16,0.16,1.0,foreign
Qwen/Qwen3-Embedding-0.6B,qwen3-0.6B,EP-4634337-A1_en_q_en,en,25,25,7,0.28,1.0,foreign
Qwen/Qwen3-Embedding-0.6B,qwen3-0.6B,EP-4634128-A1_en_q_en,en,100,100,25,0.25,1.0,foreign
Qwen/Qwen3-Embedding-0.6B,qwen3-0.6B,EP-4633896-A1_en_q_en,en,100,100,28,0.28,1.0,foreign
Qwen/Qwen3-Embedding-0.6B,qwen3-0.6B,WO-2025215091-A1_fr_q_fr,fr,3,3,3,1.0,1.0,same
Qwen/Qwen3-Embedding-0.6B,qwen3-0.6B,EP-4633599-A1_fr_q_fr,fr,0,0,0,,0.0,gold
Qwen/Qwen3-Embedding-0.6B,qwen3-0.6B,EP-4633656-A1_fr_q_fr,fr,100,100,94,0.94,1.0,same
Qwen/Qwen3-Embedding-0.6B,qwen3-0.6B,WO-2025208167-A1_de_q_de,de,100,100,7,0.07,1.0,foreign
Qwen/Qwen3-Embedding-0.6B,qwen3-0.6B,EP-4634396-A1_fr_q_fr,fr,0,0,0,,0.0,gold
Qwen/Qwen3-Embedding-0.6B,qwen3-0.6B,EP-4633893-A1_fr_q_fr,fr,8,8,8,1.0,1.0,same
Qwen/Qwen3-Embedding-0.6B,qwen3-0.6B,EP-4633462-A1_en_q_en,en,0,0,0,,0.0,gold
Qwen/Qwen3-Embedding-0.6B,qwen3-0.6B,EP-4633386-A1_en_q_en,en,0,0,0,,0.0,gold
Qwen/Qwen3-Embedding-0.6B,qwen3-0.6B,EP-4633970-A1_fr_q_fr,fr,16,16,16,1.0,1.0,same
Qwen/Qwen3-Embedding-0.6B,qwen3-0.6B,EP-4633415-A1_en_q_en,en,0,0,0,,0.0,gold
Qwen/Qwen3-Embedding-0.6B,qwen3-0.6B,EP-4633415-A1_en_q_de,de,0,0,0,,0.0,gold
Qwen/Qwen3-Embedding-0.6B,qwen3-0.6B,EP-4633415-A1_fr_q_fr,fr,16,16,14,0.875,1.0,same
Qwen/Qwen3-Embedding-0.6B,qwen3-0.6B,EP-4633415-A1_en_q_es,es,0,0,0,,0.0,gold
Qwen/Qwen3-Embedding-0.6B,qwen3-0.6B,EP-4633950-A1_en_q_en,en,15,15,14,0.9333333333333333,1.0,same
Qwen/Qwen3-Embedding-0.6B,qwen3-0.6B,EP-4633950-A1_en_q_de,de,100,100,14,0.14,1.0,foreign
Qwen/Qwen3-Embedding-0.6B,qwen3-0.6B,EP-4633950-A1_fr_q_fr,fr,100,100,82,0.82,1.0,foreign
Qwen/Qwen3-Embedding-0.6B,qwen3-0.6B,EP-4633950-A1_en_q_es,es,100,100,18,0.18,1.0,foreign
Qwen/Qwen3-Embedding-0.6B,qwen3-0.6B,EP-4634629-A1_en_q_en,en,100,100,38,0.38,1.0,same
Qwen/Qwen3-Embedding-0.6B,qwen3-0.6B,EP-4634629-A1_de_q_de,de,100,100,23,0.23,1.0,same
Qwen/Qwen3-Embedding-0.6B,qwen3-0.6B,EP-4634629-A1_fr_q_fr,fr,100,100,92,0.92,1.0,same
Qwen/Qwen3-Embedding-0.6B,qwen3-0.6B,EP-4634629-A1_en_q_es,es,100,100,11,0.11,1.0,foreign
Qwen/Qwen3-Embedding-0.6B,qwen3-0.6B,EP-4633582-A1_en_q_es,es,4,4,1,0.25,1.0,same
Qwen/Qwen3-Embedding-0.6B,qwen3-0.6B,EP-4634165-A1_en_q_es,es,0,0,0,,0.0,gold
Qwen/Qwen3-Embedding-0.6B,qwen3-0.6B,EP-4633677-A1_en_q_de,de,46,46,0,0.0,0.0,foreign
Qwen/Qwen3-Embedding-0.6B,qwen3-0.6B,EP-4634246-A1_en_q_en,en,0,0,0,,0.0,gold
Qwen/Qwen3-Embedding-0.6B,qwen3-0.6B,EP-4634120-A1_en_q_de,de,30,30,1,0.03333333333333333,1.0,foreign
Qwen/Qwen3-Embedding-0.6B,qwen3-0.6B,EP-4633638-A1_en_q_en,en,0,0,0,,0.0,gold
Qwen/Qwen3-Embedding-0.6B,qwen3-0.6B,EP-4633389-A1_en_q_en,en,0,0,0,,0.0,gold
Qwen/Qwen3-Embedding-0.6B,qwen3-0.6B,WO-2025209629-A1_de_q_es,es,0,0,0,,0.0,gold
Qwen/Qwen3-Embedding-0.6B,qwen3-0.6B,EP-4634132-A2_en_q_en,en,3,3,2,0.6666666666666666,1.0,same
Qwen/Qwen3-Embedding-0.6B,qwen3-0.6B,EP-4634914-A1_en_q_es,es,0,0,0,,0.0,gold
Qwen/Qwen3-Embedding-0.6B,qwen3-0.6B,EP-4634285-A1_en_q_de,de,0,0,0,,0.0,gold
Qwen/Qwen3-Embedding-0.6B,qwen3-0.6B,EP-4634122-A1_fr_q_fr,fr,44,44,42,0.9545454545454546,1.0,same
Qwen/Qwen3-Embedding-0.6B,qwen3-0.6B,EP-4634365-A1_fr_q_fr,fr,0,0,0,,0.0,gold
Qwen/Qwen3-Embedding-0.6B,qwen3-0.6B,WO-2025214709-A1_de_q_es,es,25,25,5,0.2,1.0,same
Qwen/Qwen3-Embedding-0.6B,qwen3-0.6B,EP-4633426-A2_en_q_es,es,0,0,0,,0.0,gold
Qwen/Qwen3-Embedding-0.6B,qwen3-0.6B,EP-4630604-A1_de_q_es,es,6,6,0,0.0,0.0,foreign
Qwen/Qwen3-Embedding-0.6B,qwen3-0.6B,EP-4634118-A1_en_q_es,es,0,0,0,,0.0,gold
Qwen/Qwen3-Embedding-0.6B,qwen3-0.6B,EP-4634404-A1_en_q_de,de,0,0,0,,0.0,gold
Qwen/Qwen3-Embedding-0.6B,qwen3-0.6B,EP-4633465-A1_en_q_de,de,1,1,0,0.0,0.0,foreign
Qwen/Qwen3-Embedding-0.6B,qwen3-0.6B,EP-4633680-A1_en_q_es,es,0,0,0,,0.0,gold
Qwen/Qwen3-Embedding-0.6B,qwen3-0.6B,WO-2025201606-A1_de_q_es,es,0,0,0,,0.0,gold
Qwen/Qwen3-Embedding-0.6B,qwen3-0.6B,EP-4634435-A1_en_q_de,de,8,8,5,0.625,1.0,same
Qwen/Qwen3-Embedding-0.6B,qwen3-0.6B,EP-4634143-A1_en_q_de,de,5,5,3,0.6,1.0,same
Qwen/Qwen3-Embedding-0.6B,qwen3-0.6B,EP-4634411-A1_en_q_de,de,100,100,38,0.38,1.0,foreign
Qwen/Qwen3-Embedding-0.6B,qwen3-0.6B,EP-4634287-A1_en_q_es,es,4,4,1,0.25,1.0,same
Qwen/Qwen3-Embedding-0.6B,qwen3-0.6B,EP-4633627-A1_en_q_de,de,0,0,0,,0.0,gold
Qwen/Qwen3-Embedding-0.6B,qwen3-0.6B,EP-4633670-A1_fr_q_fr,fr,0,0,0,,0.0,gold
Qwen/Qwen3-Embedding-0.6B,qwen3-0.6B,WO-2025202163-A1_fr_q_fr,fr,0,0,0,,0.0,gold
Qwen/Qwen3-Embedding-0.6B,qwen3-0.6B,WO-2025214852-A1_fr_q_fr,fr,28,28,22,0.7857142857142857,1.0,same
Qwen/Qwen3-Embedding-0.6B,qwen3-0.6B,WO-2025214996-A1_fr_q_fr,fr,46,46,44,0.9565217391304348,1.0,same
Qwen/Qwen3-Embedding-0.6B,qwen3-0.6B,EP-4630123-A1_de_q_de,de,0,0,0,,0.0,gold
Qwen/Qwen3-Embedding-0.6B,qwen3-0.6B,EP-4634646-A1_en_q_en,en,0,0,0,,0.0,gold
Qwen/Qwen3-Embedding-0.6B,qwen3-0.6B,EP-4634294-A1_en_q_en,en,1,1,1,1.0,1.0,same
Qwen/Qwen3-Embedding-0.6B,qwen3-0.6B,EP-4634436-A1_fr_q_fr,fr,1,1,1,1.0,1.0,same
Qwen/Qwen3-Embedding-0.6B,qwen3-0.6B,EP-4633761-A1_en_q_en,en,100,100,28,0.28,1.0,foreign
Qwen/Qwen3-Embedding-0.6B,qwen3-0.6B,WO-2025215167-A1_de_q_de,de,0,0,0,,0.0,gold
Qwen/Qwen3-Embedding-0.6B,qwen3-0.6B,EP-4626962-A1_de_q_en,en,0,0,0,,0.0,gold
Qwen/Qwen3-Embedding-0.6B,qwen3-0.6B,EP-4626962-A1_de_q_de,de,7,7,5,0.7142857142857143,1.0,foreign
Qwen/Qwen3-Embedding-0.6B,qwen3-0.6B,EP-4626962-A1_fr_q_fr,fr,19,19,18,0.9473684210526315,1.0,same
Qwen/Qwen3-Embedding-0.6B,qwen3-0.6B,EP-4626962-A1_de_q_es,es,0,0,0,,0.0,gold
Qwen/Qwen3-Embedding-0.6B,qwen3-0.6B,WO-2025201936-A1_de_q_en,en,65,65,25,0.38461538461538464,1.0,same
Qwen/Qwen3-Embedding-0.6B,qwen3-0.6B,WO-2025201936-A1_fr_q_fr,fr,1,1,1,1.0,1.0,same
Qwen/Qwen3-Embedding-0.6B,qwen3-0.6B,WO-2025201936-A1_de_q_es,es,6,6,2,0.3333333333333333,1.0,same
Qwen/Qwen3-Embedding-0.6B,qwen3-0.6B,EP-4634597-A1_en_q_en,en,35,35,14,0.4,1.0,foreign
Qwen/Qwen3-Embedding-0.6B,qwen3-0.6B,EP-4634597-A1_en_q_de,de,4,4,1,0.25,1.0,same
Qwen/Qwen3-Embedding-0.6B,qwen3-0.6B,EP-4634597-A1_fr_q_fr,fr,0,0,0,,0.0,gold
Qwen/Qwen3-Embedding-0.6B,qwen3-0.6B,EP-4634597-A1_en_q_es,es,16,16,3,0.1875,1.0,foreign
Qwen/Qwen3-Embedding-0.6B,qwen3-0.6B,EP-4634381-A1_en_q_zh,zh,28,28,2,0.07142857142857142,1.0,same
Qwen/Qwen3-Embedding-0.6B,qwen3-0.6B,EP-4633589-A1_en_q_zh,zh,100,100,0,0.0,0.0,foreign
Qwen/Qwen3-Embedding-0.6B,qwen3-0.6B,EP-4627024-A1_de_q_zh,zh,83,83,4,0.04819277108433735,1.0,foreign
Qwen/Qwen3-Embedding-0.6B,qwen3-0.6B,EP-4634926-A1_en_q_zh,zh,41,41,1,0.024390243902439025,1.0,foreign
Qwen/Qwen3-Embedding-0.6B,qwen3-0.6B,EP-4633863-A2_en_q_zh,zh,52,52,3,0.057692307692307696,1.0,same
Qwen/Qwen3-Embedding-0.6B,qwen3-0.6B,EP-4633797-A1_en_q_zh,zh,0,0,0,,0.0,gold
Qwen/Qwen3-Embedding-0.6B,qwen3-0.6B,EP-4633777-A1_en_q_zh,zh,1,1,0,0.0,0.0,foreign
Qwen/Qwen3-Embedding-0.6B,qwen3-0.6B,EP-4633621-A1_en_q_zh,zh,1,1,0,0.0,0.0,foreign
Qwen/Qwen3-Embedding-0.6B,qwen3-0.6B,EP-4634723-A1_en_q_zh,zh,100,100,0,0.0,0.0,foreign
Qwen/Qwen3-Embedding-0.6B,qwen3-0.6B,EP-4633581-A1_en_q_zh,zh,99,99,19,0.1919191919191919,1.0,foreign
Qwen/Qwen3-Embedding-0.6B,qwen3-0.6B,EP-4634416-A1_en_q_zh,zh,6,6,0,0.0,0.0,foreign
Qwen/Qwen3-Embedding-0.6B,qwen3-0.6B,EP-4634305-A1_en_q_zh,zh,0,0,0,,0.0,gold
Qwen/Qwen3-Embedding-0.6B,qwen3-0.6B,EP-4633531-A1_en_q_zh,zh,0,0,0,,0.0,gold
Qwen/Qwen3-Embedding-0.6B,qwen3-0.6B,EP-4634333-A1_en_q_zh,zh,24,24,2,0.08333333333333333,1.0,same
Qwen/Qwen3-Embedding-0.6B,qwen3-0.6B,EP-4634212-A1_en_q_zh,zh,0,0,0,,0.0,gold
Qwen/Qwen3-Embedding-0.6B,qwen3-0.6B,EP-4629959-A1_de_q_zh,zh,32,32,8,0.25,1.0,foreign
Qwen/Qwen3-Embedding-0.6B,qwen3-0.6B,EP-4627881-A1_de_q_zh,zh,0,0,0,,0.0,gold
Qwen/Qwen3-Embedding-0.6B,qwen3-0.6B,EP-4633576-A1_en_q_zh,zh,100,100,8,0.08,1.0,same
Qwen/Qwen3-Embedding-0.6B,qwen3-0.6B,EP-4633742-A2_en_q_zh,zh,4,4,0,0.0,0.0,foreign
Qwen/Qwen3-Embedding-0.6B,qwen3-0.6B,EP-4633791-A1_en_q_zh,zh,0,0,0,,0.0,gold
Qwen/Qwen3-Embedding-0.6B,qwen3-0.6B,EP-4630574-A1_fr_q_fr,fr,100,100,85,0.85,1.0,same
Qwen/Qwen3-Embedding-0.6B,qwen3-0.6B,EP-4634111-A1_fr_q_fr,fr,62,62,60,0.967741935483871,1.0,same
Qwen/Qwen3-Embedding-0.6B,qwen3-0.6B,EP-4633622-A2_en_q_es,es,0,0,0,,0.0,gold
Qwen/Qwen3-Embedding-0.6B,qwen3-0.6B,EP-4634187-A1_en_q_es_120,es,4,4,0,0.0,0.0,foreign
Qwen/Qwen3-Embedding-0.6B,qwen3-0.6B,EP-4634139-A1_fr_q_fr,fr,0,0,0,,0.0,gold
Qwen/Qwen3-Embedding-0.6B,qwen3-0.6B,EP-4634136-A1_en_q_en,en,100,100,40,0.4,1.0,foreign
Qwen/Qwen3-Embedding-0.6B,qwen3-0.6B,EP-4634136-A1_en_q_de,de,60,60,27,0.45,1.0,same
Qwen/Qwen3-Embedding-0.6B,qwen3-0.6B,EP-4634136-A1_fr_q_fr,fr,3,3,3,1.0,1.0,same
Qwen/Qwen3-Embedding-0.6B,qwen3-0.6B,EP-4634136-A1_en_q_es_125,es,100,100,22,0.22,1.0,foreign
Qwen/Qwen3-Embedding-0.6B,qwen3-0.6B,q_126_zh,zh,100,100,5,0.05,1.0,foreign
Qwen/Qwen3-Embedding-0.6B,qwen3-0.6B,EP-4634248-A1_en_q_en,en,0,0,0,,0.0,gold
Qwen/Qwen3-Embedding-0.6B,qwen3-0.6B,EP-4634142-A1_en_q_es,es,0,0,0,,0.0,gold
Qwen/Qwen3-Embedding-0.6B,qwen3-0.6B,WO-2025214812-A1_de_q_es,es,2,2,0,0.0,0.0,foreign
Qwen/Qwen3-Embedding-0.6B,qwen3-0.6B,EP-4633662-A1_en_q_de,de,41,41,0,0.0,0.0,foreign
Qwen/Qwen3-Embedding-0.6B,qwen3-0.6B,WO-2025153617-A3_de_q_de,de,0,0,0,,0.0,gold
Qwen/Qwen3-Embedding-0.6B,qwen3-0.6B,EP-4634596-A1_en_q_en,en,0,0,0,,0.0,gold
Qwen/Qwen3-Embedding-0.6B,qwen3-0.6B,EP-4634596-A1_en_q_de,de,0,0,0,,0.0,gold
Qwen/Qwen3-Embedding-0.6B,qwen3-0.6B,EP-4634596-A1_fr_q_fr,fr,2,2,2,1.0,1.0,same
Qwen/Qwen3-Embedding-0.6B,qwen3-0.6B,EP-4634596-A1_en_q_es_135,es,4,4,4,1.0,1.0,same
Qwen/Qwen3-Embedding-0.6B,qwen3-0.6B,q_136_zh,zh,46,46,0,0.0,0.0,foreign
Qwen/Qwen3-Embedding-0.6B,qwen3-0.6B,EP-4626887-A1_en_q_en,en,0,0,0,,0.0,gold
Qwen/Qwen3-Embedding-0.6B,qwen3-0.6B,EP-4630033-A1_en_q_en,en,0,0,0,,0.0,gold
Qwen/Qwen3-Embedding-0.6B,qwen3-0.6B,EP-4532639-A1_fr_q_fr,fr,69,69,62,0.8985507246376812,1.0,same
Qwen/Qwen3-Embedding-0.6B,qwen3-0.6B,EP-4627010-A1_en_q_de,de,100,100,10,0.1,1.0,foreign
Qwen/Qwen3-Embedding-0.6B,qwen3-0.6B,EP-4626937-A1_en_q_de,de,68,68,38,0.5588235294117647,1.0,same
Qwen/Qwen3-Embedding-0.6B,qwen3-0.6B,WO-2022119476-A1_en_q_de,de,37,37,2,0.05405405405405406,1.0,foreign
Qwen/Qwen3-Embedding-0.6B,qwen3-0.6B,WO-2025131900-A1_en_q_en,en,0,0,0,,0.0,gold
Qwen/Qwen3-Embedding-0.6B,qwen3-0.6B,WO-2025200741-A1_en_q_zh,zh,100,100,3,0.03,1.0,foreign
Qwen/Qwen3-Embedding-0.6B,qwen3-0.6B,MX-2025009603-A_en_q_en,en,3,3,2,0.6666666666666666,1.0,same
Qwen/Qwen3-Embedding-0.6B,qwen3-0.6B,MX-2025009952-A_en_q_zh,zh,18,18,0,0.0,0.0,foreign
Qwen/Qwen3-Embedding-0.6B,qwen3-0.6B,WO-2025150253-A1_en_q_es,es,27,27,8,0.2962962962962963,1.0,foreign
Qwen/Qwen3-Embedding-0.6B,qwen3-0.6B,WO-2025186929-A8_en_q_en,en,0,0,0,,0.0,gold
Qwen/Qwen3-Embedding-0.6B,qwen3-0.6B,WO-2025211042-A1_en_q_en,en,2,2,2,1.0,1.0,same
Qwen/Qwen3-Embedding-0.6B,qwen3-0.6B,WO-2025209205-A1_en_q_en,en,100,100,57,0.57,1.0,same
Qwen/Qwen3-Embedding-0.6B,qwen3-0.6B,WO-2025207982-A1_en_q_de,de,0,0,0,,0.0,gold
Qwen/Qwen3-Embedding-0.6B,qwen3-0.6B,WO-2025210325-A1_en_q_de,de,29,29,6,0.20689655172413793,1.0,foreign
Qwen/Qwen3-Embedding-0.6B,qwen3-0.6B,WO-2025216427-A1_zh_q_zh,zh,100,100,2,0.02,1.0,foreign
Qwen/Qwen3-Embedding-0.6B,qwen3-0.6B,WO-2025197823-A1_zh_q_zh,zh,4,4,0,0.0,0.0,foreign
Qwen/Qwen3-Embedding-0.6B,qwen3-0.6B,MX-2025002756-A_en_q_en,en,0,0,0,,0.0,gold
Qwen/Qwen3-Embedding-0.6B,qwen3-0.6B,WO-2025202632-A1_en_q_en,en,0,0,0,,0.0,gold
Qwen/Qwen3-Embedding-0.6B,qwen3-0.6B,EP-4627608-A1_en_q_en,en,10,10,9,0.9,1.0,same
Qwen/Qwen3-Embedding-0.6B,qwen3-0.6B,EP-4634668-A1_fr_q_fr,fr,0,0,0,,0.0,gold
Qwen/Qwen3-Embedding-0.6B,qwen3-0.6B,MX-2025009965-A_en_q_de,de,100,100,25,0.25,1.0,foreign
Qwen/Qwen3-Embedding-0.6B,qwen3-0.6B,WO-2025164300-A1_en_q_de,de,100,100,30,0.3,1.0,foreign
Qwen/Qwen3-Embedding-0.6B,qwen3-0.6B,MX-2025009189-A_en_q_de,de,1,1,0,0.0,0.0,foreign
Qwen/Qwen3-Embedding-0.6B,qwen3-0.6B,WO-2024253632-A1_en_q_en,en,7,7,4,0.5714285714285714,1.0,foreign
Qwen/Qwen3-Embedding-0.6B,qwen3-0.6B,WO-2025216023-A1_zh_q_zh,zh,0,0,0,,0.0,gold
Qwen/Qwen3-Embedding-0.6B,qwen3-0.6B,WO-2025211128-A1_en_q_en,en,0,0,0,,0.0,gold
Qwen/Qwen3-Embedding-0.6B,qwen3-0.6B,MX-2025010237-A_en_q_zh,zh,11,11,2,0.18181818181818182,1.0,same
Qwen/Qwen3-Embedding-0.6B,qwen3-0.6B,EP-4633785-A2_en_q_es,es,18,18,1,0.05555555555555555,1.0,foreign
Qwen/Qwen3-Embedding-0.6B,qwen3-0.6B,MX-2025005737-A_en_q_en,en,0,0,0,,0.0,gold
Qwen/Qwen3-Embedding-0.6B,qwen3-0.6B,MX-2025010606-A_en_q_en,en,0,0,0,,0.0,gold
Qwen/Qwen3-Embedding-0.6B,qwen3-0.6B,MX-2025010877-A_en_q_en,en,7,7,3,0.42857142857142855,1.0,foreign
Qwen/Qwen3-Embedding-0.6B,qwen3-0.6B,EP-4584035-A1_de_q_de,de,5,5,1,0.2,1.0,foreign
Qwen/Qwen3-Embedding-0.6B,qwen3-0.6B,WO-2025170306-A1_en_q_de,de,3,3,0,0.0,0.0,foreign
Qwen/Qwen3-Embedding-0.6B,qwen3-0.6B,WO-2025210569-A1_zh_q_zh,zh,100,100,8,0.08,1.0,foreign
Qwen/Qwen3-Embedding-0.6B,qwen3-0.6B,MX-2025010084-A_en_q_zh,zh,100,100,1,0.01,1.0,foreign
Qwen/Qwen3-Embedding-0.6B,qwen3-0.6B,WO-2025186542-A8_en_q_en,en,0,0,0,,0.0,gold
Qwen/Qwen3-Embedding-0.6B,qwen3-0.6B,WO-2025206130-A1_zh_q_zh,zh,74,74,2,0.02702702702702703,1.0,foreign
Qwen/Qwen3-Embedding-0.6B,qwen3-0.6B,WO-2025208054-A1_en_q_de,de,5,5,0,0.0,0.0,foreign
Qwen/Qwen3-Embedding-0.6B,qwen3-0.6B,WO-2025201708-A1_en_q_zh,zh,34,34,4,0.11764705882352941,1.0,foreign
Qwen/Qwen3-Embedding-0.6B,qwen3-0.6B,WO-2025141238-A1_es_q_es,es,15,15,5,0.3333333333333333,1.0,foreign
Qwen/Qwen3-Embedding-0.6B,qwen3-0.6B,MX-2025004351-A_en_q_en,en,0,0,0,,0.0,gold
Qwen/Qwen3-Embedding-0.6B,qwen3-0.6B,WO-2025200809-A1_en_q_en,en,0,0,0,,0.0,gold
Qwen/Qwen3-Embedding-0.6B,qwen3-0.6B,WO-2025201644-A1_fr_q_fr,fr,0,0,0,,0.0,gold
Qwen/Qwen3-Embedding-0.6B,qwen3-0.6B,MX-2025003633-A_en_q_de,de,100,100,15,0.15,1.0,same
Qwen/Qwen3-Embedding-0.6B,qwen3-0.6B,WO-2025170482-A1_en_q_de,de,0,0,0,,0.0,gold
Qwen/Qwen3-Embedding-0.6B,qwen3-0.6B,MX-2025002762-A_en_q_en,en,100,100,34,0.34,1.0,same
Qwen/Qwen3-Embedding-0.6B,qwen3-0.6B,MX-2025009196-A_en_q_de,de,100,100,23,0.23,1.0,foreign
Qwen/Qwen3-Embedding-0.6B,qwen3-0.6B,EP-4584246-A1_en_q_zh,zh,0,0,0,,0.0,gold
Qwen/Qwen3-Embedding-0.6B,qwen3-0.6B,WO-2022031256-A1_en_q_zh,zh,100,100,8,0.08,1.0,same
Qwen/Qwen3-Embedding-0.6B,qwen3-0.6B,ES-3035119-A1_en_q_fr,fr,100,100,100,1.0,1.0,same
Qwen/Qwen3-Embedding-0.6B,qwen3-0.6B,WO-2022231470-A1_en_q_de,de,72,72,6,0.08333333333333333,1.0,foreign
Qwen/Qwen3-Embedding-0.6B,qwen3-0.6B,EP-4627127-A1_en_q_de,de,89,89,25,0.2808988764044944,1.0,same
Qwen/Qwen3-Embedding-0.6B,qwen3-0.6B,WO-2025185983-A1_en_q_es,es,100,100,13,0.13,1.0,foreign
Qwen/Qwen3-Embedding-0.6B,qwen3-0.6B,EP-4627015-A1_en_q_de,de,75,75,11,0.14666666666666667,1.0,foreign
Qwen/Qwen3-Embedding-0.6B,qwen3-0.6B,WO-2025212979-A1_en_q_de,de,64,64,1,0.015625,1.0,foreign
Qwen/Qwen3-Embedding-0.6B,qwen3-0.6B,MX-2025010953-A_en_q_zh,zh,0,0,0,,0.0,gold
Qwen/Qwen3-Embedding-0.6B,qwen3-0.6B,WO-2025207427-A1_en_q_de,de,0,0,0,,0.0,gold
Qwen/Qwen3-Embedding-0.6B,qwen3-0.6B,MX-2025007532-A_en_q_de,de,2,2,0,0.0,0.0,foreign
Qwen/Qwen3-Embedding-0.6B,qwen3-0.6B,EP-4627092-A1_en_q_zh,zh,20,20,0,0.0,0.0,foreign
Qwen/Qwen3-Embedding-0.6B,qwen3-0.6B,EP-4584229-A1_en_q_es,es,100,100,25,0.25,1.0,same
Qwen/Qwen3-Embedding-0.6B,qwen3-0.6B,WO-2024054196-A1_en_q_zh,zh,100,100,4,0.04,1.0,foreign
Qwen/Qwen3-Embedding-0.6B,qwen3-0.6B,WO-2025164618-A1_en_q_es,es,100,100,13,0.13,1.0,foreign
Qwen/Qwen3-Embedding-0.6B,qwen3-0.6B,EP-4626889-A1_en_q_es,es,8,8,0,0.0,0.0,foreign
Qwen/Qwen3-Embedding-0.6B,qwen3-0.6B,MX-2025004761-A_en_q_zh,zh,100,100,2,0.02,1.0,foreign
Qwen/Qwen3-Embedding-0.6B,qwen3-0.6B,MX-2025009867-A_en_q_de,de,100,100,0,0.0,0.0,foreign
Qwen/Qwen3-Embedding-0.6B,qwen3-0.6B,WO-03042409-A3_en_q_es,es,1,1,0,0.0,0.0,foreign
Qwen/Qwen3-Embedding-0.6B,qwen3-0.6B,WO-2025212474-A1_en_q_de,de,100,100,4,0.04,1.0,foreign
Qwen/Qwen3-Embedding-0.6B,qwen3-0.6B,ES-3028671-A1_en_q_zh,zh,100,100,4,0.04,1.0,foreign
Qwen/Qwen3-Embedding-0.6B,qwen3-0.6B,WO-2025212467-A1_en_q_de,de,0,0,0,,0.0,gold
Qwen/Qwen3-Embedding-0.6B,qwen3-0.6B,MX-2025009862-A_en_q_fr,fr,0,0,0,,0.0,gold
Qwen/Qwen3-Embedding-0.6B,qwen3-0.6B,EP-4566167-A1_en_q_es,es,44,44,8,0.18181818181818182,1.0,foreign
Qwen/Qwen3-Embedding-0.6B,qwen3-0.6B,WO-2025216937-A1_en_q_es,es,1,1,0,0.0,0.0,foreign
Qwen/Qwen3-Embedding-0.6B,qwen3-0.6B,EP-4630021-A1_en_q_de,de,2,2,0,0.0,0.0,foreign
Qwen/Qwen3-Embedding-0.6B,qwen3-0.6B,MX-2025007206-A_en_q_de,de,100,100,4,0.04,1.0,same
Qwen/Qwen3-Embedding-0.6B,qwen3-0.6B,EP-4504821-A1_en_q_es,es,100,100,6,0.06,1.0,foreign
Qwen/Qwen3-Embedding-0.6B,qwen3-0.6B,WO-2025205793-A1_en_q_de,de,75,75,12,0.16,1.0,same
Qwen/Qwen3-Embedding-0.6B,qwen3-0.6B,WO-2025206825-A1_en_q_de,de,21,21,17,0.8095238095238095,1.0,same
Qwen/Qwen3-Embedding-0.6B,qwen3-0.6B,EP-4568770-A1_en_q_es,es,39,39,6,0.15384615384615385,1.0,foreign
Qwen/Qwen3-Embedding-0.6B,qwen3-0.6B,WO-2025188827-A8_en_q_es,es,100,100,16,0.16,1.0,same
Qwen/Qwen3-Embedding-0.6B,qwen3-0.6B,MX-2025008259-A_en_q_fr,fr,100,100,94,0.94,1.0,same
Qwen/Qwen3-Embedding-0.6B,qwen3-0.6B,WO-2025132504-A1_en_q_es,es,100,100,29,0.29,1.0,same
Qwen/Qwen3-Embedding-0.6B,qwen3-0.6B,MX-2025007237-A_en_q_fr,fr,7,7,5,0.7142857142857143,1.0,same
Qwen/Qwen3-Embedding-0.6B,qwen3-0.6B,MX-2025005647-A_en_q_zh,zh,100,100,3,0.03,1.0,foreign
Qwen/Qwen3-Embedding-0.6B,qwen3-0.6B,WO-2025214411-A1_en_q_de,de,13,13,1,0.07692307692307693,1.0,foreign
Qwen/Qwen3-Embedding-0.6B,qwen3-0.6B,EP-4623093-A2_en_q_es,es,1,1,0,0.0,0.0,foreign
Qwen/Qwen3-Embedding-0.6B,qwen3-0.6B,EP-4634148-A1_en_q_de,de,0,0,0,,0.0,gold
Qwen/Qwen3-Embedding-0.6B,qwen3-0.6B,WO-2025202170-A1_en_q_es,es,100,100,21,0.21,1.0,foreign
Qwen/Qwen3-Embedding-0.6B,qwen3-0.6B,EP-4507673-A1_en_q_de,de,7,7,0,0.0,0.0,foreign
Qwen/Qwen3-Embedding-0.6B,qwen3-0.6B,MX-2025007577-A_en_q_fr,fr,11,11,11,1.0,1.0,same
Qwen/Qwen3-Embedding-0.6B,qwen3-0.6B,MX-2025009131-A_en_q_zh,zh,100,100,6,0.06,1.0,foreign
Qwen/Qwen3-Embedding-0.6B,qwen3-0.6B,MX-2025009990-A_en_q_zh,zh,8,8,0,0.0,0.0,foreign
Qwen/Qwen3-Embedding-0.6B,qwen3-0.6B,WO-2023153953-A1_en_q_es,es,3,3,0,0.0,0.0,foreign
Qwen/Qwen3-Embedding-0.6B,qwen3-0.6B,WO-2025183548-A1_en_q_de,de,100,100,2,0.02,1.0,same
Qwen/Qwen3-Embedding-0.6B,qwen3-0.6B,WO-2025007163-A1_en_q_de,de,100,100,22,0.22,1.0,same
Qwen/Qwen3-Embedding-0.6B,qwen3-0.6B,WO-2025206959-A1_en_q_de,de,0,0,0,,0.0,gold
Qwen/Qwen3-Embedding-0.6B,qwen3-0.6B,WO-2025207810-A1_en_q_zh,zh,0,0,0,,0.0,gold
Qwen/Qwen3-Embedding-0.6B,qwen3-0.6B,WO-2025215476-A1_en_q_de,de,100,100,24,0.24,1.0,foreign
Qwen/Qwen3-Embedding-0.6B,qwen3-0.6B,WO-2023149795-A1_en_q_en,en,100,100,31,0.31,1.0,same
Qwen/Qwen3-Embedding-0.6B,qwen3-0.6B,WO-2022124934-A1_en_q_es,es,1,1,0,0.0,0.0,foreign
Qwen/Qwen3-Embedding-0.6B,qwen3-0.6B,WO-2025187134-A8_en_q_en,en,43,43,15,0.3488372093023256,1.0,same
Qwen/Qwen3-Embedding-0.6B,qwen3-0.6B,WO-2023200358-A1_en_q_en,en,100,100,31,0.31,1.0,same
Qwen/Qwen3-Embedding-0.6B,qwen3-0.6B,WO-2025216105-A1_fr_q_fr,fr,100,100,90,0.9,1.0,same
Qwen/Qwen3-Embedding-0.6B,qwen3-0.6B,MX-2025005014-A_es_q_es,es,0,0,0,,0.0,gold
Qwen/Qwen3-Embedding-0.6B,qwen3-0.6B,WO-2025216873-A1_fr_q_fr,fr,1,1,1,1.0,1.0,same
Qwen/Qwen3-Embedding-0.6B,qwen3-0.6B,WO-2025205780-A1_zh_q_zh,zh,14,14,4,0.2857142857142857,1.0,foreign
Qwen/Qwen3-Embedding-0.6B,qwen3-0.6B,MX-2025009666-A_en_q_en,en,100,100,19,0.19,1.0,same
Qwen/Qwen3-Embedding-0.6B,qwen3-0.6B,WO-2025212049-A1_fr_q_fr,fr,52,52,39,0.75,1.0,same
Qwen/Qwen3-Embedding-0.6B,qwen3-0.6B,EP-4627347-A1_fr_q_fr,fr,1,1,1,1.0,1.0,same
Qwen/Qwen3-Embedding-0.6B,qwen3-0.6B,MX-2025004786-A_es_q_es,es,0,0,0,,0.0,gold
Qwen/Qwen3-Embedding-0.6B,qwen3-0.6B,WO-2024063632-A1_en_q_en,en,11,11,2,0.18181818181818182,1.0,same
Qwen/Qwen3-Embedding-0.6B,qwen3-0.6B,WO-2025206783-A1_fr_q_fr,fr,1,1,1,1.0,1.0,same
Qwen/Qwen3-Embedding-0.6B,qwen3-0.6B,MX-2025010991-A_en_q_en,en,100,100,98,0.98,1.0,same
Qwen/Qwen3-Embedding-0.6B,qwen3-0.6B,MX-2025006977-A_en_q_en,en,0,0,0,,0.0,gold
Qwen/Qwen3-Embedding-0.6B,qwen3-0.6B,MX-2025008400-A_en_q_en,en,0,0,0,,0.0,gold
Qwen/Qwen3-Embedding-0.6B,qwen3-0.6B,WO-2025132390-A1_de_q_de,de,56,56,9,0.16071428571428573,1.0,foreign
Qwen/Qwen3-Embedding-0.6B,qwen3-0.6B,WO-2025204766-A1_fr_q_fr,fr,0,0,0,,0.0,gold
Qwen/Qwen3-Embedding-0.6B,qwen3-0.6B,WO-2025098664-A1_de_q_de,de,0,0,0,,0.0,gold
Qwen/Qwen3-Embedding-0.6B,qwen3-0.6B,EP-4627583-A1_en_q_en,en,0,0,0,,0.0,gold
Qwen/Qwen3-Embedding-0.6B,qwen3-0.6B,EP-4630558-A2_zh_q_zh,zh,100,100,2,0.02,1.0,foreign
Qwen/Qwen3-Embedding-0.6B,qwen3-0.6B,MX-2025010573-A_es_q_es,es,59,59,10,0.1694915254237288,1.0,same
Qwen/Qwen3-Embedding-0.6B,qwen3-0.6B,WO-2025210917-A1_fr_q_fr,fr,6,6,6,1.0,1.0,same
Qwen/Qwen3-Embedding-0.6B,qwen3-0.6B,WO-2025150394-A1_en_q_en,en,0,0,0,,0.0,gold
Qwen/Qwen3-Embedding-0.6B,qwen3-0.6B,MX-2025005728-A_en_q_en,en,90,90,17,0.18888888888888888,1.0,foreign
Qwen/Qwen3-Embedding-0.6B,qwen3-0.6B,WO-2025177605-A1_fr_q_fr,fr,0,0,0,,0.0,gold
Qwen/Qwen3-Embedding-0.6B,qwen3-0.6B,MX-2025006958-A_en_q_en,en,0,0,0,,0.0,gold
Qwen/Qwen3-Embedding-0.6B,qwen3-0.6B,EP-4551675-A1_de_q_de,de,100,100,26,0.26,1.0,foreign
Qwen/Qwen3-Embedding-0.6B,qwen3-0.6B,EP-4627325-A1_fr_q_fr,fr,4,4,4,1.0,1.0,same
Qwen/Qwen3-Embedding-0.6B,qwen3-0.6B,WO-2025208050-A2_en_q_en,en,0,0,0,,0.0,gold
Qwen/Qwen3-Embedding-0.6B,qwen3-0.6B,WO-2025202994-A1_fr_q_fr,fr,34,34,30,0.8823529411764706,1.0,same
Qwen/Qwen3-Embedding-0.6B,qwen3-0.6B,MX-2025006551-A_en_q_en,en,3,3,2,0.6666666666666666,1.0,foreign
Qwen/Qwen3-Embedding-0.6B,qwen3-0.6B,WO-2005069422-A1_en_q_en,en,0,0,0,,0.0,gold
Qwen/Qwen3-Embedding-0.6B,qwen3-0.6B,WO-2025194610-A1_fr_q_fr,fr,0,0,0,,0.0,gold
Qwen/Qwen3-Embedding-0.6B,qwen3-0.6B,MX-2025001644-A_zh_q_zh,zh,0,0,0,,0.0,gold
Qwen/Qwen3-Embedding-0.6B,qwen3-0.6B,WO-2025216492-A1_fr_q_fr,fr,0,0,0,,0.0,gold
Qwen/Qwen3-Embedding-0.6B,qwen3-0.6B,WO-2025216629-A1_fr_q_fr,fr,100,100,92,0.92,1.0,same
Qwen/Qwen3-Embedding-0.6B,qwen3-0.6B,MX-2025005081-A_en_q_en,en,0,0,0,,0.0,gold
Qwen/Qwen3-Embedding-0.6B,qwen3-0.6B,WO-2025205506-A1_fr_q_fr,fr,0,0,0,,0.0,gold
Qwen/Qwen3-Embedding-0.6B,qwen3-0.6B,WO-2025132391-A1_de_q_de,de,90,90,24,0.26666666666666666,1.0,foreign
Qwen/Qwen3-Embedding-0.6B,qwen3-0.6B,WO-2025205634-A1_en_q_en,en,0,0,0,,0.0,gold
Qwen/Qwen3-Embedding-0.6B,qwen3-0.6B,WO-2025120243-A1_es_q_es,es,75,75,29,0.38666666666666666,1.0,foreign
Qwen/Qwen3-Embedding-0.6B,qwen3-0.6B,WO-2025201672-A1_fr_q_fr,fr,0,0,0,,0.0,gold
Qwen/Qwen3-Embedding-0.6B,qwen3-0.6B,MX-2025008970-A_es_q_es,es,0,0,0,,0.0,gold
Qwen/Qwen3-Embedding-0.6B,qwen3-0.6B,MX-2025009075-A_zh_q_zh,zh,0,0,0,,0.0,gold
Qwen/Qwen3-Embedding-0.6B,qwen3-0.6B,WO-2025210445-A1_fr_q_fr,fr,100,100,97,0.97,1.0,same
Qwen/Qwen3-Embedding-0.6B,qwen3-0.6B,WO-2025206090-A1_fr_q_fr,fr,1,1,1,1.0,1.0,same
Qwen/Qwen3-Embedding-0.6B,qwen3-0.6B,MX-2025006643-A_en_q_en,en,6,6,1,0.16666666666666666,1.0,foreign
Qwen/Qwen3-Embedding-0.6B,qwen3-0.6B,MX-2025010190-A_en_q_en,en,0,0,0,,0.0,gold
Qwen/Qwen3-Embedding-0.6B,qwen3-0.6B,EP-4577789-A1_zh_q_zh,zh,100,100,1,0.01,1.0,foreign
Qwen/Qwen3-Embedding-0.6B,qwen3-0.6B,WO-2025204469-A1_en_q_en,en,2,2,1,0.5,1.0,same
Qwen/Qwen3-Embedding-0.6B,qwen3-0.6B,WO-2025204469-A1_en_q_de,de,1,1,1,1.0,1.0,same
Qwen/Qwen3-Embedding-0.6B,qwen3-0.6B,WO-2025204469-A1_fr_q_fr,fr,100,100,87,0.87,1.0,same
Qwen/Qwen3-Embedding-0.6B,qwen3-0.6B,WO-2025204469-A1_en_q_es,es,100,100,28,0.28,1.0,foreign
Qwen/Qwen3-Embedding-0.6B,qwen3-0.6B,WO-2025204469-A1_zh_q_zh,zh,28,28,1,0.03571428571428571,1.0,same
Qwen/Qwen3-Embedding-0.6B,qwen3-0.6B,MX-2025010085-A_en_q_en,en,0,0,0,,0.0,gold
Qwen/Qwen3-Embedding-0.6B,qwen3-0.6B,MX-2025010085-A_en_q_de,de,5,5,0,0.0,0.0,foreign
Qwen/Qwen3-Embedding-0.6B,qwen3-0.6B,MX-2025010085-A_en_q_fr,fr,1,1,1,1.0,1.0,same
Qwen/Qwen3-Embedding-0.6B,qwen3-0.6B,MX-2025010085-A_es_q_es,es,100,100,56,0.56,1.0,foreign
Qwen/Qwen3-Embedding-0.6B,qwen3-0.6B,MX-2025010085-A_en_q_zh,zh,0,0,0,,0.0,gold
Qwen/Qwen3-Embedding-0.6B,qwen3-0.6B,MX-2025005421-A_en_q_en,en,1,1,0,0.0,0.0,foreign
Qwen/Qwen3-Embedding-0.6B,qwen3-0.6B,MX-2025005421-A_en_q_de,de,3,3,0,0.0,0.0,foreign
Qwen/Qwen3-Embedding-0.6B,qwen3-0.6B,MX-2025005421-A_en_q_fr,fr,3,3,2,0.6666666666666666,1.0,same
Qwen/Qwen3-Embedding-0.6B,qwen3-0.6B,MX-2025005421-A_es_q_es,es,19,19,15,0.7894736842105263,1.0,same
Qwen/Qwen3-Embedding-0.6B,qwen3-0.6B,MX-2025005421-A_en_q_zh,zh,3,3,0,0.0,0.0,foreign
Qwen/Qwen3-Embedding-0.6B,qwen3-0.6B,MX-2025002688-A_en_q_en,en,100,100,12,0.12,1.0,foreign
Qwen/Qwen3-Embedding-0.6B,qwen3-0.6B,MX-2025002688-A_en_q_de,de,100,100,34,0.34,1.0,foreign
Qwen/Qwen3-Embedding-0.6B,qwen3-0.6B,MX-2025002688-A_en_q_fr,fr,100,100,94,0.94,1.0,same
Qwen/Qwen3-Embedding-0.6B,qwen3-0.6B,MX-2025002688-A_es_q_es,es,0,0,0,,0.0,gold
Qwen/Qwen3-Embedding-0.6B,qwen3-0.6B,MX-2025002688-A_en_q_zh,zh,100,100,13,0.13,1.0,foreign
Qwen/Qwen3-Embedding-0.6B,qwen3-0.6B,WO-2025211147-A1_en_q_en,en,100,100,25,0.25,1.0,foreign
Qwen/Qwen3-Embedding-0.6B,qwen3-0.6B,WO-2025211147-A1_en_q_de,de,100,100,32,0.32,1.0,same
Qwen/Qwen3-Embedding-0.6B,qwen3-0.6B,WO-2025211147-A1_fr_q_fr,fr,0,0,0,,0.0,gold
Qwen/Qwen3-Embedding-0.6B,qwen3-0.6B,WO-2025211147-A1_en_q_es,es,16,16,1,0.0625,1.0,foreign
Qwen/Qwen3-Embedding-0.6B,qwen3-0.6B,WO-2025211147-A1_en_q_zh,zh,100,100,2,0.02,1.0,foreign
Qwen/Qwen3-Embedding-0.6B,qwen3-0.6B,WO-2025187712-A8_en_q_en,en,12,12,9,0.75,1.0,same
Qwen/Qwen3-Embedding-0.6B,qwen3-0.6B,WO-2025187712-A8_en_q_de,de,23,23,11,0.4782608695652174,1.0,same
Qwen/Qwen3-Embedding-0.6B,qwen3-0.6B,WO-2025187712-A8_fr_q_fr,fr,100,100,96,0.96,1.0,same
Qwen/Qwen3-Embedding-0.6B,qwen3-0.6B,WO-2025187712-A8_en_q_es,es,100,100,12,0.12,1.0,foreign
Qwen/Qwen3-Embedding-0.6B,qwen3-0.6B,WO-2025187712-A8_en_q_zh,zh,100,100,8,0.08,1.0,same
Qwen/Qwen3-Embedding-0.6B,qwen3-0.6B,EP-4630253-A1_en_q_en,en,25,25,15,0.6,1.0,same
Qwen/Qwen3-Embedding-0.6B,qwen3-0.6B,EP-4630253-A1_en_q_de,de,81,81,10,0.12345679012345678,1.0,same
Qwen/Qwen3-Embedding-0.6B,qwen3-0.6B,EP-4630253-A1_fr_q_fr,fr,100,100,86,0.86,1.0,same
Qwen/Qwen3-Embedding-0.6B,qwen3-0.6B,EP-4630253-A1_en_q_es,es,96,96,11,0.11458333333333333,1.0,same
Qwen/Qwen3-Embedding-0.6B,qwen3-0.6B,EP-4630253-A1_zh_q_zh,zh,100,100,8,0.08,1.0,same
Qwen/Qwen3-Embedding-0.6B,qwen3-0.6B,MX-2025007798-A_en_q_en,en,0,0,0,,0.0,gold
Qwen/Qwen3-Embedding-0.6B,qwen3-0.6B,WO-2025206382-A1_en_q_en,en,0,0,0,,0.0,gold
Qwen/Qwen3-Embedding-0.6B,qwen3-0.6B,MX-2025009144-A_en_q_en,en,0,0,0,,0.0,gold
Qwen/Qwen3-Embedding-0.6B,qwen3-0.6B,WO-2025206195-A1_en_q_de,de,0,0,0,,0.0,gold
Qwen/Qwen3-Embedding-0.6B,qwen3-0.6B,WO-2024128938-A1_en_q_de,de,0,0,0,,0.0,gold
Qwen/Qwen3-Embedding-0.6B,qwen3-0.6B,MX-2025007510-A_es_q_es,es,4,4,2,0.5,1.0,same
Qwen/Qwen3-Embedding-0.6B,qwen3-0.6B,WO-2025172752-A1_en_q_en,en,0,0,0,,0.0,gold
Qwen/Qwen3-Embedding-0.6B,qwen3-0.6B,WO-2024245507-A9_en_q_en,en,11,11,2,0.18181818181818182,1.0,foreign
Qwen/Qwen3-Embedding-0.6B,qwen3-0.6B,WO-2024245507-A9_de_q_de,de,1,1,0,0.0,0.0,foreign
Qwen/Qwen3-Embedding-0.6B,qwen3-0.6B,WO-2024245507-A9_fr_q_fr,fr,100,100,98,0.98,1.0,same
Qwen/Qwen3-Embedding-0.6B,qwen3-0.6B,WO-2024245507-A9_en_q_es,es,2,2,0,0.0,0.0,foreign
Qwen/Qwen3-Embedding-0.6B,qwen3-0.6B,WO-2024245507-A9_en_q_zh,zh,3,3,1,0.3333333333333333,1.0,same
Qwen/Qwen3-Embedding-0.6B,qwen3-0.6B,EP-4630245-A1_zh_q_zh,zh,0,0,0,,0.0,gold
Qwen/Qwen3-Embedding-0.6B,qwen3-0.6B,WO-2025192625-A1_en_q_en,en,4,4,3,0.75,1.0,same
Qwen/Qwen3-Embedding-0.6B,qwen3-0.6B,WO-2025192625-A1_en_q_de,de,95,95,26,0.2736842105263158,1.0,same
Qwen/Qwen3-Embedding-0.6B,qwen3-0.6B,WO-2025192625-A1_fr_q_fr,fr,44,44,43,0.9772727272727273,1.0,same
Qwen/Qwen3-Embedding-0.6B,qwen3-0.6B,WO-2025192625-A1_en_q_es,es,100,100,13,0.13,1.0,foreign
Qwen/Qwen3-Embedding-0.6B,qwen3-0.6B,WO-2025192625-A1_zh_q_zh,zh,1,1,1,1.0,1.0,same
Qwen/Qwen3-Embedding-0.6B,qwen3-0.6B,MX-2025006818-A_es_q_es,es,0,0,0,,0.0,gold
Qwen/Qwen3-Embedding-0.6B,qwen3-0.6B,MX-2025007695-A_es_q_es,es,0,0,0,,0.0,gold
Qwen/Qwen3-Embedding-0.6B,qwen3-0.6B,WO-2025187736-A8_en_q_zh,zh,0,0,0,,0.0,gold
Qwen/Qwen3-Embedding-0.6B,qwen3-0.6B,WO-2025203012-A1_en_q_es,es,1,1,0,0.0,0.0,foreign
Qwen/Qwen3-Embedding-0.6B,qwen3-0.6B,EP-4626837-A1_en_q_zh,zh,0,0,0,,0.0,gold
Qwen/Qwen3-Embedding-0.6B,qwen3-0.6B,WO-2025202104-A1_zh_q_zh,zh,0,0,0,,0.0,gold
Qwen/Qwen3-Embedding-0.6B,qwen3-0.6B,EP-4626928-A2_fr_q_fr,fr,2,2,1,0.5,1.0,same
Qwen/Qwen3-Embedding-0.6B,qwen3-0.6B,MX-2025008327-A_en_q_en,en,100,100,29,0.29,1.0,foreign
Qwen/Qwen3-Embedding-0.6B,qwen3-0.6B,EP-4634127-A1_en_q_en,en,0,0,0,,0.0,gold
Qwen/Qwen3-Embedding-0.6B,qwen3-0.6B,WO-2024058685-A1_en_q_zh,zh,0,0,0,,0.0,gold
Qwen/Qwen3-Embedding-0.6B,qwen3-0.6B,WO-2024089298-A9_fr_q_fr,fr,0,0,0,,0.0,gold
Qwen/Qwen3-Embedding-0.6B,qwen3-0.6B,MX-2025010028-A_en_q_en,en,0,0,0,,0.0,gold
Qwen/Qwen3-Embedding-0.6B,qwen3-0.6B,WO-2025202253-A1_en_q_es,es,0,0,0,,0.0,gold
Qwen/Qwen3-Embedding-0.6B,qwen3-0.6B,MX-2025009821-A_es_q_es,es,1,1,0,0.0,0.0,foreign
Qwen/Qwen3-Embedding-0.6B,qwen3-0.6B,MX-2025006624-A_en_q_fr,fr,0,0,0,,0.0,gold
Qwen/Qwen3-Embedding-0.6B,qwen3-0.6B,MX-2025003345-A_en_q_de,de,0,0,0,,0.0,gold
Qwen/Qwen3-Embedding-0.6B,qwen3-0.6B,WO-2024259508-A1_en_q_en,en,0,0,0,,0.0,gold
Qwen/Qwen3-Embedding-0.6B,qwen3-0.6B,EP-4630051-A1_fr_q_fr,fr,0,0,0,,0.0,gold
Qwen/Qwen3-Embedding-0.6B,qwen3-0.6B,MX-2025010268-A_en_q_zh,zh,0,0,0,,0.0,gold
Qwen/Qwen3-Embedding-0.6B,qwen3-0.6B,WO-2025212655-A1_en_q_de,de,0,0,0,,0.0,gold
Qwen/Qwen3-Embedding-0.6B,qwen3-0.6B,WO-2025205978-A1_en_q_en,en,1,1,1,1.0,1.0,same
Qwen/Qwen3-Embedding-0.6B,qwen3-0.6B,WO-2025206105-A1_zh_q_zh,zh,0,0,0,,0.0,gold
Qwen/Qwen3-Embedding-0.6B,qwen3-0.6B,EP-4633669-A2_fr_q_fr,fr,0,0,0,,0.0,gold
Qwen/Qwen3-Embedding-0.6B,qwen3-0.6B,WO-2025021351-A1_en_q_zh,zh,1,1,1,1.0,1.0,same
Qwen/Qwen3-Embedding-0.6B,qwen3-0.6B,WO-2025187706-A8_fr_q_fr,fr,81,81,76,0.9382716049382716,1.0,same
Qwen/Qwen3-Embedding-0.6B,qwen3-0.6B,EP-4623104-A1_zh_q_zh,zh,0,0,0,,0.0,gold
Qwen/Qwen3-Embedding-0.6B,qwen3-0.6B,WO-2025164232-A1_en_q_de,de,0,0,0,,0.0,gold
Qwen/Qwen3-Embedding-0.6B,qwen3-0.6B,WO-2025206823-A1_en_q_de,de,69,69,20,0.2898550724637681,1.0,foreign
Qwen/Qwen3-Embedding-0.6B,qwen3-0.6B,EP-4626944-A1_en_q_de,de,100,100,19,0.19,1.0,same
Qwen/Qwen3-Embedding-0.6B,qwen3-0.6B,EP-4626879-A1_en_q_en,en,0,0,0,,0.0,gold
Qwen/Qwen3-Embedding-0.6B,qwen3-0.6B,EP-4626874-A1_en_q_zh,zh,16,16,3,0.1875,1.0,foreign
Qwen/Qwen3-Embedding-0.6B,qwen3-0.6B,MX-2025008798-A_en_q_fr,fr,60,60,55,0.9166666666666666,1.0,same
Qwen/Qwen3-Embedding-0.6B,qwen3-0.6B,MX-2025005939-A_es_q_es,es,0,0,0,,0.0,gold
Qwen/Qwen3-Embedding-0.6B,qwen3-0.6B,WO-2025204745-A1_en_q_zh,zh,1,1,1,1.0,1.0,same
Qwen/Qwen3-Embedding-0.6B,qwen3-0.6B,WO-2025217208-A1_en_q_en,en,0,0,0,,0.0,gold
Qwen/Qwen3-Embedding-0.6B,qwen3-0.6B,WO-2025205163-A1_en_q_en,en,51,51,29,0.5686274509803921,1.0,same
Qwen/Qwen3-Embedding-0.6B,qwen3-0.6B,WO-2025186172-A8_fr_q_fr,fr,0,0,0,,0.0,gold
Qwen/Qwen3-Embedding-0.6B,qwen3-0.6B,WO-2025188156-A8_en_q_de,de,22,22,1,0.045454545454545456,1.0,foreign
Qwen/Qwen3-Embedding-0.6B,qwen3-0.6B,MX-2025009759-A_en_q_fr,fr,1,1,0,0.0,0.0,foreign
Qwen/Qwen3-Embedding-0.6B,qwen3-0.6B,WO-2025189017-A8_en_q_de,de,0,0,0,,0.0,gold
Qwen/Qwen3-Embedding-0.6B,qwen3-0.6B,CR-20250096-A_en_q_zh,zh,0,0,0,,0.0,gold
Qwen/Qwen3-Embedding-0.6B,qwen3-0.6B,WO-2025169953-A1_en_q_de,de,0,0,0,,0.0,gold
Qwen/Qwen3-Embedding-0.6B,qwen3-0.6B,MX-2025006319-A_en_q_de,de,87,87,38,0.4367816091954023,1.0,same
Qwen/Qwen3-Embedding-0.6B,qwen3-0.6B,MX-2025004974-A_en_q_fr,fr,3,3,1,0.3333333333333333,1.0,foreign
Qwen/Qwen3-Embedding-0.6B,qwen3-0.6B,WO-2025170405-A1_en_q_de,de,0,0,0,,0.0,gold
Qwen/Qwen3-Embedding-0.6B,qwen3-0.6B,WO-2025208198-A1_en_q_zh,zh,0,0,0,,0.0,gold
Qwen/Qwen3-Embedding-0.6B,qwen3-0.6B,WO-2025054647-A1_en_q_es,es,0,0,0,,0.0,gold
Qwen/Qwen3-Embedding-0.6B,qwen3-0.6B,WO-2025210166-A1_en_q_de,de,100,100,3,0.03,1.0,foreign
Qwen/Qwen3-Embedding-0.6B,qwen3-0.6B,WO-2025211178-A1_en_q_es,es,3,3,0,0.0,0.0,foreign
Qwen/Qwen3-Embedding-0.6B,qwen3-0.6B,MX-2025004012-A_en_q_zh,zh,0,0,0,,0.0,gold
Qwen/Qwen3-Embedding-0.6B,qwen3-0.6B,WO-2025206949-A1_en_q_es,es,0,0,0,,0.0,gold
Qwen/Qwen3-Embedding-0.6B,qwen3-0.6B,MX-2025007614-A_en_q_zh,zh,0,0,0,,0.0,gold
Qwen/Qwen3-Embedding-0.6B,qwen3-0.6B,WO-2025146513-A1_en_q_de,de,0,0,0,,0.0,gold
Qwen/Qwen3-Embedding-0.6B,qwen3-0.6B,WO-2025211949-A1_en_q_es,es,0,0,0,,0.0,gold
Qwen/Qwen3-Embedding-0.6B,qwen3-0.6B,EP-4626831-A1_en_q_zh,zh,0,0,0,,0.0,gold
Qwen/Qwen3-Embedding-0.6B,qwen3-0.6B,WO-2025186644-A8_en_q_de,de,0,0,0,,0.0,gold
Qwen/Qwen3-Embedding-0.6B,qwen3-0.6B,WO-2025192587-A1_en_q_de,de,100,100,55,0.55,1.0,same
Qwen/Qwen3-Embedding-0.6B,qwen3-0.6B,EP-4633779-A1_en_q_es,es,0,0,0,,0.0,gold
Qwen/Qwen3-Embedding-0.6B,qwen3-0.6B,WO-2022098263-A1_en_q_es,es,0,0,0,,0.0,gold
Qwen/Qwen3-Embedding-0.6B,qwen3-0.6B,WO-2025215251-A1_en_q_es,es,4,4,2,0.5,1.0,same
Qwen/Qwen3-Embedding-0.6B,qwen3-0.6B,EP-4493405-A1_en_q_zh,zh,5,5,1,0.2,1.0,same
Qwen/Qwen3-Embedding-0.6B,qwen3-0.6B,WO-2025103555-A1_en_q_zh,zh,0,0,0,,0.0,gold
Qwen/Qwen3-Embedding-0.6B,qwen3-0.6B,EP-4626386-A1_en_q_de,de,4,4,1,0.25,1.0,same
Qwen/Qwen3-Embedding-0.6B,qwen3-0.6B,MX-2025010613-A_en_q_de,de,10,10,0,0.0,0.0,foreign
Qwen/Qwen3-Embedding-0.6B,qwen3-0.6B,EP-4626547-A1_en_q_de,de,1,1,0,0.0,0.0,foreign
Qwen/Qwen3-Embedding-0.6B,qwen3-0.6B,EP-4626593-A1_en_q_de,de,5,5,1,0.2,1.0,foreign
Qwen/Qwen3-Embedding-0.6B,qwen3-0.6B,WO-2025207414-A1_en_q_es,es,4,4,2,0.5,1.0,foreign
Qwen/Qwen3-Embedding-0.6B,qwen3-0.6B,MX-2025005049-A_en_q_zh,zh,10,10,0,0.0,0.0,foreign
Qwen/Qwen3-Embedding-0.6B,qwen3-0.6B,WO-2024246082-A3_en_q_es,es,0,0,0,,0.0,gold
Qwen/Qwen3-Embedding-0.6B,qwen3-0.6B,WO-2025180718-A1_en_q_es,es,5,5,2,0.4,1.0,same
Qwen/Qwen3-Embedding-0.6B,qwen3-0.6B,MX-2025006336-A_en_q_de,de,1,1,0,0.0,0.0,foreign
Qwen/Qwen3-Embedding-0.6B,qwen3-0.6B,WO-2025202347-A1_en_q_de,de,0,0,0,,0.0,gold
Qwen/Qwen3-Embedding-0.6B,qwen3-0.6B,MX-2025010373-A_en_q_zh,zh,100,100,24,0.24,1.0,same
Qwen/Qwen3-Embedding-0.6B,qwen3-0.6B,WO-2025200075-A1_en_q_zh,zh,0,0,0,,0.0,gold
Qwen/Qwen3-Embedding-0.6B,qwen3-0.6B,WO-2025189151-A8_en_q_de,de,0,0,0,,0.0,gold
Qwen/Qwen3-Embedding-0.6B,qwen3-0.6B,MX-2025007174-A_en_q_de,de,2,2,0,0.0,0.0,foreign
Qwen/Qwen3-Embedding-0.6B,qwen3-0.6B,MX-2025010619-A_en_q_de,de,2,2,0,0.0,0.0,foreign
Qwen/Qwen3-Embedding-0.6B,qwen3-0.6B,EP-4532651-A1_en_q_es,es,15,15,4,0.26666666666666666,1.0,foreign
Qwen/Qwen3-Embedding-0.6B,qwen3-0.6B,WO-2025173342-A1_en_q_es,es,0,0,0,,0.0,gold
Qwen/Qwen3-Embedding-0.6B,qwen3-0.6B,WO-2024019637-A1_en_q_de,de,2,2,0,0.0,0.0,foreign
Qwen/Qwen3-Embedding-0.6B,qwen3-0.6B,MX-2025008968-A_en_q_zh,zh,0,0,0,,0.0,gold
Qwen/Qwen3-Embedding-0.6B,qwen3-0.6B,WO-2025202625-A1_en_q_de,de,18,18,9,0.5,1.0,foreign
Qwen/Qwen3-Embedding-0.6B,qwen3-0.6B,WO-2025187661-A8_en_q_es,es,0,0,0,,0.0,gold
Qwen/Qwen3-Embedding-0.6B,qwen3-0.6B,WO-2025101062-A1_en_q_zh,zh,0,0,0,,0.0,gold
Qwen/Qwen3-Embedding-0.6B,qwen3-0.6B,WO-2025150711-A1_en_q_de,de,0,0,0,,0.0,gold
Qwen/Qwen3-Embedding-0.6B,qwen3-0.6B,WO-2025207828-A1_en_q_zh,zh,100,100,6,0.06,1.0,foreign
Qwen/Qwen3-Embedding-0.6B,qwen3-0.6B,WO-2025203197-A1_en_q_zh,zh,0,0,0,,0.0,gold
Qwen/Qwen3-Embedding-0.6B,qwen3-0.6B,EP-4634141-A2_en_q_en,en,0,0,0,,0.0,gold
Qwen/Qwen3-Embedding-0.6B,qwen3-0.6B,EP-4633971-A1_fr_q_fr,fr,1,1,1,1.0,1.0,same
Qwen/Qwen3-Embedding-0.6B,qwen3-0.6B,WO-2025197272-A1_en_q_en,en,2,2,1,0.5,1.0,same
Qwen/Qwen3-Embedding-0.6B,qwen3-0.6B,WO-2025189168-A8_fr_q_fr,fr,0,0,0,,0.0,gold
Qwen/Qwen3-Embedding-0.6B,qwen3-0.6B,MX-2025008124-A_es_q_es,es,40,40,14,0.35,1.0,foreign
Qwen/Qwen3-Embedding-0.6B,qwen3-0.6B,MX-2025007669-A_en_q_en,en,0,0,0,,0.0,gold
Qwen/Qwen3-Embedding-0.6B,qwen3-0.6B,WO-2025195675-A1_en_q_en,en,0,0,0,,0.0,gold
Qwen/Qwen3-Embedding-0.6B,qwen3-0.6B,WO-2022005333-A1_en_q_en,en,2,2,2,1.0,1.0,same
Qwen/Qwen3-Embedding-0.6B,qwen3-0.6B,MX-2025005748-A_es_q_es,es,0,0,0,,0.0,gold
Qwen/Qwen3-Embedding-0.6B,qwen3-0.6B,MX-2025002923-A_es_q_es,es,0,0,0,,0.0,gold
Qwen/Qwen3-Embedding-0.6B,qwen3-0.6B,MX-2025010611-A_es_q_es,es,28,28,3,0.10714285714285714,1.0,foreign
Qwen/Qwen3-Embedding-0.6B,qwen3-0.6B,WO-2025217553-A1_fr_q_fr,fr,100,100,79,0.79,1.0,same
Qwen/Qwen3-Embedding-0.6B,qwen3-0.6B,WO-2025186530-A8_en_q_en,en,0,0,0,,0.0,gold
Qwen/Qwen3-Embedding-0.6B,qwen3-0.6B,EP-4627050-A1_fr_q_fr,fr,0,0,0,,0.0,gold
Qwen/Qwen3-Embedding-0.6B,qwen3-0.6B,MX-2025008249-A_en_q_en,en,1,1,0,0.0,0.0,foreign
Qwen/Qwen3-Embedding-0.6B,qwen3-0.6B,WO-2025184858-A8_fr_q_fr,fr,2,2,2,1.0,1.0,same
Qwen/Qwen3-Embedding-0.6B,qwen3-0.6B,MX-2025004649-A_es_q_es,es,0,0,0,,0.0,gold
Qwen/Qwen3-Embedding-0.6B,qwen3-0.6B,ES-1320636-U_en_q_en,en,1,1,1,1.0,1.0,same
Qwen/Qwen3-Embedding-0.6B,qwen3-0.6B,MX-2025006800-A_en_q_en,en,1,1,1,1.0,1.0,same
Qwen/Qwen3-Embedding-0.6B,qwen3-0.6B,EP-4626866-A1_en_q_en,en,0,0,0,,0.0,gold
Qwen/Qwen3-Embedding-0.6B,qwen3-0.6B,MX-2025006721-A_en_q_en,en,11,11,6,0.5454545454545454,1.0,same
Qwen/Qwen3-Embedding-0.6B,qwen3-0.6B,WO-2024073831-A1_en_q_en,en,0,0,0,,0.0,gold
Qwen/Qwen3-Embedding-0.6B,qwen3-0.6B,WO-2025200966-A1_fr_q_fr,fr,0,0,0,,0.0,gold
Qwen/Qwen3-Embedding-0.6B,qwen3-0.6B,MX-2025005215-A_es_q_es,es,0,0,0,,0.0,gold
Qwen/Qwen3-Embedding-0.6B,qwen3-0.6B,WO-2025080163-A1_fr_q_fr,fr,21,21,20,0.9523809523809523,1.0,same
Qwen/Qwen3-Embedding-0.6B,qwen3-0.6B,WO-2025200089-A1_en_q_en,en,0,0,0,,0.0,gold
Qwen/Qwen3-Embedding-0.6B,qwen3-0.6B,WO-2025073021-A1_en_q_en,en,0,0,0,,0.0,gold
Qwen/Qwen3-Embedding-0.6B,qwen3-0.6B,WO-2025186263-A8_fr_q_fr,fr,0,0,0,,0.0,gold
Qwen/Qwen3-Embedding-0.6B,qwen3-0.6B,WO-2025211336-A1_en_q_en,en,13,13,10,0.7692307692307693,1.0,foreign
Qwen/Qwen3-Embedding-0.6B,qwen3-0.6B,WO-2025078189-A1_en_q_en,en,1,1,0,0.0,0.0,foreign
Qwen/Qwen3-Embedding-0.6B,qwen3-0.6B,ES-3033921-A1_en_q_en,en,0,0,0,,0.0,gold
Qwen/Qwen3-Embedding-0.6B,qwen3-0.6B,WO-2025154762-A1_fr_q_fr,fr,0,0,0,,0.0,gold
Qwen/Qwen3-Embedding-0.6B,qwen3-0.6B,EP-4634323-A1_en_q_en,en,1,1,1,1.0,1.0,same
Qwen/Qwen3-Embedding-0.6B,qwen3-0.6B,WO-2025189143-A8_en_q_en,en,0,0,0,,0.0,gold
Qwen/Qwen3-Embedding-0.6B,qwen3-0.6B,MX-2025009632-A_en_q_en,en,1,1,1,1.0,1.0,same
Qwen/Qwen3-Embedding-0.6B,qwen3-0.6B,EP-4626395-A1_fr_q_fr,fr,0,0,0,,0.0,gold
Qwen/Qwen3-Embedding-0.6B,qwen3-0.6B,WO-2025203678-A1_fr_q_fr,fr,6,6,5,0.8333333333333334,1.0,same
Qwen/Qwen3-Embedding-0.6B,qwen3-0.6B,WO-2025187095-A8_fr_q_fr,fr,0,0,0,,0.0,gold
Qwen/Qwen3-Embedding-0.6B,qwen3-0.6B,EP-4626938-A1_en_q_en,en,0,0,0,,0.0,gold
Qwen/Qwen3-Embedding-0.6B,qwen3-0.6B,MX-2025006010-A_en_q_en,en,100,100,49,0.49,1.0,same
Qwen/Qwen3-Embedding-0.6B,qwen3-0.6B,WO-2025215647-A1_fr_q_fr,fr,0,0,0,,0.0,gold
Qwen/Qwen3-Embedding-0.6B,qwen3-0.6B,WO-2025207093-A1_fr_q_fr,fr,0,0,0,,0.0,gold
Qwen/Qwen3-Embedding-0.6B,qwen3-0.6B,MX-2025004470-A_en_q_en,en,0,0,0,,0.0,gold
Qwen/Qwen3-Embedding-0.6B,qwen3-0.6B,EP-4626949-A1_fr_q_fr,fr,0,0,0,,0.0,gold
Qwen/Qwen3-Embedding-0.6B,qwen3-0.6B,WO-2025206197-A1_fr_q_fr,fr,13,13,13,1.0,1.0,same
Qwen/Qwen3-Embedding-0.6B,qwen3-0.6B,WO-2022246526-A8_fr_q_fr,fr,0,0,0,,0.0,gold
Qwen/Qwen3-Embedding-0.6B,qwen3-0.6B,MX-2025006489-A_es_q_es,es,13,13,7,0.5384615384615384,1.0,same
Qwen/Qwen3-Embedding-0.6B,qwen3-0.6B,WO-2021255541-A1_en_q_en,en,0,0,0,,0.0,gold
Qwen/Qwen3-Embedding-0.6B,qwen3-0.6B,WO-2021255541-A1_en_q_de,de,9,9,8,0.8888888888888888,1.0,same
Qwen/Qwen3-Embedding-0.6B,qwen3-0.6B,WO-2021255541-A1_fr_q_fr,fr,0,0,0,,0.0,gold
Qwen/Qwen3-Embedding-0.6B,qwen3-0.6B,WO-2021255541-A1_en_q_es,es,100,100,10,0.1,1.0,foreign
Qwen/Qwen3-Embedding-0.6B,qwen3-0.6B,WO-2021255541-A1_zh_q_zh,zh,3,3,0,0.0,0.0,foreign
Qwen/Qwen3-Embedding-0.6B,qwen3-0.6B,EP-4634663-A1_en_q_en,en,0,0,0,,0.0,gold
Qwen/Qwen3-Embedding-0.6B,qwen3-0.6B,EP-4634663-A1_en_q_de,de,0,0,0,,0.0,gold
Qwen/Qwen3-Embedding-0.6B,qwen3-0.6B,EP-4634663-A1_fr_q_fr,fr,0,0,0,,0.0,gold
Qwen/Qwen3-Embedding-0.6B,qwen3-0.6B,EP-4634663-A1_en_q_es,es,0,0,0,,0.0,gold
Qwen/Qwen3-Embedding-0.6B,qwen3-0.6B,EP-4634663-A1_en_q_zh,zh,0,0,0,,0.0,gold
Qwen/Qwen3-Embedding-0.6B,qwen3-0.6B,MX-2025005046-A_en_q_en,en,6,6,2,0.3333333333333333,1.0,foreign
Qwen/Qwen3-Embedding-0.6B,qwen3-0.6B,MX-2025005046-A_en_q_de,de,22,22,5,0.22727272727272727,1.0,foreign
Qwen/Qwen3-Embedding-0.6B,qwen3-0.6B,MX-2025005046-A_en_q_fr,fr,8,8,6,0.75,1.0,same
Qwen/Qwen3-Embedding-0.6B,qwen3-0.6B,MX-2025005046-A_es_q_es,es,18,18,4,0.2222222222222222,1.0,same
Qwen/Qwen3-Embedding-0.6B,qwen3-0.6B,MX-2025005046-A_en_q_zh,zh,0,0,0,,0.0,gold
Qwen/Qwen3-Embedding-0.6B,qwen3-0.6B,MX-2025007733-A_en_q_en,en,100,100,85,0.85,1.0,same
Qwen/Qwen3-Embedding-0.6B,qwen3-0.6B,MX-2025007733-A_en_q_de,de,0,0,0,,0.0,gold
Qwen/Qwen3-Embedding-0.6B,qwen3-0.6B,MX-2025007733-A_en_q_fr,fr,100,100,93,0.93,1.0,same
Qwen/Qwen3-Embedding-0.6B,qwen3-0.6B,MX-2025007733-A_es_q_es,es,24,24,7,0.2916666666666667,1.0,same
Qwen/Qwen3-Embedding-0.6B,qwen3-0.6B,MX-2025007733-A_zh_q_zh,zh,0,0,0,,0.0,gold
Qwen/Qwen3-Embedding-0.6B,qwen3-0.6B,MX-2025008227-A_en_q_en,en,0,0,0,,0.0,gold
Qwen/Qwen3-Embedding-0.6B,qwen3-0.6B,MX-2025008227-A_en_q_de,de,0,0,0,,0.0,gold
Qwen/Qwen3-Embedding-0.6B,qwen3-0.6B,MX-2025008227-A_en_q_fr,fr,0,0,0,,0.0,gold
Qwen/Qwen3-Embedding-0.6B,qwen3-0.6B,MX-2025008227-A_es_q_es,es,0,0,0,,0.0,gold
Qwen/Qwen3-Embedding-0.6B,qwen3-0.6B,MX-2025008227-A_en_q_zh,zh,0,0,0,,0.0,gold
Qwen/Qwen3-Embedding-0.6B,qwen3-0.6B,WO-2025186592-A8_en_q_en,en,0,0,0,,0.0,gold
Qwen/Qwen3-Embedding-0.6B,qwen3-0.6B,WO-2025186592-A8_en_q_de,de,0,0,0,,0.0,gold
Qwen/Qwen3-Embedding-0.6B,qwen3-0.6B,WO-2025186592-A8_fr_q_fr,fr,1,1,1,1.0,1.0,same
Qwen/Qwen3-Embedding-0.6B,qwen3-0.6B,WO-2025186592-A8_en_q_es,es,0,0,0,,0.0,gold
Qwen/Qwen3-Embedding-0.6B,qwen3-0.6B,WO-2025186592-A8_en_q_zh,zh,0,0,0,,0.0,gold
Qwen/Qwen3-Embedding-0.6B,qwen3-0.6B,MX-2025005709-A_en_q_en,en,1,1,1,1.0,1.0,same
Qwen/Qwen3-Embedding-0.6B,qwen3-0.6B,MX-2025005709-A_en_q_de,de,13,13,5,0.38461538461538464,1.0,same
Qwen/Qwen3-Embedding-0.6B,qwen3-0.6B,MX-2025005709-A_en_q_fr,fr,8,8,8,1.0,1.0,same
Qwen/Qwen3-Embedding-0.6B,qwen3-0.6B,MX-2025005709-A_es_q_es,es,0,0,0,,0.0,gold
Qwen/Qwen3-Embedding-0.6B,qwen3-0.6B,MX-2025005709-A_en_q_zh,zh,11,11,2,0.18181818181818182,1.0,same
Qwen/Qwen3-Embedding-0.6B,qwen3-0.6B,MX-2025009739-A_en_q_en,en,0,0,0,,0.0,gold
Qwen/Qwen3-Embedding-0.6B,qwen3-0.6B,MX-2025009739-A_en_q_de,de,65,65,9,0.13846153846153847,1.0,foreign
Qwen/Qwen3-Embedding-0.6B,qwen3-0.6B,MX-2025009739-A_en_q_fr,fr,0,0,0,,0.0,gold
Qwen/Qwen3-Embedding-0.6B,qwen3-0.6B,MX-2025009739-A_es_q_es,es,19,19,8,0.42105263157894735,1.0,same
Qwen/Qwen3-Embedding-0.6B,qwen3-0.6B,MX-2025009739-A_zh_q_zh,zh,0,0,0,,0.0,gold
Qwen/Qwen3-Embedding-0.6B,qwen3-0.6B,MX-2025008260-A_en_q_en,en,0,0,0,,0.0,gold
Qwen/Qwen3-Embedding-0.6B,qwen3-0.6B,MX-2025008260-A_en_q_de,de,26,26,10,0.38461538461538464,1.0,same
Qwen/Qwen3-Embedding-0.6B,qwen3-0.6B,MX-2025008260-A_en_q_fr,fr,42,42,34,0.8095238095238095,1.0,same
Qwen/Qwen3-Embedding-0.6B,qwen3-0.6B,MX-2025008260-A_es_q_es,es,16,16,11,0.6875,1.0,same
Qwen/Qwen3-Embedding-0.6B,qwen3-0.6B,MX-2025008260-A_zh_q_zh,zh,1,1,1,1.0,1.0,same
Qwen/Qwen3-Embedding-0.6B,qwen3-0.6B,WO-2025216711-A1_en_q_en,en,0,0,0,,0.0,gold
Qwen/Qwen3-Embedding-0.6B,qwen3-0.6B,WO-2025216711-A1_en_q_de,de,0,0,0,,0.0,gold
Qwen/Qwen3-Embedding-0.6B,qwen3-0.6B,WO-2025216711-A1_fr_q_fr,fr,0,0,0,,0.0,gold
Qwen/Qwen3-Embedding-0.6B,qwen3-0.6B,WO-2025216711-A1_en_q_es,es,2,2,0,0.0,0.0,foreign
Qwen/Qwen3-Embedding-0.6B,qwen3-0.6B,WO-2025216711-A1_zh_q_zh,zh,0,0,0,,0.0,gold
nomic-ai/nomic-embed-text-v2-moe,nomic-v2-moe,EP-4633662-A1_en_q_en,en,1,1,0,0.0,0.0,foreign
nomic-ai/nomic-embed-text-v2-moe,nomic-v2-moe,EP-4630509-A1_fr_q_fr,fr,0,0,0,,0.0,gold
nomic-ai/nomic-embed-text-v2-moe,nomic-v2-moe,EP-4634248-A1_en_q_es,es,100,100,35,0.35,1.0,same
nomic-ai/nomic-embed-text-v2-moe,nomic-v2-moe,EP-4634187-A1_en_q_es,es,1,1,1,1.0,1.0,same
nomic-ai/nomic-embed-text-v2-moe,nomic-v2-moe,EP-4634142-A1_fr_q_fr,fr,100,100,47,0.47,1.0,same
nomic-ai/nomic-embed-text-v2-moe,nomic-v2-moe,EP-4633768-A2_en_q_es,es,44,44,19,0.4318181818181818,1.0,same
nomic-ai/nomic-embed-text-v2-moe,nomic-v2-moe,EP-4633645-A1_fr_q_fr,fr,22,22,10,0.45454545454545453,1.0,same
nomic-ai/nomic-embed-text-v2-moe,nomic-v2-moe,EP-4633622-A2_en_q_de,de,0,0,0,,0.0,gold
nomic-ai/nomic-embed-text-v2-moe,nomic-v2-moe,EP-4634601-A1_en_q_en,en,1,1,1,1.0,1.0,same
nomic-ai/nomic-embed-text-v2-moe,nomic-v2-moe,EP-4630626-A1_de_q_de,de,0,0,0,,0.0,gold
nomic-ai/nomic-embed-text-v2-moe,nomic-v2-moe,EP-4630600-A1_de_q_en,en,62,62,23,0.3709677419354839,1.0,same
nomic-ai/nomic-embed-text-v2-moe,nomic-v2-moe,EP-4633632-A1_en_q_es,es,25,25,11,0.44,1.0,foreign
nomic-ai/nomic-embed-text-v2-moe,nomic-v2-moe,EP-4634136-A1_en_q_es,es,100,100,43,0.43,1.0,same
nomic-ai/nomic-embed-text-v2-moe,nomic-v2-moe,EP-4634157-A1_en_q_de,de,56,56,3,0.05357142857142857,1.0,foreign
nomic-ai/nomic-embed-text-v2-moe,nomic-v2-moe,EP-4630574-A1_de_q_en,en,100,100,35,0.35,1.0,same
nomic-ai/nomic-embed-text-v2-moe,nomic-v2-moe,EP-4634111-A1_en_q_de,de,100,100,85,0.85,1.0,same
nomic-ai/nomic-embed-text-v2-moe,nomic-v2-moe,EP-4634596-A1_en_q_es,es,100,100,13,0.13,1.0,same
nomic-ai/nomic-embed-text-v2-moe,nomic-v2-moe,EP-4634139-A1_en_q_es,es,0,0,0,,0.0,gold
nomic-ai/nomic-embed-text-v2-moe,nomic-v2-moe,WO-2025153617-A3_de_q_en,en,50,50,32,0.64,1.0,same
nomic-ai/nomic-embed-text-v2-moe,nomic-v2-moe,EP-4634251-A1_en_q_es,es,100,100,19,0.19,1.0,same
nomic-ai/nomic-embed-text-v2-moe,nomic-v2-moe,EP-4634426-A1_en_q_es,es,100,100,23,0.23,1.0,same
nomic-ai/nomic-embed-text-v2-moe,nomic-v2-moe,EP-4634729-A1_en_q_de,de,0,0,0,,0.0,gold
nomic-ai/nomic-embed-text-v2-moe,nomic-v2-moe,EP-4626569-A1_de_q_en,en,2,2,2,1.0,1.0,same
nomic-ai/nomic-embed-text-v2-moe,nomic-v2-moe,EP-4634394-A2_en_q_es,es,0,0,0,,0.0,gold
nomic-ai/nomic-embed-text-v2-moe,nomic-v2-moe,EP-4634424-A1_en_q_es,es,35,35,12,0.34285714285714286,1.0,same
nomic-ai/nomic-embed-text-v2-moe,nomic-v2-moe,EP-4633602-A1_en_q_de,de,100,100,41,0.41,1.0,foreign
nomic-ai/nomic-embed-text-v2-moe,nomic-v2-moe,EP-4634337-A1_en_q_en,en,1,1,1,1.0,1.0,same
nomic-ai/nomic-embed-text-v2-moe,nomic-v2-moe,EP-4634128-A1_en_q_en,en,1,1,1,1.0,1.0,same
nomic-ai/nomic-embed-text-v2-moe,nomic-v2-moe,EP-4633896-A1_en_q_en,en,3,3,3,1.0,1.0,same
nomic-ai/nomic-embed-text-v2-moe,nomic-v2-moe,WO-2025215091-A1_fr_q_fr,fr,100,100,64,0.64,1.0,foreign
nomic-ai/nomic-embed-text-v2-moe,nomic-v2-moe,EP-4633599-A1_fr_q_fr,fr,0,0,0,,0.0,gold
nomic-ai/nomic-embed-text-v2-moe,nomic-v2-moe,EP-4633656-A1_fr_q_fr,fr,4,4,2,0.5,1.0,same
nomic-ai/nomic-embed-text-v2-moe,nomic-v2-moe,WO-2025208167-A1_de_q_de,de,100,100,25,0.25,1.0,same
nomic-ai/nomic-embed-text-v2-moe,nomic-v2-moe,EP-4634396-A1_fr_q_fr,fr,0,0,0,,0.0,gold
nomic-ai/nomic-embed-text-v2-moe,nomic-v2-moe,EP-4633893-A1_fr_q_fr,fr,1,1,1,1.0,1.0,same
nomic-ai/nomic-embed-text-v2-moe,nomic-v2-moe,EP-4633462-A1_en_q_en,en,0,0,0,,0.0,gold
nomic-ai/nomic-embed-text-v2-moe,nomic-v2-moe,EP-4633386-A1_en_q_en,en,16,16,10,0.625,1.0,same
nomic-ai/nomic-embed-text-v2-moe,nomic-v2-moe,EP-4633970-A1_fr_q_fr,fr,0,0,0,,0.0,gold
nomic-ai/nomic-embed-text-v2-moe,nomic-v2-moe,EP-4633415-A1_en_q_en,en,2,2,1,0.5,1.0,same
nomic-ai/nomic-embed-text-v2-moe,nomic-v2-moe,EP-4633415-A1_en_q_de,de,6,6,4,0.6666666666666666,1.0,same
nomic-ai/nomic-embed-text-v2-moe,nomic-v2-moe,EP-4633415-A1_fr_q_fr,fr,30,30,17,0.5666666666666667,1.0,same
nomic-ai/nomic-embed-text-v2-moe,nomic-v2-moe,EP-4633415-A1_en_q_es,es,0,0,0,,0.0,gold
nomic-ai/nomic-embed-text-v2-moe,nomic-v2-moe,EP-4633950-A1_en_q_en,en,9,9,9,1.0,1.0,same
nomic-ai/nomic-embed-text-v2-moe,nomic-v2-moe,EP-4633950-A1_en_q_de,de,100,100,18,0.18,1.0,foreign
nomic-ai/nomic-embed-text-v2-moe,nomic-v2-moe,EP-4633950-A1_fr_q_fr,fr,100,100,53,0.53,1.0,same
nomic-ai/nomic-embed-text-v2-moe,nomic-v2-moe,EP-4633950-A1_en_q_es,es,71,71,17,0.23943661971830985,1.0,foreign
nomic-ai/nomic-embed-text-v2-moe,nomic-v2-moe,EP-4634629-A1_en_q_en,en,100,100,74,0.74,1.0,same
nomic-ai/nomic-embed-text-v2-moe,nomic-v2-moe,EP-4634629-A1_de_q_de,de,14,14,7,0.5,1.0,same
nomic-ai/nomic-embed-text-v2-moe,nomic-v2-moe,EP-4634629-A1_fr_q_fr,fr,48,48,37,0.7708333333333334,1.0,same
nomic-ai/nomic-embed-text-v2-moe,nomic-v2-moe,EP-4634629-A1_en_q_es,es,100,100,13,0.13,1.0,foreign
nomic-ai/nomic-embed-text-v2-moe,nomic-v2-moe,EP-4633582-A1_en_q_es,es,15,15,4,0.26666666666666666,1.0,foreign
nomic-ai/nomic-embed-text-v2-moe,nomic-v2-moe,EP-4634165-A1_en_q_es,es,0,0,0,,0.0,gold
nomic-ai/nomic-embed-text-v2-moe,nomic-v2-moe,EP-4633677-A1_en_q_de,de,34,34,0,0.0,0.0,foreign
nomic-ai/nomic-embed-text-v2-moe,nomic-v2-moe,EP-4634246-A1_en_q_en,en,21,21,10,0.47619047619047616,1.0,foreign
nomic-ai/nomic-embed-text-v2-moe,nomic-v2-moe,EP-4634120-A1_en_q_de,de,27,27,1,0.037037037037037035,1.0,foreign
nomic-ai/nomic-embed-text-v2-moe,nomic-v2-moe,EP-4633638-A1_en_q_en,en,0,0,0,,0.0,gold
nomic-ai/nomic-embed-text-v2-moe,nomic-v2-moe,EP-4633389-A1_en_q_en,en,0,0,0,,0.0,gold
nomic-ai/nomic-embed-text-v2-moe,nomic-v2-moe,WO-2025209629-A1_de_q_es,es,0,0,0,,0.0,gold
nomic-ai/nomic-embed-text-v2-moe,nomic-v2-moe,EP-4634132-A2_en_q_en,en,1,1,1,1.0,1.0,same
nomic-ai/nomic-embed-text-v2-moe,nomic-v2-moe,EP-4634914-A1_en_q_es,es,1,1,0,0.0,0.0,foreign
nomic-ai/nomic-embed-text-v2-moe,nomic-v2-moe,EP-4634285-A1_en_q_de,de,0,0,0,,0.0,gold
nomic-ai/nomic-embed-text-v2-moe,nomic-v2-moe,EP-4634122-A1_fr_q_fr,fr,27,27,21,0.7777777777777778,1.0,same
nomic-ai/nomic-embed-text-v2-moe,nomic-v2-moe,EP-4634365-A1_fr_q_fr,fr,0,0,0,,0.0,gold
nomic-ai/nomic-embed-text-v2-moe,nomic-v2-moe,WO-2025214709-A1_de_q_es,es,19,19,2,0.10526315789473684,1.0,same
nomic-ai/nomic-embed-text-v2-moe,nomic-v2-moe,EP-4633426-A2_en_q_es,es,0,0,0,,0.0,gold
nomic-ai/nomic-embed-text-v2-moe,nomic-v2-moe,EP-4630604-A1_de_q_es,es,7,7,3,0.42857142857142855,1.0,same
nomic-ai/nomic-embed-text-v2-moe,nomic-v2-moe,EP-4634118-A1_en_q_es,es,0,0,0,,0.0,gold
nomic-ai/nomic-embed-text-v2-moe,nomic-v2-moe,EP-4634404-A1_en_q_de,de,0,0,0,,0.0,gold
nomic-ai/nomic-embed-text-v2-moe,nomic-v2-moe,EP-4633465-A1_en_q_de,de,0,0,0,,0.0,gold
nomic-ai/nomic-embed-text-v2-moe,nomic-v2-moe,EP-4633680-A1_en_q_es,es,0,0,0,,0.0,gold
nomic-ai/nomic-embed-text-v2-moe,nomic-v2-moe,WO-2025201606-A1_de_q_es,es,0,0,0,,0.0,gold
nomic-ai/nomic-embed-text-v2-moe,nomic-v2-moe,EP-4634435-A1_en_q_de,de,0,0,0,,0.0,gold
nomic-ai/nomic-embed-text-v2-moe,nomic-v2-moe,EP-4634143-A1_en_q_de,de,30,30,27,0.9,1.0,same
nomic-ai/nomic-embed-text-v2-moe,nomic-v2-moe,EP-4634411-A1_en_q_de,de,100,100,34,0.34,1.0,same
nomic-ai/nomic-embed-text-v2-moe,nomic-v2-moe,EP-4634287-A1_en_q_es,es,100,100,13,0.13,1.0,same
nomic-ai/nomic-embed-text-v2-moe,nomic-v2-moe,EP-4633627-A1_en_q_de,de,0,0,0,,0.0,gold
nomic-ai/nomic-embed-text-v2-moe,nomic-v2-moe,EP-4633670-A1_fr_q_fr,fr,0,0,0,,0.0,gold
nomic-ai/nomic-embed-text-v2-moe,nomic-v2-moe,WO-2025202163-A1_fr_q_fr,fr,0,0,0,,0.0,gold
nomic-ai/nomic-embed-text-v2-moe,nomic-v2-moe,WO-2025214852-A1_fr_q_fr,fr,7,7,5,0.7142857142857143,1.0,same
nomic-ai/nomic-embed-text-v2-moe,nomic-v2-moe,WO-2025214996-A1_fr_q_fr,fr,42,42,32,0.7619047619047619,1.0,same
nomic-ai/nomic-embed-text-v2-moe,nomic-v2-moe,EP-4630123-A1_de_q_de,de,1,1,1,1.0,1.0,same
nomic-ai/nomic-embed-text-v2-moe,nomic-v2-moe,EP-4634646-A1_en_q_en,en,0,0,0,,0.0,gold
nomic-ai/nomic-embed-text-v2-moe,nomic-v2-moe,EP-4634294-A1_en_q_en,en,1,1,1,1.0,1.0,same
nomic-ai/nomic-embed-text-v2-moe,nomic-v2-moe,EP-4634436-A1_fr_q_fr,fr,3,3,2,0.6666666666666666,1.0,same
nomic-ai/nomic-embed-text-v2-moe,nomic-v2-moe,EP-4633761-A1_en_q_en,en,100,100,64,0.64,1.0,same
nomic-ai/nomic-embed-text-v2-moe,nomic-v2-moe,WO-2025215167-A1_de_q_de,de,0,0,0,,0.0,gold
nomic-ai/nomic-embed-text-v2-moe,nomic-v2-moe,EP-4626962-A1_de_q_en,en,0,0,0,,0.0,gold
nomic-ai/nomic-embed-text-v2-moe,nomic-v2-moe,EP-4626962-A1_de_q_de,de,0,0,0,,0.0,gold
nomic-ai/nomic-embed-text-v2-moe,nomic-v2-moe,EP-4626962-A1_fr_q_fr,fr,0,0,0,,0.0,gold
nomic-ai/nomic-embed-text-v2-moe,nomic-v2-moe,EP-4626962-A1_de_q_es,es,0,0,0,,0.0,gold
nomic-ai/nomic-embed-text-v2-moe,nomic-v2-moe,WO-2025201936-A1_de_q_en,en,31,31,22,0.7096774193548387,1.0,same
nomic-ai/nomic-embed-text-v2-moe,nomic-v2-moe,WO-2025201936-A1_fr_q_fr,fr,0,0,0,,0.0,gold
nomic-ai/nomic-embed-text-v2-moe,nomic-v2-moe,WO-2025201936-A1_de_q_es,es,2,2,0,0.0,0.0,foreign
nomic-ai/nomic-embed-text-v2-moe,nomic-v2-moe,EP-4634597-A1_en_q_en,en,48,48,33,0.6875,1.0,same
nomic-ai/nomic-embed-text-v2-moe,nomic-v2-moe,EP-4634597-A1_en_q_de,de,0,0,0,,0.0,gold
nomic-ai/nomic-embed-text-v2-moe,nomic-v2-moe,EP-4634597-A1_fr_q_fr,fr,0,0,0,,0.0,gold
nomic-ai/nomic-embed-text-v2-moe,nomic-v2-moe,EP-4634597-A1_en_q_es,es,5,5,0,0.0,0.0,foreign
nomic-ai/nomic-embed-text-v2-moe,nomic-v2-moe,EP-4634381-A1_en_q_zh,zh,36,36,7,0.19444444444444445,1.0,same
nomic-ai/nomic-embed-text-v2-moe,nomic-v2-moe,EP-4633589-A1_en_q_zh,zh,100,100,4,0.04,1.0,foreign
nomic-ai/nomic-embed-text-v2-moe,nomic-v2-moe,EP-4627024-A1_de_q_zh,zh,100,100,19,0.19,1.0,same
nomic-ai/nomic-embed-text-v2-moe,nomic-v2-moe,EP-4634926-A1_en_q_zh,zh,88,88,2,0.022727272727272728,1.0,foreign
nomic-ai/nomic-embed-text-v2-moe,nomic-v2-moe,EP-4633863-A2_en_q_zh,zh,94,94,19,0.20212765957446807,1.0,same
nomic-ai/nomic-embed-text-v2-moe,nomic-v2-moe,EP-4633797-A1_en_q_zh,zh,0,0,0,,0.0,gold
nomic-ai/nomic-embed-text-v2-moe,nomic-v2-moe,EP-4633777-A1_en_q_zh,zh,8,8,3,0.375,1.0,foreign
nomic-ai/nomic-embed-text-v2-moe,nomic-v2-moe,EP-4633621-A1_en_q_zh,zh,24,24,3,0.125,1.0,foreign
nomic-ai/nomic-embed-text-v2-moe,nomic-v2-moe,EP-4634723-A1_en_q_zh,zh,100,100,4,0.04,1.0,foreign
nomic-ai/nomic-embed-text-v2-moe,nomic-v2-moe,EP-4633581-A1_en_q_zh,zh,100,100,40,0.4,1.0,same
nomic-ai/nomic-embed-text-v2-moe,nomic-v2-moe,EP-4634416-A1_en_q_zh,zh,100,100,14,0.14,1.0,foreign
nomic-ai/nomic-embed-text-v2-moe,nomic-v2-moe,EP-4634305-A1_en_q_zh,zh,0,0,0,,0.0,gold
nomic-ai/nomic-embed-text-v2-moe,nomic-v2-moe,EP-4633531-A1_en_q_zh,zh,5,5,5,1.0,1.0,same
nomic-ai/nomic-embed-text-v2-moe,nomic-v2-moe,EP-4634333-A1_en_q_zh,zh,100,100,15,0.15,1.0,same
nomic-ai/nomic-embed-text-v2-moe,nomic-v2-moe,EP-4634212-A1_en_q_zh,zh,0,0,0,,0.0,gold
nomic-ai/nomic-embed-text-v2-moe,nomic-v2-moe,EP-4629959-A1_de_q_zh,zh,9,9,5,0.5555555555555556,1.0,same
nomic-ai/nomic-embed-text-v2-moe,nomic-v2-moe,EP-4627881-A1_de_q_zh,zh,35,35,17,0.4857142857142857,1.0,same
nomic-ai/nomic-embed-text-v2-moe,nomic-v2-moe,EP-4633576-A1_en_q_zh,zh,100,100,19,0.19,1.0,same
nomic-ai/nomic-embed-text-v2-moe,nomic-v2-moe,EP-4633742-A2_en_q_zh,zh,0,0,0,,0.0,gold
nomic-ai/nomic-embed-text-v2-moe,nomic-v2-moe,EP-4633791-A1_en_q_zh,zh,1,1,1,1.0,1.0,same
nomic-ai/nomic-embed-text-v2-moe,nomic-v2-moe,EP-4630574-A1_fr_q_fr,fr,100,100,50,0.5,1.0,same
nomic-ai/nomic-embed-text-v2-moe,nomic-v2-moe,EP-4634111-A1_fr_q_fr,fr,33,33,28,0.8484848484848485,1.0,same
nomic-ai/nomic-embed-text-v2-moe,nomic-v2-moe,EP-4633622-A2_en_q_es,es,0,0,0,,0.0,gold
nomic-ai/nomic-embed-text-v2-moe,nomic-v2-moe,EP-4634187-A1_en_q_es_120,es,0,0,0,,0.0,gold
nomic-ai/nomic-embed-text-v2-moe,nomic-v2-moe,EP-4634139-A1_fr_q_fr,fr,0,0,0,,0.0,gold
nomic-ai/nomic-embed-text-v2-moe,nomic-v2-moe,EP-4634136-A1_en_q_en,en,100,100,49,0.49,1.0,same
nomic-ai/nomic-embed-text-v2-moe,nomic-v2-moe,EP-4634136-A1_en_q_de,de,100,100,27,0.27,1.0,same
nomic-ai/nomic-embed-text-v2-moe,nomic-v2-moe,EP-4634136-A1_fr_q_fr,fr,0,0,0,,0.0,gold
nomic-ai/nomic-embed-text-v2-moe,nomic-v2-moe,EP-4634136-A1_en_q_es_125,es,100,100,55,0.55,1.0,same
nomic-ai/nomic-embed-text-v2-moe,nomic-v2-moe,q_126_zh,zh,100,100,24,0.24,1.0,same
nomic-ai/nomic-embed-text-v2-moe,nomic-v2-moe,EP-4634248-A1_en_q_en,en,0,0,0,,0.0,gold
nomic-ai/nomic-embed-text-v2-moe,nomic-v2-moe,EP-4634142-A1_en_q_es,es,1,1,0,0.0,0.0,foreign
nomic-ai/nomic-embed-text-v2-moe,nomic-v2-moe,WO-2025214812-A1_de_q_es,es,1,1,0,0.0,0.0,foreign
nomic-ai/nomic-embed-text-v2-moe,nomic-v2-moe,EP-4633662-A1_en_q_de,de,2,2,0,0.0,0.0,foreign
nomic-ai/nomic-embed-text-v2-moe,nomic-v2-moe,WO-2025153617-A3_de_q_de,de,0,0,0,,0.0,gold
nomic-ai/nomic-embed-text-v2-moe,nomic-v2-moe,EP-4634596-A1_en_q_en,en,0,0,0,,0.0,gold
nomic-ai/nomic-embed-text-v2-moe,nomic-v2-moe,EP-4634596-A1_en_q_de,de,0,0,0,,0.0,gold
nomic-ai/nomic-embed-text-v2-moe,nomic-v2-moe,EP-4634596-A1_fr_q_fr,fr,0,0,0,,0.0,gold
nomic-ai/nomic-embed-text-v2-moe,nomic-v2-moe,EP-4634596-A1_en_q_es_135,es,0,0,0,,0.0,gold
nomic-ai/nomic-embed-text-v2-moe,nomic-v2-moe,q_136_zh,zh,1,1,1,1.0,1.0,same
nomic-ai/nomic-embed-text-v2-moe,nomic-v2-moe,EP-4626887-A1_en_q_en,en,0,0,0,,0.0,gold
nomic-ai/nomic-embed-text-v2-moe,nomic-v2-moe,EP-4630033-A1_en_q_en,en,0,0,0,,0.0,gold
nomic-ai/nomic-embed-text-v2-moe,nomic-v2-moe,EP-4532639-A1_fr_q_fr,fr,23,23,21,0.9130434782608695,1.0,same
nomic-ai/nomic-embed-text-v2-moe,nomic-v2-moe,EP-4627010-A1_en_q_de,de,100,100,22,0.22,1.0,foreign
nomic-ai/nomic-embed-text-v2-moe,nomic-v2-moe,EP-4626937-A1_en_q_de,de,2,2,0,0.0,0.0,foreign
nomic-ai/nomic-embed-text-v2-moe,nomic-v2-moe,WO-2022119476-A1_en_q_de,de,100,100,7,0.07,1.0,foreign
nomic-ai/nomic-embed-text-v2-moe,nomic-v2-moe,WO-2025131900-A1_en_q_en,en,0,0,0,,0.0,gold
nomic-ai/nomic-embed-text-v2-moe,nomic-v2-moe,WO-2025200741-A1_en_q_zh,zh,100,100,3,0.03,1.0,foreign
nomic-ai/nomic-embed-text-v2-moe,nomic-v2-moe,MX-2025009603-A_en_q_en,en,2,2,2,1.0,1.0,same
nomic-ai/nomic-embed-text-v2-moe,nomic-v2-moe,MX-2025009952-A_en_q_zh,zh,0,0,0,,0.0,gold
nomic-ai/nomic-embed-text-v2-moe,nomic-v2-moe,WO-2025150253-A1_en_q_es,es,100,100,19,0.19,1.0,same
nomic-ai/nomic-embed-text-v2-moe,nomic-v2-moe,WO-2025186929-A8_en_q_en,en,0,0,0,,0.0,gold
nomic-ai/nomic-embed-text-v2-moe,nomic-v2-moe,WO-2025211042-A1_en_q_en,en,0,0,0,,0.0,gold
nomic-ai/nomic-embed-text-v2-moe,nomic-v2-moe,WO-2025209205-A1_en_q_en,en,100,100,90,0.9,1.0,same
nomic-ai/nomic-embed-text-v2-moe,nomic-v2-moe,WO-2025207982-A1_en_q_de,de,0,0,0,,0.0,gold
nomic-ai/nomic-embed-text-v2-moe,nomic-v2-moe,WO-2025210325-A1_en_q_de,de,2,2,1,0.5,1.0,foreign
nomic-ai/nomic-embed-text-v2-moe,nomic-v2-moe,WO-2025216427-A1_zh_q_zh,zh,74,74,9,0.12162162162162163,1.0,foreign
nomic-ai/nomic-embed-text-v2-moe,nomic-v2-moe,WO-2025197823-A1_zh_q_zh,zh,40,40,2,0.05,1.0,foreign
nomic-ai/nomic-embed-text-v2-moe,nomic-v2-moe,MX-2025002756-A_en_q_en,en,0,0,0,,0.0,gold
nomic-ai/nomic-embed-text-v2-moe,nomic-v2-moe,WO-2025202632-A1_en_q_en,en,0,0,0,,0.0,gold
nomic-ai/nomic-embed-text-v2-moe,nomic-v2-moe,EP-4627608-A1_en_q_en,en,15,15,14,0.9333333333333333,1.0,same
nomic-ai/nomic-embed-text-v2-moe,nomic-v2-moe,EP-4634668-A1_fr_q_fr,fr,0,0,0,,0.0,gold
nomic-ai/nomic-embed-text-v2-moe,nomic-v2-moe,MX-2025009965-A_en_q_de,de,100,100,34,0.34,1.0,foreign
nomic-ai/nomic-embed-text-v2-moe,nomic-v2-moe,WO-2025164300-A1_en_q_de,de,41,41,28,0.6829268292682927,1.0,same
nomic-ai/nomic-embed-text-v2-moe,nomic-v2-moe,MX-2025009189-A_en_q_de,de,4,4,0,0.0,0.0,foreign
nomic-ai/nomic-embed-text-v2-moe,nomic-v2-moe,WO-2024253632-A1_en_q_en,en,10,10,4,0.4,1.0,same
nomic-ai/nomic-embed-text-v2-moe,nomic-v2-moe,WO-2025216023-A1_zh_q_zh,zh,4,4,4,1.0,1.0,same
nomic-ai/nomic-embed-text-v2-moe,nomic-v2-moe,WO-2025211128-A1_en_q_en,en,0,0,0,,0.0,gold
nomic-ai/nomic-embed-text-v2-moe,nomic-v2-moe,MX-2025010237-A_en_q_zh,zh,55,55,9,0.16363636363636364,1.0,same
nomic-ai/nomic-embed-text-v2-moe,nomic-v2-moe,EP-4633785-A2_en_q_es,es,6,6,1,0.16666666666666666,1.0,foreign
nomic-ai/nomic-embed-text-v2-moe,nomic-v2-moe,MX-2025005737-A_en_q_en,en,76,76,75,0.9868421052631579,1.0,same
nomic-ai/nomic-embed-text-v2-moe,nomic-v2-moe,MX-2025010606-A_en_q_en,en,0,0,0,,0.0,gold
nomic-ai/nomic-embed-text-v2-moe,nomic-v2-moe,MX-2025010877-A_en_q_en,en,3,3,3,1.0,1.0,same
nomic-ai/nomic-embed-text-v2-moe,nomic-v2-moe,EP-4584035-A1_de_q_de,de,0,0,0,,0.0,gold
nomic-ai/nomic-embed-text-v2-moe,nomic-v2-moe,WO-2025170306-A1_en_q_de,de,16,16,3,0.1875,1.0,foreign
nomic-ai/nomic-embed-text-v2-moe,nomic-v2-moe,WO-2025210569-A1_zh_q_zh,zh,100,100,17,0.17,1.0,same
nomic-ai/nomic-embed-text-v2-moe,nomic-v2-moe,MX-2025010084-A_en_q_zh,zh,100,100,38,0.38,1.0,same
nomic-ai/nomic-embed-text-v2-moe,nomic-v2-moe,WO-2025186542-A8_en_q_en,en,11,11,8,0.7272727272727273,1.0,same
nomic-ai/nomic-embed-text-v2-moe,nomic-v2-moe,WO-2025206130-A1_zh_q_zh,zh,0,0,0,,0.0,gold
nomic-ai/nomic-embed-text-v2-moe,nomic-v2-moe,WO-2025208054-A1_en_q_de,de,0,0,0,,0.0,gold
nomic-ai/nomic-embed-text-v2-moe,nomic-v2-moe,WO-2025201708-A1_en_q_zh,zh,100,100,6,0.06,1.0,same
nomic-ai/nomic-embed-text-v2-moe,nomic-v2-moe,WO-2025141238-A1_es_q_es,es,37,37,8,0.21621621621621623,1.0,foreign
nomic-ai/nomic-embed-text-v2-moe,nomic-v2-moe,MX-2025004351-A_en_q_en,en,0,0,0,,0.0,gold
nomic-ai/nomic-embed-text-v2-moe,nomic-v2-moe,WO-2025200809-A1_en_q_en,en,0,0,0,,0.0,gold
nomic-ai/nomic-embed-text-v2-moe,nomic-v2-moe,WO-2025201644-A1_fr_q_fr,fr,0,0,0,,0.0,gold
nomic-ai/nomic-embed-text-v2-moe,nomic-v2-moe,MX-2025003633-A_en_q_de,de,53,53,17,0.32075471698113206,1.0,same
nomic-ai/nomic-embed-text-v2-moe,nomic-v2-moe,WO-2025170482-A1_en_q_de,de,0,0,0,,0.0,gold
nomic-ai/nomic-embed-text-v2-moe,nomic-v2-moe,MX-2025002762-A_en_q_en,en,100,100,47,0.47,1.0,same
nomic-ai/nomic-embed-text-v2-moe,nomic-v2-moe,MX-2025009196-A_en_q_de,de,35,35,1,0.02857142857142857,1.0,foreign
nomic-ai/nomic-embed-text-v2-moe,nomic-v2-moe,EP-4584246-A1_en_q_zh,zh,0,0,0,,0.0,gold
nomic-ai/nomic-embed-text-v2-moe,nomic-v2-moe,WO-2022031256-A1_en_q_zh,zh,100,100,14,0.14,1.0,same
nomic-ai/nomic-embed-text-v2-moe,nomic-v2-moe,ES-3035119-A1_en_q_fr,fr,100,100,88,0.88,1.0,same
nomic-ai/nomic-embed-text-v2-moe,nomic-v2-moe,WO-2022231470-A1_en_q_de,de,100,100,6,0.06,1.0,foreign
nomic-ai/nomic-embed-text-v2-moe,nomic-v2-moe,EP-4627127-A1_en_q_de,de,100,100,30,0.3,1.0,same
nomic-ai/nomic-embed-text-v2-moe,nomic-v2-moe,WO-2025185983-A1_en_q_es,es,100,100,10,0.1,1.0,foreign
nomic-ai/nomic-embed-text-v2-moe,nomic-v2-moe,EP-4627015-A1_en_q_de,de,10,10,1,0.1,1.0,foreign
nomic-ai/nomic-embed-text-v2-moe,nomic-v2-moe,WO-2025212979-A1_en_q_de,de,70,70,0,0.0,0.0,foreign
nomic-ai/nomic-embed-text-v2-moe,nomic-v2-moe,MX-2025010953-A_en_q_zh,zh,0,0,0,,0.0,gold
nomic-ai/nomic-embed-text-v2-moe,nomic-v2-moe,WO-2025207427-A1_en_q_de,de,6,6,1,0.16666666666666666,1.0,same
nomic-ai/nomic-embed-text-v2-moe,nomic-v2-moe,MX-2025007532-A_en_q_de,de,10,10,0,0.0,0.0,foreign
nomic-ai/nomic-embed-text-v2-moe,nomic-v2-moe,EP-4627092-A1_en_q_zh,zh,79,79,2,0.02531645569620253,1.0,foreign
nomic-ai/nomic-embed-text-v2-moe,nomic-v2-moe,EP-4584229-A1_en_q_es,es,100,100,39,0.39,1.0,foreign
nomic-ai/nomic-embed-text-v2-moe,nomic-v2-moe,WO-2024054196-A1_en_q_zh,zh,100,100,11,0.11,1.0,foreign
nomic-ai/nomic-embed-text-v2-moe,nomic-v2-moe,WO-2025164618-A1_en_q_es,es,100,100,35,0.35,1.0,foreign
nomic-ai/nomic-embed-text-v2-moe,nomic-v2-moe,EP-4626889-A1_en_q_es,es,4,4,0,0.0,0.0,foreign
nomic-ai/nomic-embed-text-v2-moe,nomic-v2-moe,MX-2025004761-A_en_q_zh,zh,100,100,6,0.06,1.0,same
nomic-ai/nomic-embed-text-v2-moe,nomic-v2-moe,MX-2025009867-A_en_q_de,de,43,43,0,0.0,0.0,foreign
nomic-ai/nomic-embed-text-v2-moe,nomic-v2-moe,WO-03042409-A3_en_q_es,es,1,1,0,0.0,0.0,foreign
nomic-ai/nomic-embed-text-v2-moe,nomic-v2-moe,WO-2025212474-A1_en_q_de,de,5,5,1,0.2,1.0,same
nomic-ai/nomic-embed-text-v2-moe,nomic-v2-moe,ES-3028671-A1_en_q_zh,zh,100,100,7,0.07,1.0,same
nomic-ai/nomic-embed-text-v2-moe,nomic-v2-moe,WO-2025212467-A1_en_q_de,de,0,0,0,,0.0,gold
nomic-ai/nomic-embed-text-v2-moe,nomic-v2-moe,MX-2025009862-A_en_q_fr,fr,0,0,0,,0.0,gold
nomic-ai/nomic-embed-text-v2-moe,nomic-v2-moe,EP-4566167-A1_en_q_es,es,0,0,0,,0.0,gold
nomic-ai/nomic-embed-text-v2-moe,nomic-v2-moe,WO-2025216937-A1_en_q_es,es,1,1,1,1.0,1.0,same
nomic-ai/nomic-embed-text-v2-moe,nomic-v2-moe,EP-4630021-A1_en_q_de,de,100,100,24,0.24,1.0,foreign
nomic-ai/nomic-embed-text-v2-moe,nomic-v2-moe,MX-2025007206-A_en_q_de,de,100,100,2,0.02,1.0,same
nomic-ai/nomic-embed-text-v2-moe,nomic-v2-moe,EP-4504821-A1_en_q_es,es,100,100,34,0.34,1.0,same
nomic-ai/nomic-embed-text-v2-moe,nomic-v2-moe,WO-2025205793-A1_en_q_de,de,77,77,23,0.2987012987012987,1.0,same
nomic-ai/nomic-embed-text-v2-moe,nomic-v2-moe,WO-2025206825-A1_en_q_de,de,15,15,14,0.9333333333333333,1.0,same
nomic-ai/nomic-embed-text-v2-moe,nomic-v2-moe,EP-4568770-A1_en_q_es,es,23,23,4,0.17391304347826086,1.0,foreign
nomic-ai/nomic-embed-text-v2-moe,nomic-v2-moe,WO-2025188827-A8_en_q_es,es,100,100,43,0.43,1.0,same
nomic-ai/nomic-embed-text-v2-moe,nomic-v2-moe,MX-2025008259-A_en_q_fr,fr,100,100,70,0.7,1.0,same
nomic-ai/nomic-embed-text-v2-moe,nomic-v2-moe,WO-2025132504-A1_en_q_es,es,100,100,24,0.24,1.0,same
nomic-ai/nomic-embed-text-v2-moe,nomic-v2-moe,MX-2025007237-A_en_q_fr,fr,1,1,1,1.0,1.0,same
nomic-ai/nomic-embed-text-v2-moe,nomic-v2-moe,MX-2025005647-A_en_q_zh,zh,100,100,0,0.0,0.0,foreign
nomic-ai/nomic-embed-text-v2-moe,nomic-v2-moe,WO-2025214411-A1_en_q_de,de,9,9,1,0.1111111111111111,1.0,same
nomic-ai/nomic-embed-text-v2-moe,nomic-v2-moe,EP-4623093-A2_en_q_es,es,0,0,0,,0.0,gold
nomic-ai/nomic-embed-text-v2-moe,nomic-v2-moe,EP-4634148-A1_en_q_de,de,0,0,0,,0.0,gold
nomic-ai/nomic-embed-text-v2-moe,nomic-v2-moe,WO-2025202170-A1_en_q_es,es,100,100,10,0.1,1.0,foreign
nomic-ai/nomic-embed-text-v2-moe,nomic-v2-moe,EP-4507673-A1_en_q_de,de,4,4,0,0.0,0.0,foreign
nomic-ai/nomic-embed-text-v2-moe,nomic-v2-moe,MX-2025007577-A_en_q_fr,fr,0,0,0,,0.0,gold
nomic-ai/nomic-embed-text-v2-moe,nomic-v2-moe,MX-2025009131-A_en_q_zh,zh,100,100,12,0.12,1.0,same
nomic-ai/nomic-embed-text-v2-moe,nomic-v2-moe,MX-2025009990-A_en_q_zh,zh,100,100,3,0.03,1.0,foreign
nomic-ai/nomic-embed-text-v2-moe,nomic-v2-moe,WO-2023153953-A1_en_q_es,es,5,5,2,0.4,1.0,same
nomic-ai/nomic-embed-text-v2-moe,nomic-v2-moe,WO-2025183548-A1_en_q_de,de,100,100,1,0.01,1.0,foreign
nomic-ai/nomic-embed-text-v2-moe,nomic-v2-moe,WO-2025007163-A1_en_q_de,de,100,100,13,0.13,1.0,same
nomic-ai/nomic-embed-text-v2-moe,nomic-v2-moe,WO-2025206959-A1_en_q_de,de,0,0,0,,0.0,gold
nomic-ai/nomic-embed-text-v2-moe,nomic-v2-moe,WO-2025207810-A1_en_q_zh,zh,11,11,2,0.18181818181818182,1.0,same
nomic-ai/nomic-embed-text-v2-moe,nomic-v2-moe,WO-2025215476-A1_en_q_de,de,100,100,43,0.43,1.0,same
nomic-ai/nomic-embed-text-v2-moe,nomic-v2-moe,WO-2023149795-A1_en_q_en,en,100,100,47,0.47,1.0,same
nomic-ai/nomic-embed-text-v2-moe,nomic-v2-moe,WO-2022124934-A1_en_q_es,es,0,0,0,,0.0,gold
nomic-ai/nomic-embed-text-v2-moe,nomic-v2-moe,WO-2025187134-A8_en_q_en,en,100,100,56,0.56,1.0,same
nomic-ai/nomic-embed-text-v2-moe,nomic-v2-moe,WO-2023200358-A1_en_q_en,en,7,7,7,1.0,1.0,same
nomic-ai/nomic-embed-text-v2-moe,nomic-v2-moe,WO-2025216105-A1_fr_q_fr,fr,100,100,60,0.6,1.0,same
nomic-ai/nomic-embed-text-v2-moe,nomic-v2-moe,MX-2025005014-A_es_q_es,es,0,0,0,,0.0,gold
nomic-ai/nomic-embed-text-v2-moe,nomic-v2-moe,WO-2025216873-A1_fr_q_fr,fr,4,4,4,1.0,1.0,same
nomic-ai/nomic-embed-text-v2-moe,nomic-v2-moe,WO-2025205780-A1_zh_q_zh,zh,5,5,2,0.4,1.0,same
nomic-ai/nomic-embed-text-v2-moe,nomic-v2-moe,MX-2025009666-A_en_q_en,en,100,100,48,0.48,1.0,same
nomic-ai/nomic-embed-text-v2-moe,nomic-v2-moe,WO-2025212049-A1_fr_q_fr,fr,100,100,46,0.46,1.0,same
nomic-ai/nomic-embed-text-v2-moe,nomic-v2-moe,EP-4627347-A1_fr_q_fr,fr,0,0,0,,0.0,gold
nomic-ai/nomic-embed-text-v2-moe,nomic-v2-moe,MX-2025004786-A_es_q_es,es,0,0,0,,0.0,gold
nomic-ai/nomic-embed-text-v2-moe,nomic-v2-moe,WO-2024063632-A1_en_q_en,en,2,2,2,1.0,1.0,same
nomic-ai/nomic-embed-text-v2-moe,nomic-v2-moe,WO-2025206783-A1_fr_q_fr,fr,0,0,0,,0.0,gold
nomic-ai/nomic-embed-text-v2-moe,nomic-v2-moe,MX-2025010991-A_en_q_en,en,100,100,100,1.0,1.0,same
nomic-ai/nomic-embed-text-v2-moe,nomic-v2-moe,MX-2025006977-A_en_q_en,en,0,0,0,,0.0,gold
nomic-ai/nomic-embed-text-v2-moe,nomic-v2-moe,MX-2025008400-A_en_q_en,en,0,0,0,,0.0,gold
nomic-ai/nomic-embed-text-v2-moe,nomic-v2-moe,WO-2025132390-A1_de_q_de,de,5,5,0,0.0,0.0,foreign
nomic-ai/nomic-embed-text-v2-moe,nomic-v2-moe,WO-2025204766-A1_fr_q_fr,fr,0,0,0,,0.0,gold
nomic-ai/nomic-embed-text-v2-moe,nomic-v2-moe,WO-2025098664-A1_de_q_de,de,0,0,0,,0.0,gold
nomic-ai/nomic-embed-text-v2-moe,nomic-v2-moe,EP-4627583-A1_en_q_en,en,0,0,0,,0.0,gold
nomic-ai/nomic-embed-text-v2-moe,nomic-v2-moe,EP-4630558-A2_zh_q_zh,zh,100,100,7,0.07,1.0,foreign
nomic-ai/nomic-embed-text-v2-moe,nomic-v2-moe,MX-2025010573-A_es_q_es,es,20,20,12,0.6,1.0,same
nomic-ai/nomic-embed-text-v2-moe,nomic-v2-moe,WO-2025210917-A1_fr_q_fr,fr,2,2,2,1.0,1.0,same
nomic-ai/nomic-embed-text-v2-moe,nomic-v2-moe,WO-2025150394-A1_en_q_en,en,0,0,0,,0.0,gold
nomic-ai/nomic-embed-text-v2-moe,nomic-v2-moe,MX-2025005728-A_en_q_en,en,100,100,37,0.37,1.0,foreign
nomic-ai/nomic-embed-text-v2-moe,nomic-v2-moe,WO-2025177605-A1_fr_q_fr,fr,0,0,0,,0.0,gold
nomic-ai/nomic-embed-text-v2-moe,nomic-v2-moe,MX-2025006958-A_en_q_en,en,0,0,0,,0.0,gold
nomic-ai/nomic-embed-text-v2-moe,nomic-v2-moe,EP-4551675-A1_de_q_de,de,100,100,13,0.13,1.0,foreign
nomic-ai/nomic-embed-text-v2-moe,nomic-v2-moe,EP-4627325-A1_fr_q_fr,fr,10,10,6,0.6,1.0,same
nomic-ai/nomic-embed-text-v2-moe,nomic-v2-moe,WO-2025208050-A2_en_q_en,en,0,0,0,,0.0,gold
nomic-ai/nomic-embed-text-v2-moe,nomic-v2-moe,WO-2025202994-A1_fr_q_fr,fr,2,2,1,0.5,1.0,same
nomic-ai/nomic-embed-text-v2-moe,nomic-v2-moe,MX-2025006551-A_en_q_en,en,3,3,3,1.0,1.0,same
nomic-ai/nomic-embed-text-v2-moe,nomic-v2-moe,WO-2005069422-A1_en_q_en,en,0,0,0,,0.0,gold
nomic-ai/nomic-embed-text-v2-moe,nomic-v2-moe,WO-2025194610-A1_fr_q_fr,fr,0,0,0,,0.0,gold
nomic-ai/nomic-embed-text-v2-moe,nomic-v2-moe,MX-2025001644-A_zh_q_zh,zh,0,0,0,,0.0,gold
nomic-ai/nomic-embed-text-v2-moe,nomic-v2-moe,WO-2025216492-A1_fr_q_fr,fr,0,0,0,,0.0,gold
nomic-ai/nomic-embed-text-v2-moe,nomic-v2-moe,WO-2025216629-A1_fr_q_fr,fr,73,73,46,0.6301369863013698,1.0,same
nomic-ai/nomic-embed-text-v2-moe,nomic-v2-moe,MX-2025005081-A_en_q_en,en,0,0,0,,0.0,gold
nomic-ai/nomic-embed-text-v2-moe,nomic-v2-moe,WO-2025205506-A1_fr_q_fr,fr,0,0,0,,0.0,gold
nomic-ai/nomic-embed-text-v2-moe,nomic-v2-moe,WO-2025132391-A1_de_q_de,de,19,19,7,0.3684210526315789,1.0,same
nomic-ai/nomic-embed-text-v2-moe,nomic-v2-moe,WO-2025205634-A1_en_q_en,en,0,0,0,,0.0,gold
nomic-ai/nomic-embed-text-v2-moe,nomic-v2-moe,WO-2025120243-A1_es_q_es,es,100,100,28,0.28,1.0,same
nomic-ai/nomic-embed-text-v2-moe,nomic-v2-moe,WO-2025201672-A1_fr_q_fr,fr,0,0,0,,0.0,gold
nomic-ai/nomic-embed-text-v2-moe,nomic-v2-moe,MX-2025008970-A_es_q_es,es,0,0,0,,0.0,gold
nomic-ai/nomic-embed-text-v2-moe,nomic-v2-moe,MX-2025009075-A_zh_q_zh,zh,0,0,0,,0.0,gold
nomic-ai/nomic-embed-text-v2-moe,nomic-v2-moe,WO-2025210445-A1_fr_q_fr,fr,100,100,57,0.57,1.0,same
nomic-ai/nomic-embed-text-v2-moe,nomic-v2-moe,WO-2025206090-A1_fr_q_fr,fr,1,1,1,1.0,1.0,same
nomic-ai/nomic-embed-text-v2-moe,nomic-v2-moe,MX-2025006643-A_en_q_en,en,0,0,0,,0.0,gold
nomic-ai/nomic-embed-text-v2-moe,nomic-v2-moe,MX-2025010190-A_en_q_en,en,0,0,0,,0.0,gold
nomic-ai/nomic-embed-text-v2-moe,nomic-v2-moe,EP-4577789-A1_zh_q_zh,zh,21,21,6,0.2857142857142857,1.0,foreign
nomic-ai/nomic-embed-text-v2-moe,nomic-v2-moe,WO-2025204469-A1_en_q_en,en,1,1,1,1.0,1.0,same
nomic-ai/nomic-embed-text-v2-moe,nomic-v2-moe,WO-2025204469-A1_en_q_de,de,3,3,1,0.3333333333333333,1.0,same
nomic-ai/nomic-embed-text-v2-moe,nomic-v2-moe,WO-2025204469-A1_fr_q_fr,fr,32,32,32,1.0,1.0,same
nomic-ai/nomic-embed-text-v2-moe,nomic-v2-moe,WO-2025204469-A1_en_q_es,es,99,99,21,0.21212121212121213,1.0,foreign
nomic-ai/nomic-embed-text-v2-moe,nomic-v2-moe,WO-2025204469-A1_zh_q_zh,zh,6,6,4,0.6666666666666666,1.0,same
nomic-ai/nomic-embed-text-v2-moe,nomic-v2-moe,MX-2025010085-A_en_q_en,en,0,0,0,,0.0,gold
nomic-ai/nomic-embed-text-v2-moe,nomic-v2-moe,MX-2025010085-A_en_q_de,de,1,1,0,0.0,0.0,foreign
nomic-ai/nomic-embed-text-v2-moe,nomic-v2-moe,MX-2025010085-A_en_q_fr,fr,0,0,0,,0.0,gold
nomic-ai/nomic-embed-text-v2-moe,nomic-v2-moe,MX-2025010085-A_es_q_es,es,36,36,12,0.3333333333333333,1.0,foreign
nomic-ai/nomic-embed-text-v2-moe,nomic-v2-moe,MX-2025010085-A_en_q_zh,zh,12,12,6,0.5,1.0,same
nomic-ai/nomic-embed-text-v2-moe,nomic-v2-moe,MX-2025005421-A_en_q_en,en,53,53,34,0.6415094339622641,1.0,same
nomic-ai/nomic-embed-text-v2-moe,nomic-v2-moe,MX-2025005421-A_en_q_de,de,15,15,0,0.0,0.0,foreign
nomic-ai/nomic-embed-text-v2-moe,nomic-v2-moe,MX-2025005421-A_en_q_fr,fr,15,15,2,0.13333333333333333,1.0,same
nomic-ai/nomic-embed-text-v2-moe,nomic-v2-moe,MX-2025005421-A_es_q_es,es,18,18,8,0.4444444444444444,1.0,same
nomic-ai/nomic-embed-text-v2-moe,nomic-v2-moe,MX-2025005421-A_en_q_zh,zh,100,100,10,0.1,1.0,same
nomic-ai/nomic-embed-text-v2-moe,nomic-v2-moe,MX-2025002688-A_en_q_en,en,100,100,22,0.22,1.0,same
nomic-ai/nomic-embed-text-v2-moe,nomic-v2-moe,MX-2025002688-A_en_q_de,de,100,100,31,0.31,1.0,foreign
nomic-ai/nomic-embed-text-v2-moe,nomic-v2-moe,MX-2025002688-A_en_q_fr,fr,100,100,80,0.8,1.0,same
nomic-ai/nomic-embed-text-v2-moe,nomic-v2-moe,MX-2025002688-A_es_q_es,es,0,0,0,,0.0,gold
nomic-ai/nomic-embed-text-v2-moe,nomic-v2-moe,MX-2025002688-A_en_q_zh,zh,100,100,34,0.34,1.0,same
nomic-ai/nomic-embed-text-v2-moe,nomic-v2-moe,WO-2025211147-A1_en_q_en,en,100,100,65,0.65,1.0,same
nomic-ai/nomic-embed-text-v2-moe,nomic-v2-moe,WO-2025211147-A1_en_q_de,de,100,100,69,0.69,1.0,same
nomic-ai/nomic-embed-text-v2-moe,nomic-v2-moe,WO-2025211147-A1_fr_q_fr,fr,1,1,1,1.0,1.0,same
nomic-ai/nomic-embed-text-v2-moe,nomic-v2-moe,WO-2025211147-A1_en_q_es,es,8,8,3,0.375,1.0,same
nomic-ai/nomic-embed-text-v2-moe,nomic-v2-moe,WO-2025211147-A1_en_q_zh,zh,100,100,24,0.24,1.0,foreign
nomic-ai/nomic-embed-text-v2-moe,nomic-v2-moe,WO-2025187712-A8_en_q_en,en,4,4,4,1.0,1.0,same
nomic-ai/nomic-embed-text-v2-moe,nomic-v2-moe,WO-2025187712-A8_en_q_de,de,6,6,1,0.16666666666666666,1.0,foreign
nomic-ai/nomic-embed-text-v2-moe,nomic-v2-moe,WO-2025187712-A8_fr_q_fr,fr,100,100,73,0.73,1.0,same
nomic-ai/nomic-embed-text-v2-moe,nomic-v2-moe,WO-2025187712-A8_en_q_es,es,100,100,23,0.23,1.0,foreign
nomic-ai/nomic-embed-text-v2-moe,nomic-v2-moe,WO-2025187712-A8_en_q_zh,zh,100,100,18,0.18,1.0,same
nomic-ai/nomic-embed-text-v2-moe,nomic-v2-moe,EP-4630253-A1_en_q_en,en,75,75,65,0.8666666666666667,1.0,same
nomic-ai/nomic-embed-text-v2-moe,nomic-v2-moe,EP-4630253-A1_en_q_de,de,34,34,3,0.08823529411764706,1.0,foreign
nomic-ai/nomic-embed-text-v2-moe,nomic-v2-moe,EP-4630253-A1_fr_q_fr,fr,100,100,60,0.6,1.0,same
nomic-ai/nomic-embed-text-v2-moe,nomic-v2-moe,EP-4630253-A1_en_q_es,es,100,100,13,0.13,1.0,foreign
nomic-ai/nomic-embed-text-v2-moe,nomic-v2-moe,EP-4630253-A1_zh_q_zh,zh,100,100,31,0.31,1.0,same
nomic-ai/nomic-embed-text-v2-moe,nomic-v2-moe,MX-2025007798-A_en_q_en,en,0,0,0,,0.0,gold
nomic-ai/nomic-embed-text-v2-moe,nomic-v2-moe,WO-2025206382-A1_en_q_en,en,0,0,0,,0.0,gold
nomic-ai/nomic-embed-text-v2-moe,nomic-v2-moe,MX-2025009144-A_en_q_en,en,3,3,3,1.0,1.0,same
nomic-ai/nomic-embed-text-v2-moe,nomic-v2-moe,WO-2025206195-A1_en_q_de,de,0,0,0,,0.0,gold
nomic-ai/nomic-embed-text-v2-moe,nomic-v2-moe,WO-2024128938-A1_en_q_de,de,1,1,0,0.0,0.0,foreign
nomic-ai/nomic-embed-text-v2-moe,nomic-v2-moe,MX-2025007510-A_es_q_es,es,9,9,5,0.5555555555555556,1.0,same
nomic-ai/nomic-embed-text-v2-moe,nomic-v2-moe,WO-2025172752-A1_en_q_en,en,0,0,0,,0.0,gold
nomic-ai/nomic-embed-text-v2-moe,nomic-v2-moe,WO-2024245507-A9_en_q_en,en,82,82,30,0.36585365853658536,1.0,same
nomic-ai/nomic-embed-text-v2-moe,nomic-v2-moe,WO-2024245507-A9_de_q_de,de,0,0,0,,0.0,gold
nomic-ai/nomic-embed-text-v2-moe,nomic-v2-moe,WO-2024245507-A9_fr_q_fr,fr,15,15,15,1.0,1.0,same
nomic-ai/nomic-embed-text-v2-moe,nomic-v2-moe,WO-2024245507-A9_en_q_es,es,0,0,0,,0.0,gold
nomic-ai/nomic-embed-text-v2-moe,nomic-v2-moe,WO-2024245507-A9_en_q_zh,zh,24,24,3,0.125,1.0,foreign
nomic-ai/nomic-embed-text-v2-moe,nomic-v2-moe,EP-4630245-A1_zh_q_zh,zh,0,0,0,,0.0,gold
nomic-ai/nomic-embed-text-v2-moe,nomic-v2-moe,WO-2025192625-A1_en_q_en,en,2,2,2,1.0,1.0,same
nomic-ai/nomic-embed-text-v2-moe,nomic-v2-moe,WO-2025192625-A1_en_q_de,de,100,100,39,0.39,1.0,same
nomic-ai/nomic-embed-text-v2-moe,nomic-v2-moe,WO-2025192625-A1_fr_q_fr,fr,100,100,77,0.77,1.0,same
nomic-ai/nomic-embed-text-v2-moe,nomic-v2-moe,WO-2025192625-A1_en_q_es,es,100,100,26,0.26,1.0,foreign
nomic-ai/nomic-embed-text-v2-moe,nomic-v2-moe,WO-2025192625-A1_zh_q_zh,zh,0,0,0,,0.0,gold
nomic-ai/nomic-embed-text-v2-moe,nomic-v2-moe,MX-2025006818-A_es_q_es,es,41,41,27,0.6585365853658537,1.0,same
nomic-ai/nomic-embed-text-v2-moe,nomic-v2-moe,MX-2025007695-A_es_q_es,es,0,0,0,,0.0,gold
nomic-ai/nomic-embed-text-v2-moe,nomic-v2-moe,WO-2025187736-A8_en_q_zh,zh,83,83,32,0.3855421686746988,1.0,foreign
nomic-ai/nomic-embed-text-v2-moe,nomic-v2-moe,WO-2025203012-A1_en_q_es,es,0,0,0,,0.0,gold
nomic-ai/nomic-embed-text-v2-moe,nomic-v2-moe,EP-4626837-A1_en_q_zh,zh,0,0,0,,0.0,gold
nomic-ai/nomic-embed-text-v2-moe,nomic-v2-moe,WO-2025202104-A1_zh_q_zh,zh,0,0,0,,0.0,gold
nomic-ai/nomic-embed-text-v2-moe,nomic-v2-moe,EP-4626928-A2_fr_q_fr,fr,5,5,2,0.4,1.0,same
nomic-ai/nomic-embed-text-v2-moe,nomic-v2-moe,MX-2025008327-A_en_q_en,en,100,100,73,0.73,1.0,same
nomic-ai/nomic-embed-text-v2-moe,nomic-v2-moe,EP-4634127-A1_en_q_en,en,0,0,0,,0.0,gold
nomic-ai/nomic-embed-text-v2-moe,nomic-v2-moe,WO-2024058685-A1_en_q_zh,zh,14,14,7,0.5,1.0,same
nomic-ai/nomic-embed-text-v2-moe,nomic-v2-moe,WO-2024089298-A9_fr_q_fr,fr,0,0,0,,0.0,gold
nomic-ai/nomic-embed-text-v2-moe,nomic-v2-moe,MX-2025010028-A_en_q_en,en,0,0,0,,0.0,gold
nomic-ai/nomic-embed-text-v2-moe,nomic-v2-moe,WO-2025202253-A1_en_q_es,es,0,0,0,,0.0,gold
nomic-ai/nomic-embed-text-v2-moe,nomic-v2-moe,MX-2025009821-A_es_q_es,es,0,0,0,,0.0,gold
nomic-ai/nomic-embed-text-v2-moe,nomic-v2-moe,MX-2025006624-A_en_q_fr,fr,0,0,0,,0.0,gold
nomic-ai/nomic-embed-text-v2-moe,nomic-v2-moe,MX-2025003345-A_en_q_de,de,3,3,0,0.0,0.0,foreign
nomic-ai/nomic-embed-text-v2-moe,nomic-v2-moe,WO-2024259508-A1_en_q_en,en,0,0,0,,0.0,gold
nomic-ai/nomic-embed-text-v2-moe,nomic-v2-moe,EP-4630051-A1_fr_q_fr,fr,1,1,0,0.0,0.0,foreign
nomic-ai/nomic-embed-text-v2-moe,nomic-v2-moe,MX-2025010268-A_en_q_zh,zh,0,0,0,,0.0,gold
nomic-ai/nomic-embed-text-v2-moe,nomic-v2-moe,WO-2025212655-A1_en_q_de,de,1,1,0,0.0,0.0,foreign
nomic-ai/nomic-embed-text-v2-moe,nomic-v2-moe,WO-2025205978-A1_en_q_en,en,1,1,1,1.0,1.0,same
nomic-ai/nomic-embed-text-v2-moe,nomic-v2-moe,WO-2025206105-A1_zh_q_zh,zh,0,0,0,,0.0,gold
nomic-ai/nomic-embed-text-v2-moe,nomic-v2-moe,EP-4633669-A2_fr_q_fr,fr,1,1,0,0.0,0.0,foreign
nomic-ai/nomic-embed-text-v2-moe,nomic-v2-moe,WO-2025021351-A1_en_q_zh,zh,2,2,2,1.0,1.0,same
nomic-ai/nomic-embed-text-v2-moe,nomic-v2-moe,WO-2025187706-A8_fr_q_fr,fr,3,3,3,1.0,1.0,same
nomic-ai/nomic-embed-text-v2-moe,nomic-v2-moe,EP-4623104-A1_zh_q_zh,zh,0,0,0,,0.0,gold
nomic-ai/nomic-embed-text-v2-moe,nomic-v2-moe,WO-2025164232-A1_en_q_de,de,0,0,0,,0.0,gold
nomic-ai/nomic-embed-text-v2-moe,nomic-v2-moe,WO-2025206823-A1_en_q_de,de,100,100,28,0.28,1.0,foreign
nomic-ai/nomic-embed-text-v2-moe,nomic-v2-moe,EP-4626944-A1_en_q_de,de,100,100,25,0.25,1.0,foreign
nomic-ai/nomic-embed-text-v2-moe,nomic-v2-moe,EP-4626879-A1_en_q_en,en,0,0,0,,0.0,gold
nomic-ai/nomic-embed-text-v2-moe,nomic-v2-moe,EP-4626874-A1_en_q_zh,zh,11,11,5,0.45454545454545453,1.0,same
nomic-ai/nomic-embed-text-v2-moe,nomic-v2-moe,MX-2025008798-A_en_q_fr,fr,100,100,84,0.84,1.0,same
nomic-ai/nomic-embed-text-v2-moe,nomic-v2-moe,MX-2025005939-A_es_q_es,es,0,0,0,,0.0,gold
nomic-ai/nomic-embed-text-v2-moe,nomic-v2-moe,WO-2025204745-A1_en_q_zh,zh,91,91,44,0.4835164835164835,1.0,same
nomic-ai/nomic-embed-text-v2-moe,nomic-v2-moe,WO-2025217208-A1_en_q_en,en,0,0,0,,0.0,gold
nomic-ai/nomic-embed-text-v2-moe,nomic-v2-moe,WO-2025205163-A1_en_q_en,en,100,100,54,0.54,1.0,same
nomic-ai/nomic-embed-text-v2-moe,nomic-v2-moe,WO-2025186172-A8_fr_q_fr,fr,0,0,0,,0.0,gold
nomic-ai/nomic-embed-text-v2-moe,nomic-v2-moe,WO-2025188156-A8_en_q_de,de,6,6,1,0.16666666666666666,1.0,foreign
nomic-ai/nomic-embed-text-v2-moe,nomic-v2-moe,MX-2025009759-A_en_q_fr,fr,0,0,0,,0.0,gold
nomic-ai/nomic-embed-text-v2-moe,nomic-v2-moe,WO-2025189017-A8_en_q_de,de,0,0,0,,0.0,gold
nomic-ai/nomic-embed-text-v2-moe,nomic-v2-moe,CR-20250096-A_en_q_zh,zh,0,0,0,,0.0,gold
nomic-ai/nomic-embed-text-v2-moe,nomic-v2-moe,WO-2025169953-A1_en_q_de,de,19,19,7,0.3684210526315789,1.0,foreign
nomic-ai/nomic-embed-text-v2-moe,nomic-v2-moe,MX-2025006319-A_en_q_de,de,100,100,49,0.49,1.0,same
nomic-ai/nomic-embed-text-v2-moe,nomic-v2-moe,MX-2025004974-A_en_q_fr,fr,2,2,0,0.0,0.0,foreign
nomic-ai/nomic-embed-text-v2-moe,nomic-v2-moe,WO-2025170405-A1_en_q_de,de,0,0,0,,0.0,gold
nomic-ai/nomic-embed-text-v2-moe,nomic-v2-moe,WO-2025208198-A1_en_q_zh,zh,1,1,0,0.0,0.0,foreign
nomic-ai/nomic-embed-text-v2-moe,nomic-v2-moe,WO-2025054647-A1_en_q_es,es,0,0,0,,0.0,gold
nomic-ai/nomic-embed-text-v2-moe,nomic-v2-moe,WO-2025210166-A1_en_q_de,de,54,54,0,0.0,0.0,foreign
nomic-ai/nomic-embed-text-v2-moe,nomic-v2-moe,WO-2025211178-A1_en_q_es,es,7,7,3,0.42857142857142855,1.0,foreign
nomic-ai/nomic-embed-text-v2-moe,nomic-v2-moe,MX-2025004012-A_en_q_zh,zh,0,0,0,,0.0,gold
nomic-ai/nomic-embed-text-v2-moe,nomic-v2-moe,WO-2025206949-A1_en_q_es,es,3,3,1,0.3333333333333333,1.0,foreign
nomic-ai/nomic-embed-text-v2-moe,nomic-v2-moe,MX-2025007614-A_en_q_zh,zh,0,0,0,,0.0,gold
nomic-ai/nomic-embed-text-v2-moe,nomic-v2-moe,WO-2025146513-A1_en_q_de,de,0,0,0,,0.0,gold
nomic-ai/nomic-embed-text-v2-moe,nomic-v2-moe,WO-2025211949-A1_en_q_es,es,0,0,0,,0.0,gold
nomic-ai/nomic-embed-text-v2-moe,nomic-v2-moe,EP-4626831-A1_en_q_zh,zh,5,5,1,0.2,1.0,foreign
nomic-ai/nomic-embed-text-v2-moe,nomic-v2-moe,WO-2025186644-A8_en_q_de,de,0,0,0,,0.0,gold
nomic-ai/nomic-embed-text-v2-moe,nomic-v2-moe,WO-2025192587-A1_en_q_de,de,100,100,75,0.75,1.0,same
nomic-ai/nomic-embed-text-v2-moe,nomic-v2-moe,EP-4633779-A1_en_q_es,es,0,0,0,,0.0,gold
nomic-ai/nomic-embed-text-v2-moe,nomic-v2-moe,WO-2022098263-A1_en_q_es,es,0,0,0,,0.0,gold
nomic-ai/nomic-embed-text-v2-moe,nomic-v2-moe,WO-2025215251-A1_en_q_es,es,3,3,2,0.6666666666666666,1.0,same
nomic-ai/nomic-embed-text-v2-moe,nomic-v2-moe,EP-4493405-A1_en_q_zh,zh,5,5,1,0.2,1.0,same
nomic-ai/nomic-embed-text-v2-moe,nomic-v2-moe,WO-2025103555-A1_en_q_zh,zh,9,9,9,1.0,1.0,same
nomic-ai/nomic-embed-text-v2-moe,nomic-v2-moe,EP-4626386-A1_en_q_de,de,88,88,28,0.3181818181818182,1.0,same
nomic-ai/nomic-embed-text-v2-moe,nomic-v2-moe,MX-2025010613-A_en_q_de,de,11,11,6,0.5454545454545454,1.0,same
nomic-ai/nomic-embed-text-v2-moe,nomic-v2-moe,EP-4626547-A1_en_q_de,de,1,1,0,0.0,0.0,foreign
nomic-ai/nomic-embed-text-v2-moe,nomic-v2-moe,EP-4626593-A1_en_q_de,de,0,0,0,,0.0,gold
nomic-ai/nomic-embed-text-v2-moe,nomic-v2-moe,WO-2025207414-A1_en_q_es,es,3,3,2,0.6666666666666666,1.0,same
nomic-ai/nomic-embed-text-v2-moe,nomic-v2-moe,MX-2025005049-A_en_q_zh,zh,100,100,17,0.17,1.0,foreign
nomic-ai/nomic-embed-text-v2-moe,nomic-v2-moe,WO-2024246082-A3_en_q_es,es,0,0,0,,0.0,gold
nomic-ai/nomic-embed-text-v2-moe,nomic-v2-moe,WO-2025180718-A1_en_q_es,es,7,7,0,0.0,0.0,foreign
nomic-ai/nomic-embed-text-v2-moe,nomic-v2-moe,MX-2025006336-A_en_q_de,de,0,0,0,,0.0,gold
nomic-ai/nomic-embed-text-v2-moe,nomic-v2-moe,WO-2025202347-A1_en_q_de,de,0,0,0,,0.0,gold
nomic-ai/nomic-embed-text-v2-moe,nomic-v2-moe,MX-2025010373-A_en_q_zh,zh,100,100,15,0.15,1.0,same
nomic-ai/nomic-embed-text-v2-moe,nomic-v2-moe,WO-2025200075-A1_en_q_zh,zh,0,0,0,,0.0,gold
nomic-ai/nomic-embed-text-v2-moe,nomic-v2-moe,WO-2025189151-A8_en_q_de,de,0,0,0,,0.0,gold
nomic-ai/nomic-embed-text-v2-moe,nomic-v2-moe,MX-2025007174-A_en_q_de,de,1,1,0,0.0,0.0,foreign
nomic-ai/nomic-embed-text-v2-moe,nomic-v2-moe,MX-2025010619-A_en_q_de,de,16,16,7,0.4375,1.0,foreign
nomic-ai/nomic-embed-text-v2-moe,nomic-v2-moe,EP-4532651-A1_en_q_es,es,6,6,3,0.5,1.0,foreign
nomic-ai/nomic-embed-text-v2-moe,nomic-v2-moe,WO-2025173342-A1_en_q_es,es,0,0,0,,0.0,gold
nomic-ai/nomic-embed-text-v2-moe,nomic-v2-moe,WO-2024019637-A1_en_q_de,de,2,2,0,0.0,0.0,foreign
nomic-ai/nomic-embed-text-v2-moe,nomic-v2-moe,MX-2025008968-A_en_q_zh,zh,0,0,0,,0.0,gold
nomic-ai/nomic-embed-text-v2-moe,nomic-v2-moe,WO-2025202625-A1_en_q_de,de,100,100,47,0.47,1.0,same
nomic-ai/nomic-embed-text-v2-moe,nomic-v2-moe,WO-2025187661-A8_en_q_es,es,0,0,0,,0.0,gold
nomic-ai/nomic-embed-text-v2-moe,nomic-v2-moe,WO-2025101062-A1_en_q_zh,zh,0,0,0,,0.0,gold
nomic-ai/nomic-embed-text-v2-moe,nomic-v2-moe,WO-2025150711-A1_en_q_de,de,0,0,0,,0.0,gold
nomic-ai/nomic-embed-text-v2-moe,nomic-v2-moe,WO-2025207828-A1_en_q_zh,zh,100,100,9,0.09,1.0,same
nomic-ai/nomic-embed-text-v2-moe,nomic-v2-moe,WO-2025203197-A1_en_q_zh,zh,25,25,4,0.16,1.0,foreign
nomic-ai/nomic-embed-text-v2-moe,nomic-v2-moe,EP-4634141-A2_en_q_en,en,0,0,0,,0.0,gold
nomic-ai/nomic-embed-text-v2-moe,nomic-v2-moe,EP-4633971-A1_fr_q_fr,fr,0,0,0,,0.0,gold
nomic-ai/nomic-embed-text-v2-moe,nomic-v2-moe,WO-2025197272-A1_en_q_en,en,2,2,1,0.5,1.0,same
nomic-ai/nomic-embed-text-v2-moe,nomic-v2-moe,WO-2025189168-A8_fr_q_fr,fr,0,0,0,,0.0,gold
nomic-ai/nomic-embed-text-v2-moe,nomic-v2-moe,MX-2025008124-A_es_q_es,es,45,45,3,0.06666666666666667,1.0,foreign
nomic-ai/nomic-embed-text-v2-moe,nomic-v2-moe,MX-2025007669-A_en_q_en,en,0,0,0,,0.0,gold
nomic-ai/nomic-embed-text-v2-moe,nomic-v2-moe,WO-2025195675-A1_en_q_en,en,0,0,0,,0.0,gold
nomic-ai/nomic-embed-text-v2-moe,nomic-v2-moe,WO-2022005333-A1_en_q_en,en,1,1,1,1.0,1.0,same
nomic-ai/nomic-embed-text-v2-moe,nomic-v2-moe,MX-2025005748-A_es_q_es,es,0,0,0,,0.0,gold
nomic-ai/nomic-embed-text-v2-moe,nomic-v2-moe,MX-2025002923-A_es_q_es,es,0,0,0,,0.0,gold
nomic-ai/nomic-embed-text-v2-moe,nomic-v2-moe,MX-2025010611-A_es_q_es,es,61,61,7,0.11475409836065574,1.0,foreign
nomic-ai/nomic-embed-text-v2-moe,nomic-v2-moe,WO-2025217553-A1_fr_q_fr,fr,100,100,67,0.67,1.0,same
nomic-ai/nomic-embed-text-v2-moe,nomic-v2-moe,WO-2025186530-A8_en_q_en,en,0,0,0,,0.0,gold
nomic-ai/nomic-embed-text-v2-moe,nomic-v2-moe,EP-4627050-A1_fr_q_fr,fr,0,0,0,,0.0,gold
nomic-ai/nomic-embed-text-v2-moe,nomic-v2-moe,MX-2025008249-A_en_q_en,en,0,0,0,,0.0,gold
nomic-ai/nomic-embed-text-v2-moe,nomic-v2-moe,WO-2025184858-A8_fr_q_fr,fr,1,1,1,1.0,1.0,same
nomic-ai/nomic-embed-text-v2-moe,nomic-v2-moe,MX-2025004649-A_es_q_es,es,1,1,1,1.0,1.0,same
nomic-ai/nomic-embed-text-v2-moe,nomic-v2-moe,ES-1320636-U_en_q_en,en,0,0,0,,0.0,gold
nomic-ai/nomic-embed-text-v2-moe,nomic-v2-moe,MX-2025006800-A_en_q_en,en,0,0,0,,0.0,gold
nomic-ai/nomic-embed-text-v2-moe,nomic-v2-moe,EP-4626866-A1_en_q_en,en,0,0,0,,0.0,gold
nomic-ai/nomic-embed-text-v2-moe,nomic-v2-moe,MX-2025006721-A_en_q_en,en,38,38,21,0.5526315789473685,1.0,same
nomic-ai/nomic-embed-text-v2-moe,nomic-v2-moe,WO-2024073831-A1_en_q_en,en,19,19,13,0.6842105263157895,1.0,same
nomic-ai/nomic-embed-text-v2-moe,nomic-v2-moe,WO-2025200966-A1_fr_q_fr,fr,0,0,0,,0.0,gold
nomic-ai/nomic-embed-text-v2-moe,nomic-v2-moe,MX-2025005215-A_es_q_es,es,0,0,0,,0.0,gold
nomic-ai/nomic-embed-text-v2-moe,nomic-v2-moe,WO-2025080163-A1_fr_q_fr,fr,5,5,5,1.0,1.0,same
nomic-ai/nomic-embed-text-v2-moe,nomic-v2-moe,WO-2025200089-A1_en_q_en,en,0,0,0,,0.0,gold
nomic-ai/nomic-embed-text-v2-moe,nomic-v2-moe,WO-2025073021-A1_en_q_en,en,0,0,0,,0.0,gold
nomic-ai/nomic-embed-text-v2-moe,nomic-v2-moe,WO-2025186263-A8_fr_q_fr,fr,0,0,0,,0.0,gold
nomic-ai/nomic-embed-text-v2-moe,nomic-v2-moe,WO-2025211336-A1_en_q_en,en,36,36,33,0.9166666666666666,1.0,same
nomic-ai/nomic-embed-text-v2-moe,nomic-v2-moe,WO-2025078189-A1_en_q_en,en,2,2,2,1.0,1.0,same
nomic-ai/nomic-embed-text-v2-moe,nomic-v2-moe,ES-3033921-A1_en_q_en,en,0,0,0,,0.0,gold
nomic-ai/nomic-embed-text-v2-moe,nomic-v2-moe,WO-2025154762-A1_fr_q_fr,fr,0,0,0,,0.0,gold
nomic-ai/nomic-embed-text-v2-moe,nomic-v2-moe,EP-4634323-A1_en_q_en,en,1,1,1,1.0,1.0,same
nomic-ai/nomic-embed-text-v2-moe,nomic-v2-moe,WO-2025189143-A8_en_q_en,en,0,0,0,,0.0,gold
nomic-ai/nomic-embed-text-v2-moe,nomic-v2-moe,MX-2025009632-A_en_q_en,en,2,2,2,1.0,1.0,same
nomic-ai/nomic-embed-text-v2-moe,nomic-v2-moe,EP-4626395-A1_fr_q_fr,fr,0,0,0,,0.0,gold
nomic-ai/nomic-embed-text-v2-moe,nomic-v2-moe,WO-2025203678-A1_fr_q_fr,fr,2,2,2,1.0,1.0,same
nomic-ai/nomic-embed-text-v2-moe,nomic-v2-moe,WO-2025187095-A8_fr_q_fr,fr,0,0,0,,0.0,gold
nomic-ai/nomic-embed-text-v2-moe,nomic-v2-moe,EP-4626938-A1_en_q_en,en,0,0,0,,0.0,gold
nomic-ai/nomic-embed-text-v2-moe,nomic-v2-moe,MX-2025006010-A_en_q_en,en,76,76,53,0.6973684210526315,1.0,same
nomic-ai/nomic-embed-text-v2-moe,nomic-v2-moe,WO-2025215647-A1_fr_q_fr,fr,0,0,0,,0.0,gold
nomic-ai/nomic-embed-text-v2-moe,nomic-v2-moe,WO-2025207093-A1_fr_q_fr,fr,0,0,0,,0.0,gold
nomic-ai/nomic-embed-text-v2-moe,nomic-v2-moe,MX-2025004470-A_en_q_en,en,0,0,0,,0.0,gold
nomic-ai/nomic-embed-text-v2-moe,nomic-v2-moe,EP-4626949-A1_fr_q_fr,fr,0,0,0,,0.0,gold
nomic-ai/nomic-embed-text-v2-moe,nomic-v2-moe,WO-2025206197-A1_fr_q_fr,fr,11,11,11,1.0,1.0,same
nomic-ai/nomic-embed-text-v2-moe,nomic-v2-moe,WO-2022246526-A8_fr_q_fr,fr,0,0,0,,0.0,gold
nomic-ai/nomic-embed-text-v2-moe,nomic-v2-moe,MX-2025006489-A_es_q_es,es,2,2,1,0.5,1.0,same
nomic-ai/nomic-embed-text-v2-moe,nomic-v2-moe,WO-2021255541-A1_en_q_en,en,3,3,3,1.0,1.0,same
nomic-ai/nomic-embed-text-v2-moe,nomic-v2-moe,WO-2021255541-A1_en_q_de,de,18,18,12,0.6666666666666666,1.0,same
nomic-ai/nomic-embed-text-v2-moe,nomic-v2-moe,WO-2021255541-A1_fr_q_fr,fr,0,0,0,,0.0,gold
nomic-ai/nomic-embed-text-v2-moe,nomic-v2-moe,WO-2021255541-A1_en_q_es,es,15,15,0,0.0,0.0,foreign
nomic-ai/nomic-embed-text-v2-moe,nomic-v2-moe,WO-2021255541-A1_zh_q_zh,zh,0,0,0,,0.0,gold
nomic-ai/nomic-embed-text-v2-moe,nomic-v2-moe,EP-4634663-A1_en_q_en,en,0,0,0,,0.0,gold
nomic-ai/nomic-embed-text-v2-moe,nomic-v2-moe,EP-4634663-A1_en_q_de,de,0,0,0,,0.0,gold
nomic-ai/nomic-embed-text-v2-moe,nomic-v2-moe,EP-4634663-A1_fr_q_fr,fr,0,0,0,,0.0,gold
nomic-ai/nomic-embed-text-v2-moe,nomic-v2-moe,EP-4634663-A1_en_q_es,es,0,0,0,,0.0,gold
nomic-ai/nomic-embed-text-v2-moe,nomic-v2-moe,EP-4634663-A1_en_q_zh,zh,0,0,0,,0.0,gold
nomic-ai/nomic-embed-text-v2-moe,nomic-v2-moe,MX-2025005046-A_en_q_en,en,100,100,43,0.43,1.0,foreign
nomic-ai/nomic-embed-text-v2-moe,nomic-v2-moe,MX-2025005046-A_en_q_de,de,100,100,37,0.37,1.0,same
nomic-ai/nomic-embed-text-v2-moe,nomic-v2-moe,MX-2025005046-A_en_q_fr,fr,1,1,1,1.0,1.0,same
nomic-ai/nomic-embed-text-v2-moe,nomic-v2-moe,MX-2025005046-A_es_q_es,es,36,36,6,0.16666666666666666,1.0,same
nomic-ai/nomic-embed-text-v2-moe,nomic-v2-moe,MX-2025005046-A_en_q_zh,zh,0,0,0,,0.0,gold
nomic-ai/nomic-embed-text-v2-moe,nomic-v2-moe,MX-2025007733-A_en_q_en,en,94,94,94,1.0,1.0,same
nomic-ai/nomic-embed-text-v2-moe,nomic-v2-moe,MX-2025007733-A_en_q_de,de,0,0,0,,0.0,gold
nomic-ai/nomic-embed-text-v2-moe,nomic-v2-moe,MX-2025007733-A_en_q_fr,fr,100,100,75,0.75,1.0,same
nomic-ai/nomic-embed-text-v2-moe,nomic-v2-moe,MX-2025007733-A_es_q_es,es,66,66,65,0.9848484848484849,1.0,same
nomic-ai/nomic-embed-text-v2-moe,nomic-v2-moe,MX-2025007733-A_zh_q_zh,zh,0,0,0,,0.0,gold
nomic-ai/nomic-embed-text-v2-moe,nomic-v2-moe,MX-2025008227-A_en_q_en,en,0,0,0,,0.0,gold
nomic-ai/nomic-embed-text-v2-moe,nomic-v2-moe,MX-2025008227-A_en_q_de,de,0,0,0,,0.0,gold
nomic-ai/nomic-embed-text-v2-moe,nomic-v2-moe,MX-2025008227-A_en_q_fr,fr,0,0,0,,0.0,gold
nomic-ai/nomic-embed-text-v2-moe,nomic-v2-moe,MX-2025008227-A_es_q_es,es,0,0,0,,0.0,gold
nomic-ai/nomic-embed-text-v2-moe,nomic-v2-moe,MX-2025008227-A_en_q_zh,zh,8,8,1,0.125,1.0,foreign
nomic-ai/nomic-embed-text-v2-moe,nomic-v2-moe,WO-2025186592-A8_en_q_en,en,0,0,0,,0.0,gold
nomic-ai/nomic-embed-text-v2-moe,nomic-v2-moe,WO-2025186592-A8_en_q_de,de,0,0,0,,0.0,gold
nomic-ai/nomic-embed-text-v2-moe,nomic-v2-moe,WO-2025186592-A8_fr_q_fr,fr,25,25,17,0.68,1.0,same
nomic-ai/nomic-embed-text-v2-moe,nomic-v2-moe,WO-2025186592-A8_en_q_es,es,0,0,0,,0.0,gold
nomic-ai/nomic-embed-text-v2-moe,nomic-v2-moe,WO-2025186592-A8_en_q_zh,zh,0,0,0,,0.0,gold
nomic-ai/nomic-embed-text-v2-moe,nomic-v2-moe,MX-2025005709-A_en_q_en,en,5,5,4,0.8,1.0,same
nomic-ai/nomic-embed-text-v2-moe,nomic-v2-moe,MX-2025005709-A_en_q_de,de,100,100,38,0.38,1.0,same
nomic-ai/nomic-embed-text-v2-moe,nomic-v2-moe,MX-2025005709-A_en_q_fr,fr,39,39,30,0.7692307692307693,1.0,same
nomic-ai/nomic-embed-text-v2-moe,nomic-v2-moe,MX-2025005709-A_es_q_es,es,0,0,0,,0.0,gold
nomic-ai/nomic-embed-text-v2-moe,nomic-v2-moe,MX-2025005709-A_en_q_zh,zh,42,42,26,0.6190476190476191,1.0,same
nomic-ai/nomic-embed-text-v2-moe,nomic-v2-moe,MX-2025009739-A_en_q_en,en,0,0,0,,0.0,gold
nomic-ai/nomic-embed-text-v2-moe,nomic-v2-moe,MX-2025009739-A_en_q_de,de,100,100,11,0.11,1.0,foreign
nomic-ai/nomic-embed-text-v2-moe,nomic-v2-moe,MX-2025009739-A_en_q_fr,fr,5,5,3,0.6,1.0,same
nomic-ai/nomic-embed-text-v2-moe,nomic-v2-moe,MX-2025009739-A_es_q_es,es,60,60,15,0.25,1.0,foreign
nomic-ai/nomic-embed-text-v2-moe,nomic-v2-moe,MX-2025009739-A_zh_q_zh,zh,0,0,0,,0.0,gold
nomic-ai/nomic-embed-text-v2-moe,nomic-v2-moe,MX-2025008260-A_en_q_en,en,1,1,0,0.0,0.0,foreign
nomic-ai/nomic-embed-text-v2-moe,nomic-v2-moe,MX-2025008260-A_en_q_de,de,100,100,35,0.35,1.0,foreign
nomic-ai/nomic-embed-text-v2-moe,nomic-v2-moe,MX-2025008260-A_en_q_fr,fr,75,75,44,0.5866666666666667,1.0,same
nomic-ai/nomic-embed-text-v2-moe,nomic-v2-moe,MX-2025008260-A_es_q_es,es,34,34,29,0.8529411764705882,1.0,same
nomic-ai/nomic-embed-text-v2-moe,nomic-v2-moe,MX-2025008260-A_zh_q_zh,zh,0,0,0,,0.0,gold
nomic-ai/nomic-embed-text-v2-moe,nomic-v2-moe,WO-2025216711-A1_en_q_en,en,0,0,0,,0.0,gold
nomic-ai/nomic-embed-text-v2-moe,nomic-v2-moe,WO-2025216711-A1_en_q_de,de,0,0,0,,0.0,gold
nomic-ai/nomic-embed-text-v2-moe,nomic-v2-moe,WO-2025216711-A1_fr_q_fr,fr,0,0,0,,0.0,gold
nomic-ai/nomic-embed-text-v2-moe,nomic-v2-moe,WO-2025216711-A1_en_q_es,es,0,0,0,,0.0,gold
nomic-ai/nomic-embed-text-v2-moe,nomic-v2-moe,WO-2025216711-A1_zh_q_zh,zh,0,0,0,,0.0,gold
ibm-granite/granite-embedding-278m-multilingual,granite-278m,EP-4633662-A1_en_q_en,en,100,100,46,0.46,1.0,foreign
ibm-granite/granite-embedding-278m-multilingual,granite-278m,EP-4630509-A1_fr_q_fr,fr,0,0,0,,0.0,gold
ibm-granite/granite-embedding-278m-multilingual,granite-278m,EP-4634248-A1_en_q_es,es,100,100,17,0.17,1.0,foreign
ibm-granite/granite-embedding-278m-multilingual,granite-278m,EP-4634187-A1_en_q_es,es,0,0,0,,0.0,gold
ibm-granite/granite-embedding-278m-multilingual,granite-278m,EP-4634142-A1_fr_q_fr,fr,100,100,44,0.44,1.0,same
ibm-granite/granite-embedding-278m-multilingual,granite-278m,EP-4633768-A2_en_q_es,es,100,100,17,0.17,1.0,foreign
ibm-granite/granite-embedding-278m-multilingual,granite-278m,EP-4633645-A1_fr_q_fr,fr,55,55,14,0.2545454545454545,1.0,foreign
ibm-granite/granite-embedding-278m-multilingual,granite-278m,EP-4633622-A2_en_q_de,de,2,2,0,0.0,0.0,foreign
ibm-granite/granite-embedding-278m-multilingual,granite-278m,EP-4634601-A1_en_q_en,en,0,0,0,,0.0,gold
ibm-granite/granite-embedding-278m-multilingual,granite-278m,EP-4630626-A1_de_q_de,de,0,0,0,,0.0,gold
ibm-granite/granite-embedding-278m-multilingual,granite-278m,EP-4630600-A1_de_q_en,en,100,100,49,0.49,1.0,same
ibm-granite/granite-embedding-278m-multilingual,granite-278m,EP-4633632-A1_en_q_es,es,15,15,6,0.4,1.0,foreign
ibm-granite/granite-embedding-278m-multilingual,granite-278m,EP-4634136-A1_en_q_es,es,100,100,12,0.12,1.0,same
ibm-granite/granite-embedding-278m-multilingual,granite-278m,EP-4634157-A1_en_q_de,de,100,100,6,0.06,1.0,foreign
ibm-granite/granite-embedding-278m-multilingual,granite-278m,EP-4630574-A1_de_q_en,en,100,100,26,0.26,1.0,foreign
ibm-granite/granite-embedding-278m-multilingual,granite-278m,EP-4634111-A1_en_q_de,de,100,100,19,0.19,1.0,same
ibm-granite/granite-embedding-278m-multilingual,granite-278m,EP-4634596-A1_en_q_es,es,100,100,3,0.03,1.0,same
ibm-granite/granite-embedding-278m-multilingual,granite-278m,EP-4634139-A1_en_q_es,es,0,0,0,,0.0,gold
ibm-granite/granite-embedding-278m-multilingual,granite-278m,WO-2025153617-A3_de_q_en,en,100,100,49,0.49,1.0,same
ibm-granite/granite-embedding-278m-multilingual,granite-278m,EP-4634251-A1_en_q_es,es,100,100,11,0.11,1.0,same
ibm-granite/granite-embedding-278m-multilingual,granite-278m,EP-4634426-A1_en_q_es,es,84,84,13,0.15476190476190477,1.0,foreign
ibm-granite/granite-embedding-278m-multilingual,granite-278m,EP-4634729-A1_en_q_de,de,0,0,0,,0.0,gold
ibm-granite/granite-embedding-278m-multilingual,granite-278m,EP-4626569-A1_de_q_en,en,88,88,46,0.5227272727272727,1.0,same
ibm-granite/granite-embedding-278m-multilingual,granite-278m,EP-4634394-A2_en_q_es,es,14,14,2,0.14285714285714285,1.0,foreign
ibm-granite/granite-embedding-278m-multilingual,granite-278m,EP-4634424-A1_en_q_es,es,100,100,27,0.27,1.0,same
ibm-granite/granite-embedding-278m-multilingual,granite-278m,EP-4633602-A1_en_q_de,de,100,100,11,0.11,1.0,foreign
ibm-granite/granite-embedding-278m-multilingual,granite-278m,EP-4634337-A1_en_q_en,en,24,24,12,0.5,1.0,foreign
ibm-granite/granite-embedding-278m-multilingual,granite-278m,EP-4634128-A1_en_q_en,en,100,100,55,0.55,1.0,same
ibm-granite/granite-embedding-278m-multilingual,granite-278m,EP-4633896-A1_en_q_en,en,100,100,46,0.46,1.0,foreign
ibm-granite/granite-embedding-278m-multilingual,granite-278m,WO-2025215091-A1_fr_q_fr,fr,4,4,3,0.75,1.0,foreign
ibm-granite/granite-embedding-278m-multilingual,granite-278m,EP-4633599-A1_fr_q_fr,fr,1,1,1,1.0,1.0,same
ibm-granite/granite-embedding-278m-multilingual,granite-278m,EP-4633656-A1_fr_q_fr,fr,100,100,23,0.23,1.0,foreign
ibm-granite/granite-embedding-278m-multilingual,granite-278m,WO-2025208167-A1_de_q_de,de,100,100,9,0.09,1.0,foreign
ibm-granite/granite-embedding-278m-multilingual,granite-278m,EP-4634396-A1_fr_q_fr,fr,0,0,0,,0.0,gold
ibm-granite/granite-embedding-278m-multilingual,granite-278m,EP-4633893-A1_fr_q_fr,fr,20,20,6,0.3,1.0,same
ibm-granite/granite-embedding-278m-multilingual,granite-278m,EP-4633462-A1_en_q_en,en,0,0,0,,0.0,gold
ibm-granite/granite-embedding-278m-multilingual,granite-278m,EP-4633386-A1_en_q_en,en,100,100,48,0.48,1.0,same
ibm-granite/granite-embedding-278m-multilingual,granite-278m,EP-4633970-A1_fr_q_fr,fr,4,4,0,0.0,0.0,foreign
ibm-granite/granite-embedding-278m-multilingual,granite-278m,EP-4633415-A1_en_q_en,en,0,0,0,,0.0,gold
ibm-granite/granite-embedding-278m-multilingual,granite-278m,EP-4633415-A1_en_q_de,de,7,7,0,0.0,0.0,foreign
ibm-granite/granite-embedding-278m-multilingual,granite-278m,EP-4633415-A1_fr_q_fr,fr,26,26,8,0.3076923076923077,1.0,foreign
ibm-granite/granite-embedding-278m-multilingual,granite-278m,EP-4633415-A1_en_q_es,es,5,5,2,0.4,1.0,same
ibm-granite/granite-embedding-278m-multilingual,granite-278m,EP-4633950-A1_en_q_en,en,4,4,4,1.0,1.0,same
ibm-granite/granite-embedding-278m-multilingual,granite-278m,EP-4633950-A1_en_q_de,de,100,100,8,0.08,1.0,foreign
ibm-granite/granite-embedding-278m-multilingual,granite-278m,EP-4633950-A1_fr_q_fr,fr,100,100,24,0.24,1.0,foreign
ibm-granite/granite-embedding-278m-multilingual,granite-278m,EP-4633950-A1_en_q_es,es,100,100,10,0.1,1.0,foreign
ibm-granite/granite-embedding-278m-multilingual,granite-278m,EP-4634629-A1_en_q_en,en,98,98,49,0.5,1.0,foreign
ibm-granite/granite-embedding-278m-multilingual,granite-278m,EP-4634629-A1_de_q_de,de,100,100,24,0.24,1.0,same
ibm-granite/granite-embedding-278m-multilingual,granite-278m,EP-4634629-A1_fr_q_fr,fr,100,100,28,0.28,1.0,foreign
ibm-granite/granite-embedding-278m-multilingual,granite-278m,EP-4634629-A1_en_q_es,es,100,100,2,0.02,1.0,foreign
ibm-granite/granite-embedding-278m-multilingual,granite-278m,EP-4633582-A1_en_q_es,es,29,29,6,0.20689655172413793,1.0,same
ibm-granite/granite-embedding-278m-multilingual,granite-278m,EP-4634165-A1_en_q_es,es,0,0,0,,0.0,gold
ibm-granite/granite-embedding-278m-multilingual,granite-278m,EP-4633677-A1_en_q_de,de,68,68,2,0.029411764705882353,1.0,foreign
ibm-granite/granite-embedding-278m-multilingual,granite-278m,EP-4634246-A1_en_q_en,en,100,100,29,0.29,1.0,foreign
ibm-granite/granite-embedding-278m-multilingual,granite-278m,EP-4634120-A1_en_q_de,de,100,100,14,0.14,1.0,foreign
ibm-granite/granite-embedding-278m-multilingual,granite-278m,EP-4633638-A1_en_q_en,en,0,0,0,,0.0,gold
ibm-granite/granite-embedding-278m-multilingual,granite-278m,EP-4633389-A1_en_q_en,en,0,0,0,,0.0,gold
ibm-granite/granite-embedding-278m-multilingual,granite-278m,WO-2025209629-A1_de_q_es,es,0,0,0,,0.0,gold
ibm-granite/granite-embedding-278m-multilingual,granite-278m,EP-4634132-A2_en_q_en,en,26,26,11,0.4230769230769231,1.0,foreign
ibm-granite/granite-embedding-278m-multilingual,granite-278m,EP-4634914-A1_en_q_es,es,11,11,1,0.09090909090909091,1.0,foreign
ibm-granite/granite-embedding-278m-multilingual,granite-278m,EP-4634285-A1_en_q_de,de,0,0,0,,0.0,gold
ibm-granite/granite-embedding-278m-multilingual,granite-278m,EP-4634122-A1_fr_q_fr,fr,47,47,20,0.425531914893617,1.0,same
ibm-granite/granite-embedding-278m-multilingual,granite-278m,EP-4634365-A1_fr_q_fr,fr,0,0,0,,0.0,gold
ibm-granite/granite-embedding-278m-multilingual,granite-278m,WO-2025214709-A1_de_q_es,es,2,2,0,0.0,0.0,foreign
ibm-granite/granite-embedding-278m-multilingual,granite-278m,EP-4633426-A2_en_q_es,es,0,0,0,,0.0,gold
ibm-granite/granite-embedding-278m-multilingual,granite-278m,EP-4630604-A1_de_q_es,es,26,26,1,0.038461538461538464,1.0,foreign
ibm-granite/granite-embedding-278m-multilingual,granite-278m,EP-4634118-A1_en_q_es,es,9,9,0,0.0,0.0,foreign
ibm-granite/granite-embedding-278m-multilingual,granite-278m,EP-4634404-A1_en_q_de,de,0,0,0,,0.0,gold
ibm-granite/granite-embedding-278m-multilingual,granite-278m,EP-4633465-A1_en_q_de,de,0,0,0,,0.0,gold
ibm-granite/granite-embedding-278m-multilingual,granite-278m,EP-4633680-A1_en_q_es,es,0,0,0,,0.0,gold
ibm-granite/granite-embedding-278m-multilingual,granite-278m,WO-2025201606-A1_de_q_es,es,0,0,0,,0.0,gold
ibm-granite/granite-embedding-278m-multilingual,granite-278m,EP-4634435-A1_en_q_de,de,2,2,0,0.0,0.0,foreign
ibm-granite/granite-embedding-278m-multilingual,granite-278m,EP-4634143-A1_en_q_de,de,44,44,27,0.6136363636363636,1.0,foreign
ibm-granite/granite-embedding-278m-multilingual,granite-278m,EP-4634411-A1_en_q_de,de,100,100,41,0.41,1.0,foreign
ibm-granite/granite-embedding-278m-multilingual,granite-278m,EP-4634287-A1_en_q_es,es,33,33,2,0.06060606060606061,1.0,foreign
ibm-granite/granite-embedding-278m-multilingual,granite-278m,EP-4633627-A1_en_q_de,de,0,0,0,,0.0,gold
ibm-granite/granite-embedding-278m-multilingual,granite-278m,EP-4633670-A1_fr_q_fr,fr,0,0,0,,0.0,gold
ibm-granite/granite-embedding-278m-multilingual,granite-278m,WO-2025202163-A1_fr_q_fr,fr,1,1,1,1.0,1.0,same
ibm-granite/granite-embedding-278m-multilingual,granite-278m,WO-2025214852-A1_fr_q_fr,fr,86,86,24,0.27906976744186046,1.0,foreign
ibm-granite/granite-embedding-278m-multilingual,granite-278m,WO-2025214996-A1_fr_q_fr,fr,100,100,30,0.3,1.0,foreign
ibm-granite/granite-embedding-278m-multilingual,granite-278m,EP-4630123-A1_de_q_de,de,4,4,0,0.0,0.0,foreign
ibm-granite/granite-embedding-278m-multilingual,granite-278m,EP-4634646-A1_en_q_en,en,0,0,0,,0.0,gold
ibm-granite/granite-embedding-278m-multilingual,granite-278m,EP-4634294-A1_en_q_en,en,2,2,1,0.5,1.0,foreign
ibm-granite/granite-embedding-278m-multilingual,granite-278m,EP-4634436-A1_fr_q_fr,fr,55,55,8,0.14545454545454545,1.0,foreign
ibm-granite/granite-embedding-278m-multilingual,granite-278m,EP-4633761-A1_en_q_en,en,100,100,39,0.39,1.0,same
ibm-granite/granite-embedding-278m-multilingual,granite-278m,WO-2025215167-A1_de_q_de,de,0,0,0,,0.0,gold
ibm-granite/granite-embedding-278m-multilingual,granite-278m,EP-4626962-A1_de_q_en,en,0,0,0,,0.0,gold
ibm-granite/granite-embedding-278m-multilingual,granite-278m,EP-4626962-A1_de_q_de,de,0,0,0,,0.0,gold
ibm-granite/granite-embedding-278m-multilingual,granite-278m,EP-4626962-A1_fr_q_fr,fr,0,0,0,,0.0,gold
ibm-granite/granite-embedding-278m-multilingual,granite-278m,EP-4626962-A1_de_q_es,es,0,0,0,,0.0,gold
ibm-granite/granite-embedding-278m-multilingual,granite-278m,WO-2025201936-A1_de_q_en,en,100,100,33,0.33,1.0,same
ibm-granite/granite-embedding-278m-multilingual,granite-278m,WO-2025201936-A1_fr_q_fr,fr,28,28,7,0.25,1.0,foreign
ibm-granite/granite-embedding-278m-multilingual,granite-278m,WO-2025201936-A1_de_q_es,es,0,0,0,,0.0,gold
ibm-granite/granite-embedding-278m-multilingual,granite-278m,EP-4634597-A1_en_q_en,en,100,100,53,0.53,1.0,foreign
ibm-granite/granite-embedding-278m-multilingual,granite-278m,EP-4634597-A1_en_q_de,de,100,100,33,0.33,1.0,same
ibm-granite/granite-embedding-278m-multilingual,granite-278m,EP-4634597-A1_fr_q_fr,fr,46,46,1,0.021739130434782608,1.0,foreign
ibm-granite/granite-embedding-278m-multilingual,granite-278m,EP-4634597-A1_en_q_es,es,100,100,10,0.1,1.0,same
ibm-granite/granite-embedding-278m-multilingual,granite-278m,EP-4634381-A1_en_q_zh,zh,23,23,3,0.13043478260869565,1.0,same
ibm-granite/granite-embedding-278m-multilingual,granite-278m,EP-4633589-A1_en_q_zh,zh,100,100,16,0.16,1.0,foreign
ibm-granite/granite-embedding-278m-multilingual,granite-278m,EP-4627024-A1_de_q_zh,zh,100,100,19,0.19,1.0,foreign
ibm-granite/granite-embedding-278m-multilingual,granite-278m,EP-4634926-A1_en_q_zh,zh,100,100,14,0.14,1.0,foreign
ibm-granite/granite-embedding-278m-multilingual,granite-278m,EP-4633863-A2_en_q_zh,zh,100,100,18,0.18,1.0,same
ibm-granite/granite-embedding-278m-multilingual,granite-278m,EP-4633797-A1_en_q_zh,zh,0,0,0,,0.0,gold
ibm-granite/granite-embedding-278m-multilingual,granite-278m,EP-4633777-A1_en_q_zh,zh,1,1,0,0.0,0.0,foreign
ibm-granite/granite-embedding-278m-multilingual,granite-278m,EP-4633621-A1_en_q_zh,zh,2,2,2,1.0,1.0,same
ibm-granite/granite-embedding-278m-multilingual,granite-278m,EP-4634723-A1_en_q_zh,zh,100,100,8,0.08,1.0,foreign
ibm-granite/granite-embedding-278m-multilingual,granite-278m,EP-4633581-A1_en_q_zh,zh,100,100,31,0.31,1.0,same
ibm-granite/granite-embedding-278m-multilingual,granite-278m,EP-4634416-A1_en_q_zh,zh,100,100,18,0.18,1.0,foreign
ibm-granite/granite-embedding-278m-multilingual,granite-278m,EP-4634305-A1_en_q_zh,zh,0,0,0,,0.0,gold
ibm-granite/granite-embedding-278m-multilingual,granite-278m,EP-4633531-A1_en_q_zh,zh,9,9,3,0.3333333333333333,1.0,same
ibm-granite/granite-embedding-278m-multilingual,granite-278m,EP-4634333-A1_en_q_zh,zh,70,70,16,0.22857142857142856,1.0,same
ibm-granite/granite-embedding-278m-multilingual,granite-278m,EP-4634212-A1_en_q_zh,zh,0,0,0,,0.0,gold
ibm-granite/granite-embedding-278m-multilingual,granite-278m,EP-4629959-A1_de_q_zh,zh,100,100,53,0.53,1.0,same
ibm-granite/granite-embedding-278m-multilingual,granite-278m,EP-4627881-A1_de_q_zh,zh,20,20,10,0.5,1.0,same
ibm-granite/granite-embedding-278m-multilingual,granite-278m,EP-4633576-A1_en_q_zh,zh,100,100,18,0.18,1.0,same
ibm-granite/granite-embedding-278m-multilingual,granite-278m,EP-4633742-A2_en_q_zh,zh,2,2,0,0.0,0.0,foreign
ibm-granite/granite-embedding-278m-multilingual,granite-278m,EP-4633791-A1_en_q_zh,zh,1,1,0,0.0,0.0,foreign
ibm-granite/granite-embedding-278m-multilingual,granite-278m,EP-4630574-A1_fr_q_fr,fr,100,100,30,0.3,1.0,same
ibm-granite/granite-embedding-278m-multilingual,granite-278m,EP-4634111-A1_fr_q_fr,fr,100,100,43,0.43,1.0,same
ibm-granite/granite-embedding-278m-multilingual,granite-278m,EP-4633622-A2_en_q_es,es,3,3,0,0.0,0.0,foreign
ibm-granite/granite-embedding-278m-multilingual,granite-278m,EP-4634187-A1_en_q_es_120,es,0,0,0,,0.0,gold
ibm-granite/granite-embedding-278m-multilingual,granite-278m,EP-4634139-A1_fr_q_fr,fr,0,0,0,,0.0,gold
ibm-granite/granite-embedding-278m-multilingual,granite-278m,EP-4634136-A1_en_q_en,en,100,100,36,0.36,1.0,same
ibm-granite/granite-embedding-278m-multilingual,granite-278m,EP-4634136-A1_en_q_de,de,64,64,12,0.1875,1.0,same
ibm-granite/granite-embedding-278m-multilingual,granite-278m,EP-4634136-A1_fr_q_fr,fr,24,24,5,0.20833333333333334,1.0,foreign
ibm-granite/granite-embedding-278m-multilingual,granite-278m,EP-4634136-A1_en_q_es_125,es,100,100,17,0.17,1.0,same
ibm-granite/granite-embedding-278m-multilingual,granite-278m,q_126_zh,zh,100,100,20,0.2,1.0,same
ibm-granite/granite-embedding-278m-multilingual,granite-278m,EP-4634248-A1_en_q_en,en,0,0,0,,0.0,gold
ibm-granite/granite-embedding-278m-multilingual,granite-278m,EP-4634142-A1_en_q_es,es,14,14,0,0.0,0.0,foreign
ibm-granite/granite-embedding-278m-multilingual,granite-278m,WO-2025214812-A1_de_q_es,es,7,7,0,0.0,0.0,foreign
ibm-granite/granite-embedding-278m-multilingual,granite-278m,EP-4633662-A1_en_q_de,de,7,7,0,0.0,0.0,foreign
ibm-granite/granite-embedding-278m-multilingual,granite-278m,WO-2025153617-A3_de_q_de,de,0,0,0,,0.0,gold
ibm-granite/granite-embedding-278m-multilingual,granite-278m,EP-4634596-A1_en_q_en,en,0,0,0,,0.0,gold
ibm-granite/granite-embedding-278m-multilingual,granite-278m,EP-4634596-A1_en_q_de,de,12,12,4,0.3333333333333333,1.0,same
ibm-granite/granite-embedding-278m-multilingual,granite-278m,EP-4634596-A1_fr_q_fr,fr,1,1,0,0.0,0.0,foreign
ibm-granite/granite-embedding-278m-multilingual,granite-278m,EP-4634596-A1_en_q_es_135,es,1,1,0,0.0,0.0,foreign
ibm-granite/granite-embedding-278m-multilingual,granite-278m,q_136_zh,zh,28,28,13,0.4642857142857143,1.0,same
ibm-granite/granite-embedding-278m-multilingual,granite-278m,EP-4626887-A1_en_q_en,en,0,0,0,,0.0,gold
ibm-granite/granite-embedding-278m-multilingual,granite-278m,EP-4630033-A1_en_q_en,en,0,0,0,,0.0,gold
ibm-granite/granite-embedding-278m-multilingual,granite-278m,EP-4532639-A1_fr_q_fr,fr,100,100,35,0.35,1.0,same
ibm-granite/granite-embedding-278m-multilingual,granite-278m,EP-4627010-A1_en_q_de,de,100,100,13,0.13,1.0,foreign
ibm-granite/granite-embedding-278m-multilingual,granite-278m,EP-4626937-A1_en_q_de,de,30,30,8,0.26666666666666666,1.0,foreign
ibm-granite/granite-embedding-278m-multilingual,granite-278m,WO-2022119476-A1_en_q_de,de,100,100,4,0.04,1.0,foreign
ibm-granite/granite-embedding-278m-multilingual,granite-278m,WO-2025131900-A1_en_q_en,en,16,16,8,0.5,1.0,foreign
ibm-granite/granite-embedding-278m-multilingual,granite-278m,WO-2025200741-A1_en_q_zh,zh,100,100,27,0.27,1.0,same
ibm-granite/granite-embedding-278m-multilingual,granite-278m,MX-2025009603-A_en_q_en,en,21,21,10,0.47619047619047616,1.0,foreign
ibm-granite/granite-embedding-278m-multilingual,granite-278m,MX-2025009952-A_en_q_zh,zh,66,66,6,0.09090909090909091,1.0,foreign
ibm-granite/granite-embedding-278m-multilingual,granite-278m,WO-2025150253-A1_en_q_es,es,100,100,13,0.13,1.0,foreign
ibm-granite/granite-embedding-278m-multilingual,granite-278m,WO-2025186929-A8_en_q_en,en,100,100,37,0.37,1.0,same
ibm-granite/granite-embedding-278m-multilingual,granite-278m,WO-2025211042-A1_en_q_en,en,0,0,0,,0.0,gold
ibm-granite/granite-embedding-278m-multilingual,granite-278m,WO-2025209205-A1_en_q_en,en,100,100,73,0.73,1.0,same
ibm-granite/granite-embedding-278m-multilingual,granite-278m,WO-2025207982-A1_en_q_de,de,0,0,0,,0.0,gold
ibm-granite/granite-embedding-278m-multilingual,granite-278m,WO-2025210325-A1_en_q_de,de,100,100,16,0.16,1.0,foreign
ibm-granite/granite-embedding-278m-multilingual,granite-278m,WO-2025216427-A1_zh_q_zh,zh,61,61,11,0.18032786885245902,1.0,same
ibm-granite/granite-embedding-278m-multilingual,granite-278m,WO-2025197823-A1_zh_q_zh,zh,100,100,15,0.15,1.0,foreign
ibm-granite/granite-embedding-278m-multilingual,granite-278m,MX-2025002756-A_en_q_en,en,0,0,0,,0.0,gold
ibm-granite/granite-embedding-278m-multilingual,granite-278m,WO-2025202632-A1_en_q_en,en,0,0,0,,0.0,gold
ibm-granite/granite-embedding-278m-multilingual,granite-278m,EP-4627608-A1_en_q_en,en,46,46,36,0.782608695652174,1.0,same
ibm-granite/granite-embedding-278m-multilingual,granite-278m,EP-4634668-A1_fr_q_fr,fr,0,0,0,,0.0,gold
ibm-granite/granite-embedding-278m-multilingual,granite-278m,MX-2025009965-A_en_q_de,de,100,100,6,0.06,1.0,foreign
ibm-granite/granite-embedding-278m-multilingual,granite-278m,WO-2025164300-A1_en_q_de,de,100,100,17,0.17,1.0,foreign
ibm-granite/granite-embedding-278m-multilingual,granite-278m,MX-2025009189-A_en_q_de,de,2,2,0,0.0,0.0,foreign
ibm-granite/granite-embedding-278m-multilingual,granite-278m,WO-2024253632-A1_en_q_en,en,60,60,31,0.5166666666666667,1.0,same
ibm-granite/granite-embedding-278m-multilingual,granite-278m,WO-2025216023-A1_zh_q_zh,zh,100,100,14,0.14,1.0,foreign
ibm-granite/granite-embedding-278m-multilingual,granite-278m,WO-2025211128-A1_en_q_en,en,0,0,0,,0.0,gold
ibm-granite/granite-embedding-278m-multilingual,granite-278m,MX-2025010237-A_en_q_zh,zh,20,20,8,0.4,1.0,same
ibm-granite/granite-embedding-278m-multilingual,granite-278m,EP-4633785-A2_en_q_es,es,13,13,1,0.07692307692307693,1.0,foreign
ibm-granite/granite-embedding-278m-multilingual,granite-278m,MX-2025005737-A_en_q_en,en,84,84,56,0.6666666666666666,1.0,same
ibm-granite/granite-embedding-278m-multilingual,granite-278m,MX-2025010606-A_en_q_en,en,0,0,0,,0.0,gold
ibm-granite/granite-embedding-278m-multilingual,granite-278m,MX-2025010877-A_en_q_en,en,15,15,8,0.5333333333333333,1.0,same
ibm-granite/granite-embedding-278m-multilingual,granite-278m,EP-4584035-A1_de_q_de,de,2,2,0,0.0,0.0,foreign
ibm-granite/granite-embedding-278m-multilingual,granite-278m,WO-2025170306-A1_en_q_de,de,9,9,0,0.0,0.0,foreign
ibm-granite/granite-embedding-278m-multilingual,granite-278m,WO-2025210569-A1_zh_q_zh,zh,100,100,16,0.16,1.0,foreign
ibm-granite/granite-embedding-278m-multilingual,granite-278m,MX-2025010084-A_en_q_zh,zh,9,9,8,0.8888888888888888,1.0,same
ibm-granite/granite-embedding-278m-multilingual,granite-278m,WO-2025186542-A8_en_q_en,en,100,100,48,0.48,1.0,foreign
ibm-granite/granite-embedding-278m-multilingual,granite-278m,WO-2025206130-A1_zh_q_zh,zh,17,17,17,1.0,1.0,same
ibm-granite/granite-embedding-278m-multilingual,granite-278m,WO-2025208054-A1_en_q_de,de,0,0,0,,0.0,gold
ibm-granite/granite-embedding-278m-multilingual,granite-278m,WO-2025201708-A1_en_q_zh,zh,100,100,10,0.1,1.0,same
ibm-granite/granite-embedding-278m-multilingual,granite-278m,WO-2025141238-A1_es_q_es,es,100,100,13,0.13,1.0,foreign
ibm-granite/granite-embedding-278m-multilingual,granite-278m,MX-2025004351-A_en_q_en,en,100,100,48,0.48,1.0,foreign
ibm-granite/granite-embedding-278m-multilingual,granite-278m,WO-2025200809-A1_en_q_en,en,0,0,0,,0.0,gold
ibm-granite/granite-embedding-278m-multilingual,granite-278m,WO-2025201644-A1_fr_q_fr,fr,0,0,0,,0.0,gold
ibm-granite/granite-embedding-278m-multilingual,granite-278m,MX-2025003633-A_en_q_de,de,100,100,2,0.02,1.0,foreign
ibm-granite/granite-embedding-278m-multilingual,granite-278m,WO-2025170482-A1_en_q_de,de,2,2,0,0.0,0.0,foreign
ibm-granite/granite-embedding-278m-multilingual,granite-278m,MX-2025002762-A_en_q_en,en,100,100,41,0.41,1.0,same
ibm-granite/granite-embedding-278m-multilingual,granite-278m,MX-2025009196-A_en_q_de,de,100,100,16,0.16,1.0,foreign
ibm-granite/granite-embedding-278m-multilingual,granite-278m,EP-4584246-A1_en_q_zh,zh,0,0,0,,0.0,gold
ibm-granite/granite-embedding-278m-multilingual,granite-278m,WO-2022031256-A1_en_q_zh,zh,100,100,33,0.33,1.0,same
ibm-granite/granite-embedding-278m-multilingual,granite-278m,ES-3035119-A1_en_q_fr,fr,100,100,38,0.38,1.0,same
ibm-granite/granite-embedding-278m-multilingual,granite-278m,WO-2022231470-A1_en_q_de,de,100,100,2,0.02,1.0,foreign
ibm-granite/granite-embedding-278m-multilingual,granite-278m,EP-4627127-A1_en_q_de,de,100,100,19,0.19,1.0,foreign
ibm-granite/granite-embedding-278m-multilingual,granite-278m,WO-2025185983-A1_en_q_es,es,100,100,2,0.02,1.0,foreign
ibm-granite/granite-embedding-278m-multilingual,granite-278m,EP-4627015-A1_en_q_de,de,100,100,12,0.12,1.0,same
ibm-granite/granite-embedding-278m-multilingual,granite-278m,WO-2025212979-A1_en_q_de,de,36,36,0,0.0,0.0,foreign
ibm-granite/granite-embedding-278m-multilingual,granite-278m,MX-2025010953-A_en_q_zh,zh,0,0,0,,0.0,gold
ibm-granite/granite-embedding-278m-multilingual,granite-278m,WO-2025207427-A1_en_q_de,de,10,10,1,0.1,1.0,foreign
ibm-granite/granite-embedding-278m-multilingual,granite-278m,MX-2025007532-A_en_q_de,de,19,19,0,0.0,0.0,foreign
ibm-granite/granite-embedding-278m-multilingual,granite-278m,EP-4627092-A1_en_q_zh,zh,100,100,11,0.11,1.0,foreign
ibm-granite/granite-embedding-278m-multilingual,granite-278m,EP-4584229-A1_en_q_es,es,100,100,25,0.25,1.0,foreign
ibm-granite/granite-embedding-278m-multilingual,granite-278m,WO-2024054196-A1_en_q_zh,zh,100,100,13,0.13,1.0,same
ibm-granite/granite-embedding-278m-multilingual,granite-278m,WO-2025164618-A1_en_q_es,es,100,100,8,0.08,1.0,foreign
ibm-granite/granite-embedding-278m-multilingual,granite-278m,EP-4626889-A1_en_q_es,es,12,12,1,0.08333333333333333,1.0,foreign
ibm-granite/granite-embedding-278m-multilingual,granite-278m,MX-2025004761-A_en_q_zh,zh,88,88,7,0.07954545454545454,1.0,foreign
ibm-granite/granite-embedding-278m-multilingual,granite-278m,MX-2025009867-A_en_q_de,de,100,100,0,0.0,0.0,foreign
ibm-granite/granite-embedding-278m-multilingual,granite-278m,WO-03042409-A3_en_q_es,es,1,1,0,0.0,0.0,foreign
ibm-granite/granite-embedding-278m-multilingual,granite-278m,WO-2025212474-A1_en_q_de,de,100,100,7,0.07,1.0,foreign
ibm-granite/granite-embedding-278m-multilingual,granite-278m,ES-3028671-A1_en_q_zh,zh,58,58,14,0.2413793103448276,1.0,same
ibm-granite/granite-embedding-278m-multilingual,granite-278m,WO-2025212467-A1_en_q_de,de,0,0,0,,0.0,gold
ibm-granite/granite-embedding-278m-multilingual,granite-278m,MX-2025009862-A_en_q_fr,fr,0,0,0,,0.0,gold
ibm-granite/granite-embedding-278m-multilingual,granite-278m,EP-4566167-A1_en_q_es,es,10,10,1,0.1,1.0,foreign
ibm-granite/granite-embedding-278m-multilingual,granite-278m,WO-2025216937-A1_en_q_es,es,7,7,0,0.0,0.0,foreign
ibm-granite/granite-embedding-278m-multilingual,granite-278m,EP-4630021-A1_en_q_de,de,100,100,23,0.23,1.0,same
ibm-granite/granite-embedding-278m-multilingual,granite-278m,MX-2025007206-A_en_q_de,de,100,100,1,0.01,1.0,foreign
ibm-granite/granite-embedding-278m-multilingual,granite-278m,EP-4504821-A1_en_q_es,es,100,100,9,0.09,1.0,foreign
ibm-granite/granite-embedding-278m-multilingual,granite-278m,WO-2025205793-A1_en_q_de,de,100,100,12,0.12,1.0,same
ibm-granite/granite-embedding-278m-multilingual,granite-278m,WO-2025206825-A1_en_q_de,de,1,1,0,0.0,0.0,foreign
ibm-granite/granite-embedding-278m-multilingual,granite-278m,EP-4568770-A1_en_q_es,es,100,100,8,0.08,1.0,foreign
ibm-granite/granite-embedding-278m-multilingual,granite-278m,WO-2025188827-A8_en_q_es,es,100,100,14,0.14,1.0,foreign
ibm-granite/granite-embedding-278m-multilingual,granite-278m,MX-2025008259-A_en_q_fr,fr,100,100,49,0.49,1.0,same
ibm-granite/granite-embedding-278m-multilingual,granite-278m,WO-2025132504-A1_en_q_es,es,100,100,14,0.14,1.0,foreign
ibm-granite/granite-embedding-278m-multilingual,granite-278m,MX-2025007237-A_en_q_fr,fr,82,82,23,0.2804878048780488,1.0,foreign
ibm-granite/granite-embedding-278m-multilingual,granite-278m,MX-2025005647-A_en_q_zh,zh,100,100,12,0.12,1.0,foreign
ibm-granite/granite-embedding-278m-multilingual,granite-278m,WO-2025214411-A1_en_q_de,de,12,12,1,0.08333333333333333,1.0,foreign
ibm-granite/granite-embedding-278m-multilingual,granite-278m,EP-4623093-A2_en_q_es,es,0,0,0,,0.0,gold
ibm-granite/granite-embedding-278m-multilingual,granite-278m,EP-4634148-A1_en_q_de,de,0,0,0,,0.0,gold
ibm-granite/granite-embedding-278m-multilingual,granite-278m,WO-2025202170-A1_en_q_es,es,100,100,5,0.05,1.0,foreign
ibm-granite/granite-embedding-278m-multilingual,granite-278m,EP-4507673-A1_en_q_de,de,35,35,3,0.08571428571428572,1.0,foreign
ibm-granite/granite-embedding-278m-multilingual,granite-278m,MX-2025007577-A_en_q_fr,fr,0,0,0,,0.0,gold
ibm-granite/granite-embedding-278m-multilingual,granite-278m,MX-2025009131-A_en_q_zh,zh,100,100,46,0.46,1.0,foreign
ibm-granite/granite-embedding-278m-multilingual,granite-278m,MX-2025009990-A_en_q_zh,zh,14,14,5,0.35714285714285715,1.0,foreign
ibm-granite/granite-embedding-278m-multilingual,granite-278m,WO-2023153953-A1_en_q_es,es,8,8,2,0.25,1.0,foreign
ibm-granite/granite-embedding-278m-multilingual,granite-278m,WO-2025183548-A1_en_q_de,de,100,100,1,0.01,1.0,foreign
ibm-granite/granite-embedding-278m-multilingual,granite-278m,WO-2025007163-A1_en_q_de,de,100,100,15,0.15,1.0,foreign
ibm-granite/granite-embedding-278m-multilingual,granite-278m,WO-2025206959-A1_en_q_de,de,0,0,0,,0.0,gold
ibm-granite/granite-embedding-278m-multilingual,granite-278m,WO-2025207810-A1_en_q_zh,zh,4,4,0,0.0,0.0,foreign
ibm-granite/granite-embedding-278m-multilingual,granite-278m,WO-2025215476-A1_en_q_de,de,100,100,14,0.14,1.0,foreign
ibm-granite/granite-embedding-278m-multilingual,granite-278m,WO-2023149795-A1_en_q_en,en,100,100,44,0.44,1.0,same
ibm-granite/granite-embedding-278m-multilingual,granite-278m,WO-2022124934-A1_en_q_es,es,7,7,0,0.0,0.0,foreign
ibm-granite/granite-embedding-278m-multilingual,granite-278m,WO-2025187134-A8_en_q_en,en,100,100,47,0.47,1.0,foreign
ibm-granite/granite-embedding-278m-multilingual,granite-278m,WO-2023200358-A1_en_q_en,en,100,100,60,0.6,1.0,same
ibm-granite/granite-embedding-278m-multilingual,granite-278m,WO-2025216105-A1_fr_q_fr,fr,100,100,26,0.26,1.0,foreign
ibm-granite/granite-embedding-278m-multilingual,granite-278m,MX-2025005014-A_es_q_es,es,0,0,0,,0.0,gold
ibm-granite/granite-embedding-278m-multilingual,granite-278m,WO-2025216873-A1_fr_q_fr,fr,21,21,13,0.6190476190476191,1.0,same
ibm-granite/granite-embedding-278m-multilingual,granite-278m,WO-2025205780-A1_zh_q_zh,zh,100,100,15,0.15,1.0,foreign
ibm-granite/granite-embedding-278m-multilingual,granite-278m,MX-2025009666-A_en_q_en,en,100,100,46,0.46,1.0,same
ibm-granite/granite-embedding-278m-multilingual,granite-278m,WO-2025212049-A1_fr_q_fr,fr,100,100,23,0.23,1.0,same
ibm-granite/granite-embedding-278m-multilingual,granite-278m,EP-4627347-A1_fr_q_fr,fr,1,1,1,1.0,1.0,same
ibm-granite/granite-embedding-278m-multilingual,granite-278m,MX-2025004786-A_es_q_es,es,0,0,0,,0.0,gold
ibm-granite/granite-embedding-278m-multilingual,granite-278m,WO-2024063632-A1_en_q_en,en,4,4,3,0.75,1.0,same
ibm-granite/granite-embedding-278m-multilingual,granite-278m,WO-2025206783-A1_fr_q_fr,fr,6,6,1,0.16666666666666666,1.0,foreign
ibm-granite/granite-embedding-278m-multilingual,granite-278m,MX-2025010991-A_en_q_en,en,100,100,76,0.76,1.0,same
ibm-granite/granite-embedding-278m-multilingual,granite-278m,MX-2025006977-A_en_q_en,en,0,0,0,,0.0,gold
ibm-granite/granite-embedding-278m-multilingual,granite-278m,MX-2025008400-A_en_q_en,en,0,0,0,,0.0,gold
ibm-granite/granite-embedding-278m-multilingual,granite-278m,WO-2025132390-A1_de_q_de,de,1,1,0,0.0,0.0,foreign
ibm-granite/granite-embedding-278m-multilingual,granite-278m,WO-2025204766-A1_fr_q_fr,fr,4,4,1,0.25,1.0,same
ibm-granite/granite-embedding-278m-multilingual,granite-278m,WO-2025098664-A1_de_q_de,de,0,0,0,,0.0,gold
ibm-granite/granite-embedding-278m-multilingual,granite-278m,EP-4627583-A1_en_q_en,en,0,0,0,,0.0,gold
ibm-granite/granite-embedding-278m-multilingual,granite-278m,EP-4630558-A2_zh_q_zh,zh,100,100,6,0.06,1.0,foreign
ibm-granite/granite-embedding-278m-multilingual,granite-278m,MX-2025010573-A_es_q_es,es,100,100,23,0.23,1.0,same
ibm-granite/granite-embedding-278m-multilingual,granite-278m,WO-2025210917-A1_fr_q_fr,fr,100,100,41,0.41,1.0,foreign
ibm-granite/granite-embedding-278m-multilingual,granite-278m,WO-2025150394-A1_en_q_en,en,0,0,0,,0.0,gold
ibm-granite/granite-embedding-278m-multilingual,granite-278m,MX-2025005728-A_en_q_en,en,100,100,54,0.54,1.0,same
ibm-granite/granite-embedding-278m-multilingual,granite-278m,WO-2025177605-A1_fr_q_fr,fr,17,17,6,0.35294117647058826,1.0,same
ibm-granite/granite-embedding-278m-multilingual,granite-278m,MX-2025006958-A_en_q_en,en,0,0,0,,0.0,gold
ibm-granite/granite-embedding-278m-multilingual,granite-278m,EP-4551675-A1_de_q_de,de,100,100,10,0.1,1.0,foreign
ibm-granite/granite-embedding-278m-multilingual,granite-278m,EP-4627325-A1_fr_q_fr,fr,3,3,1,0.3333333333333333,1.0,same
ibm-granite/granite-embedding-278m-multilingual,granite-278m,WO-2025208050-A2_en_q_en,en,0,0,0,,0.0,gold
ibm-granite/granite-embedding-278m-multilingual,granite-278m,WO-2025202994-A1_fr_q_fr,fr,5,5,3,0.6,1.0,same
ibm-granite/granite-embedding-278m-multilingual,granite-278m,MX-2025006551-A_en_q_en,en,0,0,0,,0.0,gold
ibm-granite/granite-embedding-278m-multilingual,granite-278m,WO-2005069422-A1_en_q_en,en,0,0,0,,0.0,gold
ibm-granite/granite-embedding-278m-multilingual,granite-278m,WO-2025194610-A1_fr_q_fr,fr,0,0,0,,0.0,gold
ibm-granite/granite-embedding-278m-multilingual,granite-278m,MX-2025001644-A_zh_q_zh,zh,0,0,0,,0.0,gold
ibm-granite/granite-embedding-278m-multilingual,granite-278m,WO-2025216492-A1_fr_q_fr,fr,0,0,0,,0.0,gold
ibm-granite/granite-embedding-278m-multilingual,granite-278m,WO-2025216629-A1_fr_q_fr,fr,100,100,29,0.29,1.0,same
ibm-granite/granite-embedding-278m-multilingual,granite-278m,MX-2025005081-A_en_q_en,en,94,94,34,0.3617021276595745,1.0,foreign
ibm-granite/granite-embedding-278m-multilingual,granite-278m,WO-2025205506-A1_fr_q_fr,fr,1,1,1,1.0,1.0,same
ibm-granite/granite-embedding-278m-multilingual,granite-278m,WO-2025132391-A1_de_q_de,de,2,2,0,0.0,0.0,foreign
ibm-granite/granite-embedding-278m-multilingual,granite-278m,WO-2025205634-A1_en_q_en,en,1,1,1,1.0,1.0,same
ibm-granite/granite-embedding-278m-multilingual,granite-278m,WO-2025120243-A1_es_q_es,es,100,100,18,0.18,1.0,foreign
ibm-granite/granite-embedding-278m-multilingual,granite-278m,WO-2025201672-A1_fr_q_fr,fr,0,0,0,,0.0,gold
ibm-granite/granite-embedding-278m-multilingual,granite-278m,MX-2025008970-A_es_q_es,es,0,0,0,,0.0,gold
ibm-granite/granite-embedding-278m-multilingual,granite-278m,MX-2025009075-A_zh_q_zh,zh,0,0,0,,0.0,gold
ibm-granite/granite-embedding-278m-multilingual,granite-278m,WO-2025210445-A1_fr_q_fr,fr,100,100,30,0.3,1.0,foreign
ibm-granite/granite-embedding-278m-multilingual,granite-278m,WO-2025206090-A1_fr_q_fr,fr,0,0,0,,0.0,gold
ibm-granite/granite-embedding-278m-multilingual,granite-278m,MX-2025006643-A_en_q_en,en,0,0,0,,0.0,gold
ibm-granite/granite-embedding-278m-multilingual,granite-278m,MX-2025010190-A_en_q_en,en,2,2,1,0.5,1.0,foreign
ibm-granite/granite-embedding-278m-multilingual,granite-278m,EP-4577789-A1_zh_q_zh,zh,41,41,2,0.04878048780487805,1.0,foreign
ibm-granite/granite-embedding-278m-multilingual,granite-278m,WO-2025204469-A1_en_q_en,en,19,19,11,0.5789473684210527,1.0,same
ibm-granite/granite-embedding-278m-multilingual,granite-278m,WO-2025204469-A1_en_q_de,de,0,0,0,,0.0,gold
ibm-granite/granite-embedding-278m-multilingual,granite-278m,WO-2025204469-A1_fr_q_fr,fr,64,64,25,0.390625,1.0,same
ibm-granite/granite-embedding-278m-multilingual,granite-278m,WO-2025204469-A1_en_q_es,es,90,90,6,0.06666666666666667,1.0,foreign
ibm-granite/granite-embedding-278m-multilingual,granite-278m,WO-2025204469-A1_zh_q_zh,zh,28,28,9,0.32142857142857145,1.0,same
ibm-granite/granite-embedding-278m-multilingual,granite-278m,MX-2025010085-A_en_q_en,en,0,0,0,,0.0,gold
ibm-granite/granite-embedding-278m-multilingual,granite-278m,MX-2025010085-A_en_q_de,de,3,3,0,0.0,0.0,foreign
ibm-granite/granite-embedding-278m-multilingual,granite-278m,MX-2025010085-A_en_q_fr,fr,0,0,0,,0.0,gold
ibm-granite/granite-embedding-278m-multilingual,granite-278m,MX-2025010085-A_es_q_es,es,72,72,15,0.20833333333333334,1.0,foreign
ibm-granite/granite-embedding-278m-multilingual,granite-278m,MX-2025010085-A_en_q_zh,zh,4,4,0,0.0,0.0,foreign
ibm-granite/granite-embedding-278m-multilingual,granite-278m,MX-2025005421-A_en_q_en,en,33,33,14,0.42424242424242425,1.0,foreign
ibm-granite/granite-embedding-278m-multilingual,granite-278m,MX-2025005421-A_en_q_de,de,55,55,0,0.0,0.0,foreign
ibm-granite/granite-embedding-278m-multilingual,granite-278m,MX-2025005421-A_en_q_fr,fr,14,14,1,0.07142857142857142,1.0,same
ibm-granite/granite-embedding-278m-multilingual,granite-278m,MX-2025005421-A_es_q_es,es,48,48,14,0.2916666666666667,1.0,foreign
ibm-granite/granite-embedding-278m-multilingual,granite-278m,MX-2025005421-A_en_q_zh,zh,100,100,18,0.18,1.0,same
ibm-granite/granite-embedding-278m-multilingual,granite-278m,MX-2025002688-A_en_q_en,en,100,100,18,0.18,1.0,same
ibm-granite/granite-embedding-278m-multilingual,granite-278m,MX-2025002688-A_en_q_de,de,100,100,19,0.19,1.0,foreign
ibm-granite/granite-embedding-278m-multilingual,granite-278m,MX-2025002688-A_en_q_fr,fr,100,100,49,0.49,1.0,same
ibm-granite/granite-embedding-278m-multilingual,granite-278m,MX-2025002688-A_es_q_es,es,2,2,1,0.5,1.0,same
ibm-granite/granite-embedding-278m-multilingual,granite-278m,MX-2025002688-A_en_q_zh,zh,100,100,37,0.37,1.0,same
ibm-granite/granite-embedding-278m-multilingual,granite-278m,WO-2025211147-A1_en_q_en,en,100,100,79,0.79,1.0,same
ibm-granite/granite-embedding-278m-multilingual,granite-278m,WO-2025211147-A1_en_q_de,de,100,100,15,0.15,1.0,foreign
ibm-granite/granite-embedding-278m-multilingual,granite-278m,WO-2025211147-A1_fr_q_fr,fr,0,0,0,,0.0,gold
ibm-granite/granite-embedding-278m-multilingual,granite-278m,WO-2025211147-A1_en_q_es,es,100,100,8,0.08,1.0,foreign
ibm-granite/granite-embedding-278m-multilingual,granite-278m,WO-2025211147-A1_en_q_zh,zh,100,100,23,0.23,1.0,same
ibm-granite/granite-embedding-278m-multilingual,granite-278m,WO-2025187712-A8_en_q_en,en,3,3,3,1.0,1.0,same
ibm-granite/granite-embedding-278m-multilingual,granite-278m,WO-2025187712-A8_en_q_de,de,48,48,7,0.14583333333333334,1.0,foreign
ibm-granite/granite-embedding-278m-multilingual,granite-278m,WO-2025187712-A8_fr_q_fr,fr,100,100,39,0.39,1.0,same
ibm-granite/granite-embedding-278m-multilingual,granite-278m,WO-2025187712-A8_en_q_es,es,100,100,19,0.19,1.0,foreign
ibm-granite/granite-embedding-278m-multilingual,granite-278m,WO-2025187712-A8_en_q_zh,zh,100,100,31,0.31,1.0,same
ibm-granite/granite-embedding-278m-multilingual,granite-278m,EP-4630253-A1_en_q_en,en,100,100,60,0.6,1.0,same
ibm-granite/granite-embedding-278m-multilingual,granite-278m,EP-4630253-A1_en_q_de,de,90,90,7,0.07777777777777778,1.0,same
ibm-granite/granite-embedding-278m-multilingual,granite-278m,EP-4630253-A1_fr_q_fr,fr,100,100,35,0.35,1.0,same
ibm-granite/granite-embedding-278m-multilingual,granite-278m,EP-4630253-A1_en_q_es,es,100,100,7,0.07,1.0,foreign
ibm-granite/granite-embedding-278m-multilingual,granite-278m,EP-4630253-A1_zh_q_zh,zh,100,100,17,0.17,1.0,foreign
ibm-granite/granite-embedding-278m-multilingual,granite-278m,MX-2025007798-A_en_q_en,en,0,0,0,,0.0,gold
ibm-granite/granite-embedding-278m-multilingual,granite-278m,WO-2025206382-A1_en_q_en,en,0,0,0,,0.0,gold
ibm-granite/granite-embedding-278m-multilingual,granite-278m,MX-2025009144-A_en_q_en,en,35,35,19,0.5428571428571428,1.0,foreign
ibm-granite/granite-embedding-278m-multilingual,granite-278m,WO-2025206195-A1_en_q_de,de,0,0,0,,0.0,gold
ibm-granite/granite-embedding-278m-multilingual,granite-278m,WO-2024128938-A1_en_q_de,de,0,0,0,,0.0,gold
ibm-granite/granite-embedding-278m-multilingual,granite-278m,MX-2025007510-A_es_q_es,es,59,59,22,0.3728813559322034,1.0,foreign
ibm-granite/granite-embedding-278m-multilingual,granite-278m,WO-2025172752-A1_en_q_en,en,0,0,0,,0.0,gold
ibm-granite/granite-embedding-278m-multilingual,granite-278m,WO-2024245507-A9_en_q_en,en,100,100,56,0.56,1.0,same
ibm-granite/granite-embedding-278m-multilingual,granite-278m,WO-2024245507-A9_de_q_de,de,3,3,1,0.3333333333333333,1.0,foreign
ibm-granite/granite-embedding-278m-multilingual,granite-278m,WO-2024245507-A9_fr_q_fr,fr,100,100,32,0.32,1.0,same
ibm-granite/granite-embedding-278m-multilingual,granite-278m,WO-2024245507-A9_en_q_es,es,2,2,0,0.0,0.0,foreign
ibm-granite/granite-embedding-278m-multilingual,granite-278m,WO-2024245507-A9_en_q_zh,zh,5,5,2,0.4,1.0,foreign
ibm-granite/granite-embedding-278m-multilingual,granite-278m,EP-4630245-A1_zh_q_zh,zh,0,0,0,,0.0,gold
ibm-granite/granite-embedding-278m-multilingual,granite-278m,WO-2025192625-A1_en_q_en,en,7,7,2,0.2857142857142857,1.0,same
ibm-granite/granite-embedding-278m-multilingual,granite-278m,WO-2025192625-A1_en_q_de,de,100,100,21,0.21,1.0,foreign
ibm-granite/granite-embedding-278m-multilingual,granite-278m,WO-2025192625-A1_fr_q_fr,fr,66,66,15,0.22727272727272727,1.0,foreign
ibm-granite/granite-embedding-278m-multilingual,granite-278m,WO-2025192625-A1_en_q_es,es,100,100,13,0.13,1.0,foreign
ibm-granite/granite-embedding-278m-multilingual,granite-278m,WO-2025192625-A1_zh_q_zh,zh,17,17,4,0.23529411764705882,1.0,foreign
ibm-granite/granite-embedding-278m-multilingual,granite-278m,MX-2025006818-A_es_q_es,es,0,0,0,,0.0,gold
ibm-granite/granite-embedding-278m-multilingual,granite-278m,MX-2025007695-A_es_q_es,es,0,0,0,,0.0,gold
ibm-granite/granite-embedding-278m-multilingual,granite-278m,WO-2025187736-A8_en_q_zh,zh,16,16,1,0.0625,1.0,foreign
ibm-granite/granite-embedding-278m-multilingual,granite-278m,WO-2025203012-A1_en_q_es,es,9,9,3,0.3333333333333333,1.0,foreign
ibm-granite/granite-embedding-278m-multilingual,granite-278m,EP-4626837-A1_en_q_zh,zh,0,0,0,,0.0,gold
ibm-granite/granite-embedding-278m-multilingual,granite-278m,WO-2025202104-A1_zh_q_zh,zh,0,0,0,,0.0,gold
ibm-granite/granite-embedding-278m-multilingual,granite-278m,EP-4626928-A2_fr_q_fr,fr,0,0,0,,0.0,gold
ibm-granite/granite-embedding-278m-multilingual,granite-278m,MX-2025008327-A_en_q_en,en,100,100,43,0.43,1.0,same
ibm-granite/granite-embedding-278m-multilingual,granite-278m,EP-4634127-A1_en_q_en,en,0,0,0,,0.0,gold
ibm-granite/granite-embedding-278m-multilingual,granite-278m,WO-2024058685-A1_en_q_zh,zh,54,54,11,0.2037037037037037,1.0,same
ibm-granite/granite-embedding-278m-multilingual,granite-278m,WO-2024089298-A9_fr_q_fr,fr,0,0,0,,0.0,gold
ibm-granite/granite-embedding-278m-multilingual,granite-278m,MX-2025010028-A_en_q_en,en,0,0,0,,0.0,gold
ibm-granite/granite-embedding-278m-multilingual,granite-278m,WO-2025202253-A1_en_q_es,es,0,0,0,,0.0,gold
ibm-granite/granite-embedding-278m-multilingual,granite-278m,MX-2025009821-A_es_q_es,es,0,0,0,,0.0,gold
ibm-granite/granite-embedding-278m-multilingual,granite-278m,MX-2025006624-A_en_q_fr,fr,0,0,0,,0.0,gold
ibm-granite/granite-embedding-278m-multilingual,granite-278m,MX-2025003345-A_en_q_de,de,6,6,0,0.0,0.0,foreign
ibm-granite/granite-embedding-278m-multilingual,granite-278m,WO-2024259508-A1_en_q_en,en,0,0,0,,0.0,gold
ibm-granite/granite-embedding-278m-multilingual,granite-278m,EP-4630051-A1_fr_q_fr,fr,1,1,0,0.0,0.0,foreign
ibm-granite/granite-embedding-278m-multilingual,granite-278m,MX-2025010268-A_en_q_zh,zh,0,0,0,,0.0,gold
ibm-granite/granite-embedding-278m-multilingual,granite-278m,WO-2025212655-A1_en_q_de,de,2,2,0,0.0,0.0,foreign
ibm-granite/granite-embedding-278m-multilingual,granite-278m,WO-2025205978-A1_en_q_en,en,0,0,0,,0.0,gold
ibm-granite/granite-embedding-278m-multilingual,granite-278m,WO-2025206105-A1_zh_q_zh,zh,0,0,0,,0.0,gold
ibm-granite/granite-embedding-278m-multilingual,granite-278m,EP-4633669-A2_fr_q_fr,fr,0,0,0,,0.0,gold
ibm-granite/granite-embedding-278m-multilingual,granite-278m,WO-2025021351-A1_en_q_zh,zh,1,1,1,1.0,1.0,same
ibm-granite/granite-embedding-278m-multilingual,granite-278m,WO-2025187706-A8_fr_q_fr,fr,47,47,19,0.40425531914893614,1.0,foreign
ibm-granite/granite-embedding-278m-multilingual,granite-278m,EP-4623104-A1_zh_q_zh,zh,0,0,0,,0.0,gold
ibm-granite/granite-embedding-278m-multilingual,granite-278m,WO-2025164232-A1_en_q_de,de,0,0,0,,0.0,gold
ibm-granite/granite-embedding-278m-multilingual,granite-278m,WO-2025206823-A1_en_q_de,de,100,100,20,0.2,1.0,same
ibm-granite/granite-embedding-278m-multilingual,granite-278m,EP-4626944-A1_en_q_de,de,100,100,18,0.18,1.0,foreign
ibm-granite/granite-embedding-278m-multilingual,granite-278m,EP-4626879-A1_en_q_en,en,0,0,0,,0.0,gold
ibm-granite/granite-embedding-278m-multilingual,granite-278m,EP-4626874-A1_en_q_zh,zh,7,7,7,1.0,1.0,same
ibm-granite/granite-embedding-278m-multilingual,granite-278m,MX-2025008798-A_en_q_fr,fr,39,39,22,0.5641025641025641,1.0,same
ibm-granite/granite-embedding-278m-multilingual,granite-278m,MX-2025005939-A_es_q_es,es,7,7,2,0.2857142857142857,1.0,foreign
ibm-granite/granite-embedding-278m-multilingual,granite-278m,WO-2025204745-A1_en_q_zh,zh,15,15,5,0.3333333333333333,1.0,same
ibm-granite/granite-embedding-278m-multilingual,granite-278m,WO-2025217208-A1_en_q_en,en,0,0,0,,0.0,gold
ibm-granite/granite-embedding-278m-multilingual,granite-278m,WO-2025205163-A1_en_q_en,en,100,100,45,0.45,1.0,foreign
ibm-granite/granite-embedding-278m-multilingual,granite-278m,WO-2025186172-A8_fr_q_fr,fr,0,0,0,,0.0,gold
ibm-granite/granite-embedding-278m-multilingual,granite-278m,WO-2025188156-A8_en_q_de,de,100,100,7,0.07,1.0,foreign
ibm-granite/granite-embedding-278m-multilingual,granite-278m,MX-2025009759-A_en_q_fr,fr,1,1,0,0.0,0.0,foreign
ibm-granite/granite-embedding-278m-multilingual,granite-278m,WO-2025189017-A8_en_q_de,de,0,0,0,,0.0,gold
ibm-granite/granite-embedding-278m-multilingual,granite-278m,CR-20250096-A_en_q_zh,zh,0,0,0,,0.0,gold
ibm-granite/granite-embedding-278m-multilingual,granite-278m,WO-2025169953-A1_en_q_de,de,3,3,0,0.0,0.0,foreign
ibm-granite/granite-embedding-278m-multilingual,granite-278m,MX-2025006319-A_en_q_de,de,100,100,28,0.28,1.0,same
ibm-granite/granite-embedding-278m-multilingual,granite-278m,MX-2025004974-A_en_q_fr,fr,0,0,0,,0.0,gold
ibm-granite/granite-embedding-278m-multilingual,granite-278m,WO-2025170405-A1_en_q_de,de,1,1,0,0.0,0.0,foreign
ibm-granite/granite-embedding-278m-multilingual,granite-278m,WO-2025208198-A1_en_q_zh,zh,3,3,2,0.6666666666666666,1.0,same
ibm-granite/granite-embedding-278m-multilingual,granite-278m,WO-2025054647-A1_en_q_es,es,4,4,0,0.0,0.0,foreign
ibm-granite/granite-embedding-278m-multilingual,granite-278m,WO-2025210166-A1_en_q_de,de,100,100,1,0.01,1.0,foreign
ibm-granite/granite-embedding-278m-multilingual,granite-278m,WO-2025211178-A1_en_q_es,es,0,0,0,,0.0,gold
ibm-granite/granite-embedding-278m-multilingual,granite-278m,MX-2025004012-A_en_q_zh,zh,0,0,0,,0.0,gold
ibm-granite/granite-embedding-278m-multilingual,granite-278m,WO-2025206949-A1_en_q_es,es,75,75,18,0.24,1.0,foreign
ibm-granite/granite-embedding-278m-multilingual,granite-278m,MX-2025007614-A_en_q_zh,zh,0,0,0,,0.0,gold
ibm-granite/granite-embedding-278m-multilingual,granite-278m,WO-2025146513-A1_en_q_de,de,0,0,0,,0.0,gold
ibm-granite/granite-embedding-278m-multilingual,granite-278m,WO-2025211949-A1_en_q_es,es,2,2,0,0.0,0.0,foreign
ibm-granite/granite-embedding-278m-multilingual,granite-278m,EP-4626831-A1_en_q_zh,zh,10,10,4,0.4,1.0,same
ibm-granite/granite-embedding-278m-multilingual,granite-278m,WO-2025186644-A8_en_q_de,de,0,0,0,,0.0,gold
ibm-granite/granite-embedding-278m-multilingual,granite-278m,WO-2025192587-A1_en_q_de,de,100,100,26,0.26,1.0,same
ibm-granite/granite-embedding-278m-multilingual,granite-278m,EP-4633779-A1_en_q_es,es,0,0,0,,0.0,gold
ibm-granite/granite-embedding-278m-multilingual,granite-278m,WO-2022098263-A1_en_q_es,es,0,0,0,,0.0,gold
ibm-granite/granite-embedding-278m-multilingual,granite-278m,WO-2025215251-A1_en_q_es,es,1,1,0,0.0,0.0,foreign
ibm-granite/granite-embedding-278m-multilingual,granite-278m,EP-4493405-A1_en_q_zh,zh,47,47,10,0.2127659574468085,1.0,same
ibm-granite/granite-embedding-278m-multilingual,granite-278m,WO-2025103555-A1_en_q_zh,zh,0,0,0,,0.0,gold
ibm-granite/granite-embedding-278m-multilingual,granite-278m,EP-4626386-A1_en_q_de,de,100,100,25,0.25,1.0,same
ibm-granite/granite-embedding-278m-multilingual,granite-278m,MX-2025010613-A_en_q_de,de,75,75,14,0.18666666666666668,1.0,foreign
ibm-granite/granite-embedding-278m-multilingual,granite-278m,EP-4626547-A1_en_q_de,de,1,1,0,0.0,0.0,foreign
ibm-granite/granite-embedding-278m-multilingual,granite-278m,EP-4626593-A1_en_q_de,de,0,0,0,,0.0,gold
ibm-granite/granite-embedding-278m-multilingual,granite-278m,WO-2025207414-A1_en_q_es,es,0,0,0,,0.0,gold
ibm-granite/granite-embedding-278m-multilingual,granite-278m,MX-2025005049-A_en_q_zh,zh,100,100,8,0.08,1.0,same
ibm-granite/granite-embedding-278m-multilingual,granite-278m,WO-2024246082-A3_en_q_es,es,0,0,0,,0.0,gold
ibm-granite/granite-embedding-278m-multilingual,granite-278m,WO-2025180718-A1_en_q_es,es,100,100,10,0.1,1.0,foreign
ibm-granite/granite-embedding-278m-multilingual,granite-278m,MX-2025006336-A_en_q_de,de,0,0,0,,0.0,gold
ibm-granite/granite-embedding-278m-multilingual,granite-278m,WO-2025202347-A1_en_q_de,de,0,0,0,,0.0,gold
ibm-granite/granite-embedding-278m-multilingual,granite-278m,MX-2025010373-A_en_q_zh,zh,100,100,25,0.25,1.0,same
ibm-granite/granite-embedding-278m-multilingual,granite-278m,WO-2025200075-A1_en_q_zh,zh,0,0,0,,0.0,gold
ibm-granite/granite-embedding-278m-multilingual,granite-278m,WO-2025189151-A8_en_q_de,de,0,0,0,,0.0,gold
ibm-granite/granite-embedding-278m-multilingual,granite-278m,MX-2025007174-A_en_q_de,de,1,1,0,0.0,0.0,foreign
ibm-granite/granite-embedding-278m-multilingual,granite-278m,MX-2025010619-A_en_q_de,de,9,9,0,0.0,0.0,foreign
ibm-granite/granite-embedding-278m-multilingual,granite-278m,EP-4532651-A1_en_q_es,es,8,8,1,0.125,1.0,foreign
ibm-granite/granite-embedding-278m-multilingual,granite-278m,WO-2025173342-A1_en_q_es,es,0,0,0,,0.0,gold
ibm-granite/granite-embedding-278m-multilingual,granite-278m,WO-2024019637-A1_en_q_de,de,2,2,0,0.0,0.0,foreign
ibm-granite/granite-embedding-278m-multilingual,granite-278m,MX-2025008968-A_en_q_zh,zh,0,0,0,,0.0,gold
ibm-granite/granite-embedding-278m-multilingual,granite-278m,WO-2025202625-A1_en_q_de,de,100,100,19,0.19,1.0,same
ibm-granite/granite-embedding-278m-multilingual,granite-278m,WO-2025187661-A8_en_q_es,es,0,0,0,,0.0,gold
ibm-granite/granite-embedding-278m-multilingual,granite-278m,WO-2025101062-A1_en_q_zh,zh,0,0,0,,0.0,gold
ibm-granite/granite-embedding-278m-multilingual,granite-278m,WO-2025150711-A1_en_q_de,de,0,0,0,,0.0,gold
ibm-granite/granite-embedding-278m-multilingual,granite-278m,WO-2025207828-A1_en_q_zh,zh,100,100,10,0.1,1.0,foreign
ibm-granite/granite-embedding-278m-multilingual,granite-278m,WO-2025203197-A1_en_q_zh,zh,2,2,1,0.5,1.0,foreign
ibm-granite/granite-embedding-278m-multilingual,granite-278m,EP-4634141-A2_en_q_en,en,0,0,0,,0.0,gold
ibm-granite/granite-embedding-278m-multilingual,granite-278m,EP-4633971-A1_fr_q_fr,fr,1,1,1,1.0,1.0,same
ibm-granite/granite-embedding-278m-multilingual,granite-278m,WO-2025197272-A1_en_q_en,en,14,14,7,0.5,1.0,same
ibm-granite/granite-embedding-278m-multilingual,granite-278m,WO-2025189168-A8_fr_q_fr,fr,0,0,0,,0.0,gold
ibm-granite/granite-embedding-278m-multilingual,granite-278m,MX-2025008124-A_es_q_es,es,18,18,1,0.05555555555555555,1.0,foreign
ibm-granite/granite-embedding-278m-multilingual,granite-278m,MX-2025007669-A_en_q_en,en,1,1,1,1.0,1.0,same
ibm-granite/granite-embedding-278m-multilingual,granite-278m,WO-2025195675-A1_en_q_en,en,0,0,0,,0.0,gold
ibm-granite/granite-embedding-278m-multilingual,granite-278m,WO-2022005333-A1_en_q_en,en,0,0,0,,0.0,gold
ibm-granite/granite-embedding-278m-multilingual,granite-278m,MX-2025005748-A_es_q_es,es,0,0,0,,0.0,gold
ibm-granite/granite-embedding-278m-multilingual,granite-278m,MX-2025002923-A_es_q_es,es,0,0,0,,0.0,gold
ibm-granite/granite-embedding-278m-multilingual,granite-278m,MX-2025010611-A_es_q_es,es,45,45,5,0.1111111111111111,1.0,foreign
ibm-granite/granite-embedding-278m-multilingual,granite-278m,WO-2025217553-A1_fr_q_fr,fr,100,100,37,0.37,1.0,foreign
ibm-granite/granite-embedding-278m-multilingual,granite-278m,WO-2025186530-A8_en_q_en,en,0,0,0,,0.0,gold
ibm-granite/granite-embedding-278m-multilingual,granite-278m,EP-4627050-A1_fr_q_fr,fr,0,0,0,,0.0,gold
ibm-granite/granite-embedding-278m-multilingual,granite-278m,MX-2025008249-A_en_q_en,en,2,2,1,0.5,1.0,foreign
ibm-granite/granite-embedding-278m-multilingual,granite-278m,WO-2025184858-A8_fr_q_fr,fr,1,1,1,1.0,1.0,same
ibm-granite/granite-embedding-278m-multilingual,granite-278m,MX-2025004649-A_es_q_es,es,0,0,0,,0.0,gold
ibm-granite/granite-embedding-278m-multilingual,granite-278m,ES-1320636-U_en_q_en,en,0,0,0,,0.0,gold
ibm-granite/granite-embedding-278m-multilingual,granite-278m,MX-2025006800-A_en_q_en,en,2,2,1,0.5,1.0,same
ibm-granite/granite-embedding-278m-multilingual,granite-278m,EP-4626866-A1_en_q_en,en,0,0,0,,0.0,gold
ibm-granite/granite-embedding-278m-multilingual,granite-278m,MX-2025006721-A_en_q_en,en,26,26,10,0.38461538461538464,1.0,foreign
ibm-granite/granite-embedding-278m-multilingual,granite-278m,WO-2024073831-A1_en_q_en,en,1,1,0,0.0,0.0,foreign
ibm-granite/granite-embedding-278m-multilingual,granite-278m,WO-2025200966-A1_fr_q_fr,fr,0,0,0,,0.0,gold
ibm-granite/granite-embedding-278m-multilingual,granite-278m,MX-2025005215-A_es_q_es,es,0,0,0,,0.0,gold
ibm-granite/granite-embedding-278m-multilingual,granite-278m,WO-2025080163-A1_fr_q_fr,fr,9,9,4,0.4444444444444444,1.0,foreign
ibm-granite/granite-embedding-278m-multilingual,granite-278m,WO-2025200089-A1_en_q_en,en,2,2,1,0.5,1.0,foreign
ibm-granite/granite-embedding-278m-multilingual,granite-278m,WO-2025073021-A1_en_q_en,en,0,0,0,,0.0,gold
ibm-granite/granite-embedding-278m-multilingual,granite-278m,WO-2025186263-A8_fr_q_fr,fr,0,0,0,,0.0,gold
ibm-granite/granite-embedding-278m-multilingual,granite-278m,WO-2025211336-A1_en_q_en,en,40,40,23,0.575,1.0,foreign
ibm-granite/granite-embedding-278m-multilingual,granite-278m,WO-2025078189-A1_en_q_en,en,5,5,2,0.4,1.0,same
ibm-granite/granite-embedding-278m-multilingual,granite-278m,ES-3033921-A1_en_q_en,en,0,0,0,,0.0,gold
ibm-granite/granite-embedding-278m-multilingual,granite-278m,WO-2025154762-A1_fr_q_fr,fr,1,1,1,1.0,1.0,same
ibm-granite/granite-embedding-278m-multilingual,granite-278m,EP-4634323-A1_en_q_en,en,4,4,4,1.0,1.0,same
ibm-granite/granite-embedding-278m-multilingual,granite-278m,WO-2025189143-A8_en_q_en,en,0,0,0,,0.0,gold
ibm-granite/granite-embedding-278m-multilingual,granite-278m,MX-2025009632-A_en_q_en,en,1,1,1,1.0,1.0,same
ibm-granite/granite-embedding-278m-multilingual,granite-278m,EP-4626395-A1_fr_q_fr,fr,1,1,0,0.0,0.0,foreign
ibm-granite/granite-embedding-278m-multilingual,granite-278m,WO-2025203678-A1_fr_q_fr,fr,4,4,1,0.25,1.0,same
ibm-granite/granite-embedding-278m-multilingual,granite-278m,WO-2025187095-A8_fr_q_fr,fr,0,0,0,,0.0,gold
ibm-granite/granite-embedding-278m-multilingual,granite-278m,EP-4626938-A1_en_q_en,en,1,1,0,0.0,0.0,foreign
ibm-granite/granite-embedding-278m-multilingual,granite-278m,MX-2025006010-A_en_q_en,en,50,50,31,0.62,1.0,same
ibm-granite/granite-embedding-278m-multilingual,granite-278m,WO-2025215647-A1_fr_q_fr,fr,0,0,0,,0.0,gold
ibm-granite/granite-embedding-278m-multilingual,granite-278m,WO-2025207093-A1_fr_q_fr,fr,0,0,0,,0.0,gold
ibm-granite/granite-embedding-278m-multilingual,granite-278m,MX-2025004470-A_en_q_en,en,0,0,0,,0.0,gold
ibm-granite/granite-embedding-278m-multilingual,granite-278m,EP-4626949-A1_fr_q_fr,fr,0,0,0,,0.0,gold
ibm-granite/granite-embedding-278m-multilingual,granite-278m,WO-2025206197-A1_fr_q_fr,fr,100,100,51,0.51,1.0,same
ibm-granite/granite-embedding-278m-multilingual,granite-278m,WO-2022246526-A8_fr_q_fr,fr,0,0,0,,0.0,gold
ibm-granite/granite-embedding-278m-multilingual,granite-278m,MX-2025006489-A_es_q_es,es,2,2,1,0.5,1.0,foreign
ibm-granite/granite-embedding-278m-multilingual,granite-278m,WO-2021255541-A1_en_q_en,en,11,11,5,0.45454545454545453,1.0,foreign
ibm-granite/granite-embedding-278m-multilingual,granite-278m,WO-2021255541-A1_en_q_de,de,20,20,9,0.45,1.0,same
ibm-granite/granite-embedding-278m-multilingual,granite-278m,WO-2021255541-A1_fr_q_fr,fr,0,0,0,,0.0,gold
ibm-granite/granite-embedding-278m-multilingual,granite-278m,WO-2021255541-A1_en_q_es,es,100,100,2,0.02,1.0,foreign
ibm-granite/granite-embedding-278m-multilingual,granite-278m,WO-2021255541-A1_zh_q_zh,zh,0,0,0,,0.0,gold
ibm-granite/granite-embedding-278m-multilingual,granite-278m,EP-4634663-A1_en_q_en,en,0,0,0,,0.0,gold
ibm-granite/granite-embedding-278m-multilingual,granite-278m,EP-4634663-A1_en_q_de,de,0,0,0,,0.0,gold
ibm-granite/granite-embedding-278m-multilingual,granite-278m,EP-4634663-A1_fr_q_fr,fr,88,88,31,0.3522727272727273,1.0,same
ibm-granite/granite-embedding-278m-multilingual,granite-278m,EP-4634663-A1_en_q_es,es,0,0,0,,0.0,gold
ibm-granite/granite-embedding-278m-multilingual,granite-278m,EP-4634663-A1_en_q_zh,zh,0,0,0,,0.0,gold
ibm-granite/granite-embedding-278m-multilingual,granite-278m,MX-2025005046-A_en_q_en,en,88,88,40,0.45454545454545453,1.0,same
ibm-granite/granite-embedding-278m-multilingual,granite-278m,MX-2025005046-A_en_q_de,de,100,100,28,0.28,1.0,same
ibm-granite/granite-embedding-278m-multilingual,granite-278m,MX-2025005046-A_en_q_fr,fr,0,0,0,,0.0,gold
ibm-granite/granite-embedding-278m-multilingual,granite-278m,MX-2025005046-A_es_q_es,es,87,87,8,0.09195402298850575,1.0,same
ibm-granite/granite-embedding-278m-multilingual,granite-278m,MX-2025005046-A_en_q_zh,zh,0,0,0,,0.0,gold
ibm-granite/granite-embedding-278m-multilingual,granite-278m,MX-2025007733-A_en_q_en,en,100,100,77,0.77,1.0,same
ibm-granite/granite-embedding-278m-multilingual,granite-278m,MX-2025007733-A_en_q_de,de,0,0,0,,0.0,gold
ibm-granite/granite-embedding-278m-multilingual,granite-278m,MX-2025007733-A_en_q_fr,fr,22,22,8,0.36363636363636365,1.0,same
ibm-granite/granite-embedding-278m-multilingual,granite-278m,MX-2025007733-A_es_q_es,es,15,15,9,0.6,1.0,same
ibm-granite/granite-embedding-278m-multilingual,granite-278m,MX-2025007733-A_zh_q_zh,zh,0,0,0,,0.0,gold
ibm-granite/granite-embedding-278m-multilingual,granite-278m,MX-2025008227-A_en_q_en,en,0,0,0,,0.0,gold
ibm-granite/granite-embedding-278m-multilingual,granite-278m,MX-2025008227-A_en_q_de,de,0,0,0,,0.0,gold
ibm-granite/granite-embedding-278m-multilingual,granite-278m,MX-2025008227-A_en_q_fr,fr,0,0,0,,0.0,gold
ibm-granite/granite-embedding-278m-multilingual,granite-278m,MX-2025008227-A_es_q_es,es,0,0,0,,0.0,gold
ibm-granite/granite-embedding-278m-multilingual,granite-278m,MX-2025008227-A_en_q_zh,zh,6,6,0,0.0,0.0,foreign
ibm-granite/granite-embedding-278m-multilingual,granite-278m,WO-2025186592-A8_en_q_en,en,0,0,0,,0.0,gold
ibm-granite/granite-embedding-278m-multilingual,granite-278m,WO-2025186592-A8_en_q_de,de,1,1,1,1.0,1.0,same
ibm-granite/granite-embedding-278m-multilingual,granite-278m,WO-2025186592-A8_fr_q_fr,fr,69,69,5,0.07246376811594203,1.0,foreign
ibm-granite/granite-embedding-278m-multilingual,granite-278m,WO-2025186592-A8_en_q_es,es,0,0,0,,0.0,gold
ibm-granite/granite-embedding-278m-multilingual,granite-278m,WO-2025186592-A8_en_q_zh,zh,6,6,6,1.0,1.0,same
ibm-granite/granite-embedding-278m-multilingual,granite-278m,MX-2025005709-A_en_q_en,en,20,20,11,0.55,1.0,same
ibm-granite/granite-embedding-278m-multilingual,granite-278m,MX-2025005709-A_en_q_de,de,90,90,10,0.1111111111111111,1.0,foreign
ibm-granite/granite-embedding-278m-multilingual,granite-278m,MX-2025005709-A_en_q_fr,fr,25,25,9,0.36,1.0,same
ibm-granite/granite-embedding-278m-multilingual,granite-278m,MX-2025005709-A_es_q_es,es,0,0,0,,0.0,gold
ibm-granite/granite-embedding-278m-multilingual,granite-278m,MX-2025005709-A_en_q_zh,zh,97,97,46,0.4742268041237113,1.0,same
ibm-granite/granite-embedding-278m-multilingual,granite-278m,MX-2025009739-A_en_q_en,en,3,3,1,0.3333333333333333,1.0,foreign
ibm-granite/granite-embedding-278m-multilingual,granite-278m,MX-2025009739-A_en_q_de,de,63,63,5,0.07936507936507936,1.0,foreign
ibm-granite/granite-embedding-278m-multilingual,granite-278m,MX-2025009739-A_en_q_fr,fr,14,14,3,0.21428571428571427,1.0,foreign
ibm-granite/granite-embedding-278m-multilingual,granite-278m,MX-2025009739-A_es_q_es,es,100,100,15,0.15,1.0,same
ibm-granite/granite-embedding-278m-multilingual,granite-278m,MX-2025009739-A_zh_q_zh,zh,0,0,0,,0.0,gold
ibm-granite/granite-embedding-278m-multilingual,granite-278m,MX-2025008260-A_en_q_en,en,1,1,0,0.0,0.0,foreign
ibm-granite/granite-embedding-278m-multilingual,granite-278m,MX-2025008260-A_en_q_de,de,41,41,14,0.34146341463414637,1.0,same
ibm-granite/granite-embedding-278m-multilingual,granite-278m,MX-2025008260-A_en_q_fr,fr,15,15,7,0.4666666666666667,1.0,same
ibm-granite/granite-embedding-278m-multilingual,granite-278m,MX-2025008260-A_es_q_es,es,41,41,16,0.3902439024390244,1.0,foreign
ibm-granite/granite-embedding-278m-multilingual,granite-278m,MX-2025008260-A_zh_q_zh,zh,3,3,1,0.3333333333333333,1.0,foreign
ibm-granite/granite-embedding-278m-multilingual,granite-278m,WO-2025216711-A1_en_q_en,en,0,0,0,,0.0,gold
ibm-granite/granite-embedding-278m-multilingual,granite-278m,WO-2025216711-A1_en_q_de,de,0,0,0,,0.0,gold
ibm-granite/granite-embedding-278m-multilingual,granite-278m,WO-2025216711-A1_fr_q_fr,fr,0,0,0,,0.0,gold
ibm-granite/granite-embedding-278m-multilingual,granite-278m,WO-2025216711-A1_en_q_es,es,0,0,0,,0.0,gold
ibm-granite/granite-embedding-278m-multilingual,granite-278m,WO-2025216711-A1_zh_q_zh,zh,0,0,0,,0.0,gold
sentence-transformers/LaBSE,LaBSE,EP-4633662-A1_en_q_en,en,17,17,1,0.058823529411764705,1.0,foreign
sentence-transformers/LaBSE,LaBSE,EP-4630509-A1_fr_q_fr,fr,0,0,0,,0.0,gold
sentence-transformers/LaBSE,LaBSE,EP-4634248-A1_en_q_es,es,100,100,11,0.11,1.0,foreign
sentence-transformers/LaBSE,LaBSE,EP-4634187-A1_en_q_es,es,100,100,37,0.37,1.0,foreign
sentence-transformers/LaBSE,LaBSE,EP-4634142-A1_fr_q_fr,fr,100,100,77,0.77,1.0,same
sentence-transformers/LaBSE,LaBSE,EP-4633768-A2_en_q_es,es,89,89,5,0.056179775280898875,1.0,foreign
sentence-transformers/LaBSE,LaBSE,EP-4633645-A1_fr_q_fr,fr,100,100,82,0.82,1.0,same
sentence-transformers/LaBSE,LaBSE,EP-4633622-A2_en_q_de,de,0,0,0,,0.0,gold
sentence-transformers/LaBSE,LaBSE,EP-4634601-A1_en_q_en,en,2,2,1,0.5,1.0,foreign
sentence-transformers/LaBSE,LaBSE,EP-4630626-A1_de_q_de,de,0,0,0,,0.0,gold
sentence-transformers/LaBSE,LaBSE,EP-4630600-A1_de_q_en,en,100,100,16,0.16,1.0,foreign
sentence-transformers/LaBSE,LaBSE,EP-4633632-A1_en_q_es,es,35,35,16,0.45714285714285713,1.0,foreign
sentence-transformers/LaBSE,LaBSE,EP-4634136-A1_en_q_es,es,100,100,5,0.05,1.0,foreign
sentence-transformers/LaBSE,LaBSE,EP-4634157-A1_en_q_de,de,32,32,10,0.3125,1.0,same
sentence-transformers/LaBSE,LaBSE,EP-4630574-A1_de_q_en,en,100,100,23,0.23,1.0,foreign
sentence-transformers/LaBSE,LaBSE,EP-4634111-A1_en_q_de,de,32,32,14,0.4375,1.0,same
sentence-transformers/LaBSE,LaBSE,EP-4634596-A1_en_q_es,es,100,100,5,0.05,1.0,foreign
sentence-transformers/LaBSE,LaBSE,EP-4634139-A1_en_q_es,es,2,2,0,0.0,0.0,foreign
sentence-transformers/LaBSE,LaBSE,WO-2025153617-A3_de_q_en,en,31,31,6,0.1935483870967742,1.0,same
sentence-transformers/LaBSE,LaBSE,EP-4634251-A1_en_q_es,es,100,100,18,0.18,1.0,foreign
sentence-transformers/LaBSE,LaBSE,EP-4634426-A1_en_q_es,es,100,100,9,0.09,1.0,same
sentence-transformers/LaBSE,LaBSE,EP-4634729-A1_en_q_de,de,0,0,0,,0.0,gold
sentence-transformers/LaBSE,LaBSE,EP-4626569-A1_de_q_en,en,33,33,4,0.12121212121212122,1.0,foreign
sentence-transformers/LaBSE,LaBSE,EP-4634394-A2_en_q_es,es,9,9,0,0.0,0.0,foreign
sentence-transformers/LaBSE,LaBSE,EP-4634424-A1_en_q_es,es,100,100,17,0.17,1.0,foreign
sentence-transformers/LaBSE,LaBSE,EP-4633602-A1_en_q_de,de,100,100,27,0.27,1.0,foreign
sentence-transformers/LaBSE,LaBSE,EP-4634337-A1_en_q_en,en,5,5,2,0.4,1.0,foreign
sentence-transformers/LaBSE,LaBSE,EP-4634128-A1_en_q_en,en,100,100,17,0.17,1.0,foreign
sentence-transformers/LaBSE,LaBSE,EP-4633896-A1_en_q_en,en,100,100,11,0.11,1.0,foreign
sentence-transformers/LaBSE,LaBSE,WO-2025215091-A1_fr_q_fr,fr,4,4,1,0.25,1.0,foreign
sentence-transformers/LaBSE,LaBSE,EP-4633599-A1_fr_q_fr,fr,4,4,4,1.0,1.0,same
sentence-transformers/LaBSE,LaBSE,EP-4633656-A1_fr_q_fr,fr,100,100,51,0.51,1.0,same
sentence-transformers/LaBSE,LaBSE,WO-2025208167-A1_de_q_de,de,30,30,14,0.4666666666666667,1.0,foreign
sentence-transformers/LaBSE,LaBSE,EP-4634396-A1_fr_q_fr,fr,0,0,0,,0.0,gold
sentence-transformers/LaBSE,LaBSE,EP-4633893-A1_fr_q_fr,fr,9,9,8,0.8888888888888888,1.0,same
sentence-transformers/LaBSE,LaBSE,EP-4633462-A1_en_q_en,en,0,0,0,,0.0,gold
sentence-transformers/LaBSE,LaBSE,EP-4633386-A1_en_q_en,en,100,100,19,0.19,1.0,foreign
sentence-transformers/LaBSE,LaBSE,EP-4633970-A1_fr_q_fr,fr,15,15,7,0.4666666666666667,1.0,foreign
sentence-transformers/LaBSE,LaBSE,EP-4633415-A1_en_q_en,en,25,25,4,0.16,1.0,foreign
sentence-transformers/LaBSE,LaBSE,EP-4633415-A1_en_q_de,de,100,100,36,0.36,1.0,foreign
sentence-transformers/LaBSE,LaBSE,EP-4633415-A1_fr_q_fr,fr,100,100,48,0.48,1.0,foreign
sentence-transformers/LaBSE,LaBSE,EP-4633415-A1_en_q_es,es,100,100,9,0.09,1.0,foreign
sentence-transformers/LaBSE,LaBSE,EP-4633950-A1_en_q_en,en,100,100,21,0.21,1.0,foreign
sentence-transformers/LaBSE,LaBSE,EP-4633950-A1_en_q_de,de,100,100,31,0.31,1.0,foreign
sentence-transformers/LaBSE,LaBSE,EP-4633950-A1_fr_q_fr,fr,100,100,47,0.47,1.0,same
sentence-transformers/LaBSE,LaBSE,EP-4633950-A1_en_q_es,es,100,100,8,0.08,1.0,foreign
sentence-transformers/LaBSE,LaBSE,EP-4634629-A1_en_q_en,en,100,100,31,0.31,1.0,foreign
sentence-transformers/LaBSE,LaBSE,EP-4634629-A1_de_q_de,de,24,24,3,0.125,1.0,foreign
sentence-transformers/LaBSE,LaBSE,EP-4634629-A1_fr_q_fr,fr,28,28,18,0.6428571428571429,1.0,foreign
sentence-transformers/LaBSE,LaBSE,EP-4634629-A1_en_q_es,es,29,29,1,0.034482758620689655,1.0,foreign
sentence-transformers/LaBSE,LaBSE,EP-4633582-A1_en_q_es,es,100,100,16,0.16,1.0,foreign
sentence-transformers/LaBSE,LaBSE,EP-4634165-A1_en_q_es,es,0,0,0,,0.0,gold
sentence-transformers/LaBSE,LaBSE,EP-4633677-A1_en_q_de,de,39,39,1,0.02564102564102564,1.0,foreign
sentence-transformers/LaBSE,LaBSE,EP-4634246-A1_en_q_en,en,100,100,17,0.17,1.0,foreign
sentence-transformers/LaBSE,LaBSE,EP-4634120-A1_en_q_de,de,100,100,28,0.28,1.0,foreign
sentence-transformers/LaBSE,LaBSE,EP-4633638-A1_en_q_en,en,0,0,0,,0.0,gold
sentence-transformers/LaBSE,LaBSE,EP-4633389-A1_en_q_en,en,0,0,0,,0.0,gold
sentence-transformers/LaBSE,LaBSE,WO-2025209629-A1_de_q_es,es,0,0,0,,0.0,gold
sentence-transformers/LaBSE,LaBSE,EP-4634132-A2_en_q_en,en,100,100,10,0.1,1.0,foreign
sentence-transformers/LaBSE,LaBSE,EP-4634914-A1_en_q_es,es,100,100,8,0.08,1.0,foreign
sentence-transformers/LaBSE,LaBSE,EP-4634285-A1_en_q_de,de,100,100,24,0.24,1.0,foreign
sentence-transformers/LaBSE,LaBSE,EP-4634122-A1_fr_q_fr,fr,100,100,66,0.66,1.0,same
sentence-transformers/LaBSE,LaBSE,EP-4634365-A1_fr_q_fr,fr,0,0,0,,0.0,gold
sentence-transformers/LaBSE,LaBSE,WO-2025214709-A1_de_q_es,es,1,1,0,0.0,0.0,foreign
sentence-transformers/LaBSE,LaBSE,EP-4633426-A2_en_q_es,es,5,5,1,0.2,1.0,foreign
sentence-transformers/LaBSE,LaBSE,EP-4630604-A1_de_q_es,es,0,0,0,,0.0,gold
sentence-transformers/LaBSE,LaBSE,EP-4634118-A1_en_q_es,es,93,93,13,0.13978494623655913,1.0,foreign
sentence-transformers/LaBSE,LaBSE,EP-4634404-A1_en_q_de,de,0,0,0,,0.0,gold
sentence-transformers/LaBSE,LaBSE,EP-4633465-A1_en_q_de,de,2,2,0,0.0,0.0,foreign
sentence-transformers/LaBSE,LaBSE,EP-4633680-A1_en_q_es,es,31,31,4,0.12903225806451613,1.0,foreign
sentence-transformers/LaBSE,LaBSE,WO-2025201606-A1_de_q_es,es,0,0,0,,0.0,gold
sentence-transformers/LaBSE,LaBSE,EP-4634435-A1_en_q_de,de,100,100,31,0.31,1.0,foreign
sentence-transformers/LaBSE,LaBSE,EP-4634143-A1_en_q_de,de,0,0,0,,0.0,gold
sentence-transformers/LaBSE,LaBSE,EP-4634411-A1_en_q_de,de,100,100,49,0.49,1.0,same
sentence-transformers/LaBSE,LaBSE,EP-4634287-A1_en_q_es,es,39,39,1,0.02564102564102564,1.0,foreign
sentence-transformers/LaBSE,LaBSE,EP-4633627-A1_en_q_de,de,0,0,0,,0.0,gold
sentence-transformers/LaBSE,LaBSE,EP-4633670-A1_fr_q_fr,fr,0,0,0,,0.0,gold
sentence-transformers/LaBSE,LaBSE,WO-2025202163-A1_fr_q_fr,fr,6,6,5,0.8333333333333334,1.0,same
sentence-transformers/LaBSE,LaBSE,WO-2025214852-A1_fr_q_fr,fr,4,4,3,0.75,1.0,same
sentence-transformers/LaBSE,LaBSE,WO-2025214996-A1_fr_q_fr,fr,34,34,23,0.6764705882352942,1.0,same
sentence-transformers/LaBSE,LaBSE,EP-4630123-A1_de_q_de,de,100,100,10,0.1,1.0,foreign
sentence-transformers/LaBSE,LaBSE,EP-4634646-A1_en_q_en,en,0,0,0,,0.0,gold
sentence-transformers/LaBSE,LaBSE,EP-4634294-A1_en_q_en,en,100,100,15,0.15,1.0,foreign
sentence-transformers/LaBSE,LaBSE,EP-4634436-A1_fr_q_fr,fr,1,1,1,1.0,1.0,same
sentence-transformers/LaBSE,LaBSE,EP-4633761-A1_en_q_en,en,100,100,12,0.12,1.0,same
sentence-transformers/LaBSE,LaBSE,WO-2025215167-A1_de_q_de,de,33,33,13,0.3939393939393939,1.0,foreign
sentence-transformers/LaBSE,LaBSE,EP-4626962-A1_de_q_en,en,0,0,0,,0.0,gold
sentence-transformers/LaBSE,LaBSE,EP-4626962-A1_de_q_de,de,1,1,0,0.0,0.0,foreign
sentence-transformers/LaBSE,LaBSE,EP-4626962-A1_fr_q_fr,fr,99,99,43,0.43434343434343436,1.0,foreign
sentence-transformers/LaBSE,LaBSE,EP-4626962-A1_de_q_es,es,4,4,0,0.0,0.0,foreign
sentence-transformers/LaBSE,LaBSE,WO-2025201936-A1_de_q_en,en,100,100,13,0.13,1.0,foreign
sentence-transformers/LaBSE,LaBSE,WO-2025201936-A1_fr_q_fr,fr,9,9,5,0.5555555555555556,1.0,same
sentence-transformers/LaBSE,LaBSE,WO-2025201936-A1_de_q_es,es,100,100,6,0.06,1.0,foreign
sentence-transformers/LaBSE,LaBSE,EP-4634597-A1_en_q_en,en,100,100,21,0.21,1.0,foreign
sentence-transformers/LaBSE,LaBSE,EP-4634597-A1_en_q_de,de,7,7,5,0.7142857142857143,1.0,same
sentence-transformers/LaBSE,LaBSE,EP-4634597-A1_fr_q_fr,fr,2,2,0,0.0,0.0,foreign
sentence-transformers/LaBSE,LaBSE,EP-4634597-A1_en_q_es,es,100,100,14,0.14,1.0,foreign
sentence-transformers/LaBSE,LaBSE,EP-4634381-A1_en_q_zh,zh,17,17,3,0.17647058823529413,1.0,same
sentence-transformers/LaBSE,LaBSE,EP-4633589-A1_en_q_zh,zh,100,100,2,0.02,1.0,foreign
sentence-transformers/LaBSE,LaBSE,EP-4627024-A1_de_q_zh,zh,100,100,7,0.07,1.0,foreign
sentence-transformers/LaBSE,LaBSE,EP-4634926-A1_en_q_zh,zh,100,100,1,0.01,1.0,foreign
sentence-transformers/LaBSE,LaBSE,EP-4633863-A2_en_q_zh,zh,7,7,1,0.14285714285714285,1.0,foreign
sentence-transformers/LaBSE,LaBSE,EP-4633797-A1_en_q_zh,zh,0,0,0,,0.0,gold
sentence-transformers/LaBSE,LaBSE,EP-4633777-A1_en_q_zh,zh,0,0,0,,0.0,gold
sentence-transformers/LaBSE,LaBSE,EP-4633621-A1_en_q_zh,zh,60,60,1,0.016666666666666666,1.0,foreign
sentence-transformers/LaBSE,LaBSE,EP-4634723-A1_en_q_zh,zh,100,100,0,0.0,0.0,foreign
sentence-transformers/LaBSE,LaBSE,EP-4633581-A1_en_q_zh,zh,100,100,4,0.04,1.0,foreign
sentence-transformers/LaBSE,LaBSE,EP-4634416-A1_en_q_zh,zh,0,0,0,,0.0,gold
sentence-transformers/LaBSE,LaBSE,EP-4634305-A1_en_q_zh,zh,0,0,0,,0.0,gold
sentence-transformers/LaBSE,LaBSE,EP-4633531-A1_en_q_zh,zh,2,2,0,0.0,0.0,foreign
sentence-transformers/LaBSE,LaBSE,EP-4634333-A1_en_q_zh,zh,100,100,2,0.02,1.0,foreign
sentence-transformers/LaBSE,LaBSE,EP-4634212-A1_en_q_zh,zh,0,0,0,,0.0,gold
sentence-transformers/LaBSE,LaBSE,EP-4629959-A1_de_q_zh,zh,100,100,4,0.04,1.0,foreign
sentence-transformers/LaBSE,LaBSE,EP-4627881-A1_de_q_zh,zh,27,27,2,0.07407407407407407,1.0,foreign
sentence-transformers/LaBSE,LaBSE,EP-4633576-A1_en_q_zh,zh,100,100,2,0.02,1.0,foreign
sentence-transformers/LaBSE,LaBSE,EP-4633742-A2_en_q_zh,zh,1,1,0,0.0,0.0,foreign
sentence-transformers/LaBSE,LaBSE,EP-4633791-A1_en_q_zh,zh,0,0,0,,0.0,gold
sentence-transformers/LaBSE,LaBSE,EP-4630574-A1_fr_q_fr,fr,100,100,65,0.65,1.0,same
sentence-transformers/LaBSE,LaBSE,EP-4634111-A1_fr_q_fr,fr,2,2,2,1.0,1.0,same
sentence-transformers/LaBSE,LaBSE,EP-4633622-A2_en_q_es,es,0,0,0,,0.0,gold
sentence-transformers/LaBSE,LaBSE,EP-4634187-A1_en_q_es_120,es,1,1,0,0.0,0.0,foreign
sentence-transformers/LaBSE,LaBSE,EP-4634139-A1_fr_q_fr,fr,4,4,4,1.0,1.0,same
sentence-transformers/LaBSE,LaBSE,EP-4634136-A1_en_q_en,en,16,16,2,0.125,1.0,foreign
sentence-transformers/LaBSE,LaBSE,EP-4634136-A1_en_q_de,de,25,25,9,0.36,1.0,foreign
sentence-transformers/LaBSE,LaBSE,EP-4634136-A1_fr_q_fr,fr,14,14,6,0.42857142857142855,1.0,same
sentence-transformers/LaBSE,LaBSE,EP-4634136-A1_en_q_es_125,es,100,100,14,0.14,1.0,foreign
sentence-transformers/LaBSE,LaBSE,q_126_zh,zh,100,100,1,0.01,1.0,foreign
sentence-transformers/LaBSE,LaBSE,EP-4634248-A1_en_q_en,en,100,100,35,0.35,1.0,foreign
sentence-transformers/LaBSE,LaBSE,EP-4634142-A1_en_q_es,es,9,9,1,0.1111111111111111,1.0,same
sentence-transformers/LaBSE,LaBSE,WO-2025214812-A1_de_q_es,es,33,33,1,0.030303030303030304,1.0,foreign
sentence-transformers/LaBSE,LaBSE,EP-4633662-A1_en_q_de,de,100,100,2,0.02,1.0,foreign
sentence-transformers/LaBSE,LaBSE,WO-2025153617-A3_de_q_de,de,3,3,3,1.0,1.0,same
sentence-transformers/LaBSE,LaBSE,EP-4634596-A1_en_q_en,en,0,0,0,,0.0,gold
sentence-transformers/LaBSE,LaBSE,EP-4634596-A1_en_q_de,de,1,1,0,0.0,0.0,foreign
sentence-transformers/LaBSE,LaBSE,EP-4634596-A1_fr_q_fr,fr,2,2,1,0.5,1.0,same
sentence-transformers/LaBSE,LaBSE,EP-4634596-A1_en_q_es_135,es,26,26,1,0.038461538461538464,1.0,foreign
sentence-transformers/LaBSE,LaBSE,q_136_zh,zh,6,6,1,0.16666666666666666,1.0,foreign
sentence-transformers/LaBSE,LaBSE,EP-4626887-A1_en_q_en,en,11,11,3,0.2727272727272727,1.0,foreign
sentence-transformers/LaBSE,LaBSE,EP-4630033-A1_en_q_en,en,0,0,0,,0.0,gold
sentence-transformers/LaBSE,LaBSE,EP-4532639-A1_fr_q_fr,fr,100,100,45,0.45,1.0,foreign
sentence-transformers/LaBSE,LaBSE,EP-4627010-A1_en_q_de,de,100,100,31,0.31,1.0,foreign
sentence-transformers/LaBSE,LaBSE,EP-4626937-A1_en_q_de,de,3,3,0,0.0,0.0,foreign
sentence-transformers/LaBSE,LaBSE,WO-2022119476-A1_en_q_de,de,45,45,13,0.28888888888888886,1.0,foreign
sentence-transformers/LaBSE,LaBSE,WO-2025131900-A1_en_q_en,en,85,85,20,0.23529411764705882,1.0,foreign
sentence-transformers/LaBSE,LaBSE,WO-2025200741-A1_en_q_zh,zh,100,100,2,0.02,1.0,foreign
sentence-transformers/LaBSE,LaBSE,MX-2025009603-A_en_q_en,en,4,4,1,0.25,1.0,same
sentence-transformers/LaBSE,LaBSE,MX-2025009952-A_en_q_zh,zh,0,0,0,,0.0,gold
sentence-transformers/LaBSE,LaBSE,WO-2025150253-A1_en_q_es,es,100,100,11,0.11,1.0,foreign
sentence-transformers/LaBSE,LaBSE,WO-2025186929-A8_en_q_en,en,4,4,0,0.0,0.0,foreign
sentence-transformers/LaBSE,LaBSE,WO-2025211042-A1_en_q_en,en,0,0,0,,0.0,gold
sentence-transformers/LaBSE,LaBSE,WO-2025209205-A1_en_q_en,en,100,100,21,0.21,1.0,same
sentence-transformers/LaBSE,LaBSE,WO-2025207982-A1_en_q_de,de,0,0,0,,0.0,gold
sentence-transformers/LaBSE,LaBSE,WO-2025210325-A1_en_q_de,de,100,100,39,0.39,1.0,foreign
sentence-transformers/LaBSE,LaBSE,WO-2025216427-A1_zh_q_zh,zh,9,9,0,0.0,0.0,foreign
sentence-transformers/LaBSE,LaBSE,WO-2025197823-A1_zh_q_zh,zh,100,100,0,0.0,0.0,foreign
sentence-transformers/LaBSE,LaBSE,MX-2025002756-A_en_q_en,en,1,1,0,0.0,0.0,foreign
sentence-transformers/LaBSE,LaBSE,WO-2025202632-A1_en_q_en,en,5,5,1,0.2,1.0,foreign
sentence-transformers/LaBSE,LaBSE,EP-4627608-A1_en_q_en,en,100,100,10,0.1,1.0,foreign
sentence-transformers/LaBSE,LaBSE,EP-4634668-A1_fr_q_fr,fr,0,0,0,,0.0,gold
sentence-transformers/LaBSE,LaBSE,MX-2025009965-A_en_q_de,de,100,100,32,0.32,1.0,same
sentence-transformers/LaBSE,LaBSE,WO-2025164300-A1_en_q_de,de,100,100,26,0.26,1.0,same
sentence-transformers/LaBSE,LaBSE,MX-2025009189-A_en_q_de,de,7,7,2,0.2857142857142857,1.0,foreign
sentence-transformers/LaBSE,LaBSE,WO-2024253632-A1_en_q_en,en,100,100,24,0.24,1.0,foreign
sentence-transformers/LaBSE,LaBSE,WO-2025216023-A1_zh_q_zh,zh,2,2,0,0.0,0.0,foreign
sentence-transformers/LaBSE,LaBSE,WO-2025211128-A1_en_q_en,en,0,0,0,,0.0,gold
sentence-transformers/LaBSE,LaBSE,MX-2025010237-A_en_q_zh,zh,0,0,0,,0.0,gold
sentence-transformers/LaBSE,LaBSE,EP-4633785-A2_en_q_es,es,1,1,0,0.0,0.0,foreign
sentence-transformers/LaBSE,LaBSE,MX-2025005737-A_en_q_en,en,100,100,24,0.24,1.0,foreign
sentence-transformers/LaBSE,LaBSE,MX-2025010606-A_en_q_en,en,0,0,0,,0.0,gold
sentence-transformers/LaBSE,LaBSE,MX-2025010877-A_en_q_en,en,0,0,0,,0.0,gold
sentence-transformers/LaBSE,LaBSE,EP-4584035-A1_de_q_de,de,13,13,4,0.3076923076923077,1.0,foreign
sentence-transformers/LaBSE,LaBSE,WO-2025170306-A1_en_q_de,de,100,100,6,0.06,1.0,foreign
sentence-transformers/LaBSE,LaBSE,WO-2025210569-A1_zh_q_zh,zh,100,100,4,0.04,1.0,same
sentence-transformers/LaBSE,LaBSE,MX-2025010084-A_en_q_zh,zh,79,79,6,0.0759493670886076,1.0,foreign
sentence-transformers/LaBSE,LaBSE,WO-2025186542-A8_en_q_en,en,3,3,0,0.0,0.0,foreign
sentence-transformers/LaBSE,LaBSE,WO-2025206130-A1_zh_q_zh,zh,100,100,4,0.04,1.0,foreign
sentence-transformers/LaBSE,LaBSE,WO-2025208054-A1_en_q_de,de,0,0,0,,0.0,gold
sentence-transformers/LaBSE,LaBSE,WO-2025201708-A1_en_q_zh,zh,42,42,1,0.023809523809523808,1.0,foreign
sentence-transformers/LaBSE,LaBSE,WO-2025141238-A1_es_q_es,es,100,100,23,0.23,1.0,foreign
sentence-transformers/LaBSE,LaBSE,MX-2025004351-A_en_q_en,en,0,0,0,,0.0,gold
sentence-transformers/LaBSE,LaBSE,WO-2025200809-A1_en_q_en,en,6,6,2,0.3333333333333333,1.0,same
sentence-transformers/LaBSE,LaBSE,WO-2025201644-A1_fr_q_fr,fr,28,28,9,0.32142857142857145,1.0,foreign
sentence-transformers/LaBSE,LaBSE,MX-2025003633-A_en_q_de,de,100,100,9,0.09,1.0,foreign
sentence-transformers/LaBSE,LaBSE,WO-2025170482-A1_en_q_de,de,2,2,0,0.0,0.0,foreign
sentence-transformers/LaBSE,LaBSE,MX-2025002762-A_en_q_en,en,100,100,3,0.03,1.0,foreign
sentence-transformers/LaBSE,LaBSE,MX-2025009196-A_en_q_de,de,100,100,21,0.21,1.0,foreign
sentence-transformers/LaBSE,LaBSE,EP-4584246-A1_en_q_zh,zh,0,0,0,,0.0,gold
sentence-transformers/LaBSE,LaBSE,WO-2022031256-A1_en_q_zh,zh,100,100,3,0.03,1.0,same
sentence-transformers/LaBSE,LaBSE,ES-3035119-A1_en_q_fr,fr,100,100,60,0.6,1.0,foreign
sentence-transformers/LaBSE,LaBSE,WO-2022231470-A1_en_q_de,de,88,88,42,0.4772727272727273,1.0,foreign
sentence-transformers/LaBSE,LaBSE,EP-4627127-A1_en_q_de,de,30,30,7,0.23333333333333334,1.0,foreign
sentence-transformers/LaBSE,LaBSE,WO-2025185983-A1_en_q_es,es,100,100,10,0.1,1.0,foreign
sentence-transformers/LaBSE,LaBSE,EP-4627015-A1_en_q_de,de,100,100,35,0.35,1.0,same
sentence-transformers/LaBSE,LaBSE,WO-2025212979-A1_en_q_de,de,100,100,13,0.13,1.0,foreign
sentence-transformers/LaBSE,LaBSE,MX-2025010953-A_en_q_zh,zh,0,0,0,,0.0,gold
sentence-transformers/LaBSE,LaBSE,WO-2025207427-A1_en_q_de,de,8,8,2,0.25,1.0,foreign
sentence-transformers/LaBSE,LaBSE,MX-2025007532-A_en_q_de,de,21,21,1,0.047619047619047616,1.0,foreign
sentence-transformers/LaBSE,LaBSE,EP-4627092-A1_en_q_zh,zh,0,0,0,,0.0,gold
sentence-transformers/LaBSE,LaBSE,EP-4584229-A1_en_q_es,es,100,100,20,0.2,1.0,foreign
sentence-transformers/LaBSE,LaBSE,WO-2024054196-A1_en_q_zh,zh,100,100,0,0.0,0.0,foreign
sentence-transformers/LaBSE,LaBSE,WO-2025164618-A1_en_q_es,es,100,100,6,0.06,1.0,foreign
sentence-transformers/LaBSE,LaBSE,EP-4626889-A1_en_q_es,es,42,42,9,0.21428571428571427,1.0,foreign
sentence-transformers/LaBSE,LaBSE,MX-2025004761-A_en_q_zh,zh,49,49,0,0.0,0.0,foreign
sentence-transformers/LaBSE,LaBSE,MX-2025009867-A_en_q_de,de,100,100,12,0.12,1.0,foreign
sentence-transformers/LaBSE,LaBSE,WO-03042409-A3_en_q_es,es,60,60,3,0.05,1.0,foreign
sentence-transformers/LaBSE,LaBSE,WO-2025212474-A1_en_q_de,de,28,28,12,0.42857142857142855,1.0,foreign
sentence-transformers/LaBSE,LaBSE,ES-3028671-A1_en_q_zh,zh,90,90,2,0.022222222222222223,1.0,foreign
sentence-transformers/LaBSE,LaBSE,WO-2025212467-A1_en_q_de,de,1,1,0,0.0,0.0,foreign
sentence-transformers/LaBSE,LaBSE,MX-2025009862-A_en_q_fr,fr,0,0,0,,0.0,gold
sentence-transformers/LaBSE,LaBSE,EP-4566167-A1_en_q_es,es,1,1,0,0.0,0.0,foreign
sentence-transformers/LaBSE,LaBSE,WO-2025216937-A1_en_q_es,es,22,22,0,0.0,0.0,foreign
sentence-transformers/LaBSE,LaBSE,EP-4630021-A1_en_q_de,de,5,5,0,0.0,0.0,foreign
sentence-transformers/LaBSE,LaBSE,MX-2025007206-A_en_q_de,de,100,100,18,0.18,1.0,foreign
sentence-transformers/LaBSE,LaBSE,EP-4504821-A1_en_q_es,es,100,100,10,0.1,1.0,foreign
sentence-transformers/LaBSE,LaBSE,WO-2025205793-A1_en_q_de,de,100,100,26,0.26,1.0,foreign
sentence-transformers/LaBSE,LaBSE,WO-2025206825-A1_en_q_de,de,96,96,29,0.3020833333333333,1.0,same
sentence-transformers/LaBSE,LaBSE,EP-4568770-A1_en_q_es,es,90,90,3,0.03333333333333333,1.0,foreign
sentence-transformers/LaBSE,LaBSE,WO-2025188827-A8_en_q_es,es,98,98,7,0.07142857142857142,1.0,foreign
sentence-transformers/LaBSE,LaBSE,MX-2025008259-A_en_q_fr,fr,100,100,58,0.58,1.0,foreign
sentence-transformers/LaBSE,LaBSE,WO-2025132504-A1_en_q_es,es,100,100,16,0.16,1.0,foreign
sentence-transformers/LaBSE,LaBSE,MX-2025007237-A_en_q_fr,fr,100,100,61,0.61,1.0,same
sentence-transformers/LaBSE,LaBSE,MX-2025005647-A_en_q_zh,zh,100,100,0,0.0,0.0,foreign
sentence-transformers/LaBSE,LaBSE,WO-2025214411-A1_en_q_de,de,13,13,1,0.07692307692307693,1.0,foreign
sentence-transformers/LaBSE,LaBSE,EP-4623093-A2_en_q_es,es,0,0,0,,0.0,gold
sentence-transformers/LaBSE,LaBSE,EP-4634148-A1_en_q_de,de,0,0,0,,0.0,gold
sentence-transformers/LaBSE,LaBSE,WO-2025202170-A1_en_q_es,es,100,100,1,0.01,1.0,same
sentence-transformers/LaBSE,LaBSE,EP-4507673-A1_en_q_de,de,100,100,16,0.16,1.0,foreign
sentence-transformers/LaBSE,LaBSE,MX-2025007577-A_en_q_fr,fr,100,100,50,0.5,1.0,foreign
sentence-transformers/LaBSE,LaBSE,MX-2025009131-A_en_q_zh,zh,100,100,7,0.07,1.0,foreign
sentence-transformers/LaBSE,LaBSE,MX-2025009990-A_en_q_zh,zh,1,1,0,0.0,0.0,foreign
sentence-transformers/LaBSE,LaBSE,WO-2023153953-A1_en_q_es,es,100,100,19,0.19,1.0,foreign
sentence-transformers/LaBSE,LaBSE,WO-2025183548-A1_en_q_de,de,100,100,5,0.05,1.0,foreign
sentence-transformers/LaBSE,LaBSE,WO-2025007163-A1_en_q_de,de,100,100,42,0.42,1.0,foreign
sentence-transformers/LaBSE,LaBSE,WO-2025206959-A1_en_q_de,de,0,0,0,,0.0,gold
sentence-transformers/LaBSE,LaBSE,WO-2025207810-A1_en_q_zh,zh,5,5,0,0.0,0.0,foreign
sentence-transformers/LaBSE,LaBSE,WO-2025215476-A1_en_q_de,de,100,100,35,0.35,1.0,same
sentence-transformers/LaBSE,LaBSE,WO-2023149795-A1_en_q_en,en,100,100,16,0.16,1.0,foreign
sentence-transformers/LaBSE,LaBSE,WO-2022124934-A1_en_q_es,es,100,100,26,0.26,1.0,foreign
sentence-transformers/LaBSE,LaBSE,WO-2025187134-A8_en_q_en,en,100,100,8,0.08,1.0,foreign
sentence-transformers/LaBSE,LaBSE,WO-2023200358-A1_en_q_en,en,100,100,7,0.07,1.0,foreign
sentence-transformers/LaBSE,LaBSE,WO-2025216105-A1_fr_q_fr,fr,44,44,17,0.38636363636363635,1.0,foreign
sentence-transformers/LaBSE,LaBSE,MX-2025005014-A_es_q_es,es,100,100,28,0.28,1.0,foreign
sentence-transformers/LaBSE,LaBSE,WO-2025216873-A1_fr_q_fr,fr,0,0,0,,0.0,gold
sentence-transformers/LaBSE,LaBSE,WO-2025205780-A1_zh_q_zh,zh,19,19,1,0.05263157894736842,1.0,foreign
sentence-transformers/LaBSE,LaBSE,MX-2025009666-A_en_q_en,en,100,100,17,0.17,1.0,same
sentence-transformers/LaBSE,LaBSE,WO-2025212049-A1_fr_q_fr,fr,100,100,68,0.68,1.0,same
sentence-transformers/LaBSE,LaBSE,EP-4627347-A1_fr_q_fr,fr,0,0,0,,0.0,gold
sentence-transformers/LaBSE,LaBSE,MX-2025004786-A_es_q_es,es,0,0,0,,0.0,gold
sentence-transformers/LaBSE,LaBSE,WO-2024063632-A1_en_q_en,en,100,100,7,0.07,1.0,same
sentence-transformers/LaBSE,LaBSE,WO-2025206783-A1_fr_q_fr,fr,1,1,0,0.0,0.0,foreign
sentence-transformers/LaBSE,LaBSE,MX-2025010991-A_en_q_en,en,100,100,19,0.19,1.0,foreign
sentence-transformers/LaBSE,LaBSE,MX-2025006977-A_en_q_en,en,0,0,0,,0.0,gold
sentence-transformers/LaBSE,LaBSE,MX-2025008400-A_en_q_en,en,0,0,0,,0.0,gold
sentence-transformers/LaBSE,LaBSE,WO-2025132390-A1_de_q_de,de,5,5,1,0.2,1.0,foreign
sentence-transformers/LaBSE,LaBSE,WO-2025204766-A1_fr_q_fr,fr,0,0,0,,0.0,gold
sentence-transformers/LaBSE,LaBSE,WO-2025098664-A1_de_q_de,de,0,0,0,,0.0,gold
sentence-transformers/LaBSE,LaBSE,EP-4627583-A1_en_q_en,en,4,4,0,0.0,0.0,foreign
sentence-transformers/LaBSE,LaBSE,EP-4630558-A2_zh_q_zh,zh,100,100,0,0.0,0.0,foreign
sentence-transformers/LaBSE,LaBSE,MX-2025010573-A_es_q_es,es,5,5,3,0.6,1.0,same
sentence-transformers/LaBSE,LaBSE,WO-2025210917-A1_fr_q_fr,fr,14,14,11,0.7857142857142857,1.0,same
sentence-transformers/LaBSE,LaBSE,WO-2025150394-A1_en_q_en,en,5,5,1,0.2,1.0,foreign
sentence-transformers/LaBSE,LaBSE,MX-2025005728-A_en_q_en,en,100,100,12,0.12,1.0,foreign
sentence-transformers/LaBSE,LaBSE,WO-2025177605-A1_fr_q_fr,fr,50,50,36,0.72,1.0,same
sentence-transformers/LaBSE,LaBSE,MX-2025006958-A_en_q_en,en,3,3,1,0.3333333333333333,1.0,foreign
sentence-transformers/LaBSE,LaBSE,EP-4551675-A1_de_q_de,de,36,36,16,0.4444444444444444,1.0,same
sentence-transformers/LaBSE,LaBSE,EP-4627325-A1_fr_q_fr,fr,100,100,70,0.7,1.0,same
sentence-transformers/LaBSE,LaBSE,WO-2025208050-A2_en_q_en,en,0,0,0,,0.0,gold
sentence-transformers/LaBSE,LaBSE,WO-2025202994-A1_fr_q_fr,fr,20,20,19,0.95,1.0,same
sentence-transformers/LaBSE,LaBSE,MX-2025006551-A_en_q_en,en,1,1,0,0.0,0.0,foreign
sentence-transformers/LaBSE,LaBSE,WO-2005069422-A1_en_q_en,en,0,0,0,,0.0,gold
sentence-transformers/LaBSE,LaBSE,WO-2025194610-A1_fr_q_fr,fr,5,5,3,0.6,1.0,same
sentence-transformers/LaBSE,LaBSE,MX-2025001644-A_zh_q_zh,zh,0,0,0,,0.0,gold
sentence-transformers/LaBSE,LaBSE,WO-2025216492-A1_fr_q_fr,fr,0,0,0,,0.0,gold
sentence-transformers/LaBSE,LaBSE,WO-2025216629-A1_fr_q_fr,fr,100,100,80,0.8,1.0,same
sentence-transformers/LaBSE,LaBSE,MX-2025005081-A_en_q_en,en,3,3,1,0.3333333333333333,1.0,foreign
sentence-transformers/LaBSE,LaBSE,WO-2025205506-A1_fr_q_fr,fr,0,0,0,,0.0,gold
sentence-transformers/LaBSE,LaBSE,WO-2025132391-A1_de_q_de,de,8,8,2,0.25,1.0,same
sentence-transformers/LaBSE,LaBSE,WO-2025205634-A1_en_q_en,en,0,0,0,,0.0,gold
sentence-transformers/LaBSE,LaBSE,WO-2025120243-A1_es_q_es,es,100,100,26,0.26,1.0,foreign
sentence-transformers/LaBSE,LaBSE,WO-2025201672-A1_fr_q_fr,fr,0,0,0,,0.0,gold
sentence-transformers/LaBSE,LaBSE,MX-2025008970-A_es_q_es,es,0,0,0,,0.0,gold
sentence-transformers/LaBSE,LaBSE,MX-2025009075-A_zh_q_zh,zh,0,0,0,,0.0,gold
sentence-transformers/LaBSE,LaBSE,WO-2025210445-A1_fr_q_fr,fr,100,100,42,0.42,1.0,foreign
sentence-transformers/LaBSE,LaBSE,WO-2025206090-A1_fr_q_fr,fr,1,1,1,1.0,1.0,same
sentence-transformers/LaBSE,LaBSE,MX-2025006643-A_en_q_en,en,0,0,0,,0.0,gold
sentence-transformers/LaBSE,LaBSE,MX-2025010190-A_en_q_en,en,0,0,0,,0.0,gold
sentence-transformers/LaBSE,LaBSE,EP-4577789-A1_zh_q_zh,zh,34,34,1,0.029411764705882353,1.0,foreign
sentence-transformers/LaBSE,LaBSE,WO-2025204469-A1_en_q_en,en,7,7,0,0.0,0.0,foreign
sentence-transformers/LaBSE,LaBSE,WO-2025204469-A1_en_q_de,de,7,7,2,0.2857142857142857,1.0,same
sentence-transformers/LaBSE,LaBSE,WO-2025204469-A1_fr_q_fr,fr,100,100,68,0.68,1.0,foreign
sentence-transformers/LaBSE,LaBSE,WO-2025204469-A1_en_q_es,es,100,100,13,0.13,1.0,foreign
sentence-transformers/LaBSE,LaBSE,WO-2025204469-A1_zh_q_zh,zh,100,100,5,0.05,1.0,foreign
sentence-transformers/LaBSE,LaBSE,MX-2025010085-A_en_q_en,en,16,16,2,0.125,1.0,foreign
sentence-transformers/LaBSE,LaBSE,MX-2025010085-A_en_q_de,de,0,0,0,,0.0,gold
sentence-transformers/LaBSE,LaBSE,MX-2025010085-A_en_q_fr,fr,100,100,75,0.75,1.0,same
sentence-transformers/LaBSE,LaBSE,MX-2025010085-A_es_q_es,es,100,100,15,0.15,1.0,foreign
sentence-transformers/LaBSE,LaBSE,MX-2025010085-A_en_q_zh,zh,100,100,7,0.07,1.0,foreign
sentence-transformers/LaBSE,LaBSE,MX-2025005421-A_en_q_en,en,100,100,7,0.07,1.0,foreign
sentence-transformers/LaBSE,LaBSE,MX-2025005421-A_en_q_de,de,100,100,4,0.04,1.0,foreign
sentence-transformers/LaBSE,LaBSE,MX-2025005421-A_en_q_fr,fr,100,100,71,0.71,1.0,same
sentence-transformers/LaBSE,LaBSE,MX-2025005421-A_es_q_es,es,100,100,29,0.29,1.0,same
sentence-transformers/LaBSE,LaBSE,MX-2025005421-A_en_q_zh,zh,100,100,0,0.0,0.0,foreign
sentence-transformers/LaBSE,LaBSE,MX-2025002688-A_en_q_en,en,100,100,14,0.14,1.0,foreign
sentence-transformers/LaBSE,LaBSE,MX-2025002688-A_en_q_de,de,100,100,14,0.14,1.0,foreign
sentence-transformers/LaBSE,LaBSE,MX-2025002688-A_en_q_fr,fr,51,51,33,0.6470588235294118,1.0,same
sentence-transformers/LaBSE,LaBSE,MX-2025002688-A_es_q_es,es,1,1,0,0.0,0.0,foreign
sentence-transformers/LaBSE,LaBSE,MX-2025002688-A_en_q_zh,zh,19,19,1,0.05263157894736842,1.0,same
sentence-transformers/LaBSE,LaBSE,WO-2025211147-A1_en_q_en,en,100,100,22,0.22,1.0,foreign
sentence-transformers/LaBSE,LaBSE,WO-2025211147-A1_en_q_de,de,100,100,23,0.23,1.0,foreign
sentence-transformers/LaBSE,LaBSE,WO-2025211147-A1_fr_q_fr,fr,0,0,0,,0.0,gold
sentence-transformers/LaBSE,LaBSE,WO-2025211147-A1_en_q_es,es,3,3,0,0.0,0.0,foreign
sentence-transformers/LaBSE,LaBSE,WO-2025211147-A1_en_q_zh,zh,100,100,6,0.06,1.0,foreign
sentence-transformers/LaBSE,LaBSE,WO-2025187712-A8_en_q_en,en,0,0,0,,0.0,gold
sentence-transformers/LaBSE,LaBSE,WO-2025187712-A8_en_q_de,de,100,100,24,0.24,1.0,foreign
sentence-transformers/LaBSE,LaBSE,WO-2025187712-A8_fr_q_fr,fr,100,100,72,0.72,1.0,same
sentence-transformers/LaBSE,LaBSE,WO-2025187712-A8_en_q_es,es,100,100,13,0.13,1.0,foreign
sentence-transformers/LaBSE,LaBSE,WO-2025187712-A8_en_q_zh,zh,100,100,1,0.01,1.0,foreign
sentence-transformers/LaBSE,LaBSE,EP-4630253-A1_en_q_en,en,47,47,13,0.2765957446808511,1.0,foreign
sentence-transformers/LaBSE,LaBSE,EP-4630253-A1_en_q_de,de,79,79,26,0.3291139240506329,1.0,foreign
sentence-transformers/LaBSE,LaBSE,EP-4630253-A1_fr_q_fr,fr,100,100,57,0.57,1.0,same
sentence-transformers/LaBSE,LaBSE,EP-4630253-A1_en_q_es,es,100,100,11,0.11,1.0,foreign
sentence-transformers/LaBSE,LaBSE,EP-4630253-A1_zh_q_zh,zh,100,100,0,0.0,0.0,foreign
sentence-transformers/LaBSE,LaBSE,MX-2025007798-A_en_q_en,en,0,0,0,,0.0,gold
sentence-transformers/LaBSE,LaBSE,WO-2025206382-A1_en_q_en,en,6,6,1,0.16666666666666666,1.0,foreign
sentence-transformers/LaBSE,LaBSE,MX-2025009144-A_en_q_en,en,61,61,11,0.18032786885245902,1.0,foreign
sentence-transformers/LaBSE,LaBSE,WO-2025206195-A1_en_q_de,de,32,32,13,0.40625,1.0,same
sentence-transformers/LaBSE,LaBSE,WO-2024128938-A1_en_q_de,de,0,0,0,,0.0,gold
sentence-transformers/LaBSE,LaBSE,MX-2025007510-A_es_q_es,es,100,100,27,0.27,1.0,foreign
sentence-transformers/LaBSE,LaBSE,WO-2025172752-A1_en_q_en,en,0,0,0,,0.0,gold
sentence-transformers/LaBSE,LaBSE,WO-2024245507-A9_en_q_en,en,27,27,3,0.1111111111111111,1.0,foreign
sentence-transformers/LaBSE,LaBSE,WO-2024245507-A9_de_q_de,de,0,0,0,,0.0,gold
sentence-transformers/LaBSE,LaBSE,WO-2024245507-A9_fr_q_fr,fr,6,6,6,1.0,1.0,same
sentence-transformers/LaBSE,LaBSE,WO-2024245507-A9_en_q_es,es,0,0,0,,0.0,gold
sentence-transformers/LaBSE,LaBSE,WO-2024245507-A9_en_q_zh,zh,0,0,0,,0.0,gold
sentence-transformers/LaBSE,LaBSE,EP-4630245-A1_zh_q_zh,zh,3,3,0,0.0,0.0,foreign
sentence-transformers/LaBSE,LaBSE,WO-2025192625-A1_en_q_en,en,8,8,0,0.0,0.0,foreign
sentence-transformers/LaBSE,LaBSE,WO-2025192625-A1_en_q_de,de,100,100,44,0.44,1.0,same
sentence-transformers/LaBSE,LaBSE,WO-2025192625-A1_fr_q_fr,fr,36,36,18,0.5,1.0,foreign
sentence-transformers/LaBSE,LaBSE,WO-2025192625-A1_en_q_es,es,45,45,4,0.08888888888888889,1.0,foreign
sentence-transformers/LaBSE,LaBSE,WO-2025192625-A1_zh_q_zh,zh,13,13,0,0.0,0.0,foreign
sentence-transformers/LaBSE,LaBSE,MX-2025006818-A_es_q_es,es,3,3,0,0.0,0.0,foreign
sentence-transformers/LaBSE,LaBSE,MX-2025007695-A_es_q_es,es,0,0,0,,0.0,gold
sentence-transformers/LaBSE,LaBSE,WO-2025187736-A8_en_q_zh,zh,15,15,1,0.06666666666666667,1.0,foreign
sentence-transformers/LaBSE,LaBSE,WO-2025203012-A1_en_q_es,es,17,17,8,0.47058823529411764,1.0,same
sentence-transformers/LaBSE,LaBSE,EP-4626837-A1_en_q_zh,zh,0,0,0,,0.0,gold
sentence-transformers/LaBSE,LaBSE,WO-2025202104-A1_zh_q_zh,zh,0,0,0,,0.0,gold
sentence-transformers/LaBSE,LaBSE,EP-4626928-A2_fr_q_fr,fr,43,43,33,0.7674418604651163,1.0,same
sentence-transformers/LaBSE,LaBSE,MX-2025008327-A_en_q_en,en,100,100,10,0.1,1.0,foreign
sentence-transformers/LaBSE,LaBSE,EP-4634127-A1_en_q_en,en,5,5,2,0.4,1.0,foreign
sentence-transformers/LaBSE,LaBSE,WO-2024058685-A1_en_q_zh,zh,0,0,0,,0.0,gold
sentence-transformers/LaBSE,LaBSE,WO-2024089298-A9_fr_q_fr,fr,7,7,2,0.2857142857142857,1.0,same
sentence-transformers/LaBSE,LaBSE,MX-2025010028-A_en_q_en,en,0,0,0,,0.0,gold
sentence-transformers/LaBSE,LaBSE,WO-2025202253-A1_en_q_es,es,0,0,0,,0.0,gold
sentence-transformers/LaBSE,LaBSE,MX-2025009821-A_es_q_es,es,50,50,9,0.18,1.0,foreign
sentence-transformers/LaBSE,LaBSE,MX-2025006624-A_en_q_fr,fr,100,100,59,0.59,1.0,same
sentence-transformers/LaBSE,LaBSE,MX-2025003345-A_en_q_de,de,22,22,2,0.09090909090909091,1.0,foreign
sentence-transformers/LaBSE,LaBSE,WO-2024259508-A1_en_q_en,en,87,87,18,0.20689655172413793,1.0,foreign
sentence-transformers/LaBSE,LaBSE,EP-4630051-A1_fr_q_fr,fr,0,0,0,,0.0,gold
sentence-transformers/LaBSE,LaBSE,MX-2025010268-A_en_q_zh,zh,23,23,1,0.043478260869565216,1.0,foreign
sentence-transformers/LaBSE,LaBSE,WO-2025212655-A1_en_q_de,de,0,0,0,,0.0,gold
sentence-transformers/LaBSE,LaBSE,WO-2025205978-A1_en_q_en,en,0,0,0,,0.0,gold
sentence-transformers/LaBSE,LaBSE,WO-2025206105-A1_zh_q_zh,zh,0,0,0,,0.0,gold
sentence-transformers/LaBSE,LaBSE,EP-4633669-A2_fr_q_fr,fr,4,4,2,0.5,1.0,same
sentence-transformers/LaBSE,LaBSE,WO-2025021351-A1_en_q_zh,zh,0,0,0,,0.0,gold
sentence-transformers/LaBSE,LaBSE,WO-2025187706-A8_fr_q_fr,fr,100,100,59,0.59,1.0,same
sentence-transformers/LaBSE,LaBSE,EP-4623104-A1_zh_q_zh,zh,1,1,0,0.0,0.0,foreign
sentence-transformers/LaBSE,LaBSE,WO-2025164232-A1_en_q_de,de,3,3,0,0.0,0.0,foreign
sentence-transformers/LaBSE,LaBSE,WO-2025206823-A1_en_q_de,de,8,8,1,0.125,1.0,foreign
sentence-transformers/LaBSE,LaBSE,EP-4626944-A1_en_q_de,de,100,100,30,0.3,1.0,same
sentence-transformers/LaBSE,LaBSE,EP-4626879-A1_en_q_en,en,0,0,0,,0.0,gold
sentence-transformers/LaBSE,LaBSE,EP-4626874-A1_en_q_zh,zh,5,5,0,0.0,0.0,foreign
sentence-transformers/LaBSE,LaBSE,MX-2025008798-A_en_q_fr,fr,21,21,14,0.6666666666666666,1.0,same
sentence-transformers/LaBSE,LaBSE,MX-2025005939-A_es_q_es,es,100,100,5,0.05,1.0,same
sentence-transformers/LaBSE,LaBSE,WO-2025204745-A1_en_q_zh,zh,100,100,1,0.01,1.0,foreign
sentence-transformers/LaBSE,LaBSE,WO-2025217208-A1_en_q_en,en,2,2,1,0.5,1.0,foreign
sentence-transformers/LaBSE,LaBSE,WO-2025205163-A1_en_q_en,en,2,2,0,0.0,0.0,foreign
sentence-transformers/LaBSE,LaBSE,WO-2025186172-A8_fr_q_fr,fr,0,0,0,,0.0,gold
sentence-transformers/LaBSE,LaBSE,WO-2025188156-A8_en_q_de,de,100,100,46,0.46,1.0,foreign
sentence-transformers/LaBSE,LaBSE,MX-2025009759-A_en_q_fr,fr,0,0,0,,0.0,gold
sentence-transformers/LaBSE,LaBSE,WO-2025189017-A8_en_q_de,de,0,0,0,,0.0,gold
sentence-transformers/LaBSE,LaBSE,CR-20250096-A_en_q_zh,zh,2,2,0,0.0,0.0,foreign
sentence-transformers/LaBSE,LaBSE,WO-2025169953-A1_en_q_de,de,100,100,27,0.27,1.0,foreign
sentence-transformers/LaBSE,LaBSE,MX-2025006319-A_en_q_de,de,100,100,34,0.34,1.0,same
sentence-transformers/LaBSE,LaBSE,MX-2025004974-A_en_q_fr,fr,100,100,69,0.69,1.0,foreign
sentence-transformers/LaBSE,LaBSE,WO-2025170405-A1_en_q_de,de,62,62,3,0.04838709677419355,1.0,foreign
sentence-transformers/LaBSE,LaBSE,WO-2025208198-A1_en_q_zh,zh,3,3,0,0.0,0.0,foreign
sentence-transformers/LaBSE,LaBSE,WO-2025054647-A1_en_q_es,es,0,0,0,,0.0,gold
sentence-transformers/LaBSE,LaBSE,WO-2025210166-A1_en_q_de,de,100,100,1,0.01,1.0,foreign
sentence-transformers/LaBSE,LaBSE,WO-2025211178-A1_en_q_es,es,13,13,1,0.07692307692307693,1.0,foreign
sentence-transformers/LaBSE,LaBSE,MX-2025004012-A_en_q_zh,zh,8,8,0,0.0,0.0,foreign
sentence-transformers/LaBSE,LaBSE,WO-2025206949-A1_en_q_es,es,100,100,15,0.15,1.0,foreign
sentence-transformers/LaBSE,LaBSE,MX-2025007614-A_en_q_zh,zh,0,0,0,,0.0,gold
sentence-transformers/LaBSE,LaBSE,WO-2025146513-A1_en_q_de,de,23,23,4,0.17391304347826086,1.0,foreign
sentence-transformers/LaBSE,LaBSE,WO-2025211949-A1_en_q_es,es,100,100,23,0.23,1.0,foreign
sentence-transformers/LaBSE,LaBSE,EP-4626831-A1_en_q_zh,zh,1,1,0,0.0,0.0,foreign
sentence-transformers/LaBSE,LaBSE,WO-2025186644-A8_en_q_de,de,12,12,3,0.25,1.0,foreign
sentence-transformers/LaBSE,LaBSE,WO-2025192587-A1_en_q_de,de,100,100,29,0.29,1.0,foreign
sentence-transformers/LaBSE,LaBSE,EP-4633779-A1_en_q_es,es,2,2,0,0.0,0.0,foreign
sentence-transformers/LaBSE,LaBSE,WO-2022098263-A1_en_q_es,es,1,1,0,0.0,0.0,foreign
sentence-transformers/LaBSE,LaBSE,WO-2025215251-A1_en_q_es,es,46,46,1,0.021739130434782608,1.0,foreign
sentence-transformers/LaBSE,LaBSE,EP-4493405-A1_en_q_zh,zh,17,17,1,0.058823529411764705,1.0,foreign
sentence-transformers/LaBSE,LaBSE,WO-2025103555-A1_en_q_zh,zh,1,1,0,0.0,0.0,foreign
sentence-transformers/LaBSE,LaBSE,EP-4626386-A1_en_q_de,de,5,5,2,0.4,1.0,foreign
sentence-transformers/LaBSE,LaBSE,MX-2025010613-A_en_q_de,de,100,100,42,0.42,1.0,foreign
sentence-transformers/LaBSE,LaBSE,EP-4626547-A1_en_q_de,de,1,1,0,0.0,0.0,foreign
sentence-transformers/LaBSE,LaBSE,EP-4626593-A1_en_q_de,de,100,100,22,0.22,1.0,foreign
sentence-transformers/LaBSE,LaBSE,WO-2025207414-A1_en_q_es,es,98,98,7,0.07142857142857142,1.0,foreign
sentence-transformers/LaBSE,LaBSE,MX-2025005049-A_en_q_zh,zh,100,100,4,0.04,1.0,foreign
sentence-transformers/LaBSE,LaBSE,WO-2024246082-A3_en_q_es,es,0,0,0,,0.0,gold
sentence-transformers/LaBSE,LaBSE,WO-2025180718-A1_en_q_es,es,83,83,7,0.08433734939759036,1.0,foreign
sentence-transformers/LaBSE,LaBSE,MX-2025006336-A_en_q_de,de,3,3,0,0.0,0.0,foreign
sentence-transformers/LaBSE,LaBSE,WO-2025202347-A1_en_q_de,de,0,0,0,,0.0,gold
sentence-transformers/LaBSE,LaBSE,MX-2025010373-A_en_q_zh,zh,100,100,2,0.02,1.0,foreign
sentence-transformers/LaBSE,LaBSE,WO-2025200075-A1_en_q_zh,zh,0,0,0,,0.0,gold
sentence-transformers/LaBSE,LaBSE,WO-2025189151-A8_en_q_de,de,0,0,0,,0.0,gold
sentence-transformers/LaBSE,LaBSE,MX-2025007174-A_en_q_de,de,2,2,0,0.0,0.0,foreign
sentence-transformers/LaBSE,LaBSE,MX-2025010619-A_en_q_de,de,0,0,0,,0.0,gold
sentence-transformers/LaBSE,LaBSE,EP-4532651-A1_en_q_es,es,27,27,9,0.3333333333333333,1.0,same
sentence-transformers/LaBSE,LaBSE,WO-2025173342-A1_en_q_es,es,19,19,6,0.3157894736842105,1.0,foreign
sentence-transformers/LaBSE,LaBSE,WO-2024019637-A1_en_q_de,de,100,100,7,0.07,1.0,foreign
sentence-transformers/LaBSE,LaBSE,MX-2025008968-A_en_q_zh,zh,0,0,0,,0.0,gold
sentence-transformers/LaBSE,LaBSE,WO-2025202625-A1_en_q_de,de,46,46,20,0.43478260869565216,1.0,foreign
sentence-transformers/LaBSE,LaBSE,WO-2025187661-A8_en_q_es,es,0,0,0,,0.0,gold
sentence-transformers/LaBSE,LaBSE,WO-2025101062-A1_en_q_zh,zh,0,0,0,,0.0,gold
sentence-transformers/LaBSE,LaBSE,WO-2025150711-A1_en_q_de,de,100,100,47,0.47,1.0,same
sentence-transformers/LaBSE,LaBSE,WO-2025207828-A1_en_q_zh,zh,100,100,3,0.03,1.0,foreign
sentence-transformers/LaBSE,LaBSE,WO-2025203197-A1_en_q_zh,zh,6,6,0,0.0,0.0,foreign
sentence-transformers/LaBSE,LaBSE,EP-4634141-A2_en_q_en,en,100,100,20,0.2,1.0,foreign
sentence-transformers/LaBSE,LaBSE,EP-4633971-A1_fr_q_fr,fr,52,52,30,0.5769230769230769,1.0,same
sentence-transformers/LaBSE,LaBSE,WO-2025197272-A1_en_q_en,en,67,67,13,0.19402985074626866,1.0,foreign
sentence-transformers/LaBSE,LaBSE,WO-2025189168-A8_fr_q_fr,fr,4,4,4,1.0,1.0,same
sentence-transformers/LaBSE,LaBSE,MX-2025008124-A_es_q_es,es,100,100,21,0.21,1.0,same
sentence-transformers/LaBSE,LaBSE,MX-2025007669-A_en_q_en,en,0,0,0,,0.0,gold
sentence-transformers/LaBSE,LaBSE,WO-2025195675-A1_en_q_en,en,3,3,1,0.3333333333333333,1.0,same
sentence-transformers/LaBSE,LaBSE,WO-2022005333-A1_en_q_en,en,100,100,2,0.02,1.0,foreign
sentence-transformers/LaBSE,LaBSE,MX-2025005748-A_es_q_es,es,2,2,0,0.0,0.0,foreign
sentence-transformers/LaBSE,LaBSE,MX-2025002923-A_es_q_es,es,0,0,0,,0.0,gold
sentence-transformers/LaBSE,LaBSE,MX-2025010611-A_es_q_es,es,100,100,16,0.16,1.0,same
sentence-transformers/LaBSE,LaBSE,WO-2025217553-A1_fr_q_fr,fr,100,100,61,0.61,1.0,same
sentence-transformers/LaBSE,LaBSE,WO-2025186530-A8_en_q_en,en,69,69,14,0.2028985507246377,1.0,foreign
sentence-transformers/LaBSE,LaBSE,EP-4627050-A1_fr_q_fr,fr,0,0,0,,0.0,gold
sentence-transformers/LaBSE,LaBSE,MX-2025008249-A_en_q_en,en,46,46,6,0.13043478260869565,1.0,foreign
sentence-transformers/LaBSE,LaBSE,WO-2025184858-A8_fr_q_fr,fr,2,2,2,1.0,1.0,same
sentence-transformers/LaBSE,LaBSE,MX-2025004649-A_es_q_es,es,0,0,0,,0.0,gold
sentence-transformers/LaBSE,LaBSE,ES-1320636-U_en_q_en,en,13,13,2,0.15384615384615385,1.0,same
sentence-transformers/LaBSE,LaBSE,MX-2025006800-A_en_q_en,en,3,3,1,0.3333333333333333,1.0,foreign
sentence-transformers/LaBSE,LaBSE,EP-4626866-A1_en_q_en,en,0,0,0,,0.0,gold
sentence-transformers/LaBSE,LaBSE,MX-2025006721-A_en_q_en,en,23,23,0,0.0,0.0,foreign
sentence-transformers/LaBSE,LaBSE,WO-2024073831-A1_en_q_en,en,0,0,0,,0.0,gold
sentence-transformers/LaBSE,LaBSE,WO-2025200966-A1_fr_q_fr,fr,3,3,1,0.3333333333333333,1.0,same
sentence-transformers/LaBSE,LaBSE,MX-2025005215-A_es_q_es,es,5,5,2,0.4,1.0,foreign
sentence-transformers/LaBSE,LaBSE,WO-2025080163-A1_fr_q_fr,fr,100,100,66,0.66,1.0,same
sentence-transformers/LaBSE,LaBSE,WO-2025200089-A1_en_q_en,en,2,2,0,0.0,0.0,foreign
sentence-transformers/LaBSE,LaBSE,WO-2025073021-A1_en_q_en,en,0,0,0,,0.0,gold
sentence-transformers/LaBSE,LaBSE,WO-2025186263-A8_fr_q_fr,fr,1,1,0,0.0,0.0,foreign
sentence-transformers/LaBSE,LaBSE,WO-2025211336-A1_en_q_en,en,100,100,11,0.11,1.0,foreign
sentence-transformers/LaBSE,LaBSE,WO-2025078189-A1_en_q_en,en,41,41,1,0.024390243902439025,1.0,foreign
sentence-transformers/LaBSE,LaBSE,ES-3033921-A1_en_q_en,en,0,0,0,,0.0,gold
sentence-transformers/LaBSE,LaBSE,WO-2025154762-A1_fr_q_fr,fr,32,32,29,0.90625,1.0,same
sentence-transformers/LaBSE,LaBSE,EP-4634323-A1_en_q_en,en,37,37,10,0.2702702702702703,1.0,foreign
sentence-transformers/LaBSE,LaBSE,WO-2025189143-A8_en_q_en,en,0,0,0,,0.0,gold
sentence-transformers/LaBSE,LaBSE,MX-2025009632-A_en_q_en,en,1,1,1,1.0,1.0,same
sentence-transformers/LaBSE,LaBSE,EP-4626395-A1_fr_q_fr,fr,31,31,22,0.7096774193548387,1.0,same
sentence-transformers/LaBSE,LaBSE,WO-2025203678-A1_fr_q_fr,fr,100,100,73,0.73,1.0,same
sentence-transformers/LaBSE,LaBSE,WO-2025187095-A8_fr_q_fr,fr,100,100,65,0.65,1.0,same
sentence-transformers/LaBSE,LaBSE,EP-4626938-A1_en_q_en,en,8,8,0,0.0,0.0,foreign
sentence-transformers/LaBSE,LaBSE,MX-2025006010-A_en_q_en,en,19,19,6,0.3157894736842105,1.0,foreign
sentence-transformers/LaBSE,LaBSE,WO-2025215647-A1_fr_q_fr,fr,0,0,0,,0.0,gold
sentence-transformers/LaBSE,LaBSE,WO-2025207093-A1_fr_q_fr,fr,8,8,3,0.375,1.0,foreign
sentence-transformers/LaBSE,LaBSE,MX-2025004470-A_en_q_en,en,9,9,3,0.3333333333333333,1.0,foreign
sentence-transformers/LaBSE,LaBSE,EP-4626949-A1_fr_q_fr,fr,100,100,68,0.68,1.0,foreign
sentence-transformers/LaBSE,LaBSE,WO-2025206197-A1_fr_q_fr,fr,100,100,84,0.84,1.0,same
sentence-transformers/LaBSE,LaBSE,WO-2022246526-A8_fr_q_fr,fr,0,0,0,,0.0,gold
sentence-transformers/LaBSE,LaBSE,MX-2025006489-A_es_q_es,es,1,1,0,0.0,0.0,foreign
sentence-transformers/LaBSE,LaBSE,WO-2021255541-A1_en_q_en,en,38,38,6,0.15789473684210525,1.0,foreign
sentence-transformers/LaBSE,LaBSE,WO-2021255541-A1_en_q_de,de,5,5,4,0.8,1.0,foreign
sentence-transformers/LaBSE,LaBSE,WO-2021255541-A1_fr_q_fr,fr,100,100,66,0.66,1.0,same
sentence-transformers/LaBSE,LaBSE,WO-2021255541-A1_en_q_es,es,100,100,9,0.09,1.0,foreign
sentence-transformers/LaBSE,LaBSE,WO-2021255541-A1_zh_q_zh,zh,2,2,0,0.0,0.0,foreign
sentence-transformers/LaBSE,LaBSE,EP-4634663-A1_en_q_en,en,0,0,0,,0.0,gold
sentence-transformers/LaBSE,LaBSE,EP-4634663-A1_en_q_de,de,0,0,0,,0.0,gold
sentence-transformers/LaBSE,LaBSE,EP-4634663-A1_fr_q_fr,fr,1,1,1,1.0,1.0,same
sentence-transformers/LaBSE,LaBSE,EP-4634663-A1_en_q_es,es,0,0,0,,0.0,gold
sentence-transformers/LaBSE,LaBSE,EP-4634663-A1_en_q_zh,zh,0,0,0,,0.0,gold
sentence-transformers/LaBSE,LaBSE,MX-2025005046-A_en_q_en,en,100,100,21,0.21,1.0,foreign
sentence-transformers/LaBSE,LaBSE,MX-2025005046-A_en_q_de,de,100,100,46,0.46,1.0,foreign
sentence-transformers/LaBSE,LaBSE,MX-2025005046-A_en_q_fr,fr,4,4,1,0.25,1.0,foreign
sentence-transformers/LaBSE,LaBSE,MX-2025005046-A_es_q_es,es,100,100,8,0.08,1.0,foreign
sentence-transformers/LaBSE,LaBSE,MX-2025005046-A_en_q_zh,zh,2,2,0,0.0,0.0,foreign
sentence-transformers/LaBSE,LaBSE,MX-2025007733-A_en_q_en,en,100,100,12,0.12,1.0,foreign
sentence-transformers/LaBSE,LaBSE,MX-2025007733-A_en_q_de,de,100,100,39,0.39,1.0,foreign
sentence-transformers/LaBSE,LaBSE,MX-2025007733-A_en_q_fr,fr,100,100,61,0.61,1.0,same
sentence-transformers/LaBSE,LaBSE,MX-2025007733-A_es_q_es,es,100,100,4,0.04,1.0,foreign
sentence-transformers/LaBSE,LaBSE,MX-2025007733-A_zh_q_zh,zh,58,58,0,0.0,0.0,foreign
sentence-transformers/LaBSE,LaBSE,MX-2025008227-A_en_q_en,en,0,0,0,,0.0,gold
sentence-transformers/LaBSE,LaBSE,MX-2025008227-A_en_q_de,de,5,5,3,0.6,1.0,same
sentence-transformers/LaBSE,LaBSE,MX-2025008227-A_en_q_fr,fr,0,0,0,,0.0,gold
sentence-transformers/LaBSE,LaBSE,MX-2025008227-A_es_q_es,es,100,100,12,0.12,1.0,foreign
sentence-transformers/LaBSE,LaBSE,MX-2025008227-A_en_q_zh,zh,0,0,0,,0.0,gold
sentence-transformers/LaBSE,LaBSE,WO-2025186592-A8_en_q_en,en,0,0,0,,0.0,gold
sentence-transformers/LaBSE,LaBSE,WO-2025186592-A8_en_q_de,de,0,0,0,,0.0,gold
sentence-transformers/LaBSE,LaBSE,WO-2025186592-A8_fr_q_fr,fr,7,7,7,1.0,1.0,same
sentence-transformers/LaBSE,LaBSE,WO-2025186592-A8_en_q_es,es,0,0,0,,0.0,gold
sentence-transformers/LaBSE,LaBSE,WO-2025186592-A8_en_q_zh,zh,0,0,0,,0.0,gold
sentence-transformers/LaBSE,LaBSE,MX-2025005709-A_en_q_en,en,100,100,6,0.06,1.0,foreign
sentence-transformers/LaBSE,LaBSE,MX-2025005709-A_en_q_de,de,100,100,37,0.37,1.0,foreign
sentence-transformers/LaBSE,LaBSE,MX-2025005709-A_en_q_fr,fr,57,57,32,0.5614035087719298,1.0,same
sentence-transformers/LaBSE,LaBSE,MX-2025005709-A_es_q_es,es,100,100,35,0.35,1.0,same
sentence-transformers/LaBSE,LaBSE,MX-2025005709-A_en_q_zh,zh,100,100,4,0.04,1.0,same
sentence-transformers/LaBSE,LaBSE,MX-2025009739-A_en_q_en,en,78,78,9,0.11538461538461539,1.0,same
sentence-transformers/LaBSE,LaBSE,MX-2025009739-A_en_q_de,de,100,100,21,0.21,1.0,same
sentence-transformers/LaBSE,LaBSE,MX-2025009739-A_en_q_fr,fr,100,100,62,0.62,1.0,same
sentence-transformers/LaBSE,LaBSE,MX-2025009739-A_es_q_es,es,100,100,12,0.12,1.0,foreign
sentence-transformers/LaBSE,LaBSE,MX-2025009739-A_zh_q_zh,zh,100,100,2,0.02,1.0,foreign
sentence-transformers/LaBSE,LaBSE,MX-2025008260-A_en_q_en,en,0,0,0,,0.0,gold
sentence-transformers/LaBSE,LaBSE,MX-2025008260-A_en_q_de,de,100,100,20,0.2,1.0,foreign
sentence-transformers/LaBSE,LaBSE,MX-2025008260-A_en_q_fr,fr,19,19,17,0.8947368421052632,1.0,same
sentence-transformers/LaBSE,LaBSE,MX-2025008260-A_es_q_es,es,6,6,2,0.3333333333333333,1.0,foreign
sentence-transformers/LaBSE,LaBSE,MX-2025008260-A_zh_q_zh,zh,0,0,0,,0.0,gold
sentence-transformers/LaBSE,LaBSE,WO-2025216711-A1_en_q_en,en,0,0,0,,0.0,gold
sentence-transformers/LaBSE,LaBSE,WO-2025216711-A1_en_q_de,de,5,5,0,0.0,0.0,foreign
sentence-transformers/LaBSE,LaBSE,WO-2025216711-A1_fr_q_fr,fr,0,0,0,,0.0,gold
sentence-transformers/LaBSE,LaBSE,WO-2025216711-A1_en_q_es,es,25,25,7,0.28,1.0,foreign
sentence-transformers/LaBSE,LaBSE,WO-2025216711-A1_zh_q_zh,zh,0,0,0,,0.0,gold
cambridgeltl/SapBERT-UMLS-2020AB-all-lang-from-XLMR,SapBERT,EP-4633662-A1_en_q_en,en,100,100,76,0.76,1.0,foreign
cambridgeltl/SapBERT-UMLS-2020AB-all-lang-from-XLMR,SapBERT,EP-4630509-A1_fr_q_fr,fr,6,6,3,0.5,1.0,same
cambridgeltl/SapBERT-UMLS-2020AB-all-lang-from-XLMR,SapBERT,EP-4634248-A1_en_q_es,es,68,68,20,0.29411764705882354,1.0,foreign
cambridgeltl/SapBERT-UMLS-2020AB-all-lang-from-XLMR,SapBERT,EP-4634187-A1_en_q_es,es,27,27,7,0.25925925925925924,1.0,foreign
cambridgeltl/SapBERT-UMLS-2020AB-all-lang-from-XLMR,SapBERT,EP-4634142-A1_fr_q_fr,fr,100,100,11,0.11,1.0,foreign
cambridgeltl/SapBERT-UMLS-2020AB-all-lang-from-XLMR,SapBERT,EP-4633768-A2_en_q_es,es,100,100,5,0.05,1.0,foreign
cambridgeltl/SapBERT-UMLS-2020AB-all-lang-from-XLMR,SapBERT,EP-4633645-A1_fr_q_fr,fr,100,100,80,0.8,1.0,same
cambridgeltl/SapBERT-UMLS-2020AB-all-lang-from-XLMR,SapBERT,EP-4633622-A2_en_q_de,de,6,6,0,0.0,0.0,foreign
cambridgeltl/SapBERT-UMLS-2020AB-all-lang-from-XLMR,SapBERT,EP-4634601-A1_en_q_en,en,100,100,65,0.65,1.0,foreign
cambridgeltl/SapBERT-UMLS-2020AB-all-lang-from-XLMR,SapBERT,EP-4630626-A1_de_q_de,de,0,0,0,,0.0,gold
cambridgeltl/SapBERT-UMLS-2020AB-all-lang-from-XLMR,SapBERT,EP-4630600-A1_de_q_en,en,99,99,90,0.9090909090909091,1.0,foreign
cambridgeltl/SapBERT-UMLS-2020AB-all-lang-from-XLMR,SapBERT,EP-4633632-A1_en_q_es,es,100,100,36,0.36,1.0,foreign
cambridgeltl/SapBERT-UMLS-2020AB-all-lang-from-XLMR,SapBERT,EP-4634136-A1_en_q_es,es,100,100,10,0.1,1.0,foreign
cambridgeltl/SapBERT-UMLS-2020AB-all-lang-from-XLMR,SapBERT,EP-4634157-A1_en_q_de,de,100,100,2,0.02,1.0,foreign
cambridgeltl/SapBERT-UMLS-2020AB-all-lang-from-XLMR,SapBERT,EP-4630574-A1_de_q_en,en,100,100,68,0.68,1.0,same
cambridgeltl/SapBERT-UMLS-2020AB-all-lang-from-XLMR,SapBERT,EP-4634111-A1_en_q_de,de,100,100,38,0.38,1.0,same
cambridgeltl/SapBERT-UMLS-2020AB-all-lang-from-XLMR,SapBERT,EP-4634596-A1_en_q_es,es,100,100,2,0.02,1.0,foreign
cambridgeltl/SapBERT-UMLS-2020AB-all-lang-from-XLMR,SapBERT,EP-4634139-A1_en_q_es,es,0,0,0,,0.0,gold
cambridgeltl/SapBERT-UMLS-2020AB-all-lang-from-XLMR,SapBERT,WO-2025153617-A3_de_q_en,en,100,100,76,0.76,1.0,same
cambridgeltl/SapBERT-UMLS-2020AB-all-lang-from-XLMR,SapBERT,EP-4634251-A1_en_q_es,es,100,100,8,0.08,1.0,same
cambridgeltl/SapBERT-UMLS-2020AB-all-lang-from-XLMR,SapBERT,EP-4634426-A1_en_q_es,es,37,37,1,0.02702702702702703,1.0,foreign
cambridgeltl/SapBERT-UMLS-2020AB-all-lang-from-XLMR,SapBERT,EP-4634729-A1_en_q_de,de,0,0,0,,0.0,gold
cambridgeltl/SapBERT-UMLS-2020AB-all-lang-from-XLMR,SapBERT,EP-4626569-A1_de_q_en,en,3,3,2,0.6666666666666666,1.0,foreign
cambridgeltl/SapBERT-UMLS-2020AB-all-lang-from-XLMR,SapBERT,EP-4634394-A2_en_q_es,es,12,12,3,0.25,1.0,foreign
cambridgeltl/SapBERT-UMLS-2020AB-all-lang-from-XLMR,SapBERT,EP-4634424-A1_en_q_es,es,100,100,8,0.08,1.0,foreign
cambridgeltl/SapBERT-UMLS-2020AB-all-lang-from-XLMR,SapBERT,EP-4633602-A1_en_q_de,de,100,100,31,0.31,1.0,foreign
cambridgeltl/SapBERT-UMLS-2020AB-all-lang-from-XLMR,SapBERT,EP-4634337-A1_en_q_en,en,100,100,80,0.8,1.0,same
cambridgeltl/SapBERT-UMLS-2020AB-all-lang-from-XLMR,SapBERT,EP-4634128-A1_en_q_en,en,100,100,59,0.59,1.0,same
cambridgeltl/SapBERT-UMLS-2020AB-all-lang-from-XLMR,SapBERT,EP-4633896-A1_en_q_en,en,1,1,1,1.0,1.0,same
cambridgeltl/SapBERT-UMLS-2020AB-all-lang-from-XLMR,SapBERT,WO-2025215091-A1_fr_q_fr,fr,35,35,20,0.5714285714285714,1.0,same
cambridgeltl/SapBERT-UMLS-2020AB-all-lang-from-XLMR,SapBERT,EP-4633599-A1_fr_q_fr,fr,100,100,32,0.32,1.0,foreign
cambridgeltl/SapBERT-UMLS-2020AB-all-lang-from-XLMR,SapBERT,EP-4633656-A1_fr_q_fr,fr,5,5,2,0.4,1.0,foreign
cambridgeltl/SapBERT-UMLS-2020AB-all-lang-from-XLMR,SapBERT,WO-2025208167-A1_de_q_de,de,100,100,20,0.2,1.0,same
cambridgeltl/SapBERT-UMLS-2020AB-all-lang-from-XLMR,SapBERT,EP-4634396-A1_fr_q_fr,fr,0,0,0,,0.0,gold
cambridgeltl/SapBERT-UMLS-2020AB-all-lang-from-XLMR,SapBERT,EP-4633893-A1_fr_q_fr,fr,23,23,1,0.043478260869565216,1.0,foreign
cambridgeltl/SapBERT-UMLS-2020AB-all-lang-from-XLMR,SapBERT,EP-4633462-A1_en_q_en,en,0,0,0,,0.0,gold
cambridgeltl/SapBERT-UMLS-2020AB-all-lang-from-XLMR,SapBERT,EP-4633386-A1_en_q_en,en,100,100,61,0.61,1.0,same
cambridgeltl/SapBERT-UMLS-2020AB-all-lang-from-XLMR,SapBERT,EP-4633970-A1_fr_q_fr,fr,31,31,22,0.7096774193548387,1.0,foreign
cambridgeltl/SapBERT-UMLS-2020AB-all-lang-from-XLMR,SapBERT,EP-4633415-A1_en_q_en,en,6,6,6,1.0,1.0,same
cambridgeltl/SapBERT-UMLS-2020AB-all-lang-from-XLMR,SapBERT,EP-4633415-A1_en_q_de,de,100,100,42,0.42,1.0,same
cambridgeltl/SapBERT-UMLS-2020AB-all-lang-from-XLMR,SapBERT,EP-4633415-A1_fr_q_fr,fr,100,100,12,0.12,1.0,foreign
cambridgeltl/SapBERT-UMLS-2020AB-all-lang-from-XLMR,SapBERT,EP-4633415-A1_en_q_es,es,67,67,14,0.208955223880597,1.0,same
cambridgeltl/SapBERT-UMLS-2020AB-all-lang-from-XLMR,SapBERT,EP-4633950-A1_en_q_en,en,100,100,79,0.79,1.0,same
cambridgeltl/SapBERT-UMLS-2020AB-all-lang-from-XLMR,SapBERT,EP-4633950-A1_en_q_de,de,100,100,21,0.21,1.0,same
cambridgeltl/SapBERT-UMLS-2020AB-all-lang-from-XLMR,SapBERT,EP-4633950-A1_fr_q_fr,fr,100,100,18,0.18,1.0,foreign
cambridgeltl/SapBERT-UMLS-2020AB-all-lang-from-XLMR,SapBERT,EP-4633950-A1_en_q_es,es,100,100,8,0.08,1.0,foreign
cambridgeltl/SapBERT-UMLS-2020AB-all-lang-from-XLMR,SapBERT,EP-4634629-A1_en_q_en,en,100,100,56,0.56,1.0,same
cambridgeltl/SapBERT-UMLS-2020AB-all-lang-from-XLMR,SapBERT,EP-4634629-A1_de_q_de,de,14,14,11,0.7857142857142857,1.0,same
cambridgeltl/SapBERT-UMLS-2020AB-all-lang-from-XLMR,SapBERT,EP-4634629-A1_fr_q_fr,fr,6,6,2,0.3333333333333333,1.0,same
cambridgeltl/SapBERT-UMLS-2020AB-all-lang-from-XLMR,SapBERT,EP-4634629-A1_en_q_es,es,100,100,10,0.1,1.0,foreign
cambridgeltl/SapBERT-UMLS-2020AB-all-lang-from-XLMR,SapBERT,EP-4633582-A1_en_q_es,es,100,100,15,0.15,1.0,foreign
cambridgeltl/SapBERT-UMLS-2020AB-all-lang-from-XLMR,SapBERT,EP-4634165-A1_en_q_es,es,6,6,0,0.0,0.0,foreign
cambridgeltl/SapBERT-UMLS-2020AB-all-lang-from-XLMR,SapBERT,EP-4633677-A1_en_q_de,de,32,32,2,0.0625,1.0,foreign
cambridgeltl/SapBERT-UMLS-2020AB-all-lang-from-XLMR,SapBERT,EP-4634246-A1_en_q_en,en,100,100,49,0.49,1.0,foreign
cambridgeltl/SapBERT-UMLS-2020AB-all-lang-from-XLMR,SapBERT,EP-4634120-A1_en_q_de,de,100,100,23,0.23,1.0,foreign
cambridgeltl/SapBERT-UMLS-2020AB-all-lang-from-XLMR,SapBERT,EP-4633638-A1_en_q_en,en,0,0,0,,0.0,gold
cambridgeltl/SapBERT-UMLS-2020AB-all-lang-from-XLMR,SapBERT,EP-4633389-A1_en_q_en,en,0,0,0,,0.0,gold
cambridgeltl/SapBERT-UMLS-2020AB-all-lang-from-XLMR,SapBERT,WO-2025209629-A1_de_q_es,es,100,100,14,0.14,1.0,foreign
cambridgeltl/SapBERT-UMLS-2020AB-all-lang-from-XLMR,SapBERT,EP-4634132-A2_en_q_en,en,100,100,55,0.55,1.0,same
cambridgeltl/SapBERT-UMLS-2020AB-all-lang-from-XLMR,SapBERT,EP-4634914-A1_en_q_es,es,100,100,17,0.17,1.0,foreign
cambridgeltl/SapBERT-UMLS-2020AB-all-lang-from-XLMR,SapBERT,EP-4634285-A1_en_q_de,de,22,22,5,0.22727272727272727,1.0,foreign
cambridgeltl/SapBERT-UMLS-2020AB-all-lang-from-XLMR,SapBERT,EP-4634122-A1_fr_q_fr,fr,46,46,28,0.6086956521739131,1.0,foreign
cambridgeltl/SapBERT-UMLS-2020AB-all-lang-from-XLMR,SapBERT,EP-4634365-A1_fr_q_fr,fr,0,0,0,,0.0,gold
cambridgeltl/SapBERT-UMLS-2020AB-all-lang-from-XLMR,SapBERT,WO-2025214709-A1_de_q_es,es,100,100,20,0.2,1.0,foreign
cambridgeltl/SapBERT-UMLS-2020AB-all-lang-from-XLMR,SapBERT,EP-4633426-A2_en_q_es,es,0,0,0,,0.0,gold
cambridgeltl/SapBERT-UMLS-2020AB-all-lang-from-XLMR,SapBERT,EP-4630604-A1_de_q_es,es,8,8,0,0.0,0.0,foreign
cambridgeltl/SapBERT-UMLS-2020AB-all-lang-from-XLMR,SapBERT,EP-4634118-A1_en_q_es,es,55,55,13,0.23636363636363636,1.0,same
cambridgeltl/SapBERT-UMLS-2020AB-all-lang-from-XLMR,SapBERT,EP-4634404-A1_en_q_de,de,0,0,0,,0.0,gold
cambridgeltl/SapBERT-UMLS-2020AB-all-lang-from-XLMR,SapBERT,EP-4633465-A1_en_q_de,de,0,0,0,,0.0,gold
cambridgeltl/SapBERT-UMLS-2020AB-all-lang-from-XLMR,SapBERT,EP-4633680-A1_en_q_es,es,0,0,0,,0.0,gold
cambridgeltl/SapBERT-UMLS-2020AB-all-lang-from-XLMR,SapBERT,WO-2025201606-A1_de_q_es,es,2,2,2,1.0,1.0,same
cambridgeltl/SapBERT-UMLS-2020AB-all-lang-from-XLMR,SapBERT,EP-4634435-A1_en_q_de,de,100,100,18,0.18,1.0,same
cambridgeltl/SapBERT-UMLS-2020AB-all-lang-from-XLMR,SapBERT,EP-4634143-A1_en_q_de,de,100,100,62,0.62,1.0,same
cambridgeltl/SapBERT-UMLS-2020AB-all-lang-from-XLMR,SapBERT,EP-4634411-A1_en_q_de,de,100,100,48,0.48,1.0,same
cambridgeltl/SapBERT-UMLS-2020AB-all-lang-from-XLMR,SapBERT,EP-4634287-A1_en_q_es,es,100,100,13,0.13,1.0,foreign
cambridgeltl/SapBERT-UMLS-2020AB-all-lang-from-XLMR,SapBERT,EP-4633627-A1_en_q_de,de,0,0,0,,0.0,gold
cambridgeltl/SapBERT-UMLS-2020AB-all-lang-from-XLMR,SapBERT,EP-4633670-A1_fr_q_fr,fr,3,3,2,0.6666666666666666,1.0,same
cambridgeltl/SapBERT-UMLS-2020AB-all-lang-from-XLMR,SapBERT,WO-2025202163-A1_fr_q_fr,fr,2,2,1,0.5,1.0,foreign
cambridgeltl/SapBERT-UMLS-2020AB-all-lang-from-XLMR,SapBERT,WO-2025214852-A1_fr_q_fr,fr,100,100,49,0.49,1.0,foreign
cambridgeltl/SapBERT-UMLS-2020AB-all-lang-from-XLMR,SapBERT,WO-2025214996-A1_fr_q_fr,fr,100,100,61,0.61,1.0,same
cambridgeltl/SapBERT-UMLS-2020AB-all-lang-from-XLMR,SapBERT,EP-4630123-A1_de_q_de,de,81,81,8,0.09876543209876543,1.0,foreign
cambridgeltl/SapBERT-UMLS-2020AB-all-lang-from-XLMR,SapBERT,EP-4634646-A1_en_q_en,en,5,5,3,0.6,1.0,same
cambridgeltl/SapBERT-UMLS-2020AB-all-lang-from-XLMR,SapBERT,EP-4634294-A1_en_q_en,en,100,100,77,0.77,1.0,same
cambridgeltl/SapBERT-UMLS-2020AB-all-lang-from-XLMR,SapBERT,EP-4634436-A1_fr_q_fr,fr,25,25,13,0.52,1.0,same
cambridgeltl/SapBERT-UMLS-2020AB-all-lang-from-XLMR,SapBERT,EP-4633761-A1_en_q_en,en,100,100,80,0.8,1.0,same
cambridgeltl/SapBERT-UMLS-2020AB-all-lang-from-XLMR,SapBERT,WO-2025215167-A1_de_q_de,de,0,0,0,,0.0,gold
cambridgeltl/SapBERT-UMLS-2020AB-all-lang-from-XLMR,SapBERT,EP-4626962-A1_de_q_en,en,0,0,0,,0.0,gold
cambridgeltl/SapBERT-UMLS-2020AB-all-lang-from-XLMR,SapBERT,EP-4626962-A1_de_q_de,de,0,0,0,,0.0,gold
cambridgeltl/SapBERT-UMLS-2020AB-all-lang-from-XLMR,SapBERT,EP-4626962-A1_fr_q_fr,fr,38,38,17,0.4473684210526316,1.0,foreign
cambridgeltl/SapBERT-UMLS-2020AB-all-lang-from-XLMR,SapBERT,EP-4626962-A1_de_q_es,es,0,0,0,,0.0,gold
cambridgeltl/SapBERT-UMLS-2020AB-all-lang-from-XLMR,SapBERT,WO-2025201936-A1_de_q_en,en,100,100,82,0.82,1.0,same
cambridgeltl/SapBERT-UMLS-2020AB-all-lang-from-XLMR,SapBERT,WO-2025201936-A1_fr_q_fr,fr,96,96,68,0.7083333333333334,1.0,same
cambridgeltl/SapBERT-UMLS-2020AB-all-lang-from-XLMR,SapBERT,WO-2025201936-A1_de_q_es,es,97,97,14,0.14432989690721648,1.0,foreign
cambridgeltl/SapBERT-UMLS-2020AB-all-lang-from-XLMR,SapBERT,EP-4634597-A1_en_q_en,en,21,21,18,0.8571428571428571,1.0,same
cambridgeltl/SapBERT-UMLS-2020AB-all-lang-from-XLMR,SapBERT,EP-4634597-A1_en_q_de,de,6,6,2,0.3333333333333333,1.0,same
cambridgeltl/SapBERT-UMLS-2020AB-all-lang-from-XLMR,SapBERT,EP-4634597-A1_fr_q_fr,fr,9,9,0,0.0,0.0,foreign
cambridgeltl/SapBERT-UMLS-2020AB-all-lang-from-XLMR,SapBERT,EP-4634597-A1_en_q_es,es,20,20,5,0.25,1.0,foreign
cambridgeltl/SapBERT-UMLS-2020AB-all-lang-from-XLMR,SapBERT,EP-4634381-A1_en_q_zh,zh,75,75,2,0.02666666666666667,1.0,foreign
cambridgeltl/SapBERT-UMLS-2020AB-all-lang-from-XLMR,SapBERT,EP-4633589-A1_en_q_zh,zh,100,100,0,0.0,0.0,foreign
cambridgeltl/SapBERT-UMLS-2020AB-all-lang-from-XLMR,SapBERT,EP-4627024-A1_de_q_zh,zh,100,100,6,0.06,1.0,foreign
cambridgeltl/SapBERT-UMLS-2020AB-all-lang-from-XLMR,SapBERT,EP-4634926-A1_en_q_zh,zh,100,100,0,0.0,0.0,foreign
cambridgeltl/SapBERT-UMLS-2020AB-all-lang-from-XLMR,SapBERT,EP-4633863-A2_en_q_zh,zh,100,100,7,0.07,1.0,foreign
cambridgeltl/SapBERT-UMLS-2020AB-all-lang-from-XLMR,SapBERT,EP-4633797-A1_en_q_zh,zh,100,100,11,0.11,1.0,same
cambridgeltl/SapBERT-UMLS-2020AB-all-lang-from-XLMR,SapBERT,EP-4633777-A1_en_q_zh,zh,4,4,0,0.0,0.0,foreign
cambridgeltl/SapBERT-UMLS-2020AB-all-lang-from-XLMR,SapBERT,EP-4633621-A1_en_q_zh,zh,22,22,0,0.0,0.0,foreign
cambridgeltl/SapBERT-UMLS-2020AB-all-lang-from-XLMR,SapBERT,EP-4634723-A1_en_q_zh,zh,87,87,4,0.04597701149425287,1.0,foreign
cambridgeltl/SapBERT-UMLS-2020AB-all-lang-from-XLMR,SapBERT,EP-4633581-A1_en_q_zh,zh,100,100,1,0.01,1.0,foreign
cambridgeltl/SapBERT-UMLS-2020AB-all-lang-from-XLMR,SapBERT,EP-4634416-A1_en_q_zh,zh,30,30,5,0.16666666666666666,1.0,foreign
cambridgeltl/SapBERT-UMLS-2020AB-all-lang-from-XLMR,SapBERT,EP-4634305-A1_en_q_zh,zh,0,0,0,,0.0,gold
cambridgeltl/SapBERT-UMLS-2020AB-all-lang-from-XLMR,SapBERT,EP-4633531-A1_en_q_zh,zh,0,0,0,,0.0,gold
cambridgeltl/SapBERT-UMLS-2020AB-all-lang-from-XLMR,SapBERT,EP-4634333-A1_en_q_zh,zh,100,100,6,0.06,1.0,foreign
cambridgeltl/SapBERT-UMLS-2020AB-all-lang-from-XLMR,SapBERT,EP-4634212-A1_en_q_zh,zh,0,0,0,,0.0,gold
cambridgeltl/SapBERT-UMLS-2020AB-all-lang-from-XLMR,SapBERT,EP-4629959-A1_de_q_zh,zh,100,100,10,0.1,1.0,same
cambridgeltl/SapBERT-UMLS-2020AB-all-lang-from-XLMR,SapBERT,EP-4627881-A1_de_q_zh,zh,26,26,2,0.07692307692307693,1.0,foreign
cambridgeltl/SapBERT-UMLS-2020AB-all-lang-from-XLMR,SapBERT,EP-4633576-A1_en_q_zh,zh,100,100,3,0.03,1.0,foreign
cambridgeltl/SapBERT-UMLS-2020AB-all-lang-from-XLMR,SapBERT,EP-4633742-A2_en_q_zh,zh,59,59,2,0.03389830508474576,1.0,foreign
cambridgeltl/SapBERT-UMLS-2020AB-all-lang-from-XLMR,SapBERT,EP-4633791-A1_en_q_zh,zh,0,0,0,,0.0,gold
cambridgeltl/SapBERT-UMLS-2020AB-all-lang-from-XLMR,SapBERT,EP-4630574-A1_fr_q_fr,fr,100,100,73,0.73,1.0,same
cambridgeltl/SapBERT-UMLS-2020AB-all-lang-from-XLMR,SapBERT,EP-4634111-A1_fr_q_fr,fr,38,38,16,0.42105263157894735,1.0,foreign
cambridgeltl/SapBERT-UMLS-2020AB-all-lang-from-XLMR,SapBERT,EP-4633622-A2_en_q_es,es,35,35,11,0.3142857142857143,1.0,foreign
cambridgeltl/SapBERT-UMLS-2020AB-all-lang-from-XLMR,SapBERT,EP-4634187-A1_en_q_es_120,es,7,7,2,0.2857142857142857,1.0,foreign
cambridgeltl/SapBERT-UMLS-2020AB-all-lang-from-XLMR,SapBERT,EP-4634139-A1_fr_q_fr,fr,0,0,0,,0.0,gold
cambridgeltl/SapBERT-UMLS-2020AB-all-lang-from-XLMR,SapBERT,EP-4634136-A1_en_q_en,en,100,100,92,0.92,1.0,same
cambridgeltl/SapBERT-UMLS-2020AB-all-lang-from-XLMR,SapBERT,EP-4634136-A1_en_q_de,de,100,100,15,0.15,1.0,same
cambridgeltl/SapBERT-UMLS-2020AB-all-lang-from-XLMR,SapBERT,EP-4634136-A1_fr_q_fr,fr,100,100,21,0.21,1.0,foreign
cambridgeltl/SapBERT-UMLS-2020AB-all-lang-from-XLMR,SapBERT,EP-4634136-A1_en_q_es_125,es,100,100,16,0.16,1.0,same
cambridgeltl/SapBERT-UMLS-2020AB-all-lang-from-XLMR,SapBERT,q_126_zh,zh,100,100,2,0.02,1.0,foreign
cambridgeltl/SapBERT-UMLS-2020AB-all-lang-from-XLMR,SapBERT,EP-4634248-A1_en_q_en,en,1,1,1,1.0,1.0,same
cambridgeltl/SapBERT-UMLS-2020AB-all-lang-from-XLMR,SapBERT,EP-4634142-A1_en_q_es,es,100,100,24,0.24,1.0,foreign
cambridgeltl/SapBERT-UMLS-2020AB-all-lang-from-XLMR,SapBERT,WO-2025214812-A1_de_q_es,es,3,3,1,0.3333333333333333,1.0,foreign
cambridgeltl/SapBERT-UMLS-2020AB-all-lang-from-XLMR,SapBERT,EP-4633662-A1_en_q_de,de,100,100,1,0.01,1.0,foreign
cambridgeltl/SapBERT-UMLS-2020AB-all-lang-from-XLMR,SapBERT,WO-2025153617-A3_de_q_de,de,100,100,50,0.5,1.0,same
cambridgeltl/SapBERT-UMLS-2020AB-all-lang-from-XLMR,SapBERT,EP-4634596-A1_en_q_en,en,18,18,10,0.5555555555555556,1.0,same
cambridgeltl/SapBERT-UMLS-2020AB-all-lang-from-XLMR,SapBERT,EP-4634596-A1_en_q_de,de,5,5,3,0.6,1.0,foreign
cambridgeltl/SapBERT-UMLS-2020AB-all-lang-from-XLMR,SapBERT,EP-4634596-A1_fr_q_fr,fr,0,0,0,,0.0,gold
cambridgeltl/SapBERT-UMLS-2020AB-all-lang-from-XLMR,SapBERT,EP-4634596-A1_en_q_es_135,es,100,100,4,0.04,1.0,foreign
cambridgeltl/SapBERT-UMLS-2020AB-all-lang-from-XLMR,SapBERT,q_136_zh,zh,1,1,0,0.0,0.0,foreign
cambridgeltl/SapBERT-UMLS-2020AB-all-lang-from-XLMR,SapBERT,EP-4626887-A1_en_q_en,en,2,2,1,0.5,1.0,same
cambridgeltl/SapBERT-UMLS-2020AB-all-lang-from-XLMR,SapBERT,EP-4630033-A1_en_q_en,en,0,0,0,,0.0,gold
cambridgeltl/SapBERT-UMLS-2020AB-all-lang-from-XLMR,SapBERT,EP-4532639-A1_fr_q_fr,fr,100,100,70,0.7,1.0,foreign
cambridgeltl/SapBERT-UMLS-2020AB-all-lang-from-XLMR,SapBERT,EP-4627010-A1_en_q_de,de,100,100,14,0.14,1.0,foreign
cambridgeltl/SapBERT-UMLS-2020AB-all-lang-from-XLMR,SapBERT,EP-4626937-A1_en_q_de,de,100,100,47,0.47,1.0,same
cambridgeltl/SapBERT-UMLS-2020AB-all-lang-from-XLMR,SapBERT,WO-2022119476-A1_en_q_de,de,100,100,77,0.77,1.0,same
cambridgeltl/SapBERT-UMLS-2020AB-all-lang-from-XLMR,SapBERT,WO-2025131900-A1_en_q_en,en,100,100,55,0.55,1.0,foreign
cambridgeltl/SapBERT-UMLS-2020AB-all-lang-from-XLMR,SapBERT,WO-2025200741-A1_en_q_zh,zh,100,100,0,0.0,0.0,foreign
cambridgeltl/SapBERT-UMLS-2020AB-all-lang-from-XLMR,SapBERT,MX-2025009603-A_en_q_en,en,100,100,94,0.94,1.0,same
cambridgeltl/SapBERT-UMLS-2020AB-all-lang-from-XLMR,SapBERT,MX-2025009952-A_en_q_zh,zh,0,0,0,,0.0,gold
cambridgeltl/SapBERT-UMLS-2020AB-all-lang-from-XLMR,SapBERT,WO-2025150253-A1_en_q_es,es,100,100,21,0.21,1.0,foreign
cambridgeltl/SapBERT-UMLS-2020AB-all-lang-from-XLMR,SapBERT,WO-2025186929-A8_en_q_en,en,60,60,57,0.95,1.0,same
cambridgeltl/SapBERT-UMLS-2020AB-all-lang-from-XLMR,SapBERT,WO-2025211042-A1_en_q_en,en,0,0,0,,0.0,gold
cambridgeltl/SapBERT-UMLS-2020AB-all-lang-from-XLMR,SapBERT,WO-2025209205-A1_en_q_en,en,100,100,77,0.77,1.0,same
cambridgeltl/SapBERT-UMLS-2020AB-all-lang-from-XLMR,SapBERT,WO-2025207982-A1_en_q_de,de,0,0,0,,0.0,gold
cambridgeltl/SapBERT-UMLS-2020AB-all-lang-from-XLMR,SapBERT,WO-2025210325-A1_en_q_de,de,72,72,44,0.6111111111111112,1.0,same
cambridgeltl/SapBERT-UMLS-2020AB-all-lang-from-XLMR,SapBERT,WO-2025216427-A1_zh_q_zh,zh,100,100,3,0.03,1.0,foreign
cambridgeltl/SapBERT-UMLS-2020AB-all-lang-from-XLMR,SapBERT,WO-2025197823-A1_zh_q_zh,zh,100,100,2,0.02,1.0,foreign
cambridgeltl/SapBERT-UMLS-2020AB-all-lang-from-XLMR,SapBERT,MX-2025002756-A_en_q_en,en,63,63,40,0.6349206349206349,1.0,foreign
cambridgeltl/SapBERT-UMLS-2020AB-all-lang-from-XLMR,SapBERT,WO-2025202632-A1_en_q_en,en,4,4,3,0.75,1.0,same
cambridgeltl/SapBERT-UMLS-2020AB-all-lang-from-XLMR,SapBERT,EP-4627608-A1_en_q_en,en,100,100,81,0.81,1.0,same
cambridgeltl/SapBERT-UMLS-2020AB-all-lang-from-XLMR,SapBERT,EP-4634668-A1_fr_q_fr,fr,0,0,0,,0.0,gold
cambridgeltl/SapBERT-UMLS-2020AB-all-lang-from-XLMR,SapBERT,MX-2025009965-A_en_q_de,de,100,100,19,0.19,1.0,foreign
cambridgeltl/SapBERT-UMLS-2020AB-all-lang-from-XLMR,SapBERT,WO-2025164300-A1_en_q_de,de,100,100,33,0.33,1.0,same
cambridgeltl/SapBERT-UMLS-2020AB-all-lang-from-XLMR,SapBERT,MX-2025009189-A_en_q_de,de,4,4,2,0.5,1.0,same
cambridgeltl/SapBERT-UMLS-2020AB-all-lang-from-XLMR,SapBERT,WO-2024253632-A1_en_q_en,en,100,100,68,0.68,1.0,same
cambridgeltl/SapBERT-UMLS-2020AB-all-lang-from-XLMR,SapBERT,WO-2025216023-A1_zh_q_zh,zh,5,5,0,0.0,0.0,foreign
cambridgeltl/SapBERT-UMLS-2020AB-all-lang-from-XLMR,SapBERT,WO-2025211128-A1_en_q_en,en,0,0,0,,0.0,gold
cambridgeltl/SapBERT-UMLS-2020AB-all-lang-from-XLMR,SapBERT,MX-2025010237-A_en_q_zh,zh,12,12,1,0.08333333333333333,1.0,foreign
cambridgeltl/SapBERT-UMLS-2020AB-all-lang-from-XLMR,SapBERT,EP-4633785-A2_en_q_es,es,100,100,6,0.06,1.0,foreign
cambridgeltl/SapBERT-UMLS-2020AB-all-lang-from-XLMR,SapBERT,MX-2025005737-A_en_q_en,en,100,100,71,0.71,1.0,same
cambridgeltl/SapBERT-UMLS-2020AB-all-lang-from-XLMR,SapBERT,MX-2025010606-A_en_q_en,en,100,100,79,0.79,1.0,same
cambridgeltl/SapBERT-UMLS-2020AB-all-lang-from-XLMR,SapBERT,MX-2025010877-A_en_q_en,en,100,100,71,0.71,1.0,same
cambridgeltl/SapBERT-UMLS-2020AB-all-lang-from-XLMR,SapBERT,EP-4584035-A1_de_q_de,de,1,1,1,1.0,1.0,same
cambridgeltl/SapBERT-UMLS-2020AB-all-lang-from-XLMR,SapBERT,WO-2025170306-A1_en_q_de,de,100,100,3,0.03,1.0,foreign
cambridgeltl/SapBERT-UMLS-2020AB-all-lang-from-XLMR,SapBERT,WO-2025210569-A1_zh_q_zh,zh,100,100,7,0.07,1.0,foreign
cambridgeltl/SapBERT-UMLS-2020AB-all-lang-from-XLMR,SapBERT,MX-2025010084-A_en_q_zh,zh,100,100,4,0.04,1.0,foreign
cambridgeltl/SapBERT-UMLS-2020AB-all-lang-from-XLMR,SapBERT,WO-2025186542-A8_en_q_en,en,17,17,15,0.8823529411764706,1.0,same
cambridgeltl/SapBERT-UMLS-2020AB-all-lang-from-XLMR,SapBERT,WO-2025206130-A1_zh_q_zh,zh,100,100,11,0.11,1.0,foreign
cambridgeltl/SapBERT-UMLS-2020AB-all-lang-from-XLMR,SapBERT,WO-2025208054-A1_en_q_de,de,93,93,9,0.0967741935483871,1.0,foreign
cambridgeltl/SapBERT-UMLS-2020AB-all-lang-from-XLMR,SapBERT,WO-2025201708-A1_en_q_zh,zh,100,100,4,0.04,1.0,same
cambridgeltl/SapBERT-UMLS-2020AB-all-lang-from-XLMR,SapBERT,WO-2025141238-A1_es_q_es,es,16,16,2,0.125,1.0,foreign
cambridgeltl/SapBERT-UMLS-2020AB-all-lang-from-XLMR,SapBERT,MX-2025004351-A_en_q_en,en,26,26,14,0.5384615384615384,1.0,same
cambridgeltl/SapBERT-UMLS-2020AB-all-lang-from-XLMR,SapBERT,WO-2025200809-A1_en_q_en,en,63,63,46,0.7301587301587301,1.0,same
cambridgeltl/SapBERT-UMLS-2020AB-all-lang-from-XLMR,SapBERT,WO-2025201644-A1_fr_q_fr,fr,10,10,8,0.8,1.0,same
cambridgeltl/SapBERT-UMLS-2020AB-all-lang-from-XLMR,SapBERT,MX-2025003633-A_en_q_de,de,100,100,38,0.38,1.0,foreign
cambridgeltl/SapBERT-UMLS-2020AB-all-lang-from-XLMR,SapBERT,WO-2025170482-A1_en_q_de,de,3,3,0,0.0,0.0,foreign
cambridgeltl/SapBERT-UMLS-2020AB-all-lang-from-XLMR,SapBERT,MX-2025002762-A_en_q_en,en,100,100,67,0.67,1.0,same
cambridgeltl/SapBERT-UMLS-2020AB-all-lang-from-XLMR,SapBERT,MX-2025009196-A_en_q_de,de,100,100,9,0.09,1.0,same
cambridgeltl/SapBERT-UMLS-2020AB-all-lang-from-XLMR,SapBERT,EP-4584246-A1_en_q_zh,zh,0,0,0,,0.0,gold
cambridgeltl/SapBERT-UMLS-2020AB-all-lang-from-XLMR,SapBERT,WO-2022031256-A1_en_q_zh,zh,65,65,0,0.0,0.0,foreign
cambridgeltl/SapBERT-UMLS-2020AB-all-lang-from-XLMR,SapBERT,ES-3035119-A1_en_q_fr,fr,100,100,51,0.51,1.0,same
cambridgeltl/SapBERT-UMLS-2020AB-all-lang-from-XLMR,SapBERT,WO-2022231470-A1_en_q_de,de,100,100,3,0.03,1.0,foreign
cambridgeltl/SapBERT-UMLS-2020AB-all-lang-from-XLMR,SapBERT,EP-4627127-A1_en_q_de,de,100,100,42,0.42,1.0,same
cambridgeltl/SapBERT-UMLS-2020AB-all-lang-from-XLMR,SapBERT,WO-2025185983-A1_en_q_es,es,100,100,12,0.12,1.0,foreign
cambridgeltl/SapBERT-UMLS-2020AB-all-lang-from-XLMR,SapBERT,EP-4627015-A1_en_q_de,de,91,91,11,0.12087912087912088,1.0,foreign
cambridgeltl/SapBERT-UMLS-2020AB-all-lang-from-XLMR,SapBERT,WO-2025212979-A1_en_q_de,de,100,100,0,0.0,0.0,foreign
cambridgeltl/SapBERT-UMLS-2020AB-all-lang-from-XLMR,SapBERT,MX-2025010953-A_en_q_zh,zh,0,0,0,,0.0,gold
cambridgeltl/SapBERT-UMLS-2020AB-all-lang-from-XLMR,SapBERT,WO-2025207427-A1_en_q_de,de,10,10,4,0.4,1.0,same
cambridgeltl/SapBERT-UMLS-2020AB-all-lang-from-XLMR,SapBERT,MX-2025007532-A_en_q_de,de,10,10,0,0.0,0.0,foreign
cambridgeltl/SapBERT-UMLS-2020AB-all-lang-from-XLMR,SapBERT,EP-4627092-A1_en_q_zh,zh,100,100,2,0.02,1.0,foreign
cambridgeltl/SapBERT-UMLS-2020AB-all-lang-from-XLMR,SapBERT,EP-4584229-A1_en_q_es,es,100,100,7,0.07,1.0,foreign
cambridgeltl/SapBERT-UMLS-2020AB-all-lang-from-XLMR,SapBERT,WO-2024054196-A1_en_q_zh,zh,32,32,1,0.03125,1.0,foreign
cambridgeltl/SapBERT-UMLS-2020AB-all-lang-from-XLMR,SapBERT,WO-2025164618-A1_en_q_es,es,93,93,11,0.11827956989247312,1.0,same
cambridgeltl/SapBERT-UMLS-2020AB-all-lang-from-XLMR,SapBERT,EP-4626889-A1_en_q_es,es,100,100,8,0.08,1.0,foreign
cambridgeltl/SapBERT-UMLS-2020AB-all-lang-from-XLMR,SapBERT,MX-2025004761-A_en_q_zh,zh,100,100,0,0.0,0.0,foreign
cambridgeltl/SapBERT-UMLS-2020AB-all-lang-from-XLMR,SapBERT,MX-2025009867-A_en_q_de,de,100,100,0,0.0,0.0,foreign
cambridgeltl/SapBERT-UMLS-2020AB-all-lang-from-XLMR,SapBERT,WO-03042409-A3_en_q_es,es,2,2,0,0.0,0.0,foreign
cambridgeltl/SapBERT-UMLS-2020AB-all-lang-from-XLMR,SapBERT,WO-2025212474-A1_en_q_de,de,2,2,1,0.5,1.0,foreign
cambridgeltl/SapBERT-UMLS-2020AB-all-lang-from-XLMR,SapBERT,ES-3028671-A1_en_q_zh,zh,100,100,3,0.03,1.0,foreign
cambridgeltl/SapBERT-UMLS-2020AB-all-lang-from-XLMR,SapBERT,WO-2025212467-A1_en_q_de,de,7,7,0,0.0,0.0,foreign
cambridgeltl/SapBERT-UMLS-2020AB-all-lang-from-XLMR,SapBERT,MX-2025009862-A_en_q_fr,fr,0,0,0,,0.0,gold
cambridgeltl/SapBERT-UMLS-2020AB-all-lang-from-XLMR,SapBERT,EP-4566167-A1_en_q_es,es,100,100,16,0.16,1.0,foreign
cambridgeltl/SapBERT-UMLS-2020AB-all-lang-from-XLMR,SapBERT,WO-2025216937-A1_en_q_es,es,8,8,0,0.0,0.0,foreign
cambridgeltl/SapBERT-UMLS-2020AB-all-lang-from-XLMR,SapBERT,EP-4630021-A1_en_q_de,de,100,100,9,0.09,1.0,foreign
cambridgeltl/SapBERT-UMLS-2020AB-all-lang-from-XLMR,SapBERT,MX-2025007206-A_en_q_de,de,100,100,29,0.29,1.0,foreign
cambridgeltl/SapBERT-UMLS-2020AB-all-lang-from-XLMR,SapBERT,EP-4504821-A1_en_q_es,es,100,100,13,0.13,1.0,foreign
cambridgeltl/SapBERT-UMLS-2020AB-all-lang-from-XLMR,SapBERT,WO-2025205793-A1_en_q_de,de,35,35,5,0.14285714285714285,1.0,foreign
cambridgeltl/SapBERT-UMLS-2020AB-all-lang-from-XLMR,SapBERT,WO-2025206825-A1_en_q_de,de,9,9,3,0.3333333333333333,1.0,foreign
cambridgeltl/SapBERT-UMLS-2020AB-all-lang-from-XLMR,SapBERT,EP-4568770-A1_en_q_es,es,100,100,20,0.2,1.0,foreign
cambridgeltl/SapBERT-UMLS-2020AB-all-lang-from-XLMR,SapBERT,WO-2025188827-A8_en_q_es,es,100,100,23,0.23,1.0,same
cambridgeltl/SapBERT-UMLS-2020AB-all-lang-from-XLMR,SapBERT,MX-2025008259-A_en_q_fr,fr,100,100,29,0.29,1.0,foreign
cambridgeltl/SapBERT-UMLS-2020AB-all-lang-from-XLMR,SapBERT,WO-2025132504-A1_en_q_es,es,100,100,25,0.25,1.0,foreign
cambridgeltl/SapBERT-UMLS-2020AB-all-lang-from-XLMR,SapBERT,MX-2025007237-A_en_q_fr,fr,100,100,43,0.43,1.0,same
cambridgeltl/SapBERT-UMLS-2020AB-all-lang-from-XLMR,SapBERT,MX-2025005647-A_en_q_zh,zh,100,100,0,0.0,0.0,foreign
cambridgeltl/SapBERT-UMLS-2020AB-all-lang-from-XLMR,SapBERT,WO-2025214411-A1_en_q_de,de,42,42,4,0.09523809523809523,1.0,same
cambridgeltl/SapBERT-UMLS-2020AB-all-lang-from-XLMR,SapBERT,EP-4623093-A2_en_q_es,es,0,0,0,,0.0,gold
cambridgeltl/SapBERT-UMLS-2020AB-all-lang-from-XLMR,SapBERT,EP-4634148-A1_en_q_de,de,0,0,0,,0.0,gold
cambridgeltl/SapBERT-UMLS-2020AB-all-lang-from-XLMR,SapBERT,WO-2025202170-A1_en_q_es,es,100,100,11,0.11,1.0,foreign
cambridgeltl/SapBERT-UMLS-2020AB-all-lang-from-XLMR,SapBERT,EP-4507673-A1_en_q_de,de,100,100,10,0.1,1.0,foreign
cambridgeltl/SapBERT-UMLS-2020AB-all-lang-from-XLMR,SapBERT,MX-2025007577-A_en_q_fr,fr,100,100,26,0.26,1.0,foreign
cambridgeltl/SapBERT-UMLS-2020AB-all-lang-from-XLMR,SapBERT,MX-2025009131-A_en_q_zh,zh,100,100,1,0.01,1.0,foreign
cambridgeltl/SapBERT-UMLS-2020AB-all-lang-from-XLMR,SapBERT,MX-2025009990-A_en_q_zh,zh,20,20,0,0.0,0.0,foreign
cambridgeltl/SapBERT-UMLS-2020AB-all-lang-from-XLMR,SapBERT,WO-2023153953-A1_en_q_es,es,58,58,10,0.1724137931034483,1.0,foreign
cambridgeltl/SapBERT-UMLS-2020AB-all-lang-from-XLMR,SapBERT,WO-2025183548-A1_en_q_de,de,100,100,0,0.0,0.0,foreign
cambridgeltl/SapBERT-UMLS-2020AB-all-lang-from-XLMR,SapBERT,WO-2025007163-A1_en_q_de,de,100,100,2,0.02,1.0,foreign
cambridgeltl/SapBERT-UMLS-2020AB-all-lang-from-XLMR,SapBERT,WO-2025206959-A1_en_q_de,de,25,25,1,0.04,1.0,foreign
cambridgeltl/SapBERT-UMLS-2020AB-all-lang-from-XLMR,SapBERT,WO-2025207810-A1_en_q_zh,zh,10,10,0,0.0,0.0,foreign
cambridgeltl/SapBERT-UMLS-2020AB-all-lang-from-XLMR,SapBERT,WO-2025215476-A1_en_q_de,de,100,100,33,0.33,1.0,same
cambridgeltl/SapBERT-UMLS-2020AB-all-lang-from-XLMR,SapBERT,WO-2023149795-A1_en_q_en,en,100,100,56,0.56,1.0,foreign
cambridgeltl/SapBERT-UMLS-2020AB-all-lang-from-XLMR,SapBERT,WO-2022124934-A1_en_q_es,es,100,100,11,0.11,1.0,foreign
cambridgeltl/SapBERT-UMLS-2020AB-all-lang-from-XLMR,SapBERT,WO-2025187134-A8_en_q_en,en,100,100,69,0.69,1.0,same
cambridgeltl/SapBERT-UMLS-2020AB-all-lang-from-XLMR,SapBERT,WO-2023200358-A1_en_q_en,en,27,27,22,0.8148148148148148,1.0,same
cambridgeltl/SapBERT-UMLS-2020AB-all-lang-from-XLMR,SapBERT,WO-2025216105-A1_fr_q_fr,fr,100,100,21,0.21,1.0,foreign
cambridgeltl/SapBERT-UMLS-2020AB-all-lang-from-XLMR,SapBERT,MX-2025005014-A_es_q_es,es,0,0,0,,0.0,gold
cambridgeltl/SapBERT-UMLS-2020AB-all-lang-from-XLMR,SapBERT,WO-2025216873-A1_fr_q_fr,fr,49,49,17,0.3469387755102041,1.0,same
cambridgeltl/SapBERT-UMLS-2020AB-all-lang-from-XLMR,SapBERT,WO-2025205780-A1_zh_q_zh,zh,100,100,3,0.03,1.0,foreign
cambridgeltl/SapBERT-UMLS-2020AB-all-lang-from-XLMR,SapBERT,MX-2025009666-A_en_q_en,en,100,100,44,0.44,1.0,same
cambridgeltl/SapBERT-UMLS-2020AB-all-lang-from-XLMR,SapBERT,WO-2025212049-A1_fr_q_fr,fr,100,100,31,0.31,1.0,foreign
cambridgeltl/SapBERT-UMLS-2020AB-all-lang-from-XLMR,SapBERT,EP-4627347-A1_fr_q_fr,fr,0,0,0,,0.0,gold
cambridgeltl/SapBERT-UMLS-2020AB-all-lang-from-XLMR,SapBERT,MX-2025004786-A_es_q_es,es,0,0,0,,0.0,gold
cambridgeltl/SapBERT-UMLS-2020AB-all-lang-from-XLMR,SapBERT,WO-2024063632-A1_en_q_en,en,100,100,46,0.46,1.0,foreign
cambridgeltl/SapBERT-UMLS-2020AB-all-lang-from-XLMR,SapBERT,WO-2025206783-A1_fr_q_fr,fr,5,5,2,0.4,1.0,same
cambridgeltl/SapBERT-UMLS-2020AB-all-lang-from-XLMR,SapBERT,MX-2025010991-A_en_q_en,en,100,100,80,0.8,1.0,same
cambridgeltl/SapBERT-UMLS-2020AB-all-lang-from-XLMR,SapBERT,MX-2025006977-A_en_q_en,en,0,0,0,,0.0,gold
cambridgeltl/SapBERT-UMLS-2020AB-all-lang-from-XLMR,SapBERT,MX-2025008400-A_en_q_en,en,0,0,0,,0.0,gold
cambridgeltl/SapBERT-UMLS-2020AB-all-lang-from-XLMR,SapBERT,WO-2025132390-A1_de_q_de,de,0,0,0,,0.0,gold
cambridgeltl/SapBERT-UMLS-2020AB-all-lang-from-XLMR,SapBERT,WO-2025204766-A1_fr_q_fr,fr,0,0,0,,0.0,gold
cambridgeltl/SapBERT-UMLS-2020AB-all-lang-from-XLMR,SapBERT,WO-2025098664-A1_de_q_de,de,0,0,0,,0.0,gold
cambridgeltl/SapBERT-UMLS-2020AB-all-lang-from-XLMR,SapBERT,EP-4627583-A1_en_q_en,en,11,11,10,0.9090909090909091,1.0,same
cambridgeltl/SapBERT-UMLS-2020AB-all-lang-from-XLMR,SapBERT,EP-4630558-A2_zh_q_zh,zh,100,100,2,0.02,1.0,foreign
cambridgeltl/SapBERT-UMLS-2020AB-all-lang-from-XLMR,SapBERT,MX-2025010573-A_es_q_es,es,100,100,14,0.14,1.0,foreign
cambridgeltl/SapBERT-UMLS-2020AB-all-lang-from-XLMR,SapBERT,WO-2025210917-A1_fr_q_fr,fr,11,11,11,1.0,1.0,same
cambridgeltl/SapBERT-UMLS-2020AB-all-lang-from-XLMR,SapBERT,WO-2025150394-A1_en_q_en,en,100,100,63,0.63,1.0,same
cambridgeltl/SapBERT-UMLS-2020AB-all-lang-from-XLMR,SapBERT,MX-2025005728-A_en_q_en,en,100,100,63,0.63,1.0,same
cambridgeltl/SapBERT-UMLS-2020AB-all-lang-from-XLMR,SapBERT,WO-2025177605-A1_fr_q_fr,fr,98,98,52,0.5306122448979592,1.0,same
cambridgeltl/SapBERT-UMLS-2020AB-all-lang-from-XLMR,SapBERT,MX-2025006958-A_en_q_en,en,0,0,0,,0.0,gold
cambridgeltl/SapBERT-UMLS-2020AB-all-lang-from-XLMR,SapBERT,EP-4551675-A1_de_q_de,de,100,100,9,0.09,1.0,foreign
cambridgeltl/SapBERT-UMLS-2020AB-all-lang-from-XLMR,SapBERT,EP-4627325-A1_fr_q_fr,fr,18,18,11,0.6111111111111112,1.0,foreign
cambridgeltl/SapBERT-UMLS-2020AB-all-lang-from-XLMR,SapBERT,WO-2025208050-A2_en_q_en,en,4,4,4,1.0,1.0,same
cambridgeltl/SapBERT-UMLS-2020AB-all-lang-from-XLMR,SapBERT,WO-2025202994-A1_fr_q_fr,fr,1,1,0,0.0,0.0,foreign
cambridgeltl/SapBERT-UMLS-2020AB-all-lang-from-XLMR,SapBERT,MX-2025006551-A_en_q_en,en,4,4,3,0.75,1.0,same
cambridgeltl/SapBERT-UMLS-2020AB-all-lang-from-XLMR,SapBERT,WO-2005069422-A1_en_q_en,en,0,0,0,,0.0,gold
cambridgeltl/SapBERT-UMLS-2020AB-all-lang-from-XLMR,SapBERT,WO-2025194610-A1_fr_q_fr,fr,1,1,1,1.0,1.0,same
cambridgeltl/SapBERT-UMLS-2020AB-all-lang-from-XLMR,SapBERT,MX-2025001644-A_zh_q_zh,zh,0,0,0,,0.0,gold
cambridgeltl/SapBERT-UMLS-2020AB-all-lang-from-XLMR,SapBERT,WO-2025216492-A1_fr_q_fr,fr,0,0,0,,0.0,gold
cambridgeltl/SapBERT-UMLS-2020AB-all-lang-from-XLMR,SapBERT,WO-2025216629-A1_fr_q_fr,fr,100,100,35,0.35,1.0,same
cambridgeltl/SapBERT-UMLS-2020AB-all-lang-from-XLMR,SapBERT,MX-2025005081-A_en_q_en,en,100,100,74,0.74,1.0,foreign
cambridgeltl/SapBERT-UMLS-2020AB-all-lang-from-XLMR,SapBERT,WO-2025205506-A1_fr_q_fr,fr,2,2,0,0.0,0.0,foreign
cambridgeltl/SapBERT-UMLS-2020AB-all-lang-from-XLMR,SapBERT,WO-2025132391-A1_de_q_de,de,100,100,22,0.22,1.0,same
cambridgeltl/SapBERT-UMLS-2020AB-all-lang-from-XLMR,SapBERT,WO-2025205634-A1_en_q_en,en,62,62,52,0.8387096774193549,1.0,same
cambridgeltl/SapBERT-UMLS-2020AB-all-lang-from-XLMR,SapBERT,WO-2025120243-A1_es_q_es,es,100,100,23,0.23,1.0,same
cambridgeltl/SapBERT-UMLS-2020AB-all-lang-from-XLMR,SapBERT,WO-2025201672-A1_fr_q_fr,fr,3,3,3,1.0,1.0,same
cambridgeltl/SapBERT-UMLS-2020AB-all-lang-from-XLMR,SapBERT,MX-2025008970-A_es_q_es,es,11,11,1,0.09090909090909091,1.0,foreign
cambridgeltl/SapBERT-UMLS-2020AB-all-lang-from-XLMR,SapBERT,MX-2025009075-A_zh_q_zh,zh,0,0,0,,0.0,gold
cambridgeltl/SapBERT-UMLS-2020AB-all-lang-from-XLMR,SapBERT,WO-2025210445-A1_fr_q_fr,fr,100,100,49,0.49,1.0,same
cambridgeltl/SapBERT-UMLS-2020AB-all-lang-from-XLMR,SapBERT,WO-2025206090-A1_fr_q_fr,fr,29,29,6,0.20689655172413793,1.0,foreign
cambridgeltl/SapBERT-UMLS-2020AB-all-lang-from-XLMR,SapBERT,MX-2025006643-A_en_q_en,en,2,2,2,1.0,1.0,same
cambridgeltl/SapBERT-UMLS-2020AB-all-lang-from-XLMR,SapBERT,MX-2025010190-A_en_q_en,en,0,0,0,,0.0,gold
cambridgeltl/SapBERT-UMLS-2020AB-all-lang-from-XLMR,SapBERT,EP-4577789-A1_zh_q_zh,zh,100,100,2,0.02,1.0,foreign
cambridgeltl/SapBERT-UMLS-2020AB-all-lang-from-XLMR,SapBERT,WO-2025204469-A1_en_q_en,en,24,24,14,0.5833333333333334,1.0,same
cambridgeltl/SapBERT-UMLS-2020AB-all-lang-from-XLMR,SapBERT,WO-2025204469-A1_en_q_de,de,79,79,7,0.08860759493670886,1.0,foreign
cambridgeltl/SapBERT-UMLS-2020AB-all-lang-from-XLMR,SapBERT,WO-2025204469-A1_fr_q_fr,fr,100,100,40,0.4,1.0,foreign
cambridgeltl/SapBERT-UMLS-2020AB-all-lang-from-XLMR,SapBERT,WO-2025204469-A1_en_q_es,es,100,100,21,0.21,1.0,foreign
cambridgeltl/SapBERT-UMLS-2020AB-all-lang-from-XLMR,SapBERT,WO-2025204469-A1_zh_q_zh,zh,100,100,5,0.05,1.0,foreign
cambridgeltl/SapBERT-UMLS-2020AB-all-lang-from-XLMR,SapBERT,MX-2025010085-A_en_q_en,en,1,1,1,1.0,1.0,same
cambridgeltl/SapBERT-UMLS-2020AB-all-lang-from-XLMR,SapBERT,MX-2025010085-A_en_q_de,de,2,2,0,0.0,0.0,foreign
cambridgeltl/SapBERT-UMLS-2020AB-all-lang-from-XLMR,SapBERT,MX-2025010085-A_en_q_fr,fr,5,5,1,0.2,1.0,same
cambridgeltl/SapBERT-UMLS-2020AB-all-lang-from-XLMR,SapBERT,MX-2025010085-A_es_q_es,es,1,1,0,0.0,0.0,foreign
cambridgeltl/SapBERT-UMLS-2020AB-all-lang-from-XLMR,SapBERT,MX-2025010085-A_en_q_zh,zh,7,7,1,0.14285714285714285,1.0,same
cambridgeltl/SapBERT-UMLS-2020AB-all-lang-from-XLMR,SapBERT,MX-2025005421-A_en_q_en,en,100,100,69,0.69,1.0,same
cambridgeltl/SapBERT-UMLS-2020AB-all-lang-from-XLMR,SapBERT,MX-2025005421-A_en_q_de,de,100,100,0,0.0,0.0,foreign
cambridgeltl/SapBERT-UMLS-2020AB-all-lang-from-XLMR,SapBERT,MX-2025005421-A_en_q_fr,fr,100,100,40,0.4,1.0,foreign
cambridgeltl/SapBERT-UMLS-2020AB-all-lang-from-XLMR,SapBERT,MX-2025005421-A_es_q_es,es,100,100,40,0.4,1.0,same
cambridgeltl/SapBERT-UMLS-2020AB-all-lang-from-XLMR,SapBERT,MX-2025005421-A_en_q_zh,zh,100,100,1,0.01,1.0,foreign
cambridgeltl/SapBERT-UMLS-2020AB-all-lang-from-XLMR,SapBERT,MX-2025002688-A_en_q_en,en,100,100,67,0.67,1.0,same
cambridgeltl/SapBERT-UMLS-2020AB-all-lang-from-XLMR,SapBERT,MX-2025002688-A_en_q_de,de,100,100,19,0.19,1.0,same
cambridgeltl/SapBERT-UMLS-2020AB-all-lang-from-XLMR,SapBERT,MX-2025002688-A_en_q_fr,fr,100,100,59,0.59,1.0,same
cambridgeltl/SapBERT-UMLS-2020AB-all-lang-from-XLMR,SapBERT,MX-2025002688-A_es_q_es,es,100,100,13,0.13,1.0,foreign
cambridgeltl/SapBERT-UMLS-2020AB-all-lang-from-XLMR,SapBERT,MX-2025002688-A_en_q_zh,zh,100,100,9,0.09,1.0,foreign
cambridgeltl/SapBERT-UMLS-2020AB-all-lang-from-XLMR,SapBERT,WO-2025211147-A1_en_q_en,en,87,87,55,0.632183908045977,1.0,same
cambridgeltl/SapBERT-UMLS-2020AB-all-lang-from-XLMR,SapBERT,WO-2025211147-A1_en_q_de,de,100,100,14,0.14,1.0,foreign
cambridgeltl/SapBERT-UMLS-2020AB-all-lang-from-XLMR,SapBERT,WO-2025211147-A1_fr_q_fr,fr,1,1,1,1.0,1.0,same
cambridgeltl/SapBERT-UMLS-2020AB-all-lang-from-XLMR,SapBERT,WO-2025211147-A1_en_q_es,es,61,61,9,0.14754098360655737,1.0,same
cambridgeltl/SapBERT-UMLS-2020AB-all-lang-from-XLMR,SapBERT,WO-2025211147-A1_en_q_zh,zh,100,100,0,0.0,0.0,foreign
cambridgeltl/SapBERT-UMLS-2020AB-all-lang-from-XLMR,SapBERT,WO-2025187712-A8_en_q_en,en,2,2,2,1.0,1.0,same
cambridgeltl/SapBERT-UMLS-2020AB-all-lang-from-XLMR,SapBERT,WO-2025187712-A8_en_q_de,de,11,11,1,0.09090909090909091,1.0,foreign
cambridgeltl/SapBERT-UMLS-2020AB-all-lang-from-XLMR,SapBERT,WO-2025187712-A8_fr_q_fr,fr,40,40,16,0.4,1.0,same
cambridgeltl/SapBERT-UMLS-2020AB-all-lang-from-XLMR,SapBERT,WO-2025187712-A8_en_q_es,es,100,100,13,0.13,1.0,foreign
cambridgeltl/SapBERT-UMLS-2020AB-all-lang-from-XLMR,SapBERT,WO-2025187712-A8_en_q_zh,zh,100,100,1,0.01,1.0,foreign
cambridgeltl/SapBERT-UMLS-2020AB-all-lang-from-XLMR,SapBERT,EP-4630253-A1_en_q_en,en,79,79,31,0.3924050632911392,1.0,same
cambridgeltl/SapBERT-UMLS-2020AB-all-lang-from-XLMR,SapBERT,EP-4630253-A1_en_q_de,de,100,100,20,0.2,1.0,same
cambridgeltl/SapBERT-UMLS-2020AB-all-lang-from-XLMR,SapBERT,EP-4630253-A1_fr_q_fr,fr,100,100,32,0.32,1.0,same
cambridgeltl/SapBERT-UMLS-2020AB-all-lang-from-XLMR,SapBERT,EP-4630253-A1_en_q_es,es,55,55,9,0.16363636363636364,1.0,same
cambridgeltl/SapBERT-UMLS-2020AB-all-lang-from-XLMR,SapBERT,EP-4630253-A1_zh_q_zh,zh,100,100,1,0.01,1.0,foreign
cambridgeltl/SapBERT-UMLS-2020AB-all-lang-from-XLMR,SapBERT,MX-2025007798-A_en_q_en,en,0,0,0,,0.0,gold
cambridgeltl/SapBERT-UMLS-2020AB-all-lang-from-XLMR,SapBERT,WO-2025206382-A1_en_q_en,en,100,100,68,0.68,1.0,same
cambridgeltl/SapBERT-UMLS-2020AB-all-lang-from-XLMR,SapBERT,MX-2025009144-A_en_q_en,en,100,100,67,0.67,1.0,same
cambridgeltl/SapBERT-UMLS-2020AB-all-lang-from-XLMR,SapBERT,WO-2025206195-A1_en_q_de,de,100,100,5,0.05,1.0,foreign
cambridgeltl/SapBERT-UMLS-2020AB-all-lang-from-XLMR,SapBERT,WO-2024128938-A1_en_q_de,de,0,0,0,,0.0,gold
cambridgeltl/SapBERT-UMLS-2020AB-all-lang-from-XLMR,SapBERT,MX-2025007510-A_es_q_es,es,100,100,21,0.21,1.0,foreign
cambridgeltl/SapBERT-UMLS-2020AB-all-lang-from-XLMR,SapBERT,WO-2025172752-A1_en_q_en,en,0,0,0,,0.0,gold
cambridgeltl/SapBERT-UMLS-2020AB-all-lang-from-XLMR,SapBERT,WO-2024245507-A9_en_q_en,en,0,0,0,,0.0,gold
cambridgeltl/SapBERT-UMLS-2020AB-all-lang-from-XLMR,SapBERT,WO-2024245507-A9_de_q_de,de,0,0,0,,0.0,gold
cambridgeltl/SapBERT-UMLS-2020AB-all-lang-from-XLMR,SapBERT,WO-2024245507-A9_fr_q_fr,fr,34,34,13,0.38235294117647056,1.0,same
cambridgeltl/SapBERT-UMLS-2020AB-all-lang-from-XLMR,SapBERT,WO-2024245507-A9_en_q_es,es,0,0,0,,0.0,gold
cambridgeltl/SapBERT-UMLS-2020AB-all-lang-from-XLMR,SapBERT,WO-2024245507-A9_en_q_zh,zh,1,1,0,0.0,0.0,foreign
cambridgeltl/SapBERT-UMLS-2020AB-all-lang-from-XLMR,SapBERT,EP-4630245-A1_zh_q_zh,zh,0,0,0,,0.0,gold
cambridgeltl/SapBERT-UMLS-2020AB-all-lang-from-XLMR,SapBERT,WO-2025192625-A1_en_q_en,en,100,100,77,0.77,1.0,same
cambridgeltl/SapBERT-UMLS-2020AB-all-lang-from-XLMR,SapBERT,WO-2025192625-A1_en_q_de,de,100,100,33,0.33,1.0,same
cambridgeltl/SapBERT-UMLS-2020AB-all-lang-from-XLMR,SapBERT,WO-2025192625-A1_fr_q_fr,fr,100,100,57,0.57,1.0,foreign
cambridgeltl/SapBERT-UMLS-2020AB-all-lang-from-XLMR,SapBERT,WO-2025192625-A1_en_q_es,es,100,100,17,0.17,1.0,same
cambridgeltl/SapBERT-UMLS-2020AB-all-lang-from-XLMR,SapBERT,WO-2025192625-A1_zh_q_zh,zh,100,100,3,0.03,1.0,foreign
cambridgeltl/SapBERT-UMLS-2020AB-all-lang-from-XLMR,SapBERT,MX-2025006818-A_es_q_es,es,0,0,0,,0.0,gold
cambridgeltl/SapBERT-UMLS-2020AB-all-lang-from-XLMR,SapBERT,MX-2025007695-A_es_q_es,es,0,0,0,,0.0,gold
cambridgeltl/SapBERT-UMLS-2020AB-all-lang-from-XLMR,SapBERT,WO-2025187736-A8_en_q_zh,zh,100,100,9,0.09,1.0,foreign
cambridgeltl/SapBERT-UMLS-2020AB-all-lang-from-XLMR,SapBERT,WO-2025203012-A1_en_q_es,es,100,100,43,0.43,1.0,foreign
cambridgeltl/SapBERT-UMLS-2020AB-all-lang-from-XLMR,SapBERT,EP-4626837-A1_en_q_zh,zh,3,3,2,0.6666666666666666,1.0,same
cambridgeltl/SapBERT-UMLS-2020AB-all-lang-from-XLMR,SapBERT,WO-2025202104-A1_zh_q_zh,zh,0,0,0,,0.0,gold
cambridgeltl/SapBERT-UMLS-2020AB-all-lang-from-XLMR,SapBERT,EP-4626928-A2_fr_q_fr,fr,65,65,27,0.4153846153846154,1.0,foreign
cambridgeltl/SapBERT-UMLS-2020AB-all-lang-from-XLMR,SapBERT,MX-2025008327-A_en_q_en,en,100,100,59,0.59,1.0,same
cambridgeltl/SapBERT-UMLS-2020AB-all-lang-from-XLMR,SapBERT,EP-4634127-A1_en_q_en,en,2,2,2,1.0,1.0,same
cambridgeltl/SapBERT-UMLS-2020AB-all-lang-from-XLMR,SapBERT,WO-2024058685-A1_en_q_zh,zh,1,1,0,0.0,0.0,foreign
cambridgeltl/SapBERT-UMLS-2020AB-all-lang-from-XLMR,SapBERT,WO-2024089298-A9_fr_q_fr,fr,1,1,1,1.0,1.0,same
cambridgeltl/SapBERT-UMLS-2020AB-all-lang-from-XLMR,SapBERT,MX-2025010028-A_en_q_en,en,100,100,40,0.4,1.0,same
cambridgeltl/SapBERT-UMLS-2020AB-all-lang-from-XLMR,SapBERT,WO-2025202253-A1_en_q_es,es,0,0,0,,0.0,gold
cambridgeltl/SapBERT-UMLS-2020AB-all-lang-from-XLMR,SapBERT,MX-2025009821-A_es_q_es,es,100,100,14,0.14,1.0,foreign
cambridgeltl/SapBERT-UMLS-2020AB-all-lang-from-XLMR,SapBERT,MX-2025006624-A_en_q_fr,fr,100,100,90,0.9,1.0,same
cambridgeltl/SapBERT-UMLS-2020AB-all-lang-from-XLMR,SapBERT,MX-2025003345-A_en_q_de,de,13,13,0,0.0,0.0,foreign
cambridgeltl/SapBERT-UMLS-2020AB-all-lang-from-XLMR,SapBERT,WO-2024259508-A1_en_q_en,en,0,0,0,,0.0,gold
cambridgeltl/SapBERT-UMLS-2020AB-all-lang-from-XLMR,SapBERT,EP-4630051-A1_fr_q_fr,fr,0,0,0,,0.0,gold
cambridgeltl/SapBERT-UMLS-2020AB-all-lang-from-XLMR,SapBERT,MX-2025010268-A_en_q_zh,zh,0,0,0,,0.0,gold
cambridgeltl/SapBERT-UMLS-2020AB-all-lang-from-XLMR,SapBERT,WO-2025212655-A1_en_q_de,de,26,26,1,0.038461538461538464,1.0,foreign
cambridgeltl/SapBERT-UMLS-2020AB-all-lang-from-XLMR,SapBERT,WO-2025205978-A1_en_q_en,en,3,3,3,1.0,1.0,same
cambridgeltl/SapBERT-UMLS-2020AB-all-lang-from-XLMR,SapBERT,WO-2025206105-A1_zh_q_zh,zh,100,100,2,0.02,1.0,same
cambridgeltl/SapBERT-UMLS-2020AB-all-lang-from-XLMR,SapBERT,EP-4633669-A2_fr_q_fr,fr,1,1,0,0.0,0.0,foreign
cambridgeltl/SapBERT-UMLS-2020AB-all-lang-from-XLMR,SapBERT,WO-2025021351-A1_en_q_zh,zh,3,3,1,0.3333333333333333,1.0,foreign
cambridgeltl/SapBERT-UMLS-2020AB-all-lang-from-XLMR,SapBERT,WO-2025187706-A8_fr_q_fr,fr,100,100,53,0.53,1.0,same
cambridgeltl/SapBERT-UMLS-2020AB-all-lang-from-XLMR,SapBERT,EP-4623104-A1_zh_q_zh,zh,0,0,0,,0.0,gold
cambridgeltl/SapBERT-UMLS-2020AB-all-lang-from-XLMR,SapBERT,WO-2025164232-A1_en_q_de,de,5,5,0,0.0,0.0,foreign
cambridgeltl/SapBERT-UMLS-2020AB-all-lang-from-XLMR,SapBERT,WO-2025206823-A1_en_q_de,de,23,23,10,0.43478260869565216,1.0,same
cambridgeltl/SapBERT-UMLS-2020AB-all-lang-from-XLMR,SapBERT,EP-4626944-A1_en_q_de,de,100,100,39,0.39,1.0,same
cambridgeltl/SapBERT-UMLS-2020AB-all-lang-from-XLMR,SapBERT,EP-4626879-A1_en_q_en,en,0,0,0,,0.0,gold
cambridgeltl/SapBERT-UMLS-2020AB-all-lang-from-XLMR,SapBERT,EP-4626874-A1_en_q_zh,zh,100,100,5,0.05,1.0,same
cambridgeltl/SapBERT-UMLS-2020AB-all-lang-from-XLMR,SapBERT,MX-2025008798-A_en_q_fr,fr,100,100,60,0.6,1.0,foreign
cambridgeltl/SapBERT-UMLS-2020AB-all-lang-from-XLMR,SapBERT,MX-2025005939-A_es_q_es,es,2,2,0,0.0,0.0,foreign
cambridgeltl/SapBERT-UMLS-2020AB-all-lang-from-XLMR,SapBERT,WO-2025204745-A1_en_q_zh,zh,100,100,7,0.07,1.0,foreign
cambridgeltl/SapBERT-UMLS-2020AB-all-lang-from-XLMR,SapBERT,WO-2025217208-A1_en_q_en,en,0,0,0,,0.0,gold
cambridgeltl/SapBERT-UMLS-2020AB-all-lang-from-XLMR,SapBERT,WO-2025205163-A1_en_q_en,en,100,100,78,0.78,1.0,same
cambridgeltl/SapBERT-UMLS-2020AB-all-lang-from-XLMR,SapBERT,WO-2025186172-A8_fr_q_fr,fr,100,100,47,0.47,1.0,same
cambridgeltl/SapBERT-UMLS-2020AB-all-lang-from-XLMR,SapBERT,WO-2025188156-A8_en_q_de,de,100,100,3,0.03,1.0,foreign
cambridgeltl/SapBERT-UMLS-2020AB-all-lang-from-XLMR,SapBERT,MX-2025009759-A_en_q_fr,fr,13,13,8,0.6153846153846154,1.0,same
cambridgeltl/SapBERT-UMLS-2020AB-all-lang-from-XLMR,SapBERT,WO-2025189017-A8_en_q_de,de,15,15,1,0.06666666666666667,1.0,foreign
cambridgeltl/SapBERT-UMLS-2020AB-all-lang-from-XLMR,SapBERT,CR-20250096-A_en_q_zh,zh,0,0,0,,0.0,gold
cambridgeltl/SapBERT-UMLS-2020AB-all-lang-from-XLMR,SapBERT,WO-2025169953-A1_en_q_de,de,21,21,12,0.5714285714285714,1.0,same
cambridgeltl/SapBERT-UMLS-2020AB-all-lang-from-XLMR,SapBERT,MX-2025006319-A_en_q_de,de,100,100,48,0.48,1.0,same
cambridgeltl/SapBERT-UMLS-2020AB-all-lang-from-XLMR,SapBERT,MX-2025004974-A_en_q_fr,fr,5,5,3,0.6,1.0,same
cambridgeltl/SapBERT-UMLS-2020AB-all-lang-from-XLMR,SapBERT,WO-2025170405-A1_en_q_de,de,0,0,0,,0.0,gold
cambridgeltl/SapBERT-UMLS-2020AB-all-lang-from-XLMR,SapBERT,WO-2025208198-A1_en_q_zh,zh,31,31,2,0.06451612903225806,1.0,foreign
cambridgeltl/SapBERT-UMLS-2020AB-all-lang-from-XLMR,SapBERT,WO-2025054647-A1_en_q_es,es,100,100,2,0.02,1.0,foreign
cambridgeltl/SapBERT-UMLS-2020AB-all-lang-from-XLMR,SapBERT,WO-2025210166-A1_en_q_de,de,100,100,0,0.0,0.0,foreign
cambridgeltl/SapBERT-UMLS-2020AB-all-lang-from-XLMR,SapBERT,WO-2025211178-A1_en_q_es,es,100,100,24,0.24,1.0,foreign
cambridgeltl/SapBERT-UMLS-2020AB-all-lang-from-XLMR,SapBERT,MX-2025004012-A_en_q_zh,zh,100,100,3,0.03,1.0,foreign
cambridgeltl/SapBERT-UMLS-2020AB-all-lang-from-XLMR,SapBERT,WO-2025206949-A1_en_q_es,es,26,26,5,0.19230769230769232,1.0,foreign
cambridgeltl/SapBERT-UMLS-2020AB-all-lang-from-XLMR,SapBERT,MX-2025007614-A_en_q_zh,zh,0,0,0,,0.0,gold
cambridgeltl/SapBERT-UMLS-2020AB-all-lang-from-XLMR,SapBERT,WO-2025146513-A1_en_q_de,de,0,0,0,,0.0,gold
cambridgeltl/SapBERT-UMLS-2020AB-all-lang-from-XLMR,SapBERT,WO-2025211949-A1_en_q_es,es,100,100,24,0.24,1.0,same
cambridgeltl/SapBERT-UMLS-2020AB-all-lang-from-XLMR,SapBERT,EP-4626831-A1_en_q_zh,zh,1,1,1,1.0,1.0,same
cambridgeltl/SapBERT-UMLS-2020AB-all-lang-from-XLMR,SapBERT,WO-2025186644-A8_en_q_de,de,100,100,30,0.3,1.0,foreign
cambridgeltl/SapBERT-UMLS-2020AB-all-lang-from-XLMR,SapBERT,WO-2025192587-A1_en_q_de,de,100,100,73,0.73,1.0,foreign
cambridgeltl/SapBERT-UMLS-2020AB-all-lang-from-XLMR,SapBERT,EP-4633779-A1_en_q_es,es,49,49,3,0.061224489795918366,1.0,foreign
cambridgeltl/SapBERT-UMLS-2020AB-all-lang-from-XLMR,SapBERT,WO-2022098263-A1_en_q_es,es,0,0,0,,0.0,gold
cambridgeltl/SapBERT-UMLS-2020AB-all-lang-from-XLMR,SapBERT,WO-2025215251-A1_en_q_es,es,43,43,4,0.09302325581395349,1.0,foreign
cambridgeltl/SapBERT-UMLS-2020AB-all-lang-from-XLMR,SapBERT,EP-4493405-A1_en_q_zh,zh,100,100,11,0.11,1.0,foreign
cambridgeltl/SapBERT-UMLS-2020AB-all-lang-from-XLMR,SapBERT,WO-2025103555-A1_en_q_zh,zh,1,1,0,0.0,0.0,foreign
cambridgeltl/SapBERT-UMLS-2020AB-all-lang-from-XLMR,SapBERT,EP-4626386-A1_en_q_de,de,100,100,14,0.14,1.0,foreign
cambridgeltl/SapBERT-UMLS-2020AB-all-lang-from-XLMR,SapBERT,MX-2025010613-A_en_q_de,de,100,100,46,0.46,1.0,same
cambridgeltl/SapBERT-UMLS-2020AB-all-lang-from-XLMR,SapBERT,EP-4626547-A1_en_q_de,de,0,0,0,,0.0,gold
cambridgeltl/SapBERT-UMLS-2020AB-all-lang-from-XLMR,SapBERT,EP-4626593-A1_en_q_de,de,100,100,15,0.15,1.0,foreign
cambridgeltl/SapBERT-UMLS-2020AB-all-lang-from-XLMR,SapBERT,WO-2025207414-A1_en_q_es,es,14,14,1,0.07142857142857142,1.0,foreign
cambridgeltl/SapBERT-UMLS-2020AB-all-lang-from-XLMR,SapBERT,MX-2025005049-A_en_q_zh,zh,100,100,1,0.01,1.0,foreign
cambridgeltl/SapBERT-UMLS-2020AB-all-lang-from-XLMR,SapBERT,WO-2024246082-A3_en_q_es,es,26,26,3,0.11538461538461539,1.0,foreign
cambridgeltl/SapBERT-UMLS-2020AB-all-lang-from-XLMR,SapBERT,WO-2025180718-A1_en_q_es,es,100,100,14,0.14,1.0,foreign
cambridgeltl/SapBERT-UMLS-2020AB-all-lang-from-XLMR,SapBERT,MX-2025006336-A_en_q_de,de,19,19,3,0.15789473684210525,1.0,foreign
cambridgeltl/SapBERT-UMLS-2020AB-all-lang-from-XLMR,SapBERT,WO-2025202347-A1_en_q_de,de,0,0,0,,0.0,gold
cambridgeltl/SapBERT-UMLS-2020AB-all-lang-from-XLMR,SapBERT,MX-2025010373-A_en_q_zh,zh,100,100,5,0.05,1.0,foreign
cambridgeltl/SapBERT-UMLS-2020AB-all-lang-from-XLMR,SapBERT,WO-2025200075-A1_en_q_zh,zh,0,0,0,,0.0,gold
cambridgeltl/SapBERT-UMLS-2020AB-all-lang-from-XLMR,SapBERT,WO-2025189151-A8_en_q_de,de,0,0,0,,0.0,gold
cambridgeltl/SapBERT-UMLS-2020AB-all-lang-from-XLMR,SapBERT,MX-2025007174-A_en_q_de,de,14,14,0,0.0,0.0,foreign
cambridgeltl/SapBERT-UMLS-2020AB-all-lang-from-XLMR,SapBERT,MX-2025010619-A_en_q_de,de,100,100,27,0.27,1.0,foreign
cambridgeltl/SapBERT-UMLS-2020AB-all-lang-from-XLMR,SapBERT,EP-4532651-A1_en_q_es,es,100,100,24,0.24,1.0,foreign
cambridgeltl/SapBERT-UMLS-2020AB-all-lang-from-XLMR,SapBERT,WO-2025173342-A1_en_q_es,es,58,58,12,0.20689655172413793,1.0,foreign
cambridgeltl/SapBERT-UMLS-2020AB-all-lang-from-XLMR,SapBERT,WO-2024019637-A1_en_q_de,de,100,100,35,0.35,1.0,same
cambridgeltl/SapBERT-UMLS-2020AB-all-lang-from-XLMR,SapBERT,MX-2025008968-A_en_q_zh,zh,100,100,4,0.04,1.0,foreign
cambridgeltl/SapBERT-UMLS-2020AB-all-lang-from-XLMR,SapBERT,WO-2025202625-A1_en_q_de,de,100,100,26,0.26,1.0,same
cambridgeltl/SapBERT-UMLS-2020AB-all-lang-from-XLMR,SapBERT,WO-2025187661-A8_en_q_es,es,0,0,0,,0.0,gold
cambridgeltl/SapBERT-UMLS-2020AB-all-lang-from-XLMR,SapBERT,WO-2025101062-A1_en_q_zh,zh,0,0,0,,0.0,gold
cambridgeltl/SapBERT-UMLS-2020AB-all-lang-from-XLMR,SapBERT,WO-2025150711-A1_en_q_de,de,100,100,31,0.31,1.0,foreign
cambridgeltl/SapBERT-UMLS-2020AB-all-lang-from-XLMR,SapBERT,WO-2025207828-A1_en_q_zh,zh,100,100,4,0.04,1.0,foreign
cambridgeltl/SapBERT-UMLS-2020AB-all-lang-from-XLMR,SapBERT,WO-2025203197-A1_en_q_zh,zh,100,100,1,0.01,1.0,foreign
cambridgeltl/SapBERT-UMLS-2020AB-all-lang-from-XLMR,SapBERT,EP-4634141-A2_en_q_en,en,0,0,0,,0.0,gold
cambridgeltl/SapBERT-UMLS-2020AB-all-lang-from-XLMR,SapBERT,EP-4633971-A1_fr_q_fr,fr,5,5,5,1.0,1.0,same
cambridgeltl/SapBERT-UMLS-2020AB-all-lang-from-XLMR,SapBERT,WO-2025197272-A1_en_q_en,en,100,100,79,0.79,1.0,same
cambridgeltl/SapBERT-UMLS-2020AB-all-lang-from-XLMR,SapBERT,WO-2025189168-A8_fr_q_fr,fr,100,100,50,0.5,1.0,same
cambridgeltl/SapBERT-UMLS-2020AB-all-lang-from-XLMR,SapBERT,MX-2025008124-A_es_q_es,es,47,47,12,0.2553191489361702,1.0,foreign
cambridgeltl/SapBERT-UMLS-2020AB-all-lang-from-XLMR,SapBERT,MX-2025007669-A_en_q_en,en,0,0,0,,0.0,gold
cambridgeltl/SapBERT-UMLS-2020AB-all-lang-from-XLMR,SapBERT,WO-2025195675-A1_en_q_en,en,5,5,0,0.0,0.0,foreign
cambridgeltl/SapBERT-UMLS-2020AB-all-lang-from-XLMR,SapBERT,WO-2022005333-A1_en_q_en,en,100,100,50,0.5,1.0,same
cambridgeltl/SapBERT-UMLS-2020AB-all-lang-from-XLMR,SapBERT,MX-2025005748-A_es_q_es,es,0,0,0,,0.0,gold
cambridgeltl/SapBERT-UMLS-2020AB-all-lang-from-XLMR,SapBERT,MX-2025002923-A_es_q_es,es,0,0,0,,0.0,gold
cambridgeltl/SapBERT-UMLS-2020AB-all-lang-from-XLMR,SapBERT,MX-2025010611-A_es_q_es,es,100,100,33,0.33,1.0,foreign
cambridgeltl/SapBERT-UMLS-2020AB-all-lang-from-XLMR,SapBERT,WO-2025217553-A1_fr_q_fr,fr,100,100,50,0.5,1.0,same
cambridgeltl/SapBERT-UMLS-2020AB-all-lang-from-XLMR,SapBERT,WO-2025186530-A8_en_q_en,en,1,1,1,1.0,1.0,same
cambridgeltl/SapBERT-UMLS-2020AB-all-lang-from-XLMR,SapBERT,EP-4627050-A1_fr_q_fr,fr,0,0,0,,0.0,gold
cambridgeltl/SapBERT-UMLS-2020AB-all-lang-from-XLMR,SapBERT,MX-2025008249-A_en_q_en,en,18,18,8,0.4444444444444444,1.0,same
cambridgeltl/SapBERT-UMLS-2020AB-all-lang-from-XLMR,SapBERT,WO-2025184858-A8_fr_q_fr,fr,1,1,1,1.0,1.0,same
cambridgeltl/SapBERT-UMLS-2020AB-all-lang-from-XLMR,SapBERT,MX-2025004649-A_es_q_es,es,0,0,0,,0.0,gold
cambridgeltl/SapBERT-UMLS-2020AB-all-lang-from-XLMR,SapBERT,ES-1320636-U_en_q_en,en,100,100,51,0.51,1.0,same
cambridgeltl/SapBERT-UMLS-2020AB-all-lang-from-XLMR,SapBERT,MX-2025006800-A_en_q_en,en,0,0,0,,0.0,gold
cambridgeltl/SapBERT-UMLS-2020AB-all-lang-from-XLMR,SapBERT,EP-4626866-A1_en_q_en,en,22,22,15,0.6818181818181818,1.0,same
cambridgeltl/SapBERT-UMLS-2020AB-all-lang-from-XLMR,SapBERT,MX-2025006721-A_en_q_en,en,100,100,79,0.79,1.0,same
cambridgeltl/SapBERT-UMLS-2020AB-all-lang-from-XLMR,SapBERT,WO-2024073831-A1_en_q_en,en,100,100,90,0.9,1.0,same
cambridgeltl/SapBERT-UMLS-2020AB-all-lang-from-XLMR,SapBERT,WO-2025200966-A1_fr_q_fr,fr,0,0,0,,0.0,gold
cambridgeltl/SapBERT-UMLS-2020AB-all-lang-from-XLMR,SapBERT,MX-2025005215-A_es_q_es,es,0,0,0,,0.0,gold
cambridgeltl/SapBERT-UMLS-2020AB-all-lang-from-XLMR,SapBERT,WO-2025080163-A1_fr_q_fr,fr,100,100,70,0.7,1.0,same
cambridgeltl/SapBERT-UMLS-2020AB-all-lang-from-XLMR,SapBERT,WO-2025200089-A1_en_q_en,en,11,11,7,0.6363636363636364,1.0,same
cambridgeltl/SapBERT-UMLS-2020AB-all-lang-from-XLMR,SapBERT,WO-2025073021-A1_en_q_en,en,1,1,0,0.0,0.0,foreign
cambridgeltl/SapBERT-UMLS-2020AB-all-lang-from-XLMR,SapBERT,WO-2025186263-A8_fr_q_fr,fr,100,100,91,0.91,1.0,same
cambridgeltl/SapBERT-UMLS-2020AB-all-lang-from-XLMR,SapBERT,WO-2025211336-A1_en_q_en,en,47,47,15,0.3191489361702128,1.0,foreign
cambridgeltl/SapBERT-UMLS-2020AB-all-lang-from-XLMR,SapBERT,WO-2025078189-A1_en_q_en,en,41,41,19,0.4634146341463415,1.0,same
cambridgeltl/SapBERT-UMLS-2020AB-all-lang-from-XLMR,SapBERT,ES-3033921-A1_en_q_en,en,0,0,0,,0.0,gold
cambridgeltl/SapBERT-UMLS-2020AB-all-lang-from-XLMR,SapBERT,WO-2025154762-A1_fr_q_fr,fr,100,100,57,0.57,1.0,same
cambridgeltl/SapBERT-UMLS-2020AB-all-lang-from-XLMR,SapBERT,EP-4634323-A1_en_q_en,en,5,5,5,1.0,1.0,same
cambridgeltl/SapBERT-UMLS-2020AB-all-lang-from-XLMR,SapBERT,WO-2025189143-A8_en_q_en,en,3,3,2,0.6666666666666666,1.0,same
cambridgeltl/SapBERT-UMLS-2020AB-all-lang-from-XLMR,SapBERT,MX-2025009632-A_en_q_en,en,8,8,6,0.75,1.0,foreign
cambridgeltl/SapBERT-UMLS-2020AB-all-lang-from-XLMR,SapBERT,EP-4626395-A1_fr_q_fr,fr,4,4,3,0.75,1.0,same
cambridgeltl/SapBERT-UMLS-2020AB-all-lang-from-XLMR,SapBERT,WO-2025203678-A1_fr_q_fr,fr,100,100,68,0.68,1.0,same
cambridgeltl/SapBERT-UMLS-2020AB-all-lang-from-XLMR,SapBERT,WO-2025187095-A8_fr_q_fr,fr,14,14,6,0.42857142857142855,1.0,same
cambridgeltl/SapBERT-UMLS-2020AB-all-lang-from-XLMR,SapBERT,EP-4626938-A1_en_q_en,en,0,0,0,,0.0,gold
cambridgeltl/SapBERT-UMLS-2020AB-all-lang-from-XLMR,SapBERT,MX-2025006010-A_en_q_en,en,95,95,55,0.5789473684210527,1.0,same
cambridgeltl/SapBERT-UMLS-2020AB-all-lang-from-XLMR,SapBERT,WO-2025215647-A1_fr_q_fr,fr,0,0,0,,0.0,gold
cambridgeltl/SapBERT-UMLS-2020AB-all-lang-from-XLMR,SapBERT,WO-2025207093-A1_fr_q_fr,fr,8,8,4,0.5,1.0,same
cambridgeltl/SapBERT-UMLS-2020AB-all-lang-from-XLMR,SapBERT,MX-2025004470-A_en_q_en,en,1,1,1,1.0,1.0,same
cambridgeltl/SapBERT-UMLS-2020AB-all-lang-from-XLMR,SapBERT,EP-4626949-A1_fr_q_fr,fr,100,100,54,0.54,1.0,foreign
cambridgeltl/SapBERT-UMLS-2020AB-all-lang-from-XLMR,SapBERT,WO-2025206197-A1_fr_q_fr,fr,100,100,69,0.69,1.0,same
cambridgeltl/SapBERT-UMLS-2020AB-all-lang-from-XLMR,SapBERT,WO-2022246526-A8_fr_q_fr,fr,2,2,2,1.0,1.0,same
cambridgeltl/SapBERT-UMLS-2020AB-all-lang-from-XLMR,SapBERT,MX-2025006489-A_es_q_es,es,44,44,13,0.29545454545454547,1.0,foreign
cambridgeltl/SapBERT-UMLS-2020AB-all-lang-from-XLMR,SapBERT,WO-2021255541-A1_en_q_en,en,100,100,45,0.45,1.0,foreign
cambridgeltl/SapBERT-UMLS-2020AB-all-lang-from-XLMR,SapBERT,WO-2021255541-A1_en_q_de,de,83,83,26,0.3132530120481928,1.0,same
cambridgeltl/SapBERT-UMLS-2020AB-all-lang-from-XLMR,SapBERT,WO-2021255541-A1_fr_q_fr,fr,99,99,64,0.6464646464646465,1.0,same
cambridgeltl/SapBERT-UMLS-2020AB-all-lang-from-XLMR,SapBERT,WO-2021255541-A1_en_q_es,es,100,100,19,0.19,1.0,foreign
cambridgeltl/SapBERT-UMLS-2020AB-all-lang-from-XLMR,SapBERT,WO-2021255541-A1_zh_q_zh,zh,0,0,0,,0.0,gold
cambridgeltl/SapBERT-UMLS-2020AB-all-lang-from-XLMR,SapBERT,EP-4634663-A1_en_q_en,en,1,1,1,1.0,1.0,same
cambridgeltl/SapBERT-UMLS-2020AB-all-lang-from-XLMR,SapBERT,EP-4634663-A1_en_q_de,de,1,1,0,0.0,0.0,foreign
cambridgeltl/SapBERT-UMLS-2020AB-all-lang-from-XLMR,SapBERT,EP-4634663-A1_fr_q_fr,fr,2,2,2,1.0,1.0,same
cambridgeltl/SapBERT-UMLS-2020AB-all-lang-from-XLMR,SapBERT,EP-4634663-A1_en_q_es,es,1,1,1,1.0,1.0,same
cambridgeltl/SapBERT-UMLS-2020AB-all-lang-from-XLMR,SapBERT,EP-4634663-A1_en_q_zh,zh,0,0,0,,0.0,gold
cambridgeltl/SapBERT-UMLS-2020AB-all-lang-from-XLMR,SapBERT,MX-2025005046-A_en_q_en,en,100,100,78,0.78,1.0,same
cambridgeltl/SapBERT-UMLS-2020AB-all-lang-from-XLMR,SapBERT,MX-2025005046-A_en_q_de,de,100,100,38,0.38,1.0,same
cambridgeltl/SapBERT-UMLS-2020AB-all-lang-from-XLMR,SapBERT,MX-2025005046-A_en_q_fr,fr,100,100,48,0.48,1.0,same
cambridgeltl/SapBERT-UMLS-2020AB-all-lang-from-XLMR,SapBERT,MX-2025005046-A_es_q_es,es,5,5,2,0.4,1.0,same
cambridgeltl/SapBERT-UMLS-2020AB-all-lang-from-XLMR,SapBERT,MX-2025005046-A_en_q_zh,zh,17,17,5,0.29411764705882354,1.0,same
cambridgeltl/SapBERT-UMLS-2020AB-all-lang-from-XLMR,SapBERT,MX-2025007733-A_en_q_en,en,100,100,74,0.74,1.0,same
cambridgeltl/SapBERT-UMLS-2020AB-all-lang-from-XLMR,SapBERT,MX-2025007733-A_en_q_de,de,100,100,54,0.54,1.0,same
cambridgeltl/SapBERT-UMLS-2020AB-all-lang-from-XLMR,SapBERT,MX-2025007733-A_en_q_fr,fr,100,100,54,0.54,1.0,same
cambridgeltl/SapBERT-UMLS-2020AB-all-lang-from-XLMR,SapBERT,MX-2025007733-A_es_q_es,es,100,100,10,0.1,1.0,foreign
cambridgeltl/SapBERT-UMLS-2020AB-all-lang-from-XLMR,SapBERT,MX-2025007733-A_zh_q_zh,zh,100,100,17,0.17,1.0,same
cambridgeltl/SapBERT-UMLS-2020AB-all-lang-from-XLMR,SapBERT,MX-2025008227-A_en_q_en,en,0,0,0,,0.0,gold
cambridgeltl/SapBERT-UMLS-2020AB-all-lang-from-XLMR,SapBERT,MX-2025008227-A_en_q_de,de,4,4,1,0.25,1.0,foreign
cambridgeltl/SapBERT-UMLS-2020AB-all-lang-from-XLMR,SapBERT,MX-2025008227-A_en_q_fr,fr,0,0,0,,0.0,gold
cambridgeltl/SapBERT-UMLS-2020AB-all-lang-from-XLMR,SapBERT,MX-2025008227-A_es_q_es,es,100,100,7,0.07,1.0,foreign
cambridgeltl/SapBERT-UMLS-2020AB-all-lang-from-XLMR,SapBERT,MX-2025008227-A_en_q_zh,zh,100,100,4,0.04,1.0,foreign
cambridgeltl/SapBERT-UMLS-2020AB-all-lang-from-XLMR,SapBERT,WO-2025186592-A8_en_q_en,en,100,100,47,0.47,1.0,foreign
cambridgeltl/SapBERT-UMLS-2020AB-all-lang-from-XLMR,SapBERT,WO-2025186592-A8_en_q_de,de,6,6,2,0.3333333333333333,1.0,foreign
cambridgeltl/SapBERT-UMLS-2020AB-all-lang-from-XLMR,SapBERT,WO-2025186592-A8_fr_q_fr,fr,57,57,52,0.9122807017543859,1.0,same
cambridgeltl/SapBERT-UMLS-2020AB-all-lang-from-XLMR,SapBERT,WO-2025186592-A8_en_q_es,es,7,7,1,0.14285714285714285,1.0,same
cambridgeltl/SapBERT-UMLS-2020AB-all-lang-from-XLMR,SapBERT,WO-2025186592-A8_en_q_zh,zh,32,32,2,0.0625,1.0,same
cambridgeltl/SapBERT-UMLS-2020AB-all-lang-from-XLMR,SapBERT,MX-2025005709-A_en_q_en,en,100,100,68,0.68,1.0,foreign
cambridgeltl/SapBERT-UMLS-2020AB-all-lang-from-XLMR,SapBERT,MX-2025005709-A_en_q_de,de,100,100,37,0.37,1.0,same
cambridgeltl/SapBERT-UMLS-2020AB-all-lang-from-XLMR,SapBERT,MX-2025005709-A_en_q_fr,fr,100,100,55,0.55,1.0,same
cambridgeltl/SapBERT-UMLS-2020AB-all-lang-from-XLMR,SapBERT,MX-2025005709-A_es_q_es,es,100,100,18,0.18,1.0,foreign
cambridgeltl/SapBERT-UMLS-2020AB-all-lang-from-XLMR,SapBERT,MX-2025005709-A_en_q_zh,zh,100,100,19,0.19,1.0,foreign
cambridgeltl/SapBERT-UMLS-2020AB-all-lang-from-XLMR,SapBERT,MX-2025009739-A_en_q_en,en,100,100,70,0.7,1.0,same
cambridgeltl/SapBERT-UMLS-2020AB-all-lang-from-XLMR,SapBERT,MX-2025009739-A_en_q_de,de,100,100,39,0.39,1.0,foreign
cambridgeltl/SapBERT-UMLS-2020AB-all-lang-from-XLMR,SapBERT,MX-2025009739-A_en_q_fr,fr,100,100,89,0.89,1.0,same
cambridgeltl/SapBERT-UMLS-2020AB-all-lang-from-XLMR,SapBERT,MX-2025009739-A_es_q_es,es,100,100,9,0.09,1.0,foreign
cambridgeltl/SapBERT-UMLS-2020AB-all-lang-from-XLMR,SapBERT,MX-2025009739-A_zh_q_zh,zh,100,100,12,0.12,1.0,same
cambridgeltl/SapBERT-UMLS-2020AB-all-lang-from-XLMR,SapBERT,MX-2025008260-A_en_q_en,en,100,100,65,0.65,1.0,same
cambridgeltl/SapBERT-UMLS-2020AB-all-lang-from-XLMR,SapBERT,MX-2025008260-A_en_q_de,de,100,100,30,0.3,1.0,same
cambridgeltl/SapBERT-UMLS-2020AB-all-lang-from-XLMR,SapBERT,MX-2025008260-A_en_q_fr,fr,100,100,85,0.85,1.0,same
cambridgeltl/SapBERT-UMLS-2020AB-all-lang-from-XLMR,SapBERT,MX-2025008260-A_es_q_es,es,100,100,29,0.29,1.0,same
cambridgeltl/SapBERT-UMLS-2020AB-all-lang-from-XLMR,SapBERT,MX-2025008260-A_zh_q_zh,zh,100,100,4,0.04,1.0,foreign
cambridgeltl/SapBERT-UMLS-2020AB-all-lang-from-XLMR,SapBERT,WO-2025216711-A1_en_q_en,en,0,0,0,,0.0,gold
cambridgeltl/SapBERT-UMLS-2020AB-all-lang-from-XLMR,SapBERT,WO-2025216711-A1_en_q_de,de,1,1,0,0.0,0.0,foreign
cambridgeltl/SapBERT-UMLS-2020AB-all-lang-from-XLMR,SapBERT,WO-2025216711-A1_fr_q_fr,fr,0,0,0,,0.0,gold
cambridgeltl/SapBERT-UMLS-2020AB-all-lang-from-XLMR,SapBERT,WO-2025216711-A1_en_q_es,es,1,1,1,1.0,1.0,same
cambridgeltl/SapBERT-UMLS-2020AB-all-lang-from-XLMR,SapBERT,WO-2025216711-A1_zh_q_zh,zh,0,0,0,,0.0,gold
intfloat/multilingual-e5-large-instruct,e5-large-instruct,EP-4633662-A1_en_q_en,en,100,100,100,1.0,1.0,same
intfloat/multilingual-e5-large-instruct,e5-large-instruct,EP-4630509-A1_fr_q_fr,fr,0,0,0,,0.0,gold
intfloat/multilingual-e5-large-instruct,e5-large-instruct,EP-4634248-A1_en_q_es,es,100,100,100,1.0,1.0,same
intfloat/multilingual-e5-large-instruct,e5-large-instruct,EP-4634187-A1_en_q_es,es,100,100,100,1.0,1.0,same
intfloat/multilingual-e5-large-instruct,e5-large-instruct,EP-4634142-A1_fr_q_fr,fr,100,100,95,0.95,1.0,same
intfloat/multilingual-e5-large-instruct,e5-large-instruct,EP-4633768-A2_en_q_es,es,100,100,100,1.0,1.0,same
intfloat/multilingual-e5-large-instruct,e5-large-instruct,EP-4633645-A1_fr_q_fr,fr,8,8,8,1.0,1.0,same
intfloat/multilingual-e5-large-instruct,e5-large-instruct,EP-4633622-A2_en_q_de,de,19,19,17,0.8947368421052632,1.0,same
intfloat/multilingual-e5-large-instruct,e5-large-instruct,EP-4634601-A1_en_q_en,en,8,8,8,1.0,1.0,same
intfloat/multilingual-e5-large-instruct,e5-large-instruct,EP-4630626-A1_de_q_de,de,0,0,0,,0.0,gold
intfloat/multilingual-e5-large-instruct,e5-large-instruct,EP-4630600-A1_de_q_en,en,100,100,99,0.99,1.0,same
intfloat/multilingual-e5-large-instruct,e5-large-instruct,EP-4633632-A1_en_q_es,es,41,41,37,0.9024390243902439,1.0,same
intfloat/multilingual-e5-large-instruct,e5-large-instruct,EP-4634136-A1_en_q_es,es,100,100,100,1.0,1.0,same
intfloat/multilingual-e5-large-instruct,e5-large-instruct,EP-4634157-A1_en_q_de,de,100,100,100,1.0,1.0,same
intfloat/multilingual-e5-large-instruct,e5-large-instruct,EP-4630574-A1_de_q_en,en,100,100,100,1.0,1.0,same
intfloat/multilingual-e5-large-instruct,e5-large-instruct,EP-4634111-A1_en_q_de,de,100,100,100,1.0,1.0,same
intfloat/multilingual-e5-large-instruct,e5-large-instruct,EP-4634596-A1_en_q_es,es,100,100,100,1.0,1.0,same
intfloat/multilingual-e5-large-instruct,e5-large-instruct,EP-4634139-A1_en_q_es,es,24,24,24,1.0,1.0,same
intfloat/multilingual-e5-large-instruct,e5-large-instruct,WO-2025153617-A3_de_q_en,en,95,95,94,0.9894736842105263,1.0,same
intfloat/multilingual-e5-large-instruct,e5-large-instruct,EP-4634251-A1_en_q_es,es,100,100,98,0.98,1.0,same
intfloat/multilingual-e5-large-instruct,e5-large-instruct,EP-4634426-A1_en_q_es,es,100,100,100,1.0,1.0,same
intfloat/multilingual-e5-large-instruct,e5-large-instruct,EP-4634729-A1_en_q_de,de,100,100,100,1.0,1.0,same
intfloat/multilingual-e5-large-instruct,e5-large-instruct,EP-4626569-A1_de_q_en,en,100,100,100,1.0,1.0,same
intfloat/multilingual-e5-large-instruct,e5-large-instruct,EP-4634394-A2_en_q_es,es,100,100,100,1.0,1.0,same
intfloat/multilingual-e5-large-instruct,e5-large-instruct,EP-4634424-A1_en_q_es,es,100,100,100,1.0,1.0,same
intfloat/multilingual-e5-large-instruct,e5-large-instruct,EP-4633602-A1_en_q_de,de,100,100,100,1.0,1.0,same
intfloat/multilingual-e5-large-instruct,e5-large-instruct,EP-4634337-A1_en_q_en,en,16,16,16,1.0,1.0,same
intfloat/multilingual-e5-large-instruct,e5-large-instruct,EP-4634128-A1_en_q_en,en,1,1,1,1.0,1.0,same
intfloat/multilingual-e5-large-instruct,e5-large-instruct,EP-4633896-A1_en_q_en,en,13,13,13,1.0,1.0,same
intfloat/multilingual-e5-large-instruct,e5-large-instruct,WO-2025215091-A1_fr_q_fr,fr,7,7,7,1.0,1.0,same
intfloat/multilingual-e5-large-instruct,e5-large-instruct,EP-4633599-A1_fr_q_fr,fr,1,1,1,1.0,1.0,same
intfloat/multilingual-e5-large-instruct,e5-large-instruct,EP-4633656-A1_fr_q_fr,fr,100,100,100,1.0,1.0,same
intfloat/multilingual-e5-large-instruct,e5-large-instruct,WO-2025208167-A1_de_q_de,de,100,100,98,0.98,1.0,same
intfloat/multilingual-e5-large-instruct,e5-large-instruct,EP-4634396-A1_fr_q_fr,fr,0,0,0,,0.0,gold
intfloat/multilingual-e5-large-instruct,e5-large-instruct,EP-4633893-A1_fr_q_fr,fr,25,25,25,1.0,1.0,same
intfloat/multilingual-e5-large-instruct,e5-large-instruct,EP-4633462-A1_en_q_en,en,1,1,1,1.0,1.0,same
intfloat/multilingual-e5-large-instruct,e5-large-instruct,EP-4633386-A1_en_q_en,en,9,9,9,1.0,1.0,same
intfloat/multilingual-e5-large-instruct,e5-large-instruct,EP-4633970-A1_fr_q_fr,fr,5,5,5,1.0,1.0,same
intfloat/multilingual-e5-large-instruct,e5-large-instruct,EP-4633415-A1_en_q_en,en,1,1,1,1.0,1.0,same
intfloat/multilingual-e5-large-instruct,e5-large-instruct,EP-4633415-A1_en_q_de,de,100,100,100,1.0,1.0,same
intfloat/multilingual-e5-large-instruct,e5-large-instruct,EP-4633415-A1_fr_q_fr,fr,28,28,28,1.0,1.0,same
intfloat/multilingual-e5-large-instruct,e5-large-instruct,EP-4633415-A1_en_q_es,es,100,100,100,1.0,1.0,same
intfloat/multilingual-e5-large-instruct,e5-large-instruct,EP-4633950-A1_en_q_en,en,20,20,20,1.0,1.0,same
intfloat/multilingual-e5-large-instruct,e5-large-instruct,EP-4633950-A1_en_q_de,de,100,100,98,0.98,1.0,same
intfloat/multilingual-e5-large-instruct,e5-large-instruct,EP-4633950-A1_fr_q_fr,fr,22,22,22,1.0,1.0,same
intfloat/multilingual-e5-large-instruct,e5-large-instruct,EP-4633950-A1_en_q_es,es,100,100,100,1.0,1.0,same
intfloat/multilingual-e5-large-instruct,e5-large-instruct,EP-4634629-A1_en_q_en,en,56,56,56,1.0,1.0,same
intfloat/multilingual-e5-large-instruct,e5-large-instruct,EP-4634629-A1_de_q_de,de,10,10,10,1.0,1.0,same
intfloat/multilingual-e5-large-instruct,e5-large-instruct,EP-4634629-A1_fr_q_fr,fr,100,100,100,1.0,1.0,same
intfloat/multilingual-e5-large-instruct,e5-large-instruct,EP-4634629-A1_en_q_es,es,100,100,100,1.0,1.0,same
intfloat/multilingual-e5-large-instruct,e5-large-instruct,EP-4633582-A1_en_q_es,es,100,100,100,1.0,1.0,same
intfloat/multilingual-e5-large-instruct,e5-large-instruct,EP-4634165-A1_en_q_es,es,0,0,0,,0.0,gold
intfloat/multilingual-e5-large-instruct,e5-large-instruct,EP-4633677-A1_en_q_de,de,100,100,80,0.8,1.0,same
intfloat/multilingual-e5-large-instruct,e5-large-instruct,EP-4634246-A1_en_q_en,en,3,3,3,1.0,1.0,same
intfloat/multilingual-e5-large-instruct,e5-large-instruct,EP-4634120-A1_en_q_de,de,100,100,100,1.0,1.0,same
intfloat/multilingual-e5-large-instruct,e5-large-instruct,EP-4633638-A1_en_q_en,en,0,0,0,,0.0,gold
intfloat/multilingual-e5-large-instruct,e5-large-instruct,EP-4633389-A1_en_q_en,en,0,0,0,,0.0,gold
intfloat/multilingual-e5-large-instruct,e5-large-instruct,WO-2025209629-A1_de_q_es,es,1,1,1,1.0,1.0,same
intfloat/multilingual-e5-large-instruct,e5-large-instruct,EP-4634132-A2_en_q_en,en,1,1,1,1.0,1.0,same
intfloat/multilingual-e5-large-instruct,e5-large-instruct,EP-4634914-A1_en_q_es,es,100,100,100,1.0,1.0,same
intfloat/multilingual-e5-large-instruct,e5-large-instruct,EP-4634285-A1_en_q_de,de,74,74,74,1.0,1.0,same
intfloat/multilingual-e5-large-instruct,e5-large-instruct,EP-4634122-A1_fr_q_fr,fr,20,20,20,1.0,1.0,same
intfloat/multilingual-e5-large-instruct,e5-large-instruct,EP-4634365-A1_fr_q_fr,fr,0,0,0,,0.0,gold
intfloat/multilingual-e5-large-instruct,e5-large-instruct,WO-2025214709-A1_de_q_es,es,100,100,100,1.0,1.0,same
intfloat/multilingual-e5-large-instruct,e5-large-instruct,EP-4633426-A2_en_q_es,es,100,100,100,1.0,1.0,same
intfloat/multilingual-e5-large-instruct,e5-large-instruct,EP-4630604-A1_de_q_es,es,100,100,99,0.99,1.0,same
intfloat/multilingual-e5-large-instruct,e5-large-instruct,EP-4634118-A1_en_q_es,es,100,100,100,1.0,1.0,same
intfloat/multilingual-e5-large-instruct,e5-large-instruct,EP-4634404-A1_en_q_de,de,14,14,14,1.0,1.0,same
intfloat/multilingual-e5-large-instruct,e5-large-instruct,EP-4633465-A1_en_q_de,de,2,2,2,1.0,1.0,same
intfloat/multilingual-e5-large-instruct,e5-large-instruct,EP-4633680-A1_en_q_es,es,81,81,81,1.0,1.0,same
intfloat/multilingual-e5-large-instruct,e5-large-instruct,WO-2025201606-A1_de_q_es,es,49,49,49,1.0,1.0,same
intfloat/multilingual-e5-large-instruct,e5-large-instruct,EP-4634435-A1_en_q_de,de,79,79,79,1.0,1.0,same
intfloat/multilingual-e5-large-instruct,e5-large-instruct,EP-4634143-A1_en_q_de,de,100,100,100,1.0,1.0,same
intfloat/multilingual-e5-large-instruct,e5-large-instruct,EP-4634411-A1_en_q_de,de,100,100,100,1.0,1.0,same
intfloat/multilingual-e5-large-instruct,e5-large-instruct,EP-4634287-A1_en_q_es,es,100,100,100,1.0,1.0,same
intfloat/multilingual-e5-large-instruct,e5-large-instruct,EP-4633627-A1_en_q_de,de,1,1,1,1.0,1.0,same
intfloat/multilingual-e5-large-instruct,e5-large-instruct,EP-4633670-A1_fr_q_fr,fr,0,0,0,,0.0,gold
intfloat/multilingual-e5-large-instruct,e5-large-instruct,WO-2025202163-A1_fr_q_fr,fr,0,0,0,,0.0,gold
intfloat/multilingual-e5-large-instruct,e5-large-instruct,WO-2025214852-A1_fr_q_fr,fr,14,14,14,1.0,1.0,same
intfloat/multilingual-e5-large-instruct,e5-large-instruct,WO-2025214996-A1_fr_q_fr,fr,100,100,100,1.0,1.0,same
intfloat/multilingual-e5-large-instruct,e5-large-instruct,EP-4630123-A1_de_q_de,de,0,0,0,,0.0,gold
intfloat/multilingual-e5-large-instruct,e5-large-instruct,EP-4634646-A1_en_q_en,en,0,0,0,,0.0,gold
intfloat/multilingual-e5-large-instruct,e5-large-instruct,EP-4634294-A1_en_q_en,en,2,2,2,1.0,1.0,same
intfloat/multilingual-e5-large-instruct,e5-large-instruct,EP-4634436-A1_fr_q_fr,fr,8,8,8,1.0,1.0,same
intfloat/multilingual-e5-large-instruct,e5-large-instruct,EP-4633761-A1_en_q_en,en,100,100,100,1.0,1.0,same
intfloat/multilingual-e5-large-instruct,e5-large-instruct,WO-2025215167-A1_de_q_de,de,0,0,0,,0.0,gold
intfloat/multilingual-e5-large-instruct,e5-large-instruct,EP-4626962-A1_de_q_en,en,1,1,1,1.0,1.0,same
intfloat/multilingual-e5-large-instruct,e5-large-instruct,EP-4626962-A1_de_q_de,de,0,0,0,,0.0,gold
intfloat/multilingual-e5-large-instruct,e5-large-instruct,EP-4626962-A1_fr_q_fr,fr,1,1,1,1.0,1.0,same
intfloat/multilingual-e5-large-instruct,e5-large-instruct,EP-4626962-A1_de_q_es,es,100,100,100,1.0,1.0,same
intfloat/multilingual-e5-large-instruct,e5-large-instruct,WO-2025201936-A1_de_q_en,en,6,6,6,1.0,1.0,same
intfloat/multilingual-e5-large-instruct,e5-large-instruct,WO-2025201936-A1_fr_q_fr,fr,0,0,0,,0.0,gold
intfloat/multilingual-e5-large-instruct,e5-large-instruct,WO-2025201936-A1_de_q_es,es,100,100,100,1.0,1.0,same
intfloat/multilingual-e5-large-instruct,e5-large-instruct,EP-4634597-A1_en_q_en,en,42,42,42,1.0,1.0,same
intfloat/multilingual-e5-large-instruct,e5-large-instruct,EP-4634597-A1_en_q_de,de,100,100,100,1.0,1.0,same
intfloat/multilingual-e5-large-instruct,e5-large-instruct,EP-4634597-A1_fr_q_fr,fr,0,0,0,,0.0,gold
intfloat/multilingual-e5-large-instruct,e5-large-instruct,EP-4634597-A1_en_q_es,es,100,100,100,1.0,1.0,same
intfloat/multilingual-e5-large-instruct,e5-large-instruct,EP-4634381-A1_en_q_zh,zh,100,100,78,0.78,1.0,same
intfloat/multilingual-e5-large-instruct,e5-large-instruct,EP-4633589-A1_en_q_zh,zh,100,100,100,1.0,1.0,same
intfloat/multilingual-e5-large-instruct,e5-large-instruct,EP-4627024-A1_de_q_zh,zh,100,100,100,1.0,1.0,same
intfloat/multilingual-e5-large-instruct,e5-large-instruct,EP-4634926-A1_en_q_zh,zh,100,100,91,0.91,1.0,same
intfloat/multilingual-e5-large-instruct,e5-large-instruct,EP-4633863-A2_en_q_zh,zh,100,100,100,1.0,1.0,same
intfloat/multilingual-e5-large-instruct,e5-large-instruct,EP-4633797-A1_en_q_zh,zh,100,100,100,1.0,1.0,same
intfloat/multilingual-e5-large-instruct,e5-large-instruct,EP-4633777-A1_en_q_zh,zh,14,14,14,1.0,1.0,same
intfloat/multilingual-e5-large-instruct,e5-large-instruct,EP-4633621-A1_en_q_zh,zh,100,100,98,0.98,1.0,same
intfloat/multilingual-e5-large-instruct,e5-large-instruct,EP-4634723-A1_en_q_zh,zh,100,100,100,1.0,1.0,same
intfloat/multilingual-e5-large-instruct,e5-large-instruct,EP-4633581-A1_en_q_zh,zh,100,100,100,1.0,1.0,same
intfloat/multilingual-e5-large-instruct,e5-large-instruct,EP-4634416-A1_en_q_zh,zh,100,100,99,0.99,1.0,same
intfloat/multilingual-e5-large-instruct,e5-large-instruct,EP-4634305-A1_en_q_zh,zh,4,4,4,1.0,1.0,same
intfloat/multilingual-e5-large-instruct,e5-large-instruct,EP-4633531-A1_en_q_zh,zh,100,100,98,0.98,1.0,same
intfloat/multilingual-e5-large-instruct,e5-large-instruct,EP-4634333-A1_en_q_zh,zh,100,100,100,1.0,1.0,same
intfloat/multilingual-e5-large-instruct,e5-large-instruct,EP-4634212-A1_en_q_zh,zh,2,2,1,0.5,1.0,same
intfloat/multilingual-e5-large-instruct,e5-large-instruct,EP-4629959-A1_de_q_zh,zh,100,100,100,1.0,1.0,same
intfloat/multilingual-e5-large-instruct,e5-large-instruct,EP-4627881-A1_de_q_zh,zh,100,100,100,1.0,1.0,same
intfloat/multilingual-e5-large-instruct,e5-large-instruct,EP-4633576-A1_en_q_zh,zh,100,100,85,0.85,1.0,same
intfloat/multilingual-e5-large-instruct,e5-large-instruct,EP-4633742-A2_en_q_zh,zh,32,32,32,1.0,1.0,same
intfloat/multilingual-e5-large-instruct,e5-large-instruct,EP-4633791-A1_en_q_zh,zh,8,8,8,1.0,1.0,same
intfloat/multilingual-e5-large-instruct,e5-large-instruct,EP-4630574-A1_fr_q_fr,fr,100,100,100,1.0,1.0,same
intfloat/multilingual-e5-large-instruct,e5-large-instruct,EP-4634111-A1_fr_q_fr,fr,100,100,100,1.0,1.0,same
intfloat/multilingual-e5-large-instruct,e5-large-instruct,EP-4633622-A2_en_q_es,es,100,100,100,1.0,1.0,same
intfloat/multilingual-e5-large-instruct,e5-large-instruct,EP-4634187-A1_en_q_es_120,es,65,65,65,1.0,1.0,same
intfloat/multilingual-e5-large-instruct,e5-large-instruct,EP-4634139-A1_fr_q_fr,fr,0,0,0,,0.0,gold
intfloat/multilingual-e5-large-instruct,e5-large-instruct,EP-4634136-A1_en_q_en,en,100,100,94,0.94,1.0,same
intfloat/multilingual-e5-large-instruct,e5-large-instruct,EP-4634136-A1_en_q_de,de,100,100,100,1.0,1.0,same
intfloat/multilingual-e5-large-instruct,e5-large-instruct,EP-4634136-A1_fr_q_fr,fr,6,6,6,1.0,1.0,same
intfloat/multilingual-e5-large-instruct,e5-large-instruct,EP-4634136-A1_en_q_es_125,es,100,100,100,1.0,1.0,same
intfloat/multilingual-e5-large-instruct,e5-large-instruct,q_126_zh,zh,100,100,100,1.0,1.0,same
intfloat/multilingual-e5-large-instruct,e5-large-instruct,EP-4634248-A1_en_q_en,en,0,0,0,,0.0,gold
intfloat/multilingual-e5-large-instruct,e5-large-instruct,EP-4634142-A1_en_q_es,es,100,100,99,0.99,1.0,same
intfloat/multilingual-e5-large-instruct,e5-large-instruct,WO-2025214812-A1_de_q_es,es,100,100,99,0.99,1.0,same
intfloat/multilingual-e5-large-instruct,e5-large-instruct,EP-4633662-A1_en_q_de,de,100,100,93,0.93,1.0,same
intfloat/multilingual-e5-large-instruct,e5-large-instruct,WO-2025153617-A3_de_q_de,de,0,0,0,,0.0,gold
intfloat/multilingual-e5-large-instruct,e5-large-instruct,EP-4634596-A1_en_q_en,en,0,0,0,,0.0,gold
intfloat/multilingual-e5-large-instruct,e5-large-instruct,EP-4634596-A1_en_q_de,de,100,100,100,1.0,1.0,same
intfloat/multilingual-e5-large-instruct,e5-large-instruct,EP-4634596-A1_fr_q_fr,fr,0,0,0,,0.0,gold
intfloat/multilingual-e5-large-instruct,e5-large-instruct,EP-4634596-A1_en_q_es_135,es,13,13,13,1.0,1.0,same
intfloat/multilingual-e5-large-instruct,e5-large-instruct,q_136_zh,zh,100,100,100,1.0,1.0,same
intfloat/multilingual-e5-large-instruct,e5-large-instruct,EP-4626887-A1_en_q_en,en,0,0,0,,0.0,gold
intfloat/multilingual-e5-large-instruct,e5-large-instruct,EP-4630033-A1_en_q_en,en,0,0,0,,0.0,gold
intfloat/multilingual-e5-large-instruct,e5-large-instruct,EP-4532639-A1_fr_q_fr,fr,100,100,100,1.0,1.0,same
intfloat/multilingual-e5-large-instruct,e5-large-instruct,EP-4627010-A1_en_q_de,de,100,100,100,1.0,1.0,same
intfloat/multilingual-e5-large-instruct,e5-large-instruct,EP-4626937-A1_en_q_de,de,100,100,100,1.0,1.0,same
intfloat/multilingual-e5-large-instruct,e5-large-instruct,WO-2022119476-A1_en_q_de,de,100,100,100,1.0,1.0,same
intfloat/multilingual-e5-large-instruct,e5-large-instruct,WO-2025131900-A1_en_q_en,en,0,0,0,,0.0,gold
intfloat/multilingual-e5-large-instruct,e5-large-instruct,WO-2025200741-A1_en_q_zh,zh,100,100,100,1.0,1.0,same
intfloat/multilingual-e5-large-instruct,e5-large-instruct,MX-2025009603-A_en_q_en,en,2,2,2,1.0,1.0,same
intfloat/multilingual-e5-large-instruct,e5-large-instruct,MX-2025009952-A_en_q_zh,zh,100,100,100,1.0,1.0,same
intfloat/multilingual-e5-large-instruct,e5-large-instruct,WO-2025150253-A1_en_q_es,es,100,100,100,1.0,1.0,same
intfloat/multilingual-e5-large-instruct,e5-large-instruct,WO-2025186929-A8_en_q_en,en,16,16,16,1.0,1.0,same
intfloat/multilingual-e5-large-instruct,e5-large-instruct,WO-2025211042-A1_en_q_en,en,0,0,0,,0.0,gold
intfloat/multilingual-e5-large-instruct,e5-large-instruct,WO-2025209205-A1_en_q_en,en,100,100,99,0.99,1.0,same
intfloat/multilingual-e5-large-instruct,e5-large-instruct,WO-2025207982-A1_en_q_de,de,0,0,0,,0.0,gold
intfloat/multilingual-e5-large-instruct,e5-large-instruct,WO-2025210325-A1_en_q_de,de,100,100,100,1.0,1.0,same
intfloat/multilingual-e5-large-instruct,e5-large-instruct,WO-2025216427-A1_zh_q_zh,zh,4,4,4,1.0,1.0,same
intfloat/multilingual-e5-large-instruct,e5-large-instruct,WO-2025197823-A1_zh_q_zh,zh,1,1,1,1.0,1.0,same
intfloat/multilingual-e5-large-instruct,e5-large-instruct,MX-2025002756-A_en_q_en,en,0,0,0,,0.0,gold
intfloat/multilingual-e5-large-instruct,e5-large-instruct,WO-2025202632-A1_en_q_en,en,0,0,0,,0.0,gold
intfloat/multilingual-e5-large-instruct,e5-large-instruct,EP-4627608-A1_en_q_en,en,17,17,17,1.0,1.0,same
intfloat/multilingual-e5-large-instruct,e5-large-instruct,EP-4634668-A1_fr_q_fr,fr,0,0,0,,0.0,gold
intfloat/multilingual-e5-large-instruct,e5-large-instruct,MX-2025009965-A_en_q_de,de,100,100,100,1.0,1.0,same
intfloat/multilingual-e5-large-instruct,e5-large-instruct,WO-2025164300-A1_en_q_de,de,100,100,100,1.0,1.0,same
intfloat/multilingual-e5-large-instruct,e5-large-instruct,MX-2025009189-A_en_q_de,de,100,100,100,1.0,1.0,same
intfloat/multilingual-e5-large-instruct,e5-large-instruct,WO-2024253632-A1_en_q_en,en,2,2,2,1.0,1.0,same
intfloat/multilingual-e5-large-instruct,e5-large-instruct,WO-2025216023-A1_zh_q_zh,zh,3,3,3,1.0,1.0,same
intfloat/multilingual-e5-large-instruct,e5-large-instruct,WO-2025211128-A1_en_q_en,en,0,0,0,,0.0,gold
intfloat/multilingual-e5-large-instruct,e5-large-instruct,MX-2025010237-A_en_q_zh,zh,100,100,97,0.97,1.0,same
intfloat/multilingual-e5-large-instruct,e5-large-instruct,EP-4633785-A2_en_q_es,es,95,95,89,0.9368421052631579,1.0,same
intfloat/multilingual-e5-large-instruct,e5-large-instruct,MX-2025005737-A_en_q_en,en,91,91,91,1.0,1.0,same
intfloat/multilingual-e5-large-instruct,e5-large-instruct,MX-2025010606-A_en_q_en,en,0,0,0,,0.0,gold
intfloat/multilingual-e5-large-instruct,e5-large-instruct,MX-2025010877-A_en_q_en,en,24,24,24,1.0,1.0,same
intfloat/multilingual-e5-large-instruct,e5-large-instruct,EP-4584035-A1_de_q_de,de,8,8,8,1.0,1.0,same
intfloat/multilingual-e5-large-instruct,e5-large-instruct,WO-2025170306-A1_en_q_de,de,25,25,22,0.88,1.0,same
intfloat/multilingual-e5-large-instruct,e5-large-instruct,WO-2025210569-A1_zh_q_zh,zh,79,79,79,1.0,1.0,same
intfloat/multilingual-e5-large-instruct,e5-large-instruct,MX-2025010084-A_en_q_zh,zh,100,100,100,1.0,1.0,same
intfloat/multilingual-e5-large-instruct,e5-large-instruct,WO-2025186542-A8_en_q_en,en,10,10,10,1.0,1.0,same
intfloat/multilingual-e5-large-instruct,e5-large-instruct,WO-2025206130-A1_zh_q_zh,zh,4,4,4,1.0,1.0,same
intfloat/multilingual-e5-large-instruct,e5-large-instruct,WO-2025208054-A1_en_q_de,de,10,10,6,0.6,1.0,same
intfloat/multilingual-e5-large-instruct,e5-large-instruct,WO-2025201708-A1_en_q_zh,zh,100,100,100,1.0,1.0,same
intfloat/multilingual-e5-large-instruct,e5-large-instruct,WO-2025141238-A1_es_q_es,es,11,11,11,1.0,1.0,same
intfloat/multilingual-e5-large-instruct,e5-large-instruct,MX-2025004351-A_en_q_en,en,0,0,0,,0.0,gold
intfloat/multilingual-e5-large-instruct,e5-large-instruct,WO-2025200809-A1_en_q_en,en,0,0,0,,0.0,gold
intfloat/multilingual-e5-large-instruct,e5-large-instruct,WO-2025201644-A1_fr_q_fr,fr,0,0,0,,0.0,gold
intfloat/multilingual-e5-large-instruct,e5-large-instruct,MX-2025003633-A_en_q_de,de,100,100,94,0.94,1.0,same
intfloat/multilingual-e5-large-instruct,e5-large-instruct,WO-2025170482-A1_en_q_de,de,1,1,1,1.0,1.0,same
intfloat/multilingual-e5-large-instruct,e5-large-instruct,MX-2025002762-A_en_q_en,en,100,100,100,1.0,1.0,same
intfloat/multilingual-e5-large-instruct,e5-large-instruct,MX-2025009196-A_en_q_de,de,100,100,95,0.95,1.0,same
intfloat/multilingual-e5-large-instruct,e5-large-instruct,EP-4584246-A1_en_q_zh,zh,100,100,98,0.98,1.0,same
intfloat/multilingual-e5-large-instruct,e5-large-instruct,WO-2022031256-A1_en_q_zh,zh,100,100,100,1.0,1.0,same
intfloat/multilingual-e5-large-instruct,e5-large-instruct,ES-3035119-A1_en_q_fr,fr,100,100,100,1.0,1.0,same
intfloat/multilingual-e5-large-instruct,e5-large-instruct,WO-2022231470-A1_en_q_de,de,100,100,96,0.96,1.0,same
intfloat/multilingual-e5-large-instruct,e5-large-instruct,EP-4627127-A1_en_q_de,de,100,100,100,1.0,1.0,same
intfloat/multilingual-e5-large-instruct,e5-large-instruct,WO-2025185983-A1_en_q_es,es,100,100,100,1.0,1.0,same
intfloat/multilingual-e5-large-instruct,e5-large-instruct,EP-4627015-A1_en_q_de,de,100,100,80,0.8,1.0,same
intfloat/multilingual-e5-large-instruct,e5-large-instruct,WO-2025212979-A1_en_q_de,de,100,100,61,0.61,1.0,same
intfloat/multilingual-e5-large-instruct,e5-large-instruct,MX-2025010953-A_en_q_zh,zh,8,8,8,1.0,1.0,same
intfloat/multilingual-e5-large-instruct,e5-large-instruct,WO-2025207427-A1_en_q_de,de,100,100,93,0.93,1.0,same
intfloat/multilingual-e5-large-instruct,e5-large-instruct,MX-2025007532-A_en_q_de,de,5,5,0,0.0,0.0,foreign
intfloat/multilingual-e5-large-instruct,e5-large-instruct,EP-4627092-A1_en_q_zh,zh,100,100,100,1.0,1.0,same
intfloat/multilingual-e5-large-instruct,e5-large-instruct,EP-4584229-A1_en_q_es,es,100,100,100,1.0,1.0,same
intfloat/multilingual-e5-large-instruct,e5-large-instruct,WO-2024054196-A1_en_q_zh,zh,100,100,100,1.0,1.0,same
intfloat/multilingual-e5-large-instruct,e5-large-instruct,WO-2025164618-A1_en_q_es,es,100,100,100,1.0,1.0,same
intfloat/multilingual-e5-large-instruct,e5-large-instruct,EP-4626889-A1_en_q_es,es,100,100,98,0.98,1.0,same
intfloat/multilingual-e5-large-instruct,e5-large-instruct,MX-2025004761-A_en_q_zh,zh,100,100,99,0.99,1.0,same
intfloat/multilingual-e5-large-instruct,e5-large-instruct,MX-2025009867-A_en_q_de,de,100,100,24,0.24,1.0,foreign
intfloat/multilingual-e5-large-instruct,e5-large-instruct,WO-03042409-A3_en_q_es,es,1,1,0,0.0,0.0,foreign
intfloat/multilingual-e5-large-instruct,e5-large-instruct,WO-2025212474-A1_en_q_de,de,100,100,100,1.0,1.0,same
intfloat/multilingual-e5-large-instruct,e5-large-instruct,ES-3028671-A1_en_q_zh,zh,100,100,100,1.0,1.0,same
intfloat/multilingual-e5-large-instruct,e5-large-instruct,WO-2025212467-A1_en_q_de,de,1,1,1,1.0,1.0,same
intfloat/multilingual-e5-large-instruct,e5-large-instruct,MX-2025009862-A_en_q_fr,fr,2,2,1,0.5,1.0,same
intfloat/multilingual-e5-large-instruct,e5-large-instruct,EP-4566167-A1_en_q_es,es,100,100,100,1.0,1.0,same
intfloat/multilingual-e5-large-instruct,e5-large-instruct,WO-2025216937-A1_en_q_es,es,100,100,94,0.94,1.0,same
intfloat/multilingual-e5-large-instruct,e5-large-instruct,EP-4630021-A1_en_q_de,de,100,100,98,0.98,1.0,same
intfloat/multilingual-e5-large-instruct,e5-large-instruct,MX-2025007206-A_en_q_de,de,100,100,100,1.0,1.0,same
intfloat/multilingual-e5-large-instruct,e5-large-instruct,EP-4504821-A1_en_q_es,es,100,100,100,1.0,1.0,same
intfloat/multilingual-e5-large-instruct,e5-large-instruct,WO-2025205793-A1_en_q_de,de,100,100,98,0.98,1.0,same
intfloat/multilingual-e5-large-instruct,e5-large-instruct,WO-2025206825-A1_en_q_de,de,100,100,100,1.0,1.0,same
intfloat/multilingual-e5-large-instruct,e5-large-instruct,EP-4568770-A1_en_q_es,es,100,100,100,1.0,1.0,same
intfloat/multilingual-e5-large-instruct,e5-large-instruct,WO-2025188827-A8_en_q_es,es,100,100,100,1.0,1.0,same
intfloat/multilingual-e5-large-instruct,e5-large-instruct,MX-2025008259-A_en_q_fr,fr,100,100,100,1.0,1.0,same
intfloat/multilingual-e5-large-instruct,e5-large-instruct,WO-2025132504-A1_en_q_es,es,100,100,100,1.0,1.0,same
intfloat/multilingual-e5-large-instruct,e5-large-instruct,MX-2025007237-A_en_q_fr,fr,100,100,100,1.0,1.0,same
intfloat/multilingual-e5-large-instruct,e5-large-instruct,MX-2025005647-A_en_q_zh,zh,100,100,100,1.0,1.0,same
intfloat/multilingual-e5-large-instruct,e5-large-instruct,WO-2025214411-A1_en_q_de,de,33,33,27,0.8181818181818182,1.0,same
intfloat/multilingual-e5-large-instruct,e5-large-instruct,EP-4623093-A2_en_q_es,es,100,100,100,1.0,1.0,same
intfloat/multilingual-e5-large-instruct,e5-large-instruct,EP-4634148-A1_en_q_de,de,0,0,0,,0.0,gold
intfloat/multilingual-e5-large-instruct,e5-large-instruct,WO-2025202170-A1_en_q_es,es,100,100,100,1.0,1.0,same
intfloat/multilingual-e5-large-instruct,e5-large-instruct,EP-4507673-A1_en_q_de,de,100,100,92,0.92,1.0,same
intfloat/multilingual-e5-large-instruct,e5-large-instruct,MX-2025007577-A_en_q_fr,fr,100,100,100,1.0,1.0,same
intfloat/multilingual-e5-large-instruct,e5-large-instruct,MX-2025009131-A_en_q_zh,zh,100,100,100,1.0,1.0,same
intfloat/multilingual-e5-large-instruct,e5-large-instruct,MX-2025009990-A_en_q_zh,zh,100,100,98,0.98,1.0,same
intfloat/multilingual-e5-large-instruct,e5-large-instruct,WO-2023153953-A1_en_q_es,es,75,75,68,0.9066666666666666,1.0,same
intfloat/multilingual-e5-large-instruct,e5-large-instruct,WO-2025183548-A1_en_q_de,de,100,100,73,0.73,1.0,same
intfloat/multilingual-e5-large-instruct,e5-large-instruct,WO-2025007163-A1_en_q_de,de,100,100,100,1.0,1.0,same
intfloat/multilingual-e5-large-instruct,e5-large-instruct,WO-2025206959-A1_en_q_de,de,28,28,25,0.8928571428571429,1.0,same
intfloat/multilingual-e5-large-instruct,e5-large-instruct,WO-2025207810-A1_en_q_zh,zh,100,100,99,0.99,1.0,same
intfloat/multilingual-e5-large-instruct,e5-large-instruct,WO-2025215476-A1_en_q_de,de,100,100,99,0.99,1.0,same
intfloat/multilingual-e5-large-instruct,e5-large-instruct,WO-2023149795-A1_en_q_en,en,100,100,99,0.99,1.0,same
intfloat/multilingual-e5-large-instruct,e5-large-instruct,WO-2022124934-A1_en_q_es,es,100,100,100,1.0,1.0,same
intfloat/multilingual-e5-large-instruct,e5-large-instruct,WO-2025187134-A8_en_q_en,en,100,100,100,1.0,1.0,same
intfloat/multilingual-e5-large-instruct,e5-large-instruct,WO-2023200358-A1_en_q_en,en,100,100,100,1.0,1.0,same
intfloat/multilingual-e5-large-instruct,e5-large-instruct,WO-2025216105-A1_fr_q_fr,fr,100,100,100,1.0,1.0,same
intfloat/multilingual-e5-large-instruct,e5-large-instruct,MX-2025005014-A_es_q_es,es,0,0,0,,0.0,gold
intfloat/multilingual-e5-large-instruct,e5-large-instruct,WO-2025216873-A1_fr_q_fr,fr,5,5,5,1.0,1.0,same
intfloat/multilingual-e5-large-instruct,e5-large-instruct,WO-2025205780-A1_zh_q_zh,zh,24,24,24,1.0,1.0,same
intfloat/multilingual-e5-large-instruct,e5-large-instruct,MX-2025009666-A_en_q_en,en,100,100,100,1.0,1.0,same
intfloat/multilingual-e5-large-instruct,e5-large-instruct,WO-2025212049-A1_fr_q_fr,fr,87,87,87,1.0,1.0,same
intfloat/multilingual-e5-large-instruct,e5-large-instruct,EP-4627347-A1_fr_q_fr,fr,0,0,0,,0.0,gold
intfloat/multilingual-e5-large-instruct,e5-large-instruct,MX-2025004786-A_es_q_es,es,0,0,0,,0.0,gold
intfloat/multilingual-e5-large-instruct,e5-large-instruct,WO-2024063632-A1_en_q_en,en,2,2,2,1.0,1.0,same
intfloat/multilingual-e5-large-instruct,e5-large-instruct,WO-2025206783-A1_fr_q_fr,fr,1,1,1,1.0,1.0,same
intfloat/multilingual-e5-large-instruct,e5-large-instruct,MX-2025010991-A_en_q_en,en,100,100,100,1.0,1.0,same
intfloat/multilingual-e5-large-instruct,e5-large-instruct,MX-2025006977-A_en_q_en,en,0,0,0,,0.0,gold
intfloat/multilingual-e5-large-instruct,e5-large-instruct,MX-2025008400-A_en_q_en,en,0,0,0,,0.0,gold
intfloat/multilingual-e5-large-instruct,e5-large-instruct,WO-2025132390-A1_de_q_de,de,5,5,3,0.6,1.0,same
intfloat/multilingual-e5-large-instruct,e5-large-instruct,WO-2025204766-A1_fr_q_fr,fr,1,1,1,1.0,1.0,same
intfloat/multilingual-e5-large-instruct,e5-large-instruct,WO-2025098664-A1_de_q_de,de,0,0,0,,0.0,gold
intfloat/multilingual-e5-large-instruct,e5-large-instruct,EP-4627583-A1_en_q_en,en,0,0,0,,0.0,gold
intfloat/multilingual-e5-large-instruct,e5-large-instruct,EP-4630558-A2_zh_q_zh,zh,0,0,0,,0.0,gold
intfloat/multilingual-e5-large-instruct,e5-large-instruct,MX-2025010573-A_es_q_es,es,6,6,6,1.0,1.0,same
intfloat/multilingual-e5-large-instruct,e5-large-instruct,WO-2025210917-A1_fr_q_fr,fr,2,2,2,1.0,1.0,same
intfloat/multilingual-e5-large-instruct,e5-large-instruct,WO-2025150394-A1_en_q_en,en,0,0,0,,0.0,gold
intfloat/multilingual-e5-large-instruct,e5-large-instruct,MX-2025005728-A_en_q_en,en,100,100,100,1.0,1.0,same
intfloat/multilingual-e5-large-instruct,e5-large-instruct,WO-2025177605-A1_fr_q_fr,fr,2,2,2,1.0,1.0,same
intfloat/multilingual-e5-large-instruct,e5-large-instruct,MX-2025006958-A_en_q_en,en,0,0,0,,0.0,gold
intfloat/multilingual-e5-large-instruct,e5-large-instruct,EP-4551675-A1_de_q_de,de,63,63,62,0.9841269841269841,1.0,same
intfloat/multilingual-e5-large-instruct,e5-large-instruct,EP-4627325-A1_fr_q_fr,fr,60,60,60,1.0,1.0,same
intfloat/multilingual-e5-large-instruct,e5-large-instruct,WO-2025208050-A2_en_q_en,en,0,0,0,,0.0,gold
intfloat/multilingual-e5-large-instruct,e5-large-instruct,WO-2025202994-A1_fr_q_fr,fr,70,70,70,1.0,1.0,same
intfloat/multilingual-e5-large-instruct,e5-large-instruct,MX-2025006551-A_en_q_en,en,0,0,0,,0.0,gold
intfloat/multilingual-e5-large-instruct,e5-large-instruct,WO-2005069422-A1_en_q_en,en,0,0,0,,0.0,gold
intfloat/multilingual-e5-large-instruct,e5-large-instruct,WO-2025194610-A1_fr_q_fr,fr,0,0,0,,0.0,gold
intfloat/multilingual-e5-large-instruct,e5-large-instruct,MX-2025001644-A_zh_q_zh,zh,0,0,0,,0.0,gold
intfloat/multilingual-e5-large-instruct,e5-large-instruct,WO-2025216492-A1_fr_q_fr,fr,0,0,0,,0.0,gold
intfloat/multilingual-e5-large-instruct,e5-large-instruct,WO-2025216629-A1_fr_q_fr,fr,100,100,100,1.0,1.0,same
intfloat/multilingual-e5-large-instruct,e5-large-instruct,MX-2025005081-A_en_q_en,en,8,8,8,1.0,1.0,same
intfloat/multilingual-e5-large-instruct,e5-large-instruct,WO-2025205506-A1_fr_q_fr,fr,0,0,0,,0.0,gold
intfloat/multilingual-e5-large-instruct,e5-large-instruct,WO-2025132391-A1_de_q_de,de,0,0,0,,0.0,gold
intfloat/multilingual-e5-large-instruct,e5-large-instruct,WO-2025205634-A1_en_q_en,en,1,1,1,1.0,1.0,same
intfloat/multilingual-e5-large-instruct,e5-large-instruct,WO-2025120243-A1_es_q_es,es,7,7,7,1.0,1.0,same
intfloat/multilingual-e5-large-instruct,e5-large-instruct,WO-2025201672-A1_fr_q_fr,fr,0,0,0,,0.0,gold
intfloat/multilingual-e5-large-instruct,e5-large-instruct,MX-2025008970-A_es_q_es,es,0,0,0,,0.0,gold
intfloat/multilingual-e5-large-instruct,e5-large-instruct,MX-2025009075-A_zh_q_zh,zh,0,0,0,,0.0,gold
intfloat/multilingual-e5-large-instruct,e5-large-instruct,WO-2025210445-A1_fr_q_fr,fr,100,100,100,1.0,1.0,same
intfloat/multilingual-e5-large-instruct,e5-large-instruct,WO-2025206090-A1_fr_q_fr,fr,0,0,0,,0.0,gold
intfloat/multilingual-e5-large-instruct,e5-large-instruct,MX-2025006643-A_en_q_en,en,0,0,0,,0.0,gold
intfloat/multilingual-e5-large-instruct,e5-large-instruct,MX-2025010190-A_en_q_en,en,0,0,0,,0.0,gold
intfloat/multilingual-e5-large-instruct,e5-large-instruct,EP-4577789-A1_zh_q_zh,zh,16,16,16,1.0,1.0,same
intfloat/multilingual-e5-large-instruct,e5-large-instruct,WO-2025204469-A1_en_q_en,en,0,0,0,,0.0,gold
intfloat/multilingual-e5-large-instruct,e5-large-instruct,WO-2025204469-A1_en_q_de,de,2,2,2,1.0,1.0,same
intfloat/multilingual-e5-large-instruct,e5-large-instruct,WO-2025204469-A1_fr_q_fr,fr,50,50,50,1.0,1.0,same
intfloat/multilingual-e5-large-instruct,e5-large-instruct,WO-2025204469-A1_en_q_es,es,100,100,99,0.99,1.0,same
intfloat/multilingual-e5-large-instruct,e5-large-instruct,WO-2025204469-A1_zh_q_zh,zh,0,0,0,,0.0,gold
intfloat/multilingual-e5-large-instruct,e5-large-instruct,MX-2025010085-A_en_q_en,en,0,0,0,,0.0,gold
intfloat/multilingual-e5-large-instruct,e5-large-instruct,MX-2025010085-A_en_q_de,de,5,5,0,0.0,0.0,foreign
intfloat/multilingual-e5-large-instruct,e5-large-instruct,MX-2025010085-A_en_q_fr,fr,80,80,80,1.0,1.0,same
intfloat/multilingual-e5-large-instruct,e5-large-instruct,MX-2025010085-A_es_q_es,es,77,77,77,1.0,1.0,same
intfloat/multilingual-e5-large-instruct,e5-large-instruct,MX-2025010085-A_en_q_zh,zh,47,47,47,1.0,1.0,same
intfloat/multilingual-e5-large-instruct,e5-large-instruct,MX-2025005421-A_en_q_en,en,7,7,7,1.0,1.0,same
intfloat/multilingual-e5-large-instruct,e5-large-instruct,MX-2025005421-A_en_q_de,de,14,14,10,0.7142857142857143,1.0,same
intfloat/multilingual-e5-large-instruct,e5-large-instruct,MX-2025005421-A_en_q_fr,fr,100,100,100,1.0,1.0,same
intfloat/multilingual-e5-large-instruct,e5-large-instruct,MX-2025005421-A_es_q_es,es,3,3,3,1.0,1.0,same
intfloat/multilingual-e5-large-instruct,e5-large-instruct,MX-2025005421-A_en_q_zh,zh,100,100,98,0.98,1.0,same
intfloat/multilingual-e5-large-instruct,e5-large-instruct,MX-2025002688-A_en_q_en,en,100,100,100,1.0,1.0,same
intfloat/multilingual-e5-large-instruct,e5-large-instruct,MX-2025002688-A_en_q_de,de,100,100,100,1.0,1.0,same
intfloat/multilingual-e5-large-instruct,e5-large-instruct,MX-2025002688-A_en_q_fr,fr,100,100,100,1.0,1.0,same
intfloat/multilingual-e5-large-instruct,e5-large-instruct,MX-2025002688-A_es_q_es,es,9,9,9,1.0,1.0,same
intfloat/multilingual-e5-large-instruct,e5-large-instruct,MX-2025002688-A_en_q_zh,zh,100,100,100,1.0,1.0,same
intfloat/multilingual-e5-large-instruct,e5-large-instruct,WO-2025211147-A1_en_q_en,en,100,100,100,1.0,1.0,same
intfloat/multilingual-e5-large-instruct,e5-large-instruct,WO-2025211147-A1_en_q_de,de,100,100,100,1.0,1.0,same
intfloat/multilingual-e5-large-instruct,e5-large-instruct,WO-2025211147-A1_fr_q_fr,fr,1,1,1,1.0,1.0,same
intfloat/multilingual-e5-large-instruct,e5-large-instruct,WO-2025211147-A1_en_q_es,es,100,100,96,0.96,1.0,same
intfloat/multilingual-e5-large-instruct,e5-large-instruct,WO-2025211147-A1_en_q_zh,zh,100,100,100,1.0,1.0,same
intfloat/multilingual-e5-large-instruct,e5-large-instruct,WO-2025187712-A8_en_q_en,en,8,8,8,1.0,1.0,same
intfloat/multilingual-e5-large-instruct,e5-large-instruct,WO-2025187712-A8_en_q_de,de,100,100,100,1.0,1.0,same
intfloat/multilingual-e5-large-instruct,e5-large-instruct,WO-2025187712-A8_fr_q_fr,fr,100,100,100,1.0,1.0,same
intfloat/multilingual-e5-large-instruct,e5-large-instruct,WO-2025187712-A8_en_q_es,es,100,100,100,1.0,1.0,same
intfloat/multilingual-e5-large-instruct,e5-large-instruct,WO-2025187712-A8_en_q_zh,zh,100,100,99,0.99,1.0,same
intfloat/multilingual-e5-large-instruct,e5-large-instruct,EP-4630253-A1_en_q_en,en,100,100,100,1.0,1.0,same
intfloat/multilingual-e5-large-instruct,e5-large-instruct,EP-4630253-A1_en_q_de,de,100,100,66,0.66,1.0,same
intfloat/multilingual-e5-large-instruct,e5-large-instruct,EP-4630253-A1_fr_q_fr,fr,100,100,94,0.94,1.0,same
intfloat/multilingual-e5-large-instruct,e5-large-instruct,EP-4630253-A1_en_q_es,es,100,100,88,0.88,1.0,same
intfloat/multilingual-e5-large-instruct,e5-large-instruct,EP-4630253-A1_zh_q_zh,zh,100,100,100,1.0,1.0,same
intfloat/multilingual-e5-large-instruct,e5-large-instruct,MX-2025007798-A_en_q_en,en,0,0,0,,0.0,gold
intfloat/multilingual-e5-large-instruct,e5-large-instruct,WO-2025206382-A1_en_q_en,en,0,0,0,,0.0,gold
intfloat/multilingual-e5-large-instruct,e5-large-instruct,MX-2025009144-A_en_q_en,en,46,46,46,1.0,1.0,same
intfloat/multilingual-e5-large-instruct,e5-large-instruct,WO-2025206195-A1_en_q_de,de,1,1,1,1.0,1.0,same
intfloat/multilingual-e5-large-instruct,e5-large-instruct,WO-2024128938-A1_en_q_de,de,1,1,1,1.0,1.0,same
intfloat/multilingual-e5-large-instruct,e5-large-instruct,MX-2025007510-A_es_q_es,es,43,43,43,1.0,1.0,same
intfloat/multilingual-e5-large-instruct,e5-large-instruct,WO-2025172752-A1_en_q_en,en,0,0,0,,0.0,gold
intfloat/multilingual-e5-large-instruct,e5-large-instruct,WO-2024245507-A9_en_q_en,en,100,100,100,1.0,1.0,same
intfloat/multilingual-e5-large-instruct,e5-large-instruct,WO-2024245507-A9_de_q_de,de,0,0,0,,0.0,gold
intfloat/multilingual-e5-large-instruct,e5-large-instruct,WO-2024245507-A9_fr_q_fr,fr,100,100,100,1.0,1.0,same
intfloat/multilingual-e5-large-instruct,e5-large-instruct,WO-2024245507-A9_en_q_es,es,100,100,100,1.0,1.0,same
intfloat/multilingual-e5-large-instruct,e5-large-instruct,WO-2024245507-A9_en_q_zh,zh,100,100,100,1.0,1.0,same
intfloat/multilingual-e5-large-instruct,e5-large-instruct,EP-4630245-A1_zh_q_zh,zh,0,0,0,,0.0,gold
intfloat/multilingual-e5-large-instruct,e5-large-instruct,WO-2025192625-A1_en_q_en,en,2,2,2,1.0,1.0,same
intfloat/multilingual-e5-large-instruct,e5-large-instruct,WO-2025192625-A1_en_q_de,de,100,100,100,1.0,1.0,same
intfloat/multilingual-e5-large-instruct,e5-large-instruct,WO-2025192625-A1_fr_q_fr,fr,100,100,100,1.0,1.0,same
intfloat/multilingual-e5-large-instruct,e5-large-instruct,WO-2025192625-A1_en_q_es,es,100,100,100,1.0,1.0,same
intfloat/multilingual-e5-large-instruct,e5-large-instruct,WO-2025192625-A1_zh_q_zh,zh,8,8,8,1.0,1.0,same
intfloat/multilingual-e5-large-instruct,e5-large-instruct,MX-2025006818-A_es_q_es,es,0,0,0,,0.0,gold
intfloat/multilingual-e5-large-instruct,e5-large-instruct,MX-2025007695-A_es_q_es,es,0,0,0,,0.0,gold
intfloat/multilingual-e5-large-instruct,e5-large-instruct,WO-2025187736-A8_en_q_zh,zh,65,65,64,0.9846153846153847,1.0,same
intfloat/multilingual-e5-large-instruct,e5-large-instruct,WO-2025203012-A1_en_q_es,es,89,89,85,0.9550561797752809,1.0,same
intfloat/multilingual-e5-large-instruct,e5-large-instruct,EP-4626837-A1_en_q_zh,zh,0,0,0,,0.0,gold
intfloat/multilingual-e5-large-instruct,e5-large-instruct,WO-2025202104-A1_zh_q_zh,zh,0,0,0,,0.0,gold
intfloat/multilingual-e5-large-instruct,e5-large-instruct,EP-4626928-A2_fr_q_fr,fr,0,0,0,,0.0,gold
intfloat/multilingual-e5-large-instruct,e5-large-instruct,MX-2025008327-A_en_q_en,en,100,100,100,1.0,1.0,same
intfloat/multilingual-e5-large-instruct,e5-large-instruct,EP-4634127-A1_en_q_en,en,0,0,0,,0.0,gold
intfloat/multilingual-e5-large-instruct,e5-large-instruct,WO-2024058685-A1_en_q_zh,zh,61,61,61,1.0,1.0,same
intfloat/multilingual-e5-large-instruct,e5-large-instruct,WO-2024089298-A9_fr_q_fr,fr,0,0,0,,0.0,gold
intfloat/multilingual-e5-large-instruct,e5-large-instruct,MX-2025010028-A_en_q_en,en,0,0,0,,0.0,gold
intfloat/multilingual-e5-large-instruct,e5-large-instruct,WO-2025202253-A1_en_q_es,es,2,2,2,1.0,1.0,same
intfloat/multilingual-e5-large-instruct,e5-large-instruct,MX-2025009821-A_es_q_es,es,0,0,0,,0.0,gold
intfloat/multilingual-e5-large-instruct,e5-large-instruct,MX-2025006624-A_en_q_fr,fr,100,100,100,1.0,1.0,same
intfloat/multilingual-e5-large-instruct,e5-large-instruct,MX-2025003345-A_en_q_de,de,44,44,34,0.7727272727272727,1.0,same
intfloat/multilingual-e5-large-instruct,e5-large-instruct,WO-2024259508-A1_en_q_en,en,0,0,0,,0.0,gold
intfloat/multilingual-e5-large-instruct,e5-large-instruct,EP-4630051-A1_fr_q_fr,fr,0,0,0,,0.0,gold
intfloat/multilingual-e5-large-instruct,e5-large-instruct,MX-2025010268-A_en_q_zh,zh,1,1,1,1.0,1.0,same
intfloat/multilingual-e5-large-instruct,e5-large-instruct,WO-2025212655-A1_en_q_de,de,62,62,62,1.0,1.0,same
intfloat/multilingual-e5-large-instruct,e5-large-instruct,WO-2025205978-A1_en_q_en,en,3,3,3,1.0,1.0,same
intfloat/multilingual-e5-large-instruct,e5-large-instruct,WO-2025206105-A1_zh_q_zh,zh,0,0,0,,0.0,gold
intfloat/multilingual-e5-large-instruct,e5-large-instruct,EP-4633669-A2_fr_q_fr,fr,0,0,0,,0.0,gold
intfloat/multilingual-e5-large-instruct,e5-large-instruct,WO-2025021351-A1_en_q_zh,zh,100,100,100,1.0,1.0,same
intfloat/multilingual-e5-large-instruct,e5-large-instruct,WO-2025187706-A8_fr_q_fr,fr,24,24,24,1.0,1.0,same
intfloat/multilingual-e5-large-instruct,e5-large-instruct,EP-4623104-A1_zh_q_zh,zh,0,0,0,,0.0,gold
intfloat/multilingual-e5-large-instruct,e5-large-instruct,WO-2025164232-A1_en_q_de,de,0,0,0,,0.0,gold
intfloat/multilingual-e5-large-instruct,e5-large-instruct,WO-2025206823-A1_en_q_de,de,100,100,100,1.0,1.0,same
intfloat/multilingual-e5-large-instruct,e5-large-instruct,EP-4626944-A1_en_q_de,de,100,100,100,1.0,1.0,same
intfloat/multilingual-e5-large-instruct,e5-large-instruct,EP-4626879-A1_en_q_en,en,0,0,0,,0.0,gold
intfloat/multilingual-e5-large-instruct,e5-large-instruct,EP-4626874-A1_en_q_zh,zh,100,100,100,1.0,1.0,same
intfloat/multilingual-e5-large-instruct,e5-large-instruct,MX-2025008798-A_en_q_fr,fr,100,100,100,1.0,1.0,same
intfloat/multilingual-e5-large-instruct,e5-large-instruct,MX-2025005939-A_es_q_es,es,0,0,0,,0.0,gold
intfloat/multilingual-e5-large-instruct,e5-large-instruct,WO-2025204745-A1_en_q_zh,zh,100,100,100,1.0,1.0,same
intfloat/multilingual-e5-large-instruct,e5-large-instruct,WO-2025217208-A1_en_q_en,en,0,0,0,,0.0,gold
intfloat/multilingual-e5-large-instruct,e5-large-instruct,WO-2025205163-A1_en_q_en,en,56,56,56,1.0,1.0,same
intfloat/multilingual-e5-large-instruct,e5-large-instruct,WO-2025186172-A8_fr_q_fr,fr,0,0,0,,0.0,gold
intfloat/multilingual-e5-large-instruct,e5-large-instruct,WO-2025188156-A8_en_q_de,de,69,69,61,0.8840579710144928,1.0,same
intfloat/multilingual-e5-large-instruct,e5-large-instruct,MX-2025009759-A_en_q_fr,fr,10,10,9,0.9,1.0,same
intfloat/multilingual-e5-large-instruct,e5-large-instruct,WO-2025189017-A8_en_q_de,de,11,11,11,1.0,1.0,same
intfloat/multilingual-e5-large-instruct,e5-large-instruct,CR-20250096-A_en_q_zh,zh,4,4,4,1.0,1.0,same
intfloat/multilingual-e5-large-instruct,e5-large-instruct,WO-2025169953-A1_en_q_de,de,100,100,97,0.97,1.0,same
intfloat/multilingual-e5-large-instruct,e5-large-instruct,MX-2025006319-A_en_q_de,de,100,100,100,1.0,1.0,same
intfloat/multilingual-e5-large-instruct,e5-large-instruct,MX-2025004974-A_en_q_fr,fr,100,100,100,1.0,1.0,same
intfloat/multilingual-e5-large-instruct,e5-large-instruct,WO-2025170405-A1_en_q_de,de,100,100,100,1.0,1.0,same
intfloat/multilingual-e5-large-instruct,e5-large-instruct,WO-2025208198-A1_en_q_zh,zh,27,27,27,1.0,1.0,same
intfloat/multilingual-e5-large-instruct,e5-large-instruct,WO-2025054647-A1_en_q_es,es,100,100,100,1.0,1.0,same
intfloat/multilingual-e5-large-instruct,e5-large-instruct,WO-2025210166-A1_en_q_de,de,100,100,95,0.95,1.0,same
intfloat/multilingual-e5-large-instruct,e5-large-instruct,WO-2025211178-A1_en_q_es,es,100,100,100,1.0,1.0,same
intfloat/multilingual-e5-large-instruct,e5-large-instruct,MX-2025004012-A_en_q_zh,zh,100,100,100,1.0,1.0,same
intfloat/multilingual-e5-large-instruct,e5-large-instruct,WO-2025206949-A1_en_q_es,es,100,100,100,1.0,1.0,same
intfloat/multilingual-e5-large-instruct,e5-large-instruct,MX-2025007614-A_en_q_zh,zh,2,2,2,1.0,1.0,same
intfloat/multilingual-e5-large-instruct,e5-large-instruct,WO-2025146513-A1_en_q_de,de,2,2,2,1.0,1.0,same
intfloat/multilingual-e5-large-instruct,e5-large-instruct,WO-2025211949-A1_en_q_es,es,100,100,100,1.0,1.0,same
intfloat/multilingual-e5-large-instruct,e5-large-instruct,EP-4626831-A1_en_q_zh,zh,95,95,95,1.0,1.0,same
intfloat/multilingual-e5-large-instruct,e5-large-instruct,WO-2025186644-A8_en_q_de,de,0,0,0,,0.0,gold
intfloat/multilingual-e5-large-instruct,e5-large-instruct,WO-2025192587-A1_en_q_de,de,100,100,100,1.0,1.0,same
intfloat/multilingual-e5-large-instruct,e5-large-instruct,EP-4633779-A1_en_q_es,es,100,100,100,1.0,1.0,same
intfloat/multilingual-e5-large-instruct,e5-large-instruct,WO-2022098263-A1_en_q_es,es,36,36,36,1.0,1.0,same
intfloat/multilingual-e5-large-instruct,e5-large-instruct,WO-2025215251-A1_en_q_es,es,100,100,100,1.0,1.0,same
intfloat/multilingual-e5-large-instruct,e5-large-instruct,EP-4493405-A1_en_q_zh,zh,100,100,100,1.0,1.0,same
intfloat/multilingual-e5-large-instruct,e5-large-instruct,WO-2025103555-A1_en_q_zh,zh,100,100,100,1.0,1.0,same
intfloat/multilingual-e5-large-instruct,e5-large-instruct,EP-4626386-A1_en_q_de,de,100,100,100,1.0,1.0,same
intfloat/multilingual-e5-large-instruct,e5-large-instruct,MX-2025010613-A_en_q_de,de,100,100,100,1.0,1.0,same
intfloat/multilingual-e5-large-instruct,e5-large-instruct,EP-4626547-A1_en_q_de,de,1,1,0,0.0,0.0,foreign
intfloat/multilingual-e5-large-instruct,e5-large-instruct,EP-4626593-A1_en_q_de,de,100,100,100,1.0,1.0,same
intfloat/multilingual-e5-large-instruct,e5-large-instruct,WO-2025207414-A1_en_q_es,es,100,100,100,1.0,1.0,same
intfloat/multilingual-e5-large-instruct,e5-large-instruct,MX-2025005049-A_en_q_zh,zh,100,100,99,0.99,1.0,same
intfloat/multilingual-e5-large-instruct,e5-large-instruct,WO-2024246082-A3_en_q_es,es,38,38,38,1.0,1.0,same
intfloat/multilingual-e5-large-instruct,e5-large-instruct,WO-2025180718-A1_en_q_es,es,100,100,100,1.0,1.0,same
intfloat/multilingual-e5-large-instruct,e5-large-instruct,MX-2025006336-A_en_q_de,de,2,2,1,0.5,1.0,same
intfloat/multilingual-e5-large-instruct,e5-large-instruct,WO-2025202347-A1_en_q_de,de,0,0,0,,0.0,gold
intfloat/multilingual-e5-large-instruct,e5-large-instruct,MX-2025010373-A_en_q_zh,zh,100,100,100,1.0,1.0,same
intfloat/multilingual-e5-large-instruct,e5-large-instruct,WO-2025200075-A1_en_q_zh,zh,0,0,0,,0.0,gold
intfloat/multilingual-e5-large-instruct,e5-large-instruct,WO-2025189151-A8_en_q_de,de,0,0,0,,0.0,gold
intfloat/multilingual-e5-large-instruct,e5-large-instruct,MX-2025007174-A_en_q_de,de,6,6,6,1.0,1.0,same
intfloat/multilingual-e5-large-instruct,e5-large-instruct,MX-2025010619-A_en_q_de,de,100,100,100,1.0,1.0,same
intfloat/multilingual-e5-large-instruct,e5-large-instruct,EP-4532651-A1_en_q_es,es,100,100,100,1.0,1.0,same
intfloat/multilingual-e5-large-instruct,e5-large-instruct,WO-2025173342-A1_en_q_es,es,80,80,80,1.0,1.0,same
intfloat/multilingual-e5-large-instruct,e5-large-instruct,WO-2024019637-A1_en_q_de,de,100,100,95,0.95,1.0,same
intfloat/multilingual-e5-large-instruct,e5-large-instruct,MX-2025008968-A_en_q_zh,zh,21,21,21,1.0,1.0,same
intfloat/multilingual-e5-large-instruct,e5-large-instruct,WO-2025202625-A1_en_q_de,de,100,100,99,0.99,1.0,same
intfloat/multilingual-e5-large-instruct,e5-large-instruct,WO-2025187661-A8_en_q_es,es,42,42,42,1.0,1.0,same
intfloat/multilingual-e5-large-instruct,e5-large-instruct,WO-2025101062-A1_en_q_zh,zh,30,30,30,1.0,1.0,same
intfloat/multilingual-e5-large-instruct,e5-large-instruct,WO-2025150711-A1_en_q_de,de,39,39,39,1.0,1.0,same
intfloat/multilingual-e5-large-instruct,e5-large-instruct,WO-2025207828-A1_en_q_zh,zh,100,100,76,0.76,1.0,same
intfloat/multilingual-e5-large-instruct,e5-large-instruct,WO-2025203197-A1_en_q_zh,zh,100,100,99,0.99,1.0,same
intfloat/multilingual-e5-large-instruct,e5-large-instruct,EP-4634141-A2_en_q_en,en,0,0,0,,0.0,gold
intfloat/multilingual-e5-large-instruct,e5-large-instruct,EP-4633971-A1_fr_q_fr,fr,1,1,1,1.0,1.0,same
intfloat/multilingual-e5-large-instruct,e5-large-instruct,WO-2025197272-A1_en_q_en,en,1,1,1,1.0,1.0,same
intfloat/multilingual-e5-large-instruct,e5-large-instruct,WO-2025189168-A8_fr_q_fr,fr,1,1,1,1.0,1.0,same
intfloat/multilingual-e5-large-instruct,e5-large-instruct,MX-2025008124-A_es_q_es,es,0,0,0,,0.0,gold
intfloat/multilingual-e5-large-instruct,e5-large-instruct,MX-2025007669-A_en_q_en,en,0,0,0,,0.0,gold
intfloat/multilingual-e5-large-instruct,e5-large-instruct,WO-2025195675-A1_en_q_en,en,0,0,0,,0.0,gold
intfloat/multilingual-e5-large-instruct,e5-large-instruct,WO-2022005333-A1_en_q_en,en,0,0,0,,0.0,gold
intfloat/multilingual-e5-large-instruct,e5-large-instruct,MX-2025005748-A_es_q_es,es,0,0,0,,0.0,gold
intfloat/multilingual-e5-large-instruct,e5-large-instruct,MX-2025002923-A_es_q_es,es,0,0,0,,0.0,gold
intfloat/multilingual-e5-large-instruct,e5-large-instruct,MX-2025010611-A_es_q_es,es,9,9,9,1.0,1.0,same
intfloat/multilingual-e5-large-instruct,e5-large-instruct,WO-2025217553-A1_fr_q_fr,fr,100,100,100,1.0,1.0,same
intfloat/multilingual-e5-large-instruct,e5-large-instruct,WO-2025186530-A8_en_q_en,en,0,0,0,,0.0,gold
intfloat/multilingual-e5-large-instruct,e5-large-instruct,EP-4627050-A1_fr_q_fr,fr,0,0,0,,0.0,gold
intfloat/multilingual-e5-large-instruct,e5-large-instruct,MX-2025008249-A_en_q_en,en,0,0,0,,0.0,gold
intfloat/multilingual-e5-large-instruct,e5-large-instruct,WO-2025184858-A8_fr_q_fr,fr,2,2,2,1.0,1.0,same
intfloat/multilingual-e5-large-instruct,e5-large-instruct,MX-2025004649-A_es_q_es,es,0,0,0,,0.0,gold
intfloat/multilingual-e5-large-instruct,e5-large-instruct,ES-1320636-U_en_q_en,en,0,0,0,,0.0,gold
intfloat/multilingual-e5-large-instruct,e5-large-instruct,MX-2025006800-A_en_q_en,en,1,1,1,1.0,1.0,same
intfloat/multilingual-e5-large-instruct,e5-large-instruct,EP-4626866-A1_en_q_en,en,0,0,0,,0.0,gold
intfloat/multilingual-e5-large-instruct,e5-large-instruct,MX-2025006721-A_en_q_en,en,14,14,14,1.0,1.0,same
intfloat/multilingual-e5-large-instruct,e5-large-instruct,WO-2024073831-A1_en_q_en,en,27,27,26,0.9629629629629629,1.0,same
intfloat/multilingual-e5-large-instruct,e5-large-instruct,WO-2025200966-A1_fr_q_fr,fr,0,0,0,,0.0,gold
intfloat/multilingual-e5-large-instruct,e5-large-instruct,MX-2025005215-A_es_q_es,es,0,0,0,,0.0,gold
intfloat/multilingual-e5-large-instruct,e5-large-instruct,WO-2025080163-A1_fr_q_fr,fr,13,13,13,1.0,1.0,same
intfloat/multilingual-e5-large-instruct,e5-large-instruct,WO-2025200089-A1_en_q_en,en,1,1,1,1.0,1.0,same
intfloat/multilingual-e5-large-instruct,e5-large-instruct,WO-2025073021-A1_en_q_en,en,0,0,0,,0.0,gold
intfloat/multilingual-e5-large-instruct,e5-large-instruct,WO-2025186263-A8_fr_q_fr,fr,0,0,0,,0.0,gold
intfloat/multilingual-e5-large-instruct,e5-large-instruct,WO-2025211336-A1_en_q_en,en,8,8,8,1.0,1.0,same
intfloat/multilingual-e5-large-instruct,e5-large-instruct,WO-2025078189-A1_en_q_en,en,1,1,1,1.0,1.0,same
intfloat/multilingual-e5-large-instruct,e5-large-instruct,ES-3033921-A1_en_q_en,en,0,0,0,,0.0,gold
intfloat/multilingual-e5-large-instruct,e5-large-instruct,WO-2025154762-A1_fr_q_fr,fr,0,0,0,,0.0,gold
intfloat/multilingual-e5-large-instruct,e5-large-instruct,EP-4634323-A1_en_q_en,en,7,7,7,1.0,1.0,same
intfloat/multilingual-e5-large-instruct,e5-large-instruct,WO-2025189143-A8_en_q_en,en,0,0,0,,0.0,gold
intfloat/multilingual-e5-large-instruct,e5-large-instruct,MX-2025009632-A_en_q_en,en,1,1,1,1.0,1.0,same
intfloat/multilingual-e5-large-instruct,e5-large-instruct,EP-4626395-A1_fr_q_fr,fr,0,0,0,,0.0,gold
intfloat/multilingual-e5-large-instruct,e5-large-instruct,WO-2025203678-A1_fr_q_fr,fr,20,20,20,1.0,1.0,same
intfloat/multilingual-e5-large-instruct,e5-large-instruct,WO-2025187095-A8_fr_q_fr,fr,0,0,0,,0.0,gold
intfloat/multilingual-e5-large-instruct,e5-large-instruct,EP-4626938-A1_en_q_en,en,0,0,0,,0.0,gold
intfloat/multilingual-e5-large-instruct,e5-large-instruct,MX-2025006010-A_en_q_en,en,16,16,16,1.0,1.0,same
intfloat/multilingual-e5-large-instruct,e5-large-instruct,WO-2025215647-A1_fr_q_fr,fr,0,0,0,,0.0,gold
intfloat/multilingual-e5-large-instruct,e5-large-instruct,WO-2025207093-A1_fr_q_fr,fr,0,0,0,,0.0,gold
intfloat/multilingual-e5-large-instruct,e5-large-instruct,MX-2025004470-A_en_q_en,en,0,0,0,,0.0,gold
intfloat/multilingual-e5-large-instruct,e5-large-instruct,EP-4626949-A1_fr_q_fr,fr,0,0,0,,0.0,gold
intfloat/multilingual-e5-large-instruct,e5-large-instruct,WO-2025206197-A1_fr_q_fr,fr,14,14,14,1.0,1.0,same
intfloat/multilingual-e5-large-instruct,e5-large-instruct,WO-2022246526-A8_fr_q_fr,fr,0,0,0,,0.0,gold
intfloat/multilingual-e5-large-instruct,e5-large-instruct,MX-2025006489-A_es_q_es,es,1,1,1,1.0,1.0,same
intfloat/multilingual-e5-large-instruct,e5-large-instruct,WO-2021255541-A1_en_q_en,en,1,1,1,1.0,1.0,same
intfloat/multilingual-e5-large-instruct,e5-large-instruct,WO-2021255541-A1_en_q_de,de,100,100,100,1.0,1.0,same
intfloat/multilingual-e5-large-instruct,e5-large-instruct,WO-2021255541-A1_fr_q_fr,fr,0,0,0,,0.0,gold
intfloat/multilingual-e5-large-instruct,e5-large-instruct,WO-2021255541-A1_en_q_es,es,100,100,99,0.99,1.0,same
intfloat/multilingual-e5-large-instruct,e5-large-instruct,WO-2021255541-A1_zh_q_zh,zh,0,0,0,,0.0,gold
intfloat/multilingual-e5-large-instruct,e5-large-instruct,EP-4634663-A1_en_q_en,en,0,0,0,,0.0,gold
intfloat/multilingual-e5-large-instruct,e5-large-instruct,EP-4634663-A1_en_q_de,de,1,1,1,1.0,1.0,same
intfloat/multilingual-e5-large-instruct,e5-large-instruct,EP-4634663-A1_fr_q_fr,fr,3,3,3,1.0,1.0,same
intfloat/multilingual-e5-large-instruct,e5-large-instruct,EP-4634663-A1_en_q_es,es,100,100,100,1.0,1.0,same
intfloat/multilingual-e5-large-instruct,e5-large-instruct,EP-4634663-A1_en_q_zh,zh,19,19,19,1.0,1.0,same
intfloat/multilingual-e5-large-instruct,e5-large-instruct,MX-2025005046-A_en_q_en,en,100,100,100,1.0,1.0,same
intfloat/multilingual-e5-large-instruct,e5-large-instruct,MX-2025005046-A_en_q_de,de,100,100,100,1.0,1.0,same
intfloat/multilingual-e5-large-instruct,e5-large-instruct,MX-2025005046-A_en_q_fr,fr,100,100,100,1.0,1.0,same
intfloat/multilingual-e5-large-instruct,e5-large-instruct,MX-2025005046-A_es_q_es,es,14,14,14,1.0,1.0,same
intfloat/multilingual-e5-large-instruct,e5-large-instruct,MX-2025005046-A_en_q_zh,zh,35,35,35,1.0,1.0,same
intfloat/multilingual-e5-large-instruct,e5-large-instruct,MX-2025007733-A_en_q_en,en,100,100,100,1.0,1.0,same
intfloat/multilingual-e5-large-instruct,e5-large-instruct,MX-2025007733-A_en_q_de,de,49,49,46,0.9387755102040817,1.0,same
intfloat/multilingual-e5-large-instruct,e5-large-instruct,MX-2025007733-A_en_q_fr,fr,100,100,100,1.0,1.0,same
intfloat/multilingual-e5-large-instruct,e5-large-instruct,MX-2025007733-A_es_q_es,es,42,42,42,1.0,1.0,same
intfloat/multilingual-e5-large-instruct,e5-large-instruct,MX-2025007733-A_zh_q_zh,zh,0,0,0,,0.0,gold
intfloat/multilingual-e5-large-instruct,e5-large-instruct,MX-2025008227-A_en_q_en,en,0,0,0,,0.0,gold
intfloat/multilingual-e5-large-instruct,e5-large-instruct,MX-2025008227-A_en_q_de,de,100,100,100,1.0,1.0,same
intfloat/multilingual-e5-large-instruct,e5-large-instruct,MX-2025008227-A_en_q_fr,fr,100,100,100,1.0,1.0,same
intfloat/multilingual-e5-large-instruct,e5-large-instruct,MX-2025008227-A_es_q_es,es,0,0,0,,0.0,gold
intfloat/multilingual-e5-large-instruct,e5-large-instruct,MX-2025008227-A_en_q_zh,zh,100,100,100,1.0,1.0,same
intfloat/multilingual-e5-large-instruct,e5-large-instruct,WO-2025186592-A8_en_q_en,en,0,0,0,,0.0,gold
intfloat/multilingual-e5-large-instruct,e5-large-instruct,WO-2025186592-A8_en_q_de,de,11,11,11,1.0,1.0,same
intfloat/multilingual-e5-large-instruct,e5-large-instruct,WO-2025186592-A8_fr_q_fr,fr,0,0,0,,0.0,gold
intfloat/multilingual-e5-large-instruct,e5-large-instruct,WO-2025186592-A8_en_q_es,es,16,16,16,1.0,1.0,same
intfloat/multilingual-e5-large-instruct,e5-large-instruct,WO-2025186592-A8_en_q_zh,zh,1,1,1,1.0,1.0,same
intfloat/multilingual-e5-large-instruct,e5-large-instruct,MX-2025005709-A_en_q_en,en,1,1,1,1.0,1.0,same
intfloat/multilingual-e5-large-instruct,e5-large-instruct,MX-2025005709-A_en_q_de,de,100,100,100,1.0,1.0,same
intfloat/multilingual-e5-large-instruct,e5-large-instruct,MX-2025005709-A_en_q_fr,fr,100,100,100,1.0,1.0,same
intfloat/multilingual-e5-large-instruct,e5-large-instruct,MX-2025005709-A_es_q_es,es,0,0,0,,0.0,gold
intfloat/multilingual-e5-large-instruct,e5-large-instruct,MX-2025005709-A_en_q_zh,zh,100,100,100,1.0,1.0,same
intfloat/multilingual-e5-large-instruct,e5-large-instruct,MX-2025009739-A_en_q_en,en,1,1,1,1.0,1.0,same
intfloat/multilingual-e5-large-instruct,e5-large-instruct,MX-2025009739-A_en_q_de,de,100,100,93,0.93,1.0,same
intfloat/multilingual-e5-large-instruct,e5-large-instruct,MX-2025009739-A_en_q_fr,fr,100,100,100,1.0,1.0,same
intfloat/multilingual-e5-large-instruct,e5-large-instruct,MX-2025009739-A_es_q_es,es,16,16,16,1.0,1.0,same
intfloat/multilingual-e5-large-instruct,e5-large-instruct,MX-2025009739-A_zh_q_zh,zh,0,0,0,,0.0,gold
intfloat/multilingual-e5-large-instruct,e5-large-instruct,MX-2025008260-A_en_q_en,en,0,0,0,,0.0,gold
intfloat/multilingual-e5-large-instruct,e5-large-instruct,MX-2025008260-A_en_q_de,de,100,100,100,1.0,1.0,same
intfloat/multilingual-e5-large-instruct,e5-large-instruct,MX-2025008260-A_en_q_fr,fr,100,100,100,1.0,1.0,same
intfloat/multilingual-e5-large-instruct,e5-large-instruct,MX-2025008260-A_es_q_es,es,16,16,16,1.0,1.0,same
intfloat/multilingual-e5-large-instruct,e5-large-instruct,MX-2025008260-A_zh_q_zh,zh,0,0,0,,0.0,gold
intfloat/multilingual-e5-large-instruct,e5-large-instruct,WO-2025216711-A1_en_q_en,en,0,0,0,,0.0,gold
intfloat/multilingual-e5-large-instruct,e5-large-instruct,WO-2025216711-A1_en_q_de,de,1,1,1,1.0,1.0,same
intfloat/multilingual-e5-large-instruct,e5-large-instruct,WO-2025216711-A1_fr_q_fr,fr,0,0,0,,0.0,gold
intfloat/multilingual-e5-large-instruct,e5-large-instruct,WO-2025216711-A1_en_q_es,es,52,52,52,1.0,1.0,same
intfloat/multilingual-e5-large-instruct,e5-large-instruct,WO-2025216711-A1_zh_q_zh,zh,0,0,0,,0.0,gold
Alibaba-NLP/gte-multilingual-base,gte-base,EP-4633662-A1_en_q_en,en,100,100,74,0.74,1.0,same
Alibaba-NLP/gte-multilingual-base,gte-base,EP-4630509-A1_fr_q_fr,fr,100,100,95,0.95,1.0,same
Alibaba-NLP/gte-multilingual-base,gte-base,EP-4634248-A1_en_q_es,es,100,100,94,0.94,1.0,same
Alibaba-NLP/gte-multilingual-base,gte-base,EP-4634187-A1_en_q_es,es,100,100,10,0.1,1.0,foreign
Alibaba-NLP/gte-multilingual-base,gte-base,EP-4634142-A1_fr_q_fr,fr,46,46,44,0.9565217391304348,1.0,same
Alibaba-NLP/gte-multilingual-base,gte-base,EP-4633768-A2_en_q_es,es,100,100,9,0.09,1.0,foreign
Alibaba-NLP/gte-multilingual-base,gte-base,EP-4633645-A1_fr_q_fr,fr,100,100,100,1.0,1.0,same
Alibaba-NLP/gte-multilingual-base,gte-base,EP-4633622-A2_en_q_de,de,100,100,58,0.58,1.0,foreign
Alibaba-NLP/gte-multilingual-base,gte-base,EP-4634601-A1_en_q_en,en,100,100,100,1.0,1.0,same
Alibaba-NLP/gte-multilingual-base,gte-base,EP-4630626-A1_de_q_de,de,100,100,65,0.65,1.0,same
Alibaba-NLP/gte-multilingual-base,gte-base,EP-4630600-A1_de_q_en,en,100,100,96,0.96,1.0,same
Alibaba-NLP/gte-multilingual-base,gte-base,EP-4633632-A1_en_q_es,es,100,100,22,0.22,1.0,foreign
Alibaba-NLP/gte-multilingual-base,gte-base,EP-4634136-A1_en_q_es,es,100,100,34,0.34,1.0,same
Alibaba-NLP/gte-multilingual-base,gte-base,EP-4634157-A1_en_q_de,de,100,100,5,0.05,1.0,foreign
Alibaba-NLP/gte-multilingual-base,gte-base,EP-4630574-A1_de_q_en,en,100,100,100,1.0,1.0,same
Alibaba-NLP/gte-multilingual-base,gte-base,EP-4634111-A1_en_q_de,de,100,100,96,0.96,1.0,same
Alibaba-NLP/gte-multilingual-base,gte-base,EP-4634596-A1_en_q_es,es,100,100,22,0.22,1.0,foreign
Alibaba-NLP/gte-multilingual-base,gte-base,EP-4634139-A1_en_q_es,es,100,100,1,0.01,1.0,foreign
Alibaba-NLP/gte-multilingual-base,gte-base,WO-2025153617-A3_de_q_en,en,100,100,100,1.0,1.0,same
Alibaba-NLP/gte-multilingual-base,gte-base,EP-4634251-A1_en_q_es,es,100,100,0,0.0,0.0,foreign
Alibaba-NLP/gte-multilingual-base,gte-base,EP-4634426-A1_en_q_es,es,100,100,89,0.89,1.0,same
Alibaba-NLP/gte-multilingual-base,gte-base,EP-4634729-A1_en_q_de,de,100,100,95,0.95,1.0,same
Alibaba-NLP/gte-multilingual-base,gte-base,EP-4626569-A1_de_q_en,en,100,100,100,1.0,1.0,same
Alibaba-NLP/gte-multilingual-base,gte-base,EP-4634394-A2_en_q_es,es,100,100,2,0.02,1.0,foreign
Alibaba-NLP/gte-multilingual-base,gte-base,EP-4634424-A1_en_q_es,es,100,100,91,0.91,1.0,same
Alibaba-NLP/gte-multilingual-base,gte-base,EP-4633602-A1_en_q_de,de,100,100,65,0.65,1.0,same
Alibaba-NLP/gte-multilingual-base,gte-base,EP-4634337-A1_en_q_en,en,100,100,88,0.88,1.0,same
Alibaba-NLP/gte-multilingual-base,gte-base,EP-4634128-A1_en_q_en,en,100,100,96,0.96,1.0,same
Alibaba-NLP/gte-multilingual-base,gte-base,EP-4633896-A1_en_q_en,en,100,100,100,1.0,1.0,same
Alibaba-NLP/gte-multilingual-base,gte-base,WO-2025215091-A1_fr_q_fr,fr,100,100,83,0.83,1.0,same
Alibaba-NLP/gte-multilingual-base,gte-base,EP-4633599-A1_fr_q_fr,fr,100,100,100,1.0,1.0,same
Alibaba-NLP/gte-multilingual-base,gte-base,EP-4633656-A1_fr_q_fr,fr,100,100,29,0.29,1.0,same
Alibaba-NLP/gte-multilingual-base,gte-base,WO-2025208167-A1_de_q_de,de,100,100,9,0.09,1.0,foreign
Alibaba-NLP/gte-multilingual-base,gte-base,EP-4634396-A1_fr_q_fr,fr,100,100,47,0.47,1.0,same
Alibaba-NLP/gte-multilingual-base,gte-base,EP-4633893-A1_fr_q_fr,fr,100,100,23,0.23,1.0,foreign
Alibaba-NLP/gte-multilingual-base,gte-base,EP-4633462-A1_en_q_en,en,100,100,99,0.99,1.0,same
Alibaba-NLP/gte-multilingual-base,gte-base,EP-4633386-A1_en_q_en,en,100,100,91,0.91,1.0,same
Alibaba-NLP/gte-multilingual-base,gte-base,EP-4633970-A1_fr_q_fr,fr,100,100,85,0.85,1.0,same
Alibaba-NLP/gte-multilingual-base,gte-base,EP-4633415-A1_en_q_en,en,100,100,95,0.95,1.0,same
Alibaba-NLP/gte-multilingual-base,gte-base,EP-4633415-A1_en_q_de,de,100,100,80,0.8,1.0,same
Alibaba-NLP/gte-multilingual-base,gte-base,EP-4633415-A1_fr_q_fr,fr,100,100,80,0.8,1.0,same
Alibaba-NLP/gte-multilingual-base,gte-base,EP-4633415-A1_en_q_es,es,100,100,90,0.9,1.0,same
Alibaba-NLP/gte-multilingual-base,gte-base,EP-4633950-A1_en_q_en,en,100,100,99,0.99,1.0,same
Alibaba-NLP/gte-multilingual-base,gte-base,EP-4633950-A1_en_q_de,de,100,100,9,0.09,1.0,foreign
Alibaba-NLP/gte-multilingual-base,gte-base,EP-4633950-A1_fr_q_fr,fr,100,100,38,0.38,1.0,same
Alibaba-NLP/gte-multilingual-base,gte-base,EP-4633950-A1_en_q_es,es,100,100,2,0.02,1.0,foreign
Alibaba-NLP/gte-multilingual-base,gte-base,EP-4634629-A1_en_q_en,en,100,100,100,1.0,1.0,same
Alibaba-NLP/gte-multilingual-base,gte-base,EP-4634629-A1_de_q_de,de,100,100,56,0.56,1.0,foreign
Alibaba-NLP/gte-multilingual-base,gte-base,EP-4634629-A1_fr_q_fr,fr,100,100,95,0.95,1.0,same
Alibaba-NLP/gte-multilingual-base,gte-base,EP-4634629-A1_en_q_es,es,100,100,6,0.06,1.0,same
Alibaba-NLP/gte-multilingual-base,gte-base,EP-4633582-A1_en_q_es,es,100,100,1,0.01,1.0,foreign
Alibaba-NLP/gte-multilingual-base,gte-base,EP-4634165-A1_en_q_es,es,100,100,100,1.0,1.0,same
Alibaba-NLP/gte-multilingual-base,gte-base,EP-4633677-A1_en_q_de,de,100,100,98,0.98,1.0,same
Alibaba-NLP/gte-multilingual-base,gte-base,EP-4634246-A1_en_q_en,en,100,100,100,1.0,1.0,same
Alibaba-NLP/gte-multilingual-base,gte-base,EP-4634120-A1_en_q_de,de,100,100,93,0.93,1.0,same
Alibaba-NLP/gte-multilingual-base,gte-base,EP-4633638-A1_en_q_en,en,100,100,92,0.92,1.0,same
Alibaba-NLP/gte-multilingual-base,gte-base,EP-4633389-A1_en_q_en,en,55,55,55,1.0,1.0,same
Alibaba-NLP/gte-multilingual-base,gte-base,WO-2025209629-A1_de_q_es,es,100,100,7,0.07,1.0,foreign
Alibaba-NLP/gte-multilingual-base,gte-base,EP-4634132-A2_en_q_en,en,100,100,100,1.0,1.0,same
Alibaba-NLP/gte-multilingual-base,gte-base,EP-4634914-A1_en_q_es,es,100,100,54,0.54,1.0,same
Alibaba-NLP/gte-multilingual-base,gte-base,EP-4634285-A1_en_q_de,de,100,100,82,0.82,1.0,same
Alibaba-NLP/gte-multilingual-base,gte-base,EP-4634122-A1_fr_q_fr,fr,100,100,70,0.7,1.0,same
Alibaba-NLP/gte-multilingual-base,gte-base,EP-4634365-A1_fr_q_fr,fr,1,1,1,1.0,1.0,same
Alibaba-NLP/gte-multilingual-base,gte-base,WO-2025214709-A1_de_q_es,es,100,100,18,0.18,1.0,same
Alibaba-NLP/gte-multilingual-base,gte-base,EP-4633426-A2_en_q_es,es,100,100,25,0.25,1.0,same
Alibaba-NLP/gte-multilingual-base,gte-base,EP-4630604-A1_de_q_es,es,100,100,21,0.21,1.0,foreign
Alibaba-NLP/gte-multilingual-base,gte-base,EP-4634118-A1_en_q_es,es,100,100,5,0.05,1.0,foreign
Alibaba-NLP/gte-multilingual-base,gte-base,EP-4634404-A1_en_q_de,de,100,100,98,0.98,1.0,same
Alibaba-NLP/gte-multilingual-base,gte-base,EP-4633465-A1_en_q_de,de,100,100,81,0.81,1.0,same
Alibaba-NLP/gte-multilingual-base,gte-base,EP-4633680-A1_en_q_es,es,100,100,4,0.04,1.0,foreign
Alibaba-NLP/gte-multilingual-base,gte-base,WO-2025201606-A1_de_q_es,es,100,100,99,0.99,1.0,same
Alibaba-NLP/gte-multilingual-base,gte-base,EP-4634435-A1_en_q_de,de,100,100,73,0.73,1.0,same
Alibaba-NLP/gte-multilingual-base,gte-base,EP-4634143-A1_en_q_de,de,100,100,99,0.99,1.0,same
Alibaba-NLP/gte-multilingual-base,gte-base,EP-4634411-A1_en_q_de,de,100,100,93,0.93,1.0,same
Alibaba-NLP/gte-multilingual-base,gte-base,EP-4634287-A1_en_q_es,es,100,100,47,0.47,1.0,same
Alibaba-NLP/gte-multilingual-base,gte-base,EP-4633627-A1_en_q_de,de,100,100,100,1.0,1.0,same
Alibaba-NLP/gte-multilingual-base,gte-base,EP-4633670-A1_fr_q_fr,fr,100,100,96,0.96,1.0,same
Alibaba-NLP/gte-multilingual-base,gte-base,WO-2025202163-A1_fr_q_fr,fr,100,100,100,1.0,1.0,same
Alibaba-NLP/gte-multilingual-base,gte-base,WO-2025214852-A1_fr_q_fr,fr,100,100,99,0.99,1.0,same
Alibaba-NLP/gte-multilingual-base,gte-base,WO-2025214996-A1_fr_q_fr,fr,100,100,100,1.0,1.0,same
Alibaba-NLP/gte-multilingual-base,gte-base,EP-4630123-A1_de_q_de,de,100,100,79,0.79,1.0,same
Alibaba-NLP/gte-multilingual-base,gte-base,EP-4634646-A1_en_q_en,en,100,100,98,0.98,1.0,same
Alibaba-NLP/gte-multilingual-base,gte-base,EP-4634294-A1_en_q_en,en,100,100,100,1.0,1.0,same
Alibaba-NLP/gte-multilingual-base,gte-base,EP-4634436-A1_fr_q_fr,fr,100,100,84,0.84,1.0,same
Alibaba-NLP/gte-multilingual-base,gte-base,EP-4633761-A1_en_q_en,en,100,100,100,1.0,1.0,same
Alibaba-NLP/gte-multilingual-base,gte-base,WO-2025215167-A1_de_q_de,de,100,100,85,0.85,1.0,same
Alibaba-NLP/gte-multilingual-base,gte-base,EP-4626962-A1_de_q_en,en,100,100,100,1.0,1.0,same
Alibaba-NLP/gte-multilingual-base,gte-base,EP-4626962-A1_de_q_de,de,100,100,98,0.98,1.0,same
Alibaba-NLP/gte-multilingual-base,gte-base,EP-4626962-A1_fr_q_fr,fr,100,100,100,1.0,1.0,same
Alibaba-NLP/gte-multilingual-base,gte-base,EP-4626962-A1_de_q_es,es,100,100,69,0.69,1.0,same
Alibaba-NLP/gte-multilingual-base,gte-base,WO-2025201936-A1_de_q_en,en,100,100,100,1.0,1.0,same
Alibaba-NLP/gte-multilingual-base,gte-base,WO-2025201936-A1_fr_q_fr,fr,100,100,100,1.0,1.0,same
Alibaba-NLP/gte-multilingual-base,gte-base,WO-2025201936-A1_de_q_es,es,100,100,4,0.04,1.0,foreign
Alibaba-NLP/gte-multilingual-base,gte-base,EP-4634597-A1_en_q_en,en,100,100,99,0.99,1.0,same
Alibaba-NLP/gte-multilingual-base,gte-base,EP-4634597-A1_en_q_de,de,100,100,49,0.49,1.0,same
Alibaba-NLP/gte-multilingual-base,gte-base,EP-4634597-A1_fr_q_fr,fr,65,65,65,1.0,1.0,same
Alibaba-NLP/gte-multilingual-base,gte-base,EP-4634597-A1_en_q_es,es,100,100,54,0.54,1.0,same
Alibaba-NLP/gte-multilingual-base,gte-base,EP-4634381-A1_en_q_zh,zh,100,100,1,0.01,1.0,foreign
Alibaba-NLP/gte-multilingual-base,gte-base,EP-4633589-A1_en_q_zh,zh,100,100,1,0.01,1.0,foreign
Alibaba-NLP/gte-multilingual-base,gte-base,EP-4627024-A1_de_q_zh,zh,100,100,24,0.24,1.0,same
Alibaba-NLP/gte-multilingual-base,gte-base,EP-4634926-A1_en_q_zh,zh,100,100,8,0.08,1.0,foreign
Alibaba-NLP/gte-multilingual-base,gte-base,EP-4633863-A2_en_q_zh,zh,100,100,14,0.14,1.0,same
Alibaba-NLP/gte-multilingual-base,gte-base,EP-4633797-A1_en_q_zh,zh,100,100,25,0.25,1.0,same
Alibaba-NLP/gte-multilingual-base,gte-base,EP-4633777-A1_en_q_zh,zh,100,100,74,0.74,1.0,same
Alibaba-NLP/gte-multilingual-base,gte-base,EP-4633621-A1_en_q_zh,zh,100,100,15,0.15,1.0,foreign
Alibaba-NLP/gte-multilingual-base,gte-base,EP-4634723-A1_en_q_zh,zh,100,100,4,0.04,1.0,foreign
Alibaba-NLP/gte-multilingual-base,gte-base,EP-4633581-A1_en_q_zh,zh,100,100,9,0.09,1.0,foreign
Alibaba-NLP/gte-multilingual-base,gte-base,EP-4634416-A1_en_q_zh,zh,100,100,99,0.99,1.0,same
Alibaba-NLP/gte-multilingual-base,gte-base,EP-4634305-A1_en_q_zh,zh,100,100,100,1.0,1.0,same
Alibaba-NLP/gte-multilingual-base,gte-base,EP-4633531-A1_en_q_zh,zh,100,100,10,0.1,1.0,foreign
Alibaba-NLP/gte-multilingual-base,gte-base,EP-4634333-A1_en_q_zh,zh,100,100,100,1.0,1.0,same
Alibaba-NLP/gte-multilingual-base,gte-base,EP-4634212-A1_en_q_zh,zh,100,100,97,0.97,1.0,same
Alibaba-NLP/gte-multilingual-base,gte-base,EP-4629959-A1_de_q_zh,zh,100,100,91,0.91,1.0,same
Alibaba-NLP/gte-multilingual-base,gte-base,EP-4627881-A1_de_q_zh,zh,100,100,77,0.77,1.0,same
Alibaba-NLP/gte-multilingual-base,gte-base,EP-4633576-A1_en_q_zh,zh,100,100,29,0.29,1.0,foreign
Alibaba-NLP/gte-multilingual-base,gte-base,EP-4633742-A2_en_q_zh,zh,100,100,52,0.52,1.0,same
Alibaba-NLP/gte-multilingual-base,gte-base,EP-4633791-A1_en_q_zh,zh,100,100,21,0.21,1.0,foreign
Alibaba-NLP/gte-multilingual-base,gte-base,EP-4630574-A1_fr_q_fr,fr,100,100,92,0.92,1.0,same
Alibaba-NLP/gte-multilingual-base,gte-base,EP-4634111-A1_fr_q_fr,fr,100,100,100,1.0,1.0,same
Alibaba-NLP/gte-multilingual-base,gte-base,EP-4633622-A2_en_q_es,es,100,100,14,0.14,1.0,foreign
Alibaba-NLP/gte-multilingual-base,gte-base,EP-4634187-A1_en_q_es_120,es,100,100,40,0.4,1.0,same
Alibaba-NLP/gte-multilingual-base,gte-base,EP-4634139-A1_fr_q_fr,fr,100,100,24,0.24,1.0,foreign
Alibaba-NLP/gte-multilingual-base,gte-base,EP-4634136-A1_en_q_en,en,100,100,79,0.79,1.0,same
Alibaba-NLP/gte-multilingual-base,gte-base,EP-4634136-A1_en_q_de,de,100,100,98,0.98,1.0,same
Alibaba-NLP/gte-multilingual-base,gte-base,EP-4634136-A1_fr_q_fr,fr,100,100,11,0.11,1.0,foreign
Alibaba-NLP/gte-multilingual-base,gte-base,EP-4634136-A1_en_q_es_125,es,100,100,7,0.07,1.0,foreign
Alibaba-NLP/gte-multilingual-base,gte-base,q_126_zh,zh,100,100,0,0.0,0.0,foreign
Alibaba-NLP/gte-multilingual-base,gte-base,EP-4634248-A1_en_q_en,en,40,40,40,1.0,1.0,same
Alibaba-NLP/gte-multilingual-base,gte-base,EP-4634142-A1_en_q_es,es,100,100,22,0.22,1.0,same
Alibaba-NLP/gte-multilingual-base,gte-base,WO-2025214812-A1_de_q_es,es,100,100,36,0.36,1.0,same
Alibaba-NLP/gte-multilingual-base,gte-base,EP-4633662-A1_en_q_de,de,100,100,93,0.93,1.0,same
Alibaba-NLP/gte-multilingual-base,gte-base,WO-2025153617-A3_de_q_de,de,100,100,100,1.0,1.0,same
Alibaba-NLP/gte-multilingual-base,gte-base,EP-4634596-A1_en_q_en,en,100,100,100,1.0,1.0,same
Alibaba-NLP/gte-multilingual-base,gte-base,EP-4634596-A1_en_q_de,de,100,100,95,0.95,1.0,same
Alibaba-NLP/gte-multilingual-base,gte-base,EP-4634596-A1_fr_q_fr,fr,100,100,100,1.0,1.0,same
Alibaba-NLP/gte-multilingual-base,gte-base,EP-4634596-A1_en_q_es_135,es,100,100,81,0.81,1.0,same
Alibaba-NLP/gte-multilingual-base,gte-base,q_136_zh,zh,100,100,100,1.0,1.0,same
Alibaba-NLP/gte-multilingual-base,gte-base,EP-4626887-A1_en_q_en,en,32,32,32,1.0,1.0,same
Alibaba-NLP/gte-multilingual-base,gte-base,EP-4630033-A1_en_q_en,en,100,100,97,0.97,1.0,same
Alibaba-NLP/gte-multilingual-base,gte-base,EP-4532639-A1_fr_q_fr,fr,100,100,100,1.0,1.0,same
Alibaba-NLP/gte-multilingual-base,gte-base,EP-4627010-A1_en_q_de,de,100,100,1,0.01,1.0,foreign
Alibaba-NLP/gte-multilingual-base,gte-base,EP-4626937-A1_en_q_de,de,100,100,43,0.43,1.0,same
Alibaba-NLP/gte-multilingual-base,gte-base,WO-2022119476-A1_en_q_de,de,100,100,100,1.0,1.0,same
Alibaba-NLP/gte-multilingual-base,gte-base,WO-2025131900-A1_en_q_en,en,100,100,100,1.0,1.0,same
Alibaba-NLP/gte-multilingual-base,gte-base,WO-2025200741-A1_en_q_zh,zh,100,100,2,0.02,1.0,foreign
Alibaba-NLP/gte-multilingual-base,gte-base,MX-2025009603-A_en_q_en,en,100,100,97,0.97,1.0,same
Alibaba-NLP/gte-multilingual-base,gte-base,MX-2025009952-A_en_q_zh,zh,100,100,1,0.01,1.0,foreign
Alibaba-NLP/gte-multilingual-base,gte-base,WO-2025150253-A1_en_q_es,es,100,100,38,0.38,1.0,same
Alibaba-NLP/gte-multilingual-base,gte-base,WO-2025186929-A8_en_q_en,en,100,100,96,0.96,1.0,same
Alibaba-NLP/gte-multilingual-base,gte-base,WO-2025211042-A1_en_q_en,en,100,100,100,1.0,1.0,same
Alibaba-NLP/gte-multilingual-base,gte-base,WO-2025209205-A1_en_q_en,en,100,100,97,0.97,1.0,same
Alibaba-NLP/gte-multilingual-base,gte-base,WO-2025207982-A1_en_q_de,de,100,100,60,0.6,1.0,same
Alibaba-NLP/gte-multilingual-base,gte-base,WO-2025210325-A1_en_q_de,de,100,100,49,0.49,1.0,foreign
Alibaba-NLP/gte-multilingual-base,gte-base,WO-2025216427-A1_zh_q_zh,zh,100,100,53,0.53,1.0,same
Alibaba-NLP/gte-multilingual-base,gte-base,WO-2025197823-A1_zh_q_zh,zh,100,100,5,0.05,1.0,foreign
Alibaba-NLP/gte-multilingual-base,gte-base,MX-2025002756-A_en_q_en,en,100,100,100,1.0,1.0,same
Alibaba-NLP/gte-multilingual-base,gte-base,WO-2025202632-A1_en_q_en,en,100,100,75,0.75,1.0,foreign
Alibaba-NLP/gte-multilingual-base,gte-base,EP-4627608-A1_en_q_en,en,100,100,76,0.76,1.0,same
Alibaba-NLP/gte-multilingual-base,gte-base,EP-4634668-A1_fr_q_fr,fr,100,100,79,0.79,1.0,same
Alibaba-NLP/gte-multilingual-base,gte-base,MX-2025009965-A_en_q_de,de,100,100,70,0.7,1.0,same
Alibaba-NLP/gte-multilingual-base,gte-base,WO-2025164300-A1_en_q_de,de,100,100,100,1.0,1.0,same
Alibaba-NLP/gte-multilingual-base,gte-base,MX-2025009189-A_en_q_de,de,100,100,96,0.96,1.0,same
Alibaba-NLP/gte-multilingual-base,gte-base,WO-2024253632-A1_en_q_en,en,100,100,95,0.95,1.0,same
Alibaba-NLP/gte-multilingual-base,gte-base,WO-2025216023-A1_zh_q_zh,zh,17,17,4,0.23529411764705882,1.0,same
Alibaba-NLP/gte-multilingual-base,gte-base,WO-2025211128-A1_en_q_en,en,3,3,3,1.0,1.0,same
Alibaba-NLP/gte-multilingual-base,gte-base,MX-2025010237-A_en_q_zh,zh,100,100,5,0.05,1.0,foreign
Alibaba-NLP/gte-multilingual-base,gte-base,EP-4633785-A2_en_q_es,es,100,100,1,0.01,1.0,foreign
Alibaba-NLP/gte-multilingual-base,gte-base,MX-2025005737-A_en_q_en,en,100,100,44,0.44,1.0,foreign
Alibaba-NLP/gte-multilingual-base,gte-base,MX-2025010606-A_en_q_en,en,100,100,17,0.17,1.0,foreign
Alibaba-NLP/gte-multilingual-base,gte-base,MX-2025010877-A_en_q_en,en,100,100,4,0.04,1.0,foreign
Alibaba-NLP/gte-multilingual-base,gte-base,EP-4584035-A1_de_q_de,de,100,100,13,0.13,1.0,foreign
Alibaba-NLP/gte-multilingual-base,gte-base,WO-2025170306-A1_en_q_de,de,100,100,38,0.38,1.0,foreign
Alibaba-NLP/gte-multilingual-base,gte-base,WO-2025210569-A1_zh_q_zh,zh,100,100,0,0.0,0.0,foreign
Alibaba-NLP/gte-multilingual-base,gte-base,MX-2025010084-A_en_q_zh,zh,100,100,73,0.73,1.0,same
Alibaba-NLP/gte-multilingual-base,gte-base,WO-2025186542-A8_en_q_en,en,100,100,98,0.98,1.0,same
Alibaba-NLP/gte-multilingual-base,gte-base,WO-2025206130-A1_zh_q_zh,zh,46,46,28,0.6086956521739131,1.0,same
Alibaba-NLP/gte-multilingual-base,gte-base,WO-2025208054-A1_en_q_de,de,100,100,82,0.82,1.0,same
Alibaba-NLP/gte-multilingual-base,gte-base,WO-2025201708-A1_en_q_zh,zh,100,100,1,0.01,1.0,foreign
Alibaba-NLP/gte-multilingual-base,gte-base,WO-2025141238-A1_es_q_es,es,100,100,8,0.08,1.0,foreign
Alibaba-NLP/gte-multilingual-base,gte-base,MX-2025004351-A_en_q_en,en,100,100,100,1.0,1.0,same
Alibaba-NLP/gte-multilingual-base,gte-base,WO-2025200809-A1_en_q_en,en,100,100,32,0.32,1.0,same
Alibaba-NLP/gte-multilingual-base,gte-base,WO-2025201644-A1_fr_q_fr,fr,100,100,99,0.99,1.0,same
Alibaba-NLP/gte-multilingual-base,gte-base,MX-2025003633-A_en_q_de,de,100,100,97,0.97,1.0,same
Alibaba-NLP/gte-multilingual-base,gte-base,WO-2025170482-A1_en_q_de,de,100,100,58,0.58,1.0,foreign
Alibaba-NLP/gte-multilingual-base,gte-base,MX-2025002762-A_en_q_en,en,100,100,51,0.51,1.0,same
Alibaba-NLP/gte-multilingual-base,gte-base,MX-2025009196-A_en_q_de,de,100,100,77,0.77,1.0,same
Alibaba-NLP/gte-multilingual-base,gte-base,EP-4584246-A1_en_q_zh,zh,73,73,0,0.0,0.0,foreign
Alibaba-NLP/gte-multilingual-base,gte-base,WO-2022031256-A1_en_q_zh,zh,100,100,69,0.69,1.0,same
Alibaba-NLP/gte-multilingual-base,gte-base,ES-3035119-A1_en_q_fr,fr,100,100,99,0.99,1.0,same
Alibaba-NLP/gte-multilingual-base,gte-base,WO-2022231470-A1_en_q_de,de,100,100,82,0.82,1.0,same
Alibaba-NLP/gte-multilingual-base,gte-base,EP-4627127-A1_en_q_de,de,100,100,50,0.5,1.0,foreign
Alibaba-NLP/gte-multilingual-base,gte-base,WO-2025185983-A1_en_q_es,es,100,100,2,0.02,1.0,foreign
Alibaba-NLP/gte-multilingual-base,gte-base,EP-4627015-A1_en_q_de,de,100,100,76,0.76,1.0,same
Alibaba-NLP/gte-multilingual-base,gte-base,WO-2025212979-A1_en_q_de,de,100,100,53,0.53,1.0,same
Alibaba-NLP/gte-multilingual-base,gte-base,MX-2025010953-A_en_q_zh,zh,100,100,2,0.02,1.0,foreign
Alibaba-NLP/gte-multilingual-base,gte-base,WO-2025207427-A1_en_q_de,de,100,100,94,0.94,1.0,same
Alibaba-NLP/gte-multilingual-base,gte-base,MX-2025007532-A_en_q_de,de,100,100,51,0.51,1.0,foreign
Alibaba-NLP/gte-multilingual-base,gte-base,EP-4627092-A1_en_q_zh,zh,100,100,21,0.21,1.0,same
Alibaba-NLP/gte-multilingual-base,gte-base,EP-4584229-A1_en_q_es,es,100,100,1,0.01,1.0,foreign
Alibaba-NLP/gte-multilingual-base,gte-base,WO-2024054196-A1_en_q_zh,zh,100,100,90,0.9,1.0,same
Alibaba-NLP/gte-multilingual-base,gte-base,WO-2025164618-A1_en_q_es,es,100,100,7,0.07,1.0,foreign
Alibaba-NLP/gte-multilingual-base,gte-base,EP-4626889-A1_en_q_es,es,100,100,6,0.06,1.0,foreign
Alibaba-NLP/gte-multilingual-base,gte-base,MX-2025004761-A_en_q_zh,zh,100,100,50,0.5,1.0,same
Alibaba-NLP/gte-multilingual-base,gte-base,MX-2025009867-A_en_q_de,de,100,100,58,0.58,1.0,same
Alibaba-NLP/gte-multilingual-base,gte-base,WO-03042409-A3_en_q_es,es,100,100,67,0.67,1.0,same
Alibaba-NLP/gte-multilingual-base,gte-base,WO-2025212474-A1_en_q_de,de,100,100,5,0.05,1.0,foreign
Alibaba-NLP/gte-multilingual-base,gte-base,ES-3028671-A1_en_q_zh,zh,100,100,14,0.14,1.0,foreign
Alibaba-NLP/gte-multilingual-base,gte-base,WO-2025212467-A1_en_q_de,de,100,100,87,0.87,1.0,same
Alibaba-NLP/gte-multilingual-base,gte-base,MX-2025009862-A_en_q_fr,fr,100,100,99,0.99,1.0,same
Alibaba-NLP/gte-multilingual-base,gte-base,EP-4566167-A1_en_q_es,es,100,100,0,0.0,0.0,foreign
Alibaba-NLP/gte-multilingual-base,gte-base,WO-2025216937-A1_en_q_es,es,100,100,56,0.56,1.0,same
Alibaba-NLP/gte-multilingual-base,gte-base,EP-4630021-A1_en_q_de,de,100,100,91,0.91,1.0,same
Alibaba-NLP/gte-multilingual-base,gte-base,MX-2025007206-A_en_q_de,de,100,100,77,0.77,1.0,same
Alibaba-NLP/gte-multilingual-base,gte-base,EP-4504821-A1_en_q_es,es,100,100,0,0.0,0.0,foreign
Alibaba-NLP/gte-multilingual-base,gte-base,WO-2025205793-A1_en_q_de,de,100,100,80,0.8,1.0,same
Alibaba-NLP/gte-multilingual-base,gte-base,WO-2025206825-A1_en_q_de,de,100,100,79,0.79,1.0,same
Alibaba-NLP/gte-multilingual-base,gte-base,EP-4568770-A1_en_q_es,es,100,100,5,0.05,1.0,foreign
Alibaba-NLP/gte-multilingual-base,gte-base,WO-2025188827-A8_en_q_es,es,100,100,1,0.01,1.0,foreign
Alibaba-NLP/gte-multilingual-base,gte-base,MX-2025008259-A_en_q_fr,fr,100,100,100,1.0,1.0,same
Alibaba-NLP/gte-multilingual-base,gte-base,WO-2025132504-A1_en_q_es,es,100,100,26,0.26,1.0,foreign
Alibaba-NLP/gte-multilingual-base,gte-base,MX-2025007237-A_en_q_fr,fr,100,100,55,0.55,1.0,same
Alibaba-NLP/gte-multilingual-base,gte-base,MX-2025005647-A_en_q_zh,zh,100,100,0,0.0,0.0,foreign
Alibaba-NLP/gte-multilingual-base,gte-base,WO-2025214411-A1_en_q_de,de,100,100,74,0.74,1.0,same
Alibaba-NLP/gte-multilingual-base,gte-base,EP-4623093-A2_en_q_es,es,100,100,8,0.08,1.0,foreign
Alibaba-NLP/gte-multilingual-base,gte-base,EP-4634148-A1_en_q_de,de,100,100,86,0.86,1.0,same
Alibaba-NLP/gte-multilingual-base,gte-base,WO-2025202170-A1_en_q_es,es,100,100,1,0.01,1.0,foreign
Alibaba-NLP/gte-multilingual-base,gte-base,EP-4507673-A1_en_q_de,de,100,100,7,0.07,1.0,foreign
Alibaba-NLP/gte-multilingual-base,gte-base,MX-2025007577-A_en_q_fr,fr,100,100,46,0.46,1.0,foreign
Alibaba-NLP/gte-multilingual-base,gte-base,MX-2025009131-A_en_q_zh,zh,100,100,2,0.02,1.0,foreign
Alibaba-NLP/gte-multilingual-base,gte-base,MX-2025009990-A_en_q_zh,zh,100,100,29,0.29,1.0,same
Alibaba-NLP/gte-multilingual-base,gte-base,WO-2023153953-A1_en_q_es,es,100,100,21,0.21,1.0,same
Alibaba-NLP/gte-multilingual-base,gte-base,WO-2025183548-A1_en_q_de,de,100,100,69,0.69,1.0,foreign
Alibaba-NLP/gte-multilingual-base,gte-base,WO-2025007163-A1_en_q_de,de,100,100,61,0.61,1.0,same
Alibaba-NLP/gte-multilingual-base,gte-base,WO-2025206959-A1_en_q_de,de,100,100,37,0.37,1.0,same
Alibaba-NLP/gte-multilingual-base,gte-base,WO-2025207810-A1_en_q_zh,zh,100,100,0,0.0,0.0,foreign
Alibaba-NLP/gte-multilingual-base,gte-base,WO-2025215476-A1_en_q_de,de,100,100,25,0.25,1.0,same
Alibaba-NLP/gte-multilingual-base,gte-base,WO-2023149795-A1_en_q_en,en,100,100,100,1.0,1.0,same
Alibaba-NLP/gte-multilingual-base,gte-base,WO-2022124934-A1_en_q_es,es,100,100,23,0.23,1.0,same
Alibaba-NLP/gte-multilingual-base,gte-base,WO-2025187134-A8_en_q_en,en,100,100,100,1.0,1.0,same
Alibaba-NLP/gte-multilingual-base,gte-base,WO-2023200358-A1_en_q_en,en,100,100,79,0.79,1.0,same
Alibaba-NLP/gte-multilingual-base,gte-base,WO-2025216105-A1_fr_q_fr,fr,100,100,22,0.22,1.0,same
Alibaba-NLP/gte-multilingual-base,gte-base,MX-2025005014-A_es_q_es,es,100,100,30,0.3,1.0,foreign
Alibaba-NLP/gte-multilingual-base,gte-base,WO-2025216873-A1_fr_q_fr,fr,100,100,81,0.81,1.0,same
Alibaba-NLP/gte-multilingual-base,gte-base,WO-2025205780-A1_zh_q_zh,zh,100,100,0,0.0,0.0,foreign
Alibaba-NLP/gte-multilingual-base,gte-base,MX-2025009666-A_en_q_en,en,100,100,100,1.0,1.0,same
Alibaba-NLP/gte-multilingual-base,gte-base,WO-2025212049-A1_fr_q_fr,fr,100,100,90,0.9,1.0,same
Alibaba-NLP/gte-multilingual-base,gte-base,EP-4627347-A1_fr_q_fr,fr,100,100,97,0.97,1.0,same
Alibaba-NLP/gte-multilingual-base,gte-base,MX-2025004786-A_es_q_es,es,16,16,13,0.8125,1.0,same
Alibaba-NLP/gte-multilingual-base,gte-base,WO-2024063632-A1_en_q_en,en,100,100,97,0.97,1.0,same
Alibaba-NLP/gte-multilingual-base,gte-base,WO-2025206783-A1_fr_q_fr,fr,100,100,100,1.0,1.0,same
Alibaba-NLP/gte-multilingual-base,gte-base,MX-2025010991-A_en_q_en,en,100,100,92,0.92,1.0,same
Alibaba-NLP/gte-multilingual-base,gte-base,MX-2025006977-A_en_q_en,en,100,100,75,0.75,1.0,same
Alibaba-NLP/gte-multilingual-base,gte-base,MX-2025008400-A_en_q_en,en,100,100,25,0.25,1.0,foreign
Alibaba-NLP/gte-multilingual-base,gte-base,WO-2025132390-A1_de_q_de,de,100,100,100,1.0,1.0,same
Alibaba-NLP/gte-multilingual-base,gte-base,WO-2025204766-A1_fr_q_fr,fr,100,100,99,0.99,1.0,same
Alibaba-NLP/gte-multilingual-base,gte-base,WO-2025098664-A1_de_q_de,de,23,23,22,0.9565217391304348,1.0,same
Alibaba-NLP/gte-multilingual-base,gte-base,EP-4627583-A1_en_q_en,en,100,100,99,0.99,1.0,same
Alibaba-NLP/gte-multilingual-base,gte-base,EP-4630558-A2_zh_q_zh,zh,100,100,13,0.13,1.0,same
Alibaba-NLP/gte-multilingual-base,gte-base,MX-2025010573-A_es_q_es,es,100,100,74,0.74,1.0,same
Alibaba-NLP/gte-multilingual-base,gte-base,WO-2025210917-A1_fr_q_fr,fr,100,100,100,1.0,1.0,same
Alibaba-NLP/gte-multilingual-base,gte-base,WO-2025150394-A1_en_q_en,en,100,100,33,0.33,1.0,foreign
Alibaba-NLP/gte-multilingual-base,gte-base,MX-2025005728-A_en_q_en,en,100,100,41,0.41,1.0,same
Alibaba-NLP/gte-multilingual-base,gte-base,WO-2025177605-A1_fr_q_fr,fr,100,100,98,0.98,1.0,same
Alibaba-NLP/gte-multilingual-base,gte-base,MX-2025006958-A_en_q_en,en,100,100,100,1.0,1.0,same
Alibaba-NLP/gte-multilingual-base,gte-base,EP-4551675-A1_de_q_de,de,100,100,97,0.97,1.0,same
Alibaba-NLP/gte-multilingual-base,gte-base,EP-4627325-A1_fr_q_fr,fr,100,100,78,0.78,1.0,foreign
Alibaba-NLP/gte-multilingual-base,gte-base,WO-2025208050-A2_en_q_en,en,100,100,98,0.98,1.0,same
Alibaba-NLP/gte-multilingual-base,gte-base,WO-2025202994-A1_fr_q_fr,fr,100,100,100,1.0,1.0,same
Alibaba-NLP/gte-multilingual-base,gte-base,MX-2025006551-A_en_q_en,en,100,100,100,1.0,1.0,same
Alibaba-NLP/gte-multilingual-base,gte-base,WO-2005069422-A1_en_q_en,en,100,100,100,1.0,1.0,same
Alibaba-NLP/gte-multilingual-base,gte-base,WO-2025194610-A1_fr_q_fr,fr,100,100,25,0.25,1.0,foreign
Alibaba-NLP/gte-multilingual-base,gte-base,MX-2025001644-A_zh_q_zh,zh,100,100,30,0.3,1.0,same
Alibaba-NLP/gte-multilingual-base,gte-base,WO-2025216492-A1_fr_q_fr,fr,100,100,98,0.98,1.0,same
Alibaba-NLP/gte-multilingual-base,gte-base,WO-2025216629-A1_fr_q_fr,fr,100,100,88,0.88,1.0,same
Alibaba-NLP/gte-multilingual-base,gte-base,MX-2025005081-A_en_q_en,en,100,100,97,0.97,1.0,same
Alibaba-NLP/gte-multilingual-base,gte-base,WO-2025205506-A1_fr_q_fr,fr,16,16,13,0.8125,1.0,same
Alibaba-NLP/gte-multilingual-base,gte-base,WO-2025132391-A1_de_q_de,de,100,100,92,0.92,1.0,same
Alibaba-NLP/gte-multilingual-base,gte-base,WO-2025205634-A1_en_q_en,en,100,100,97,0.97,1.0,same
Alibaba-NLP/gte-multilingual-base,gte-base,WO-2025120243-A1_es_q_es,es,100,100,1,0.01,1.0,foreign
Alibaba-NLP/gte-multilingual-base,gte-base,WO-2025201672-A1_fr_q_fr,fr,100,100,77,0.77,1.0,same
Alibaba-NLP/gte-multilingual-base,gte-base,MX-2025008970-A_es_q_es,es,100,100,4,0.04,1.0,foreign
Alibaba-NLP/gte-multilingual-base,gte-base,MX-2025009075-A_zh_q_zh,zh,29,29,19,0.6551724137931034,1.0,same
Alibaba-NLP/gte-multilingual-base,gte-base,WO-2025210445-A1_fr_q_fr,fr,100,100,100,1.0,1.0,same
Alibaba-NLP/gte-multilingual-base,gte-base,WO-2025206090-A1_fr_q_fr,fr,100,100,74,0.74,1.0,same
Alibaba-NLP/gte-multilingual-base,gte-base,MX-2025006643-A_en_q_en,en,100,100,100,1.0,1.0,same
Alibaba-NLP/gte-multilingual-base,gte-base,MX-2025010190-A_en_q_en,en,100,100,37,0.37,1.0,foreign
Alibaba-NLP/gte-multilingual-base,gte-base,EP-4577789-A1_zh_q_zh,zh,13,13,13,1.0,1.0,same
Alibaba-NLP/gte-multilingual-base,gte-base,WO-2025204469-A1_en_q_en,en,100,100,96,0.96,1.0,same
Alibaba-NLP/gte-multilingual-base,gte-base,WO-2025204469-A1_en_q_de,de,100,100,88,0.88,1.0,same
Alibaba-NLP/gte-multilingual-base,gte-base,WO-2025204469-A1_fr_q_fr,fr,100,100,64,0.64,1.0,same
Alibaba-NLP/gte-multilingual-base,gte-base,WO-2025204469-A1_en_q_es,es,100,100,5,0.05,1.0,foreign
Alibaba-NLP/gte-multilingual-base,gte-base,WO-2025204469-A1_zh_q_zh,zh,100,100,80,0.8,1.0,same
Alibaba-NLP/gte-multilingual-base,gte-base,MX-2025010085-A_en_q_en,en,100,100,31,0.31,1.0,foreign
Alibaba-NLP/gte-multilingual-base,gte-base,MX-2025010085-A_en_q_de,de,100,100,85,0.85,1.0,same
Alibaba-NLP/gte-multilingual-base,gte-base,MX-2025010085-A_en_q_fr,fr,100,100,78,0.78,1.0,same
Alibaba-NLP/gte-multilingual-base,gte-base,MX-2025010085-A_es_q_es,es,100,100,44,0.44,1.0,same
Alibaba-NLP/gte-multilingual-base,gte-base,MX-2025010085-A_en_q_zh,zh,100,100,21,0.21,1.0,foreign
Alibaba-NLP/gte-multilingual-base,gte-base,MX-2025005421-A_en_q_en,en,100,100,78,0.78,1.0,same
Alibaba-NLP/gte-multilingual-base,gte-base,MX-2025005421-A_en_q_de,de,100,100,59,0.59,1.0,same
Alibaba-NLP/gte-multilingual-base,gte-base,MX-2025005421-A_en_q_fr,fr,100,100,97,0.97,1.0,same
Alibaba-NLP/gte-multilingual-base,gte-base,MX-2025005421-A_es_q_es,es,100,100,4,0.04,1.0,foreign
Alibaba-NLP/gte-multilingual-base,gte-base,MX-2025005421-A_en_q_zh,zh,100,100,0,0.0,0.0,foreign
Alibaba-NLP/gte-multilingual-base,gte-base,MX-2025002688-A_en_q_en,en,100,100,94,0.94,1.0,same
Alibaba-NLP/gte-multilingual-base,gte-base,MX-2025002688-A_en_q_de,de,100,100,77,0.77,1.0,same
Alibaba-NLP/gte-multilingual-base,gte-base,MX-2025002688-A_en_q_fr,fr,100,100,64,0.64,1.0,same
Alibaba-NLP/gte-multilingual-base,gte-base,MX-2025002688-A_es_q_es,es,100,100,11,0.11,1.0,same
Alibaba-NLP/gte-multilingual-base,gte-base,MX-2025002688-A_en_q_zh,zh,100,100,3,0.03,1.0,same
Alibaba-NLP/gte-multilingual-base,gte-base,WO-2025211147-A1_en_q_en,en,100,100,96,0.96,1.0,same
Alibaba-NLP/gte-multilingual-base,gte-base,WO-2025211147-A1_en_q_de,de,100,100,100,1.0,1.0,same
Alibaba-NLP/gte-multilingual-base,gte-base,WO-2025211147-A1_fr_q_fr,fr,100,100,99,0.99,1.0,same
Alibaba-NLP/gte-multilingual-base,gte-base,WO-2025211147-A1_en_q_es,es,100,100,1,0.01,1.0,foreign
Alibaba-NLP/gte-multilingual-base,gte-base,WO-2025211147-A1_en_q_zh,zh,100,100,51,0.51,1.0,same
Alibaba-NLP/gte-multilingual-base,gte-base,WO-2025187712-A8_en_q_en,en,100,100,68,0.68,1.0,same
Alibaba-NLP/gte-multilingual-base,gte-base,WO-2025187712-A8_en_q_de,de,100,100,57,0.57,1.0,same
Alibaba-NLP/gte-multilingual-base,gte-base,WO-2025187712-A8_fr_q_fr,fr,100,100,96,0.96,1.0,same
Alibaba-NLP/gte-multilingual-base,gte-base,WO-2025187712-A8_en_q_es,es,100,100,6,0.06,1.0,foreign
Alibaba-NLP/gte-multilingual-base,gte-base,WO-2025187712-A8_en_q_zh,zh,100,100,52,0.52,1.0,same
Alibaba-NLP/gte-multilingual-base,gte-base,EP-4630253-A1_en_q_en,en,100,100,97,0.97,1.0,same
Alibaba-NLP/gte-multilingual-base,gte-base,EP-4630253-A1_en_q_de,de,100,100,100,1.0,1.0,same
Alibaba-NLP/gte-multilingual-base,gte-base,EP-4630253-A1_fr_q_fr,fr,100,100,7,0.07,1.0,foreign
Alibaba-NLP/gte-multilingual-base,gte-base,EP-4630253-A1_en_q_es,es,100,100,0,0.0,0.0,foreign
Alibaba-NLP/gte-multilingual-base,gte-base,EP-4630253-A1_zh_q_zh,zh,100,100,3,0.03,1.0,foreign
Alibaba-NLP/gte-multilingual-base,gte-base,MX-2025007798-A_en_q_en,en,100,100,100,1.0,1.0,same
Alibaba-NLP/gte-multilingual-base,gte-base,WO-2025206382-A1_en_q_en,en,100,100,100,1.0,1.0,same
Alibaba-NLP/gte-multilingual-base,gte-base,MX-2025009144-A_en_q_en,en,100,100,100,1.0,1.0,same
Alibaba-NLP/gte-multilingual-base,gte-base,WO-2025206195-A1_en_q_de,de,100,100,29,0.29,1.0,foreign
Alibaba-NLP/gte-multilingual-base,gte-base,WO-2024128938-A1_en_q_de,de,100,100,100,1.0,1.0,same
Alibaba-NLP/gte-multilingual-base,gte-base,MX-2025007510-A_es_q_es,es,100,100,43,0.43,1.0,same
Alibaba-NLP/gte-multilingual-base,gte-base,WO-2025172752-A1_en_q_en,en,100,100,100,1.0,1.0,same
Alibaba-NLP/gte-multilingual-base,gte-base,WO-2024245507-A9_en_q_en,en,100,100,26,0.26,1.0,foreign
Alibaba-NLP/gte-multilingual-base,gte-base,WO-2024245507-A9_de_q_de,de,100,100,99,0.99,1.0,same
Alibaba-NLP/gte-multilingual-base,gte-base,WO-2024245507-A9_fr_q_fr,fr,100,100,99,0.99,1.0,same
Alibaba-NLP/gte-multilingual-base,gte-base,WO-2024245507-A9_en_q_es,es,100,100,13,0.13,1.0,foreign
Alibaba-NLP/gte-multilingual-base,gte-base,WO-2024245507-A9_en_q_zh,zh,100,100,41,0.41,1.0,same
Alibaba-NLP/gte-multilingual-base,gte-base,EP-4630245-A1_zh_q_zh,zh,52,52,36,0.6923076923076923,1.0,same
Alibaba-NLP/gte-multilingual-base,gte-base,WO-2025192625-A1_en_q_en,en,35,35,35,1.0,1.0,same
Alibaba-NLP/gte-multilingual-base,gte-base,WO-2025192625-A1_en_q_de,de,100,100,96,0.96,1.0,same
Alibaba-NLP/gte-multilingual-base,gte-base,WO-2025192625-A1_fr_q_fr,fr,100,100,100,1.0,1.0,same
Alibaba-NLP/gte-multilingual-base,gte-base,WO-2025192625-A1_en_q_es,es,100,100,3,0.03,1.0,foreign
Alibaba-NLP/gte-multilingual-base,gte-base,WO-2025192625-A1_zh_q_zh,zh,100,100,0,0.0,0.0,foreign
Alibaba-NLP/gte-multilingual-base,gte-base,MX-2025006818-A_es_q_es,es,100,100,86,0.86,1.0,same
Alibaba-NLP/gte-multilingual-base,gte-base,MX-2025007695-A_es_q_es,es,100,100,14,0.14,1.0,same
Alibaba-NLP/gte-multilingual-base,gte-base,WO-2025187736-A8_en_q_zh,zh,100,100,97,0.97,1.0,same
Alibaba-NLP/gte-multilingual-base,gte-base,WO-2025203012-A1_en_q_es,es,100,100,87,0.87,1.0,same
Alibaba-NLP/gte-multilingual-base,gte-base,EP-4626837-A1_en_q_zh,zh,100,100,89,0.89,1.0,same
Alibaba-NLP/gte-multilingual-base,gte-base,WO-2025202104-A1_zh_q_zh,zh,43,43,43,1.0,1.0,same
Alibaba-NLP/gte-multilingual-base,gte-base,EP-4626928-A2_fr_q_fr,fr,100,100,95,0.95,1.0,same
Alibaba-NLP/gte-multilingual-base,gte-base,MX-2025008327-A_en_q_en,en,100,100,44,0.44,1.0,same
Alibaba-NLP/gte-multilingual-base,gte-base,EP-4634127-A1_en_q_en,en,16,16,16,1.0,1.0,same
Alibaba-NLP/gte-multilingual-base,gte-base,WO-2024058685-A1_en_q_zh,zh,100,100,92,0.92,1.0,same
Alibaba-NLP/gte-multilingual-base,gte-base,WO-2024089298-A9_fr_q_fr,fr,100,100,100,1.0,1.0,same
Alibaba-NLP/gte-multilingual-base,gte-base,MX-2025010028-A_en_q_en,en,100,100,100,1.0,1.0,same
Alibaba-NLP/gte-multilingual-base,gte-base,WO-2025202253-A1_en_q_es,es,100,100,78,0.78,1.0,same
Alibaba-NLP/gte-multilingual-base,gte-base,MX-2025009821-A_es_q_es,es,100,100,12,0.12,1.0,foreign
Alibaba-NLP/gte-multilingual-base,gte-base,MX-2025006624-A_en_q_fr,fr,100,100,99,0.99,1.0,same
Alibaba-NLP/gte-multilingual-base,gte-base,MX-2025003345-A_en_q_de,de,100,100,51,0.51,1.0,same
Alibaba-NLP/gte-multilingual-base,gte-base,WO-2024259508-A1_en_q_en,en,100,100,100,1.0,1.0,same
Alibaba-NLP/gte-multilingual-base,gte-base,EP-4630051-A1_fr_q_fr,fr,100,100,72,0.72,1.0,foreign
Alibaba-NLP/gte-multilingual-base,gte-base,MX-2025010268-A_en_q_zh,zh,100,100,16,0.16,1.0,same
Alibaba-NLP/gte-multilingual-base,gte-base,WO-2025212655-A1_en_q_de,de,100,100,100,1.0,1.0,same
Alibaba-NLP/gte-multilingual-base,gte-base,WO-2025205978-A1_en_q_en,en,100,100,100,1.0,1.0,same
Alibaba-NLP/gte-multilingual-base,gte-base,WO-2025206105-A1_zh_q_zh,zh,100,100,14,0.14,1.0,same
Alibaba-NLP/gte-multilingual-base,gte-base,EP-4633669-A2_fr_q_fr,fr,100,100,100,1.0,1.0,same
Alibaba-NLP/gte-multilingual-base,gte-base,WO-2025021351-A1_en_q_zh,zh,100,100,8,0.08,1.0,same
Alibaba-NLP/gte-multilingual-base,gte-base,WO-2025187706-A8_fr_q_fr,fr,100,100,100,1.0,1.0,same
Alibaba-NLP/gte-multilingual-base,gte-base,EP-4623104-A1_zh_q_zh,zh,71,71,68,0.9577464788732394,1.0,same
Alibaba-NLP/gte-multilingual-base,gte-base,WO-2025164232-A1_en_q_de,de,100,100,56,0.56,1.0,same
Alibaba-NLP/gte-multilingual-base,gte-base,WO-2025206823-A1_en_q_de,de,100,100,97,0.97,1.0,same
Alibaba-NLP/gte-multilingual-base,gte-base,EP-4626944-A1_en_q_de,de,100,100,97,0.97,1.0,same
Alibaba-NLP/gte-multilingual-base,gte-base,EP-4626879-A1_en_q_en,en,100,100,99,0.99,1.0,same
Alibaba-NLP/gte-multilingual-base,gte-base,EP-4626874-A1_en_q_zh,zh,100,100,98,0.98,1.0,same
Alibaba-NLP/gte-multilingual-base,gte-base,MX-2025008798-A_en_q_fr,fr,100,100,100,1.0,1.0,same
Alibaba-NLP/gte-multilingual-base,gte-base,MX-2025005939-A_es_q_es,es,100,100,17,0.17,1.0,same
Alibaba-NLP/gte-multilingual-base,gte-base,WO-2025204745-A1_en_q_zh,zh,100,100,79,0.79,1.0,same
Alibaba-NLP/gte-multilingual-base,gte-base,WO-2025217208-A1_en_q_en,en,100,100,98,0.98,1.0,same
Alibaba-NLP/gte-multilingual-base,gte-base,WO-2025205163-A1_en_q_en,en,100,100,100,1.0,1.0,same
Alibaba-NLP/gte-multilingual-base,gte-base,WO-2025186172-A8_fr_q_fr,fr,100,100,100,1.0,1.0,same
Alibaba-NLP/gte-multilingual-base,gte-base,WO-2025188156-A8_en_q_de,de,100,100,83,0.83,1.0,same
Alibaba-NLP/gte-multilingual-base,gte-base,MX-2025009759-A_en_q_fr,fr,100,100,100,1.0,1.0,same
Alibaba-NLP/gte-multilingual-base,gte-base,WO-2025189017-A8_en_q_de,de,100,100,100,1.0,1.0,same
Alibaba-NLP/gte-multilingual-base,gte-base,CR-20250096-A_en_q_zh,zh,100,100,44,0.44,1.0,same
Alibaba-NLP/gte-multilingual-base,gte-base,WO-2025169953-A1_en_q_de,de,100,100,97,0.97,1.0,same
Alibaba-NLP/gte-multilingual-base,gte-base,MX-2025006319-A_en_q_de,de,100,100,99,0.99,1.0,same
Alibaba-NLP/gte-multilingual-base,gte-base,MX-2025004974-A_en_q_fr,fr,100,100,98,0.98,1.0,same
Alibaba-NLP/gte-multilingual-base,gte-base,WO-2025170405-A1_en_q_de,de,100,100,100,1.0,1.0,same
Alibaba-NLP/gte-multilingual-base,gte-base,WO-2025208198-A1_en_q_zh,zh,100,100,100,1.0,1.0,same
Alibaba-NLP/gte-multilingual-base,gte-base,WO-2025054647-A1_en_q_es,es,100,100,70,0.7,1.0,same
Alibaba-NLP/gte-multilingual-base,gte-base,WO-2025210166-A1_en_q_de,de,100,100,81,0.81,1.0,same
Alibaba-NLP/gte-multilingual-base,gte-base,WO-2025211178-A1_en_q_es,es,100,100,35,0.35,1.0,same
Alibaba-NLP/gte-multilingual-base,gte-base,MX-2025004012-A_en_q_zh,zh,100,100,74,0.74,1.0,same
Alibaba-NLP/gte-multilingual-base,gte-base,WO-2025206949-A1_en_q_es,es,100,100,70,0.7,1.0,same
Alibaba-NLP/gte-multilingual-base,gte-base,MX-2025007614-A_en_q_zh,zh,100,100,14,0.14,1.0,same
Alibaba-NLP/gte-multilingual-base,gte-base,WO-2025146513-A1_en_q_de,de,100,100,60,0.6,1.0,same
Alibaba-NLP/gte-multilingual-base,gte-base,WO-2025211949-A1_en_q_es,es,100,100,74,0.74,1.0,same
Alibaba-NLP/gte-multilingual-base,gte-base,EP-4626831-A1_en_q_zh,zh,100,100,96,0.96,1.0,same
Alibaba-NLP/gte-multilingual-base,gte-base,WO-2025186644-A8_en_q_de,de,100,100,88,0.88,1.0,same
Alibaba-NLP/gte-multilingual-base,gte-base,WO-2025192587-A1_en_q_de,de,100,100,100,1.0,1.0,same
Alibaba-NLP/gte-multilingual-base,gte-base,EP-4633779-A1_en_q_es,es,100,100,97,0.97,1.0,same
Alibaba-NLP/gte-multilingual-base,gte-base,WO-2022098263-A1_en_q_es,es,100,100,22,0.22,1.0,same
Alibaba-NLP/gte-multilingual-base,gte-base,WO-2025215251-A1_en_q_es,es,100,100,96,0.96,1.0,same
Alibaba-NLP/gte-multilingual-base,gte-base,EP-4493405-A1_en_q_zh,zh,100,100,100,1.0,1.0,same
Alibaba-NLP/gte-multilingual-base,gte-base,WO-2025103555-A1_en_q_zh,zh,100,100,76,0.76,1.0,same
Alibaba-NLP/gte-multilingual-base,gte-base,EP-4626386-A1_en_q_de,de,100,100,45,0.45,1.0,same
Alibaba-NLP/gte-multilingual-base,gte-base,MX-2025010613-A_en_q_de,de,100,100,100,1.0,1.0,same
Alibaba-NLP/gte-multilingual-base,gte-base,EP-4626547-A1_en_q_de,de,100,100,98,0.98,1.0,same
Alibaba-NLP/gte-multilingual-base,gte-base,EP-4626593-A1_en_q_de,de,100,100,99,0.99,1.0,same
Alibaba-NLP/gte-multilingual-base,gte-base,WO-2025207414-A1_en_q_es,es,100,100,92,0.92,1.0,same
Alibaba-NLP/gte-multilingual-base,gte-base,MX-2025005049-A_en_q_zh,zh,100,100,10,0.1,1.0,foreign
Alibaba-NLP/gte-multilingual-base,gte-base,WO-2024246082-A3_en_q_es,es,100,100,87,0.87,1.0,same
Alibaba-NLP/gte-multilingual-base,gte-base,WO-2025180718-A1_en_q_es,es,100,100,96,0.96,1.0,same
Alibaba-NLP/gte-multilingual-base,gte-base,MX-2025006336-A_en_q_de,de,100,100,100,1.0,1.0,same
Alibaba-NLP/gte-multilingual-base,gte-base,WO-2025202347-A1_en_q_de,de,100,100,100,1.0,1.0,same
Alibaba-NLP/gte-multilingual-base,gte-base,MX-2025010373-A_en_q_zh,zh,100,100,1,0.01,1.0,foreign
Alibaba-NLP/gte-multilingual-base,gte-base,WO-2025200075-A1_en_q_zh,zh,100,100,24,0.24,1.0,foreign
Alibaba-NLP/gte-multilingual-base,gte-base,WO-2025189151-A8_en_q_de,de,100,100,22,0.22,1.0,foreign
Alibaba-NLP/gte-multilingual-base,gte-base,MX-2025007174-A_en_q_de,de,100,100,100,1.0,1.0,same
Alibaba-NLP/gte-multilingual-base,gte-base,MX-2025010619-A_en_q_de,de,100,100,80,0.8,1.0,same
Alibaba-NLP/gte-multilingual-base,gte-base,EP-4532651-A1_en_q_es,es,100,100,23,0.23,1.0,same
Alibaba-NLP/gte-multilingual-base,gte-base,WO-2025173342-A1_en_q_es,es,100,100,22,0.22,1.0,same
Alibaba-NLP/gte-multilingual-base,gte-base,WO-2024019637-A1_en_q_de,de,100,100,86,0.86,1.0,same
Alibaba-NLP/gte-multilingual-base,gte-base,MX-2025008968-A_en_q_zh,zh,100,100,99,0.99,1.0,same
Alibaba-NLP/gte-multilingual-base,gte-base,WO-2025202625-A1_en_q_de,de,100,100,78,0.78,1.0,same
Alibaba-NLP/gte-multilingual-base,gte-base,WO-2025187661-A8_en_q_es,es,100,100,13,0.13,1.0,foreign
Alibaba-NLP/gte-multilingual-base,gte-base,WO-2025101062-A1_en_q_zh,zh,100,100,100,1.0,1.0,same
Alibaba-NLP/gte-multilingual-base,gte-base,WO-2025150711-A1_en_q_de,de,100,100,49,0.49,1.0,same
Alibaba-NLP/gte-multilingual-base,gte-base,WO-2025207828-A1_en_q_zh,zh,100,100,30,0.3,1.0,same
Alibaba-NLP/gte-multilingual-base,gte-base,WO-2025203197-A1_en_q_zh,zh,100,100,62,0.62,1.0,same
Alibaba-NLP/gte-multilingual-base,gte-base,EP-4634141-A2_en_q_en,en,19,19,19,1.0,1.0,same
Alibaba-NLP/gte-multilingual-base,gte-base,EP-4633971-A1_fr_q_fr,fr,100,100,100,1.0,1.0,same
Alibaba-NLP/gte-multilingual-base,gte-base,WO-2025197272-A1_en_q_en,en,100,100,100,1.0,1.0,same
Alibaba-NLP/gte-multilingual-base,gte-base,WO-2025189168-A8_fr_q_fr,fr,99,99,94,0.9494949494949495,1.0,same
Alibaba-NLP/gte-multilingual-base,gte-base,MX-2025008124-A_es_q_es,es,100,100,11,0.11,1.0,foreign
Alibaba-NLP/gte-multilingual-base,gte-base,MX-2025007669-A_en_q_en,en,100,100,100,1.0,1.0,same
Alibaba-NLP/gte-multilingual-base,gte-base,WO-2025195675-A1_en_q_en,en,100,100,100,1.0,1.0,same
Alibaba-NLP/gte-multilingual-base,gte-base,WO-2022005333-A1_en_q_en,en,100,100,94,0.94,1.0,same
Alibaba-NLP/gte-multilingual-base,gte-base,MX-2025005748-A_es_q_es,es,40,40,40,1.0,1.0,same
Alibaba-NLP/gte-multilingual-base,gte-base,MX-2025002923-A_es_q_es,es,100,100,93,0.93,1.0,same
Alibaba-NLP/gte-multilingual-base,gte-base,MX-2025010611-A_es_q_es,es,100,100,39,0.39,1.0,same
Alibaba-NLP/gte-multilingual-base,gte-base,WO-2025217553-A1_fr_q_fr,fr,100,100,100,1.0,1.0,same
Alibaba-NLP/gte-multilingual-base,gte-base,WO-2025186530-A8_en_q_en,en,100,100,91,0.91,1.0,same
Alibaba-NLP/gte-multilingual-base,gte-base,EP-4627050-A1_fr_q_fr,fr,100,100,100,1.0,1.0,same
Alibaba-NLP/gte-multilingual-base,gte-base,MX-2025008249-A_en_q_en,en,100,100,100,1.0,1.0,same
Alibaba-NLP/gte-multilingual-base,gte-base,WO-2025184858-A8_fr_q_fr,fr,100,100,98,0.98,1.0,same
Alibaba-NLP/gte-multilingual-base,gte-base,MX-2025004649-A_es_q_es,es,100,100,24,0.24,1.0,same
Alibaba-NLP/gte-multilingual-base,gte-base,ES-1320636-U_en_q_en,en,100,100,100,1.0,1.0,same
Alibaba-NLP/gte-multilingual-base,gte-base,MX-2025006800-A_en_q_en,en,100,100,99,0.99,1.0,same
Alibaba-NLP/gte-multilingual-base,gte-base,EP-4626866-A1_en_q_en,en,100,100,72,0.72,1.0,same
Alibaba-NLP/gte-multilingual-base,gte-base,MX-2025006721-A_en_q_en,en,100,100,100,1.0,1.0,same
Alibaba-NLP/gte-multilingual-base,gte-base,WO-2024073831-A1_en_q_en,en,100,100,100,1.0,1.0,same
Alibaba-NLP/gte-multilingual-base,gte-base,WO-2025200966-A1_fr_q_fr,fr,5,5,5,1.0,1.0,same
Alibaba-NLP/gte-multilingual-base,gte-base,MX-2025005215-A_es_q_es,es,100,100,39,0.39,1.0,same
Alibaba-NLP/gte-multilingual-base,gte-base,WO-2025080163-A1_fr_q_fr,fr,100,100,100,1.0,1.0,same
Alibaba-NLP/gte-multilingual-base,gte-base,WO-2025200089-A1_en_q_en,en,100,100,100,1.0,1.0,same
Alibaba-NLP/gte-multilingual-base,gte-base,WO-2025073021-A1_en_q_en,en,100,100,100,1.0,1.0,same
Alibaba-NLP/gte-multilingual-base,gte-base,WO-2025186263-A8_fr_q_fr,fr,100,100,100,1.0,1.0,same
Alibaba-NLP/gte-multilingual-base,gte-base,WO-2025211336-A1_en_q_en,en,100,100,99,0.99,1.0,same
Alibaba-NLP/gte-multilingual-base,gte-base,WO-2025078189-A1_en_q_en,en,100,100,100,1.0,1.0,same
Alibaba-NLP/gte-multilingual-base,gte-base,ES-3033921-A1_en_q_en,en,100,100,100,1.0,1.0,same
Alibaba-NLP/gte-multilingual-base,gte-base,WO-2025154762-A1_fr_q_fr,fr,100,100,93,0.93,1.0,same
Alibaba-NLP/gte-multilingual-base,gte-base,EP-4634323-A1_en_q_en,en,100,100,100,1.0,1.0,same
Alibaba-NLP/gte-multilingual-base,gte-base,WO-2025189143-A8_en_q_en,en,100,100,100,1.0,1.0,same
Alibaba-NLP/gte-multilingual-base,gte-base,MX-2025009632-A_en_q_en,en,100,100,90,0.9,1.0,foreign
Alibaba-NLP/gte-multilingual-base,gte-base,EP-4626395-A1_fr_q_fr,fr,100,100,100,1.0,1.0,same
Alibaba-NLP/gte-multilingual-base,gte-base,WO-2025203678-A1_fr_q_fr,fr,100,100,100,1.0,1.0,same
Alibaba-NLP/gte-multilingual-base,gte-base,WO-2025187095-A8_fr_q_fr,fr,100,100,98,0.98,1.0,same
Alibaba-NLP/gte-multilingual-base,gte-base,EP-4626938-A1_en_q_en,en,100,100,99,0.99,1.0,same
Alibaba-NLP/gte-multilingual-base,gte-base,MX-2025006010-A_en_q_en,en,100,100,98,0.98,1.0,same
Alibaba-NLP/gte-multilingual-base,gte-base,WO-2025215647-A1_fr_q_fr,fr,39,39,29,0.7435897435897436,1.0,same
Alibaba-NLP/gte-multilingual-base,gte-base,WO-2025207093-A1_fr_q_fr,fr,100,100,100,1.0,1.0,same
Alibaba-NLP/gte-multilingual-base,gte-base,MX-2025004470-A_en_q_en,en,100,100,96,0.96,1.0,same
Alibaba-NLP/gte-multilingual-base,gte-base,EP-4626949-A1_fr_q_fr,fr,100,100,98,0.98,1.0,same
Alibaba-NLP/gte-multilingual-base,gte-base,WO-2025206197-A1_fr_q_fr,fr,8,8,8,1.0,1.0,same
Alibaba-NLP/gte-multilingual-base,gte-base,WO-2022246526-A8_fr_q_fr,fr,84,84,80,0.9523809523809523,1.0,same
Alibaba-NLP/gte-multilingual-base,gte-base,MX-2025006489-A_es_q_es,es,100,100,95,0.95,1.0,same
Alibaba-NLP/gte-multilingual-base,gte-base,WO-2021255541-A1_en_q_en,en,100,100,100,1.0,1.0,same
Alibaba-NLP/gte-multilingual-base,gte-base,WO-2021255541-A1_en_q_de,de,100,100,100,1.0,1.0,same
Alibaba-NLP/gte-multilingual-base,gte-base,WO-2021255541-A1_fr_q_fr,fr,100,100,65,0.65,1.0,same
Alibaba-NLP/gte-multilingual-base,gte-base,WO-2021255541-A1_en_q_es,es,100,100,20,0.2,1.0,foreign
Alibaba-NLP/gte-multilingual-base,gte-base,WO-2021255541-A1_zh_q_zh,zh,6,6,6,1.0,1.0,same
Alibaba-NLP/gte-multilingual-base,gte-base,EP-4634663-A1_en_q_en,en,100,100,100,1.0,1.0,same
Alibaba-NLP/gte-multilingual-base,gte-base,EP-4634663-A1_en_q_de,de,100,100,94,0.94,1.0,same
Alibaba-NLP/gte-multilingual-base,gte-base,EP-4634663-A1_fr_q_fr,fr,100,100,92,0.92,1.0,same
Alibaba-NLP/gte-multilingual-base,gte-base,EP-4634663-A1_en_q_es,es,100,100,2,0.02,1.0,foreign
Alibaba-NLP/gte-multilingual-base,gte-base,EP-4634663-A1_en_q_zh,zh,100,100,87,0.87,1.0,same
Alibaba-NLP/gte-multilingual-base,gte-base,MX-2025005046-A_en_q_en,en,100,100,100,1.0,1.0,same
Alibaba-NLP/gte-multilingual-base,gte-base,MX-2025005046-A_en_q_de,de,100,100,100,1.0,1.0,same
Alibaba-NLP/gte-multilingual-base,gte-base,MX-2025005046-A_en_q_fr,fr,100,100,100,1.0,1.0,same
Alibaba-NLP/gte-multilingual-base,gte-base,MX-2025005046-A_es_q_es,es,100,100,55,0.55,1.0,foreign
Alibaba-NLP/gte-multilingual-base,gte-base,MX-2025005046-A_en_q_zh,zh,100,100,99,0.99,1.0,same
Alibaba-NLP/gte-multilingual-base,gte-base,MX-2025007733-A_en_q_en,en,100,100,100,1.0,1.0,same
Alibaba-NLP/gte-multilingual-base,gte-base,MX-2025007733-A_en_q_de,de,100,100,100,1.0,1.0,same
Alibaba-NLP/gte-multilingual-base,gte-base,MX-2025007733-A_en_q_fr,fr,100,100,99,0.99,1.0,same
Alibaba-NLP/gte-multilingual-base,gte-base,MX-2025007733-A_es_q_es,es,100,100,18,0.18,1.0,same
Alibaba-NLP/gte-multilingual-base,gte-base,MX-2025007733-A_zh_q_zh,zh,100,100,96,0.96,1.0,same
Alibaba-NLP/gte-multilingual-base,gte-base,MX-2025008227-A_en_q_en,en,100,100,100,1.0,1.0,same
Alibaba-NLP/gte-multilingual-base,gte-base,MX-2025008227-A_en_q_de,de,100,100,100,1.0,1.0,same
Alibaba-NLP/gte-multilingual-base,gte-base,MX-2025008227-A_en_q_fr,fr,100,100,17,0.17,1.0,foreign
Alibaba-NLP/gte-multilingual-base,gte-base,MX-2025008227-A_es_q_es,es,100,100,26,0.26,1.0,same
Alibaba-NLP/gte-multilingual-base,gte-base,MX-2025008227-A_en_q_zh,zh,100,100,100,1.0,1.0,same
Alibaba-NLP/gte-multilingual-base,gte-base,WO-2025186592-A8_en_q_en,en,100,100,49,0.49,1.0,foreign
Alibaba-NLP/gte-multilingual-base,gte-base,WO-2025186592-A8_en_q_de,de,100,100,100,1.0,1.0,same
Alibaba-NLP/gte-multilingual-base,gte-base,WO-2025186592-A8_fr_q_fr,fr,100,100,100,1.0,1.0,same
Alibaba-NLP/gte-multilingual-base,gte-base,WO-2025186592-A8_en_q_es,es,100,100,38,0.38,1.0,same
Alibaba-NLP/gte-multilingual-base,gte-base,WO-2025186592-A8_en_q_zh,zh,100,100,99,0.99,1.0,same
Alibaba-NLP/gte-multilingual-base,gte-base,MX-2025005709-A_en_q_en,en,100,100,100,1.0,1.0,same
Alibaba-NLP/gte-multilingual-base,gte-base,MX-2025005709-A_en_q_de,de,100,100,100,1.0,1.0,same
Alibaba-NLP/gte-multilingual-base,gte-base,MX-2025005709-A_en_q_fr,fr,100,100,90,0.9,1.0,same
Alibaba-NLP/gte-multilingual-base,gte-base,MX-2025005709-A_es_q_es,es,100,100,28,0.28,1.0,same
Alibaba-NLP/gte-multilingual-base,gte-base,MX-2025005709-A_en_q_zh,zh,100,100,97,0.97,1.0,same
Alibaba-NLP/gte-multilingual-base,gte-base,MX-2025009739-A_en_q_en,en,100,100,100,1.0,1.0,same
Alibaba-NLP/gte-multilingual-base,gte-base,MX-2025009739-A_en_q_de,de,100,100,91,0.91,1.0,same
Alibaba-NLP/gte-multilingual-base,gte-base,MX-2025009739-A_en_q_fr,fr,100,100,99,0.99,1.0,same
Alibaba-NLP/gte-multilingual-base,gte-base,MX-2025009739-A_es_q_es,es,100,100,32,0.32,1.0,same
Alibaba-NLP/gte-multilingual-base,gte-base,MX-2025009739-A_zh_q_zh,zh,100,100,96,0.96,1.0,same
Alibaba-NLP/gte-multilingual-base,gte-base,MX-2025008260-A_en_q_en,en,100,100,100,1.0,1.0,same
Alibaba-NLP/gte-multilingual-base,gte-base,MX-2025008260-A_en_q_de,de,100,100,86,0.86,1.0,same
Alibaba-NLP/gte-multilingual-base,gte-base,MX-2025008260-A_en_q_fr,fr,100,100,66,0.66,1.0,same
Alibaba-NLP/gte-multilingual-base,gte-base,MX-2025008260-A_es_q_es,es,1,1,1,1.0,1.0,same
Alibaba-NLP/gte-multilingual-base,gte-base,MX-2025008260-A_zh_q_zh,zh,100,100,94,0.94,1.0,same
Alibaba-NLP/gte-multilingual-base,gte-base,WO-2025216711-A1_en_q_en,en,100,100,100,1.0,1.0,same
Alibaba-NLP/gte-multilingual-base,gte-base,WO-2025216711-A1_en_q_de,de,100,100,97,0.97,1.0,same
Alibaba-NLP/gte-multilingual-base,gte-base,WO-2025216711-A1_fr_q_fr,fr,100,100,54,0.54,1.0,same
Alibaba-NLP/gte-multilingual-base,gte-base,WO-2025216711-A1_en_q_es,es,100,100,54,0.54,1.0,same
Alibaba-NLP/gte-multilingual-base,gte-base,WO-2025216711-A1_zh_q_zh,zh,100,100,2,0.02,1.0,foreign
